customer_id,verified_review_count
12130838,1
12168461,1
12187741,1
12198248,1
12198896,1
12228637,1
12258884,1
12260490,1
12261097,1
12264910,1
12266154,1
12266511,1
12266688,2
12268122,1
12269114,3
12271801,1
12271965,1
12272205,1
12272432,1
12272802,1
12273881,1
12275130,2
12275644,1
12275724,1
12276600,1
12277989,1
12280781,1
12281549,1
12281947,1
12282732,1
12285339,1
12285398,2
12288504,1
12289921,2
12294557,1
12296044,1
12298298,1
12299059,2
12300222,1
12301743,1
12309340,2
12309772,1
12312543,1
12316445,1
12319522,1
12320567,1
12321116,1
12327674,1
12329006,1
12329297,2
12330768,1
12349830,1
12360844,1
12363779,1
12364409,1
12370365,1
12371247,1
12372934,1
12376036,1
12383935,1
12387039,2
12387076,1
12390951,1
12394932,1
12399329,2
12399750,1
12400568,1
12402071,1
12402421,1
12402997,1
12408470,1
12408909,1
12412432,1
12419339,1
12425680,1
12430470,1
12434261,1
12436955,1
12437454,1
12438594,2
12442344,1
12442740,2
12448212,1
12449259,1
12451061,1
12451537,1
12452818,1
12453731,1
12454651,1
12455410,3
12456862,1
12457115,1
12457543,1
12461158,1
12462015,1
12463482,1
12463638,1
12464864,1
12465346,1
12466124,1
12467910,3
12471239,1
12472349,1
12474229,1
12474661,1
12474754,1
12478561,1
12480610,1
12481340,1
12490147,1
12490916,1
12494242,1
12495405,1
12496771,1
12496792,1
12498743,1
12498845,2
12501339,1
12501759,1
12502512,1
12506825,1
12509088,1
12511185,1
12511598,1
12512617,1
12513066,1
12513154,1
12517875,1
12518209,1
12518913,1
12519907,1
12520551,1
12521505,4
12521743,1
12522145,1
12522236,1
12525176,1
12525810,1
12531634,2
12533803,1
12535055,1
12536057,1
12536724,1
12537872,3
12538366,1
12540013,1
12540211,1
12540340,1
12540586,1
12540831,2
12540996,1
12542386,1
12542997,1
12543901,1
12549289,1
12549632,1
12551066,1
12552722,1
12552939,1
12555840,1
12556475,2
12557120,1
12557307,1
12564936,1
12565577,1
12570220,1
12574394,3
12580456,1
12580486,2
12580491,1
12580519,1
12587125,1
12589084,1
12589198,1
12590639,1
12590921,1
12591851,1
12597454,1
12598887,1
12601545,1
12602267,1
12602328,1
12603110,1
12604240,1
12606990,1
12607619,1
12610105,1
12610988,1
12613152,1
12615670,1
12616071,1
12616943,1
12618056,1
12618126,1
12619961,1
12620015,1
12621366,1
12621408,1
12622025,2
12622993,1
12624392,1
12626809,1
12628880,1
12630696,1
12633496,1
12634437,1
12634891,1
12635573,1
12637241,1
12639375,2
12640178,1
12641330,1
12641365,1
12641515,1
12644489,1
12645792,1
12651360,1
12651900,2
12652536,1
12653331,1
12655358,1
12656318,1
12659542,1
12663260,1
12663432,1
12663718,1
12663792,1
12665462,1
12666424,1
12666514,1
12666532,1
12669858,1
12670622,1
12672954,1
12673378,1
12673430,1
12673461,1
12673782,1
12673816,1
12677852,1
12678232,2
12680781,3
12680821,1
12681651,1
12682812,1
12686081,1
12687452,1
12687584,1
12688403,1
12691587,1
12694258,1
12695290,1
12696629,1
12696851,1
12699040,1
12699950,1
12701108,1
12702016,1
12702435,1
12704144,1
12704516,3
12704774,1
12706293,1
12711294,1
12712357,1
12713963,1
12714092,1
12714642,1
12714798,1
12715198,3
12715422,1
12716028,1
12718437,1
12718936,1
12719573,1
12723106,1
12725511,1
12726915,2
12728704,1
12731468,1
12731553,2
12731922,1
12733439,1
12736742,1
12737449,2
12740594,1
12742325,2
12742938,3
12743767,1
12744993,1
12745564,4
12747667,2
12748089,1
12748257,1
12748763,1
12748993,1
12749465,2
12750406,1
12751294,1
12753950,1
12754128,1
12755528,2
12756823,1
12757873,1
12759261,1
12760148,1
12760662,1
12761105,1
12762535,1
12762726,1
12764459,1
12764590,1
12765022,1
12765686,2
12765909,1
12767333,1
12768092,1
12768502,1
12769405,1
12771195,1
12771994,1
12772171,1
12774003,1
12774562,1
12776984,1
12777096,1
12777223,1
12777516,1
12778339,1
12778598,1
12781533,1
12783005,1
12783328,1
12784414,1
12784690,1
12785372,1
12785436,1
12791073,1
12791867,2
12792685,4
12793996,1
12794399,1
12796484,1
12798349,1
12798398,1
12800095,1
12801703,1
12804076,1
12806067,1
12806181,1
12806335,1
12806607,2
12812488,1
12812972,2
12817045,1
12817489,1
12819475,1
12820450,2
12822990,1
12823582,1
12824633,1
12824966,1
12827460,3
12828194,1
12828321,1
12829889,1
12830238,1
12832657,1
12835200,1
12837637,1
12839001,2
12840182,1
12840269,1
12843454,1
12844074,1
12844821,1
12844973,1
12846750,1
12848167,12
12849525,1
12850356,1
12851321,2
12852147,1
12854479,1
12854662,1
12856857,1
12857305,1
12857874,3
12858253,1
12858950,1
12862519,1
12862955,1
12864134,2
12864618,1
12868757,1
12869701,2
12869930,1
12870327,1
12872827,1
12873851,1
12875142,1
12877537,1
12877721,1
12878083,1
12880249,1
12880633,1
12881758,1
12884756,1
12888173,1
12891414,1
12893256,1
12893661,1
12897952,1
12899788,1
12911189,1
12911783,2
12914668,1
12915684,2
12915964,1
12917337,1
12917655,1
12921681,1
12921820,1
12922721,2
12924183,1
12924286,1
12926958,1
12928062,1
12928493,1
12929966,2
12932434,2
12934548,1
12941387,1
12941506,1
12941532,1
12942111,2
12942228,1
12942443,1
12949366,2
12949465,1
12951291,1
12951983,1
12953699,1
12955856,1
12956600,2
12959126,1
12962446,1
12963337,1
12969170,1
12970178,2
12972935,1
12973006,1
12977143,1
12981150,1
12981726,1
12985687,1
12986669,1
12986806,1
12987870,1
12988510,1
12990655,1
12992057,1
12993699,2
12994062,1
12994326,1
12995725,1
12996164,1
12999842,1
13001994,1
13003762,1
13007468,2
13009846,1
13010014,1
13010806,1
13016697,1
13019759,1
13021071,2
13023190,1
13024187,2
13024778,2
13024788,1
13025226,2
13027938,1
13030799,1
13031358,1
13031507,1
13032303,2
13033998,1
13034419,1
13036206,1
13036846,3
13039279,1
13040575,1
13040782,1
13043502,2
13049413,1
13051185,1
13053506,2
13053941,3
13056059,1
13059057,1
13062883,1
13065798,2
13066980,2
13067023,1
13072534,1
13073320,1
13076419,1
13077976,1
13077981,1
13078149,1
13078675,1
13079854,4
13079930,1
13081152,1
13081920,1
13082455,2
13082658,2
13082909,1
13083593,1
13083890,1
13084189,1
13084463,1
13084545,1
13085964,1
13086406,1
13086600,1
13086757,2
13095516,1
13095754,1
13096139,1
13099305,1
13099400,1
13099492,1
13099549,1
13100095,1
13101582,1
13102606,1
13103100,1
13105598,1
13106287,1
13106530,1
13108479,1
13110380,1
13112169,1
13115720,1
13117185,1
13117609,1
13121044,2
13122355,1
13122496,1
13123043,1
13123922,1
13124242,1
13125404,1
13127384,1
13127399,1
13128690,1
13130330,1
13131595,2
13132303,1
13132581,2
13132723,1
13136628,1
13137302,1
13138094,1
13140572,1
13141164,1
13144064,3
13146115,1
13146661,1
13147302,1
13149490,2
13152930,1
13155286,1
13156114,1
13163567,2
13164956,1
13165506,2
13167475,2
13168843,1
13171645,1
13172731,1
13173226,1
13174788,1
13175760,1
13176094,1
13178788,1
13178901,1
13179848,1
13180324,1
13181076,1
13181126,1
13181500,1
13181963,1
13182438,1
13182663,1
13182942,1
13185041,1
13192319,3
13193822,1
13194953,1
13196194,1
13197968,1
13198133,1
13199021,1
13201810,1
13205327,2
13205632,2
13205940,1
13206134,1
13206311,1
13206648,1
13208471,1
13208494,1
13210304,1
13210567,1
13211557,2
13212417,1
13212805,1
13213461,1
13214217,1
13214348,1
13214511,1
13215505,1
13219183,1
13221963,1
13222095,2
13222682,1
13225409,1
13225952,1
13227584,1
13231896,2
13231999,1
13232007,1
13232468,1
13233509,1
13234296,1
13237751,1
13238195,1
13238802,1
13238985,1
13240039,1
13244036,1
13244237,1
13244444,1
13245390,1
13246254,1
13246677,1
13247040,2
13247874,1
13248171,1
13248240,2
13253832,1
13254704,1
13256087,1
13256314,1
13259667,2
13260370,1
13260586,1
13260848,1
13261062,2
13261744,1
13263489,1
13263825,1
13264656,1
13264709,1
13264745,1
13265548,1
13266109,2
13266522,1
13268143,1
13268907,1
13269126,1
13270056,2
13270998,1
13271442,1
13271654,1
13271896,1
13272229,1
13274016,1
13274185,1
13274772,1
13275465,1
13275542,1
13278312,1
13278617,1
13279007,1
13279882,2
13280516,1
13282341,3
13282757,1
13284838,1
13285330,1
13286341,2
13286753,1
13287983,1
13288730,1
13288774,1
13292558,1
13294425,1
13294595,1
13296305,1
13297486,1
13297700,1
13298403,1
13298908,1
13299463,1
13300233,1
13300237,1
13306877,1
13307394,1
13307873,1
13308083,1
13308630,1
13310111,2
13311853,3
13312080,1
13312616,1
13314063,2
13315105,1
13319521,1
13322109,1
13323143,1
13323485,1
13323535,1
13323780,1
13326746,1
13326955,1
13327017,2
13327928,1
13328465,1
13328934,1
13331003,1
13331218,1
13331275,1
13331427,1
13331794,2
13332059,1
13333076,1
13333215,1
13333478,1
13335069,1
13335582,3
13336349,2
13337360,1
13337575,1
13342100,1
13344144,1
13345940,1
13349145,1
13349159,1
13351009,1
13351490,1
13352231,1
13353873,1
13356180,1
13358355,1
13360087,1
13364271,1
13364692,1
13365914,1
13368634,1
13373408,1
13374920,1
13375492,1
13378255,1
13380178,1
13380302,1
13384750,1
13388293,1
13390451,1
13395068,1
13395663,5
13396244,1
13404908,1
13405213,1
13408270,2
13411088,1
13412284,1
13417471,1
13418242,2
13419128,3
13425739,2
13426727,1
13428217,1
13438087,1
13443710,3
13447806,1
13448470,4
13450901,1
13453614,1
13456514,1
13457337,1
13458562,1
13461153,1
13462650,1
13465368,1
13469730,1
13470149,1
13472648,1
13475840,1
13476213,1
13476303,1
13477615,2
13483328,1
13486635,1
13488851,2
13489651,1
13490650,2
13491134,1
13491775,1
13493639,1
13496913,1
13498868,1
13499553,1
13502445,1
13502537,1
13503181,1
13512153,1
13512980,1
13515411,1
13516186,3
13517230,1
13524040,1
13524293,1
13525246,2
13526634,1
13529234,1
13530947,2
13531783,1
13535015,1
13535478,1
13536228,1
13536750,1
13537087,1
13539645,1
13540526,1
13541258,1
13545420,1
13547773,1
13554323,2
13555885,1
13557359,1
13562699,1
13565585,1
13567213,1
13567253,1
13574396,1
13576912,2
13582470,2
13584042,2
13588251,1
13588482,1
13588514,1
13591605,1
13593153,1
13593405,1
13594386,1
13596867,2
13600041,1
13600782,1
13602205,1
13604451,1
13604631,2
13605313,1
13606469,1
13608892,1
13616350,4
13617441,1
13619913,1
13620429,1
13622260,1
13625692,2
13625751,1
13629053,1
13631520,1
13636232,1
13638485,2
13640614,1
13641491,1
13641974,1
13645370,5
13646545,1
13651455,1
13651457,1
13651504,1
13658523,1
13659523,1
13659680,1
13661140,1
13662082,1
13664817,1
13665894,2
13666529,1
13676685,1
13679884,1
13683985,2
13691354,1
13692737,1
13694932,1
13698454,1
13698933,1
13699155,2
13699216,1
13700661,1
13707095,1
13708592,1
13709139,1
13712962,2
13713505,1
13715055,1
13717609,1
13720421,1
13723709,2
13724551,1
13728645,1
13734467,1
13736201,1
13737250,1
13738082,1
13738463,1
13739481,1
13739757,1
13741213,1
13742377,1
13746294,1
13746404,1
13747113,5
13747210,1
13748344,1
13750535,1
13751925,1
13752341,1
13754595,1
13754735,1
13755549,1
13755820,1
13761963,1
13764519,2
13765126,1
13772867,1
13779541,1
13781824,1
13782420,1
13783644,1
13783910,1
13786109,1
13788786,1
13789117,2
13795107,1
13795665,1
13797285,1
13801089,1
13801492,1
13802398,1
13804038,2
13804980,1
13805011,2
13805784,1
13807969,1
13809193,2
13810885,1
13811464,1
13813863,1
13814587,1
13815377,1
13815781,1
13816287,2
13816595,1
13820757,1
13826005,1
13833085,8
13834953,1
13836557,1
13839559,1
13850779,4
13851475,3
13854845,1
13856350,1
13857554,1
13858878,1
13859122,1
13860230,3
13861587,1
13864879,1
13866632,2
13867122,2
13868504,1
13869008,1
13870822,1
13871484,1
13872539,1
13872825,1
13874144,1
13875184,1
13875712,1
13877322,1
13877329,1
13878948,1
13879708,4
13879838,1
13880992,1
13881896,1
13886413,1
13887091,1
13890482,1
13893181,1
13899088,1
13902921,1
13906168,1
13908726,1
13909183,1
13909527,1
13911215,1
13913433,1
13916181,1
13918783,1
13919747,2
13921406,1
13921766,1
13925332,1
13926134,1
13926417,1
13927883,3
13929001,6
13929961,1
13931069,1
13933143,1
13935331,1
13940592,2
13940741,1
13941193,1
13947293,1
13949339,1
13951347,1
13954484,2
13956062,1
13962523,1
13962602,1
13963104,1
13964831,1
13965172,1
13965884,1
13967467,1
13967576,1
13968428,1
13968585,2
13969496,1
13969814,2
13970240,1
13970980,1
13971254,3
13972247,1
13975866,1
13979810,1
13982758,1
13983853,2
13984538,1
13985289,1
13986439,1
13987441,1
13988210,2
13988414,1
13988567,1
13989134,1
13990897,1
13990923,2
13992036,3
13992151,1
13992238,1
13994397,1
13996954,1
13998290,1
13999491,1
13999614,1
14000300,1
14001140,2
14001373,1
14003414,1
14005298,1
14006439,1
14007472,1
14008164,1
14008768,1
14010317,1
14011397,1
14016726,1
14017287,1
14017748,2
14024860,1
14025257,1
14028969,1
14029924,3
14031496,1
14033400,1
14034704,1
14036856,1
14037264,1
14038857,1
14040053,2
14040175,1
14042636,1
14043102,1
14043871,1
14044004,1
14044896,1
14045622,1
14047634,2
14049260,2
14049865,1
14050281,1
14065140,1
14067876,1
14068690,2
14072098,1
14072415,2
14073083,1
14073433,1
14075059,1
14075716,1
14081731,1
14083491,2
14084619,1
14085786,2
14087198,1
14088499,1
14092614,1
14096315,1
14098325,1
14102374,1
14103349,1
14115286,1
14117003,1
14117237,1
14117546,1
14118090,1
14119783,1
14120780,1
14121015,4
14122567,1
14123769,1
14125278,1
14126994,1
14127805,1
14129281,1
14131015,1
14133423,1
14133566,1
14134946,1
14135395,1
14139392,1
14140431,4
14144876,1
14146602,1
14147653,1
14151639,1
14151785,1
14151921,1
14153706,1
14155096,1
14157424,1
14158186,1
14158187,1
14158288,1
14162626,3
14163488,1
14163962,1
14167133,1
14167246,1
14167500,1
14168037,1
14173672,2
14176645,1
14179496,1
14179642,1
14179738,1
14180331,1
14181285,1
14184635,1
14185800,1
14187033,1
14188900,1
14190193,1
14193417,1
14195820,1
14198055,3
14198977,1
14202665,1
14203685,1
14208047,1
14211536,2
14217822,1
14220514,1
14221201,1
14221813,1
14224419,1
14225924,1
14230009,1
14231476,1
14233621,1
14235022,1
14235467,3
14235933,2
14237914,1
14242708,1
14242755,1
14242930,8
14243971,2
14244739,5
14245766,1
14246555,1
14248911,2
14251319,1
14252995,1
14254384,1
14256478,1
14258433,1
14258479,1
14259377,2
14260506,2
14261052,1
14263580,1
14264412,5
14264565,1
14268632,1
14268820,3
14274020,1
14274363,1
14280450,1
14281882,1
14284464,1
14285112,1
14286985,1
14287969,1
14288219,1
14290016,1
14291265,1
14293374,1
14294747,1
14300126,1
14302736,1
14304166,1
14305294,1
14305583,1
14309258,1
14310225,1
14310457,1
14313744,1
14314216,1
14316358,1
14316361,1
14321317,3
14321881,1
14324005,2
14324886,1
14325241,1
14329001,1
14330842,1
14335021,1
14339007,1
14339990,1
14342170,1
14342748,1
14343468,3
14345999,1
14347821,1
14347984,1
14349968,1
14351268,1
14352054,1
14354237,3
14355460,1
14355818,1
14357807,1
14360069,2
14360335,1
14360837,1
14361402,1
14361478,1
14367305,1
14368393,1
14369963,1
14370590,1
14372366,1
14376779,1
14377080,1
14377167,1
14379131,1
14379207,1
14380011,1
14382308,1
14382647,1
14386264,1
14387424,1
14393457,2
14393502,1
14395505,1
14396822,1
14397209,1
14397245,1
14403352,1
14405065,1
14406291,1
14406951,1
14408456,3
14411780,1
14413636,1
14413923,1
14414563,1
14415000,4
14418451,1
14418830,1
14420700,1
14422125,1
14422372,9
14422774,1
14423927,1
14424378,2
14424993,1
14426492,1
14426672,1
14427973,2
14428719,1
14428773,1
14430351,1
14430601,1
14432112,1
14434882,1
14437340,3
14438012,1
14438730,1
14439042,1
14439361,1
14440796,1
14443128,1
14443981,1
14444590,1
14446699,2
14446958,1
14447092,5
14447442,1
14448616,1
14449503,1
14450240,2
14450327,1
14452441,2
14452582,1
14453393,2
14453482,54
14457749,1
14460702,3
14461943,2
14463057,1
14464454,1
14466612,1
14467662,1
14470451,1
14471429,1
14472052,1
14472071,1
14473681,1
14475144,1
14475608,1
14477702,2
14477731,3
14478342,1
14479938,1
14484623,1
14487909,1
14488979,1
14490795,1
14494404,1
14494620,1
14494702,2
14496048,1
14499316,1
14503020,1
14510402,1
14514911,2
14515637,2
14517900,1
14519768,1
14520033,1
14521772,2
14522627,1
14529269,1
14531039,1
14531440,1
14531925,1
14532201,2
14535908,1
14538525,1
14539589,3
14542046,1
14544113,1
14544320,1
14546191,1
14546514,1
14550084,1
14552931,1
14556043,3
14556594,1
14558046,1
14562330,1
14562419,1
14566221,1
14567163,1
14570833,1
14571409,1
14572175,1
14578421,1
14580149,1
14580941,1
14585646,1
14589379,1
14589924,1
14590227,1
14591720,1
14597113,1
14598586,1
14599355,1
14599423,1
14599999,1
14601746,1
14602162,1
14603258,2
14605081,1
14605996,2
14607383,1
14607876,1
14607939,1
14612509,1
14613804,6
14619177,1
14620959,1
14623947,2
14626827,2
14627342,1
14628309,1
14629836,1
14630338,1
14633495,1
14635104,2
14635469,1
14635937,1
14636161,1
14636462,2
14637497,1
14638897,1
14640825,1
14641943,1
14642138,1
14645277,1
14648489,1
14648823,1
14651271,1
14653243,1
14654098,1
14654811,1
14658663,2
14659163,1
14659434,1
14659975,1
14662878,2
14663710,1
14664785,1
14665045,1
14665908,1
14666501,1
14667739,1
14668036,1
14668280,1
14668452,1
14669022,1
14669172,2
14669238,1
14669326,1
14669383,1
14671326,1
14672062,1
14677590,1
14682361,1
14682373,1
14682744,1
14682814,1
14683216,1
14685100,1
14685899,1
14688225,1
14692519,4
14697480,1
14697687,1
14706254,1
14708269,1
14708325,1
14712698,2
14712728,1
14713222,1
14713601,1
14715488,6
14716735,2
14716871,1
14720708,1
14721299,4
14722410,1
14726221,1
14728812,1
14728838,1
14729696,1
14730315,1
14730582,1
14732321,1
14733946,1
14734160,2
14736079,1
14737857,1
14739926,1
14740139,1
14740530,1
14741559,1
14741926,3
14744058,1
14744850,1
14747766,1
14748114,1
14748399,1
14748620,1
14749792,1
14750256,1
14750628,2
14753137,1
14755693,1
14757454,1
14758725,2
14759722,1
14759824,1
14760339,3
14762382,1
14763507,1
14764326,1
14765309,3
14765363,1
14766202,3
14768438,1
14771409,1
14772463,2
14773458,1
14775634,2
14776857,1
14777475,1
14777618,1
14777773,1
14778080,1
14782763,1
14783144,1
14785886,1
14787362,1
14788363,1
14789046,1
14789770,2
14790632,1
14792739,1
14797401,1
14799220,1
14806998,1
14807996,1
14808046,2
14808621,1
14810040,1
14810049,1
14811357,1
14813543,1
14815165,1
14818226,1
14823579,1
14827210,1
14829554,1
14830251,1
14831507,1
14832884,1
14832919,1
14833987,1
14834453,1
14838860,1
14842235,1
14842822,1
14843158,1
14844445,1
14844542,2
14846839,1
14849490,1
14849789,1
14849885,2
14850089,7
14850922,2
14851269,1
14851618,2
14853569,1
14853683,1
14854685,1
14861530,2
14862168,1
14864009,1
14864062,1
14871216,2
14871675,1
14872169,1
14873392,2
14873747,1
14875875,3
14876170,1
14880461,2
14889929,1
14890666,1
14893531,1
14893687,1
14893959,1
14895859,1
14898560,1
14898944,1
14899674,1
14899783,1
14906473,2
14907427,2
14909189,1
14911170,1
14912037,1
14915639,1
14915651,1
14924702,1
14926701,1
14927147,2
14931730,1
14932321,1
14932803,1
14932966,1
14934064,1
14935549,1
14935895,1
14937846,1
14939485,3
14939686,1
14940739,1
14941294,1
14945803,2
14946846,1
14948423,1
14949284,1
14949872,1
14950476,2
14951362,1
14951670,1
14951804,1
14954614,1
14958051,1
14958700,1
14960938,1
14963364,1
14963464,2
14964026,1
14964433,1
14965499,1
14969564,1
14970931,1
14972730,2
14972793,1
14975009,1
14976666,1
14978041,2
14979479,1
14980720,4
14981908,1
14988026,1
14988658,1
14992134,1
14993608,1
14994918,1
14996817,1
14999595,1
14999804,2
14999892,1
15000076,1
15005518,2
15014445,1
15014464,1
15017876,1
15018033,1
15019587,1
15024877,1
15024961,1
15027042,1
15027251,1
15029388,1
15031027,1
15032258,1
15036936,1
15038394,1
15039335,1
15044080,1
15052476,1
15053034,1
15059522,1
15060958,1
15064020,1
15064541,1
15074615,3
15075280,3
15076452,1
15080145,2
15081378,3
15082259,1
15084999,1
15086118,1
15090926,1
15092507,1
15095104,3
15096831,2
15097427,1
15098823,11
15099740,1
15099902,2
15101976,2
15104238,1
15106283,1
15106635,2
15108145,2
15112245,1
15112277,1
15113943,1
15116793,1
15118564,2
15118988,1
15121156,1
15122368,3
15123647,1
15124037,1
15125790,2
15136432,1
15137447,1
15137686,1
15140944,1
15142881,2
15143999,1
15144512,1
15147067,1
15152386,1
15154118,1
15159950,4
15164479,1
15164829,1
15164874,1
15166301,1
15168694,1
15173313,1
15174771,2
15176552,1
15176675,3
15179492,1
15183730,1
15185020,1
15189798,1
15190818,1
15197398,1
15204654,3
15205161,2
15205420,1
15205896,1
15206435,1
15208557,2
15210094,3
15211467,1
15214443,1
15214722,1
15221841,1
15224290,1
15225393,1
15226751,1
15228639,1
15229643,1
15234865,1
15248464,1
15250138,1
15251248,1
15253392,1
15254678,3
15257807,1
15258355,2
15259538,2
15264363,2
15266090,1
15267767,1
15268633,1
15269646,1
15276220,1
15277410,1
15277558,1
15277565,1
15277986,1
15280172,1
15285105,2
15292242,1
15294678,1
15299219,1
15299317,4
15300305,2
15301099,1
15301849,1
15303009,1
15307863,1
15308740,1
15309973,1
15310478,1
15311671,1
15312123,2
15317181,1
15318588,1
15318669,1
15320733,1
15322214,2
15322245,2
15323406,2
15325671,1
15328747,1
15329288,1
15329696,1
15332272,1
15333367,1
15333782,4
15334849,1
15335422,1
15336435,1
15336604,1
15339686,1
15340680,1
15342365,1
15343202,1
15345537,1
15349309,1
15359272,2
15360169,2
15360528,2
15363257,2
15363432,3
15363685,1
15376728,1
15379071,1
15384391,1
15386220,1
15387516,1
15390704,1
15391925,1
15392481,1
15395197,1
15396206,1
15397041,1
15397427,2
15399133,1
15409078,1
15414295,1
15414575,1
15416433,1
15417486,1
15417523,1
15417982,1
15418990,1
15421522,1
15423582,1
15423646,1
15423808,2
15424160,1
15429345,1
15437457,1
15438117,1
15443249,2
15444639,2
15448996,1
15449435,1
15451872,1
15452746,1
15453227,1
15456708,1
15461484,44
15462359,1
15466442,1
15474759,1
15475430,2
15475639,1
15478127,2
15483048,1
15483958,1
15484852,1
15486214,1
15495692,1
15496065,1
15496210,1
15496958,2
15497841,1
15500973,1
15504816,1
15508646,1
15509857,1
15510394,1
15510903,1
15513133,1
15513347,1
15515440,1
15516346,1
15519279,1
15519467,1
15522709,1
15526159,2
15529757,2
15531474,1
15533074,2
15543337,1
15551152,2
15552398,1
15554051,1
15554582,1
15559288,1
15560564,1
15564493,1
15565004,1
15569825,1
15572397,1
15574170,1
15580543,1
15581426,1
15582751,1
15585180,2
15588789,1
15589307,1
15590772,3
15596972,1
15602168,1
15608767,2
15609316,1
15612130,1
15612533,1
15613946,1
15618521,1
15624016,1
15624330,1
15624536,1
15628159,1
15634066,1
15639735,1
15642665,1
15643463,1
15643854,1
15644099,2
15646896,1
15649628,1
15656997,1
15657337,3
15664081,1
15668992,1
15673966,1
15684436,1
15685787,3
15685937,1
15687303,1
15692359,1
15702068,1
15704534,2
15705650,1
15710900,1
15711383,1
15714309,1
15719435,12
15725057,1
15727675,2
15728379,1
15731087,1
15731210,1
15732771,2
15732860,1
15746884,2
15750760,1
15753908,1
15765222,2
15775103,1
15775258,1
15775323,2
15776258,2
15778381,1
15779117,1
15779565,3
15783059,1
15787040,1
15789233,1
15794563,1
15796408,1
15798307,2
15800252,1
15808915,1
15809630,2
15809827,1
15810409,1
15811845,1
15811920,1
15813547,1
15814830,1
15817234,2
15817446,1
15818731,2
15819667,1
15821511,1
15821947,1
15822266,1
15824891,1
15825273,1
15825859,1
15826092,1
15831072,1
15833579,1
15835974,1
15837170,2
15839367,3
15839746,1
15843122,1
15849158,1
15849355,2
15853777,1
15855239,4
15856648,1
15856976,1
15857070,1
15859145,2
15866055,1
15866622,1
15868545,1
15871615,1
15875465,2
15876399,1
15881247,1
15881891,1
15883242,1
15886289,1
15887535,1
15889504,1
15890423,1
15893074,1
15894881,1
15895508,1
15899435,1
15906764,8
15908648,11
15909565,1
15910240,1
15916744,1
15917886,2
15922056,1
15922386,1
15925776,1
15928106,2
15932184,1
15934276,1
15935053,3
15935958,1
15939941,1
15943764,1
15946668,2
15947290,2
15948027,1
15950202,1
15950302,1
15950843,2
15951958,1
15954860,1
15955731,2
15957307,1
15957970,1
15962526,1
15967768,1
15968950,2
15976516,1
15977376,5
15979065,1
15980500,1
15983713,1
15991629,1
15992090,1
15992397,1
15995890,1
15997281,1
15997781,1
15997949,1
15998451,2
16000080,7
16000856,1
16001110,1
16008876,1
16008888,1
16010002,1
16010818,1
16011469,1
16016441,1
16018231,1
16018548,2
16020202,1
16021648,2
16021984,1
16025204,1
16027542,1
16030376,2
16030538,1
16031751,1
16036482,1
16037407,1
16038327,2
16040746,1
16042956,1
16043404,1
16044153,1
16044750,1
16044958,1
16048852,1
16053721,1
16054574,1
16056031,1
16057371,2
16058238,1
16063744,1
16063986,1
16065701,1
16067502,2
16068626,1
16068916,1
16074362,1
16076697,1
16076699,1
16082170,1
16083766,2
16084111,2
16088220,1
16092787,1
16092833,1
16093989,1
16094932,1
16101686,1
16101815,1
16103181,2
16104151,1
16105026,2
16105192,1
16107381,2
16107417,1
16107487,1
16110902,1
16117732,1
16118043,1
16121824,2
16121903,5
16122775,1
16123292,1
16124762,4
16131444,1
16133997,1
16134022,1
16135480,2
16139061,2
16139148,1
16141127,1
16144189,1
16145596,1
16145948,1
16147048,1
16150307,1
16152412,1
16157567,1
16157762,1
16159388,1
16161832,1
16163217,3
16163296,1
16163470,1
16170737,1
16177474,1
16179897,18
16180619,1
16180928,1
16182860,1
16185275,3
16189322,1
16190377,1
16192351,1
16195201,1
16195435,1
16195708,1
16198844,2
16198940,1
16199902,1
16200031,1
16200508,2
16202397,1
16203916,3
16205260,1
16205762,1
16207144,1
16209396,1
16210063,1
16211453,2
16212726,1
16213651,1
16215198,1
16215322,2
16217102,1
16217737,1
16218060,1
16219411,1
16219987,1
16220439,1
16220974,1
16222775,1
16223218,1
16224508,1
16225186,1
16226345,1
16227373,2
16230270,1
16231686,1
16232055,1
16240274,2
16241363,1
16245104,1
16246786,1
16247307,2
16249576,1
16250676,2
16253974,3
16254829,1
16255514,2
16255800,1
16257759,1
16260221,1
16260521,1
16266903,1
16267261,1
16272093,1
16276272,1
16276278,1
16277810,2
16277880,2
16282394,1
16288213,1
16289957,1
16291237,1
16296670,1
16298926,2
16299671,2
16300118,1
16300683,1
16301578,1
16307317,2
16308048,2
16308949,1
16313877,1
16314616,1
16316766,1
16316825,1
16317898,1
16317946,1
16319715,1
16321776,1
16324433,4
16325362,1
16326880,1
16328610,1
16331632,2
16331821,1
16336924,1
16337246,2
16340221,1
16343272,1
16344491,1
16352038,1
16352897,1
16353801,1
16355830,1
16359016,1
16360070,1
16362361,5
16362946,1
16363080,1
16363736,1
16365642,1
16369367,1
16369589,6
16369704,1
16371740,1
16372203,1
16374475,1
16375326,1
16376070,1
16378990,1
16381364,1
16382775,1
16383086,1
16383182,2
16386189,1
16394840,1
16397882,1
16398914,1
16400242,1
16401503,4
16404343,1
16405100,3
16406043,1
16408262,1
16408512,1
16410519,1
16410894,1
16411867,1
16412297,1
16414043,1
16414218,1
16415684,1
16416628,13
16421932,1
16422465,1
16422828,2
16424349,1
16426349,3
16427007,1
16427657,1
16430282,1
16430723,1
16431451,1
16431786,1
16433265,1
16435202,1
16436131,2
16436428,1
16450043,1
16455201,1
16456729,1
16457356,1
16459025,1
16459373,1
16461558,2
16461632,2
16463076,1
16463638,4
16464880,3
16467503,3
16470930,1
16471818,1
16472121,1
16474114,1
16474595,1
16475130,1
16476776,1
16477310,1
16481434,1
16483052,1
16484178,1
16486658,1
16492570,1
16492849,1
16493670,1
16496215,1
16499926,1
16501424,13
16501723,1
16506934,1
16508588,1
16511335,1
16512858,4
16514778,1
16516761,1
16516997,1
16518120,1
16522127,1
16527507,1
16528369,1
16528888,1
16530395,1
16534785,1
16543851,2
16546056,3
16547945,1
16552248,1
16557776,1
16560554,2
16563628,1
16565007,1
16571149,1
16571932,2
16572065,4
16572994,1
16579618,1
16580917,1
16585225,1
16586119,1
16587496,5
16590085,3
16599837,1
16601529,1
16605024,1
16609326,1
16609356,2
16612115,1
16620455,1
16622316,1
16622942,2
16623399,1
16626038,1
16632211,1
16633065,1
16633539,4
16636537,1
16637636,1
16640094,1
16642733,1
16644854,1
16650712,1
16656161,2
16664283,3
16665504,1
16674639,1
16674774,1
16676757,1
16685306,1
16686108,1
16686411,2
16686525,2
16689269,5
16694730,1
16696244,1
16696511,3
16697070,1
16697724,1
16697871,1
16698317,1
16699564,1
16700972,1
16702027,1
16702067,3
16702931,1
16703366,2
16705959,1
16707931,1
16710333,1
16711694,1
16712186,1
16712907,1
16713284,1
16714022,1
16714796,1
16716560,1
16717191,6
16719337,1
16726504,4
16730988,1
16734458,1
16735187,1
16736480,1
16737399,1
16744722,2
16745391,1
16750494,1
16754185,2
16756691,1
16760116,2
16761281,1
16767285,1
16767583,1
16767596,1
16771029,1
16775456,1
16777090,1
16778754,1
16779664,1
16781359,1
16783454,1
16792816,2
16797082,1
16811373,1
16814784,1
16815805,1
16816193,1
16816915,1
16817607,1
16822052,1
16823210,2
16824865,1
16825220,2
16825748,2
16829939,36
16834335,2
16834446,1
16841256,9
16843042,7
16844142,1
16844427,1
16845266,1
16845885,1
16849613,1
16852283,1
16862406,1
16867539,1
16871190,1
16877261,2
16877762,1
16885479,1
16895002,1
16895096,1
16895985,1
16896639,1
16902767,1
16903374,2
16905600,2
16905832,1
16906542,1
16907168,1
16907538,1
16912484,5
16918675,2
16920304,1
16921737,1
16930823,1
16932505,1
16939776,1
16940088,1
16942661,1
16945256,1
16948304,1
16952533,7
16952571,1
16953125,1
16953243,1
16954446,1
16956988,1
16957547,1
16963766,1
16963889,1
16966169,3
16966237,1
16968019,1
16969932,1
16970228,3
16970370,2
16970636,1
16971554,1
16975296,1
16980105,1
16980689,1
16980744,1
16981877,2
16982793,1
16983817,1
16986727,1
16987095,1
16987812,1
16989124,1
17000474,1
17001004,1
17002951,1
17003270,1
17004481,1
17005654,1
17007867,1
17008604,1
17008668,2
17009005,1
17009108,1
17013103,2
17013209,1
17014680,1
17014688,2
17016328,1
17016595,1
17016932,3
17017753,5
17017856,1
17018686,1
17019226,1
17026373,6
17028502,1
17028918,1
17030979,1
17034414,1
17035801,2
17039038,3
17039457,1
17039844,1
17042375,1
17042779,1
17046677,1
17047507,2
17051522,1
17052750,1
17056010,1
17056272,1
17057085,1
17060379,1
17062142,1
17063430,1
17067706,1
17068385,2
17070165,1
17072624,1
17072997,1
17073223,1
17074068,2
17076366,1
17076779,3
17077611,3
17078907,1
17079428,1
17080832,1
17082636,1
17086104,1
17087472,1
17088863,1
17089167,4
17089799,1
17092125,1
17093898,1
17101021,1
17101366,1
17104125,1
17106326,1
17107428,1
17108199,1
17108850,1
17109323,1
17115683,1
17118125,1
17121401,1
17126149,1
17126456,1
17129306,5
17129397,1
17130761,1
17132281,1
17135632,1
17135639,1
17135965,1
17137184,2
17139229,2
17140257,1
17140850,1
17142482,3
17143526,1
17145810,2
17146117,1
17148286,1
17148614,1
17156993,1
17159912,1
17161046,1
17163507,1
17166773,1
17169710,2
17170764,1
17171478,1
17176226,1
17179942,1
17182950,1
17184938,1
17187401,2
17189826,1
17190575,3
17190679,1
17191098,1
17191330,1
17192662,1
17193750,2
17194294,1
17195305,1
17196434,1
17200098,1
17202434,1
17205232,1
17207517,1
17210678,1
17219778,1
17230282,1
17235722,1
17238421,2
17242088,1
17243520,1
17249564,1
17251851,1
17252545,1
17253436,1
17255044,1
17255594,1
17257175,1
17258848,1
17265307,1
17266416,1
17266733,1
17267481,2
17267972,1
17268149,1
17271428,1
17275046,1
17278534,2
17279270,1
17282614,1
17291877,1
17294417,1
17300922,3
17302076,1
17311666,1
17312656,1
17313053,1
17313597,1
17316853,2
17317481,1
17318926,2
17332839,1
17334180,1
17335561,1
17342033,1
17348904,1
17351552,3
17356967,1
17357740,1
17357798,2
17357913,2
17360633,1
17368927,1
17374575,2
17391809,1
17392114,1
17393281,1
17394576,2
17396564,3
17397793,1
17407314,1
17418374,1
17422350,2
17427411,1
17428204,1
17431447,1
17435548,1
17436273,3
17441185,1
17442034,3
17443671,1
17444627,5
17446565,1
17446787,2
17448460,1
17451485,1
17458198,1
17461053,1
17465473,1
17472760,2
17481799,1
17483963,1
17484307,1
17491320,1
17491338,1
17498458,1
17505245,1
17509532,2
17511226,1
17519752,1
17522089,1
17525650,2
17530945,1
17531891,1
17534042,1
17534964,2
17536260,1
17544472,1
17544727,1
17549397,1
17554581,3
17556301,1
17558600,3
17565168,1
17571600,1
17572120,1
17573146,1
17580346,4
17586453,1
17595725,2
17596847,3
17597028,1
17599887,1
17601619,3
17604016,1
17607910,1
17608756,1
17610951,1
17615682,2
17615811,1
17617439,1
17618955,1
17623283,1
17624559,1
17624672,1
17627107,1
17631488,2
17632150,3
17636643,1
17642184,1
17648246,1
17648820,1
17649507,1
17650359,1
17652677,1
17660275,1
17661314,1
17661572,3
17670806,2
17670978,1
17672121,1
17672141,1
17673472,2
17677108,14
17678032,2
17683147,1
17684729,2
17688158,1
17688343,1
17689363,1
17692211,1
17693529,5
17702522,1
17706489,1
17717756,2
17717772,1
17723324,1
17726592,1
17729618,2
17730416,1
17733929,3
17740115,1
17743263,1
17750537,1
17750562,3
17751506,1
17751681,1
17754643,1
17764795,3
17766430,1
17768246,2
17772922,1
17778158,1
17779614,1
17784682,1
17784800,1
17786970,1
17787383,2
17789413,2
17794948,1
17795730,1
17805313,1
17808167,2
17809670,2
17836999,2
17843658,2
17855871,2
17859297,1
17869231,1
17875617,1
17878663,1
17879200,1
17883117,1
17883172,2
17890698,1
17907025,2
17908382,1
17912805,1
17920758,1
17923702,1
17925482,1
17927046,1
17928742,1
17929398,1
17929990,1
17943913,1
17944696,1
17946475,1
17952870,1
17953045,1
17963100,1
17966087,1
17968696,1
17969267,1
17978046,1
17979601,1
17979725,1
17980063,2
17987446,1
17988420,2
17995018,1
17998063,1
18001201,5
18002168,2
18011359,2
18015744,1
18015757,1
18024483,1
18026786,1
18034470,1
18039530,1
18039745,1
18046713,2
18051864,1
18052454,1
18057326,4
18060519,1
18063119,1
18071383,1
18077037,1
18083720,3
18084898,2
18085879,1
18099257,1
18102103,1
18102619,1
18105119,1
18110960,1
18113193,2
18114187,2
18116057,1
18123688,1
18137400,2
18140374,1
18141285,1
18143568,1
18152516,1
18154869,1
18155807,1
18160494,1
18161090,1
18164399,1
18173800,1
18174613,1
18190004,1
18198628,2
18205007,10
18208127,1
18211926,1
18216102,1
18222932,1
18226899,1
18232053,1
18239753,1
18248128,2
18250252,1
18252004,1
18263112,1
18272159,2
18272380,1
18275651,1
18280126,1
18283224,1
18296288,1
18308599,1
18309000,1
18311262,2
18312012,1
18323018,14
18327711,1
18330705,1
18332826,1
18335100,2
18335283,1
18335948,1
18352957,1
18361374,1
18361710,1
18363737,1
18368980,1
18370798,1
18378721,1
18381296,1
18382424,1
18386042,1
18392548,1
18394102,1
18396402,1
18398075,3
18402389,2
18414532,1
18422703,1
18425104,1
18429051,1
18433169,1
18433846,1
18436393,1
18441677,1
18444224,1
18444533,1
18445173,1
18448731,1
18451727,1
18455732,1
18455944,1
18460999,2
18463405,1
18467215,1
18479275,1
18481933,1
18487119,1
18487959,1
18518758,1
18524182,2
18526453,1
18529634,1
18533787,1
18543184,2
18551994,1
18559877,2
18563982,1
18576303,1
18581151,1
18581523,6
18584700,1
18589689,1
18594630,1
18594755,2
18599585,1
18599831,1
18603943,1
18609536,1
18612601,1
18614789,1
18621311,2
18629122,1
18632464,1
18647721,3
18652840,9
18653129,1
18668815,2
18669388,1
18670263,1
18678620,1
18681179,1
18687047,1
18687294,2
18691733,1
18698493,2
18704121,1
18707109,1
18725435,1
18726723,1
18731252,1
18732678,1
18741914,1
18747132,1
18752538,1
18755160,1
18757464,1
18758993,1
18766763,2
18767275,1
18772667,1
18778229,1
18788861,2
18795536,2
18797912,1
18808829,1
18809631,5
18811252,1
18811661,1
18813294,1
18815423,1
18817358,7
18820308,1
18820324,1
18824375,1
18825573,3
18826072,1
18831940,2
18832026,1
18840701,1
18842728,1
18850026,2
18859115,1
18866537,1
18869462,1
18869959,2
18871713,3
18898256,1
18904640,2
18905547,1
18908255,1
18909632,1
18914489,2
18928268,1
18930898,1
18934062,2
18950533,3
18958487,2
18969652,2
18987303,4
18995742,1
18996488,1
19000941,1
19011115,1
19016678,1
19017890,1
19018837,1
19021007,1
19022228,1
19027798,1
19032743,1
19038888,1
19040477,1
19054741,2
19056144,1
19059027,1
19059214,1
19060131,1
19063311,1
19066185,1
19067649,1
19072873,1
19086215,2
19086598,3
19087758,1
19100981,1
19115841,1
19121223,6
19130646,1
19130952,2
19136956,1
19137066,1
19141112,1
19154590,1
19157830,1
19164582,3
19164686,1
19173072,2
19184214,1
19185524,2
19186321,1
19187269,1
19191656,1
19195638,1
19198179,1
19216957,4
19220316,1
19221270,1
19228607,1
19232149,1
19235318,1
19238680,1
19243246,1
19254602,2
19256862,2
19257143,1
19258529,1
19260292,1
19264007,1
19274895,2
19276268,1
19276306,1
19277911,1
19280467,6
19280726,1
19283598,1
19285739,1
19289970,1
19300774,1
19300949,4
19303657,1
19306641,1
19311169,1
19312523,1
19315867,1
19315939,11
19319248,1
19329598,1
19332551,1
19334276,2
19342067,1
19345488,1
19346868,1
19348110,1
19353421,1
19363974,2
19370329,1
19370817,1
19377893,1
19379098,1
19379599,1
19380090,1
19381209,1
19382687,2
19383215,1
19384740,1
19395040,2
19395136,1
19401353,1
19407067,1
19408057,1
19410634,1
19413882,7
19414027,1
19416689,1
19424173,1
19433340,1
19446999,1
19449063,2
19450364,1
19452632,1
19468831,1
19469136,1
19470013,1
19473763,1
19480292,1
19480610,1
19487253,1
19490190,1
19493437,1
19495276,1
19497769,1
19499313,1
19503429,1
19505351,1
19517292,1
19525068,1
19526870,1
19528437,1
19561074,1
19562298,2
19577224,1
19581118,1
19589112,3
19595236,1
19608152,1
19608567,1
19609317,1
19610593,1
19619808,1
19619844,1
19622303,2
19623270,1
19632444,1
19638858,1
19643429,3
19650140,1
19658337,1
19663164,1
19668633,1
19671396,2
19675998,2
19679346,2
19680808,2
19686648,1
19686684,1
19692592,1
19693235,6
19694815,3
19698014,3
19698423,1
19705220,1
19706026,1
19709855,1
19715968,2
19718134,1
19718491,1
19724372,2
19733039,1
19733986,1
19745059,1
19748407,1
19752582,1
19754734,6
19760227,1
19763233,2
19766407,1
19768140,2
19773499,1
19775210,2
19778058,1
19779695,4
19782515,1
19787813,1
19788102,1
19789291,1
19793026,1
19804119,1
19822311,1
19823133,2
19835113,1
19836647,3
19836915,1
19842245,1
19855017,1
19856008,3
19869624,1
19869866,1
19872002,2
19872194,1
19876219,1
19876895,1
19880627,1
19880696,1
19882472,1
19888543,1
19894899,4
19895678,1
19907406,1
19909574,1
19928030,1
19935203,2
19937860,2
19940505,1
19941675,1
19945657,2
19946573,1
19950129,34
19951991,1
19954788,1
19955341,1
19960863,1
19962557,2
19967468,1
19968273,1
19972572,1
19974346,1
19980068,1
19986219,25
20001046,1
20001362,1
20003610,1
20005709,2
20009295,1
20010621,1
20010926,1
20020074,1
20022701,1
20033758,1
20037549,1
20041750,3
20042407,1
20045481,1
20047641,1
20048121,1
20056600,1
20064450,1
20070115,1
20071664,2
20077387,1
20083818,2
20084458,3
20086412,1
20091112,1
20096217,1
20104130,2
20104534,1
20108012,2
20113004,2
20130551,1
20131721,1
20141392,1
20148719,1
20166057,1
20169560,1
20185204,1
20193424,1
20196541,1
20197401,1
20200707,1
20210006,1
20212708,1
20213032,1
20213216,1
20218459,1
20222105,1
20224455,1
20225059,1
20230615,1
20239782,1
20243880,1
20248352,2
20254112,1
20264311,1
20265879,1
20266320,1
20269623,1
20276771,1
20281594,1
20281646,1
20292096,1
20302517,1
20304004,1
20307335,1
20313325,1
20316242,1
20316697,1
20318293,1
20325258,1
20327276,1
20329930,1
20330992,1
20342810,1
20343530,1
20344719,1
20346968,2
20363258,1
20368462,1
20369831,1
20372620,1
20373101,1
20377878,1
20379359,2
20380842,1
20388340,1
20391313,1
20395438,1
20399629,1
20399867,1
20401857,1
20412855,1
20415581,1
20424404,2
20431672,1
20432021,1
20432057,1
20439283,1
20444001,1
20456534,1
20456934,1
20459102,1
20467514,1
20470998,2
20481513,2
20485323,1
20493810,1
20495984,1
20496813,1
20497137,1
20497182,1
20503782,1
20504320,1
20521703,2
20523878,1
20545340,1
20551688,1
20562065,1
20563937,4
20566071,1
20568080,1
20569831,1
20573247,1
20577079,3
20584647,1
20586221,1
20586669,1
20597249,1
20604390,1
20615962,1
20624127,1
20624673,1
20628869,2
20632043,1
20641982,3
20646779,1
20652320,1
20660339,1
20666315,2
20666995,1
20671594,1
20677442,1
20677605,1
20678324,1
20689391,2
20700012,1
20702626,1
20706735,1
20711254,1
20712024,1
20714494,1
20719998,1
20726179,1
20730205,1
20730834,1
20741440,1
20745976,1
20749650,1
20758996,1
20759317,1
20771484,1
20773265,1
20784718,1
20791443,3
20793389,1
20796114,1
20800232,1
20809378,1
20809852,1
20810836,1
20816080,1
20818893,9
20824567,1
20828899,1
20831986,1
20836090,2
20840100,2
20844644,2
20848156,1
20849683,2
20853303,1
20854671,1
20856299,1
20861230,1
20863196,1
20864726,3
20867990,1
20869475,1
20879903,1
20882039,2
20886726,1
20889918,1
20890751,1
20892476,1
20895485,1
20897043,2
20899780,1
20913403,4
20919180,1
20921218,2
20921663,3
20922967,1
20937727,1
20940354,2
20942115,1
20943692,1
20947016,1
20948686,1
20953804,1
20960738,1
20961248,1
20965127,1
20965305,2
20970114,1
20976513,1
20980299,1
20983000,2
21003672,1
21012418,1
21014639,4
21020552,1
21026271,2
21026418,1
21033426,1
21035034,1
21040873,1
21041123,2
21052634,1
21059593,1
21059627,1
21060274,2
21074012,1
21077628,1
21088053,1
21089971,1
21093276,1
21096504,1
21096613,1
21108580,2
21114706,1
21117660,1
21124464,1
21126703,1
21132603,1
21134531,1
21140244,1
21141845,1
21145334,1
21148391,1
21157060,1
21161426,1
21168704,1
21170708,1
21186337,1
21192089,1
21193690,1
21196452,1
21197077,3
21202779,1
21205543,1
21208297,3
21218347,2
21222231,2
21224429,1
21232997,1
21255582,1
21258022,1
21260773,1
21273095,9
21277748,2
21280919,2
21283203,1
21300896,1
21305484,1
21306046,1
21308179,2
21316396,1
21325430,3
21326625,2
21326757,1
21328773,2
21329347,1
21331146,1
21340607,1
21347382,1
21348288,1
21350972,1
21352926,1
21353575,1
21356294,1
21357202,1
21357609,1
21362561,1
21366315,1
21368749,9
21373837,1
21374087,10
21377597,1
21387155,2
21387354,4
21390734,4
21396052,1
21397029,1
21398533,1
21404952,1
21409712,1
21411418,1
21411988,1
21412255,2
21417496,3
21421929,3
21431182,1
21433679,2
21436815,6
21448351,5
21451966,1
21456599,1
21461693,1
21461834,1
21463109,1
21469310,1
21472311,1
21478894,1
21488545,1
21492324,2
21494586,1
21497193,2
21512045,1
21513144,1
21515065,1
21517168,3
21518205,2
21526934,1
21535627,1
21540781,1
21548583,1
21558334,1
21565845,1
21566289,1
21571023,1
21574461,1
21578051,1
21582958,1
21587022,1
21590391,1
21594815,1
21602611,1
21608797,1
21609312,1
21611090,1
21631337,2
21635536,1
21637443,1
21644671,2
21650310,1
21653604,1
21657092,4
21661850,1
21664052,2
21667774,1
21695952,1
21697705,1
21698443,1
21700276,2
21706897,1
21710640,1
21720179,2
21724084,1
21728795,2
21730164,1
21733570,1
21735280,1
21736771,1
21738920,1
21749608,1
21771807,1
21779459,1
21782957,1
21784750,1
21785340,1
21789850,2
21807996,1
21811776,3
21814767,1
21820530,1
21823907,2
21824662,1
21831138,1
21845073,1
21848200,1
21850444,1
21854447,1
21861685,1
21864775,1
21870079,1
21876228,1
21890820,1
21894758,1
21896556,1
21898544,1
21899503,1
21901218,1
21916506,3
21924524,13
21928856,1
21934055,1
21936321,1
21949545,2
21952386,1
21953629,1
21964003,2
21965450,1
21971218,1
21977512,1
21981434,1
21986640,1
21991122,3
21993536,1
22000000,1
22005183,3
22020648,1
22028173,2
22028691,2
22029419,2
22035424,1
22051042,2
22058562,1
22060435,1
22072455,1
22080819,1
22084301,1
22084898,1
22086734,1
22092272,1
22094906,1
22105099,2
22106123,1
22107172,1
22114247,1
22117822,1
22123231,1
22126743,1
22137684,1
22147833,1
22157344,1
22179740,1
22194599,1
22198154,1
22203636,1
22211937,1
22212535,3
22214265,1
22233859,1
22241966,2
22242741,1
22246698,1
22246863,1
22266283,1
22267054,3
22268518,1
22269492,2
22271422,1
22277609,1
22278495,1
22279801,1
22283008,1
22285574,1
22290299,2
22291012,1
22293410,1
22296382,1
22298678,3
22300484,1
22307096,1
22307625,1
22320612,1
22327549,2
22328495,1
22332012,1
22342048,1
22350217,1
22356449,1
22375624,3
22384453,2
22417071,1
22424154,3
22426373,1
22438551,1
22439190,4
22441298,1
22442116,1
22455170,1
22464584,1
22476347,1
22482200,1
22486630,1
22489711,1
22491831,2
22492480,1
22493098,1
22498749,5
22499928,1
22501962,1
22510276,1
22512473,1
22540228,1
22546928,1
22557756,1
22561108,2
22562054,1
22562626,2
22577539,14
22590830,1
22602291,1
22616804,2
22630682,1
22630995,1
22631008,1
22640896,1
22650093,1
22661369,1
22664279,1
22673872,1
22676783,1
22689235,1
22692952,1
22695751,1
22708540,1
22708710,1
22712992,1
22715251,1
22715469,2
22717758,1
22734976,1
22735091,1
22741729,1
22743101,1
22745279,1
22748294,1
22752564,2
22754510,1
22759688,1
22765695,1
22767280,1
22768935,2
22775359,1
22777113,1
22796936,1
22799522,1
22815559,2
22833968,3
22834772,1
22844788,1
22845583,1
22851301,1
22856251,1
22860038,1
22864569,4
22866634,3
22872280,1
22874348,1
22885255,1
22885795,1
22888689,2
22889890,1
22895285,2
22914592,1
22918969,1
22921667,1
22922182,1
22928090,2
22942227,1
22944007,1
22949374,1
22978330,1
22983222,1
22997104,2
22998014,1
23002478,2
23008491,1
23012882,1
23016415,1
23023283,4
23040281,1
23046353,1
23046854,1
23049855,1
23072691,1
23087362,1
23089412,1
23095454,2
23101545,1
23101806,1
23102611,1
23109829,2
23111982,1
23119044,1
23124608,1
23129080,1
23130113,1
23130283,1
23134010,1
23135531,2
23139855,1
23140224,1
23147251,1
23149958,2
23150678,1
23150875,2
23161720,1
23169632,1
23176134,1
23176243,1
23182922,1
23185184,1
23185306,2
23185756,1
23187514,1
23187874,3
23189139,2
23191839,1
23199922,2
23211887,1
23211963,1
23221845,1
23227317,1
23231545,1
23243517,1
23250128,1
23250539,1
23251988,1
23258318,1
23263301,1
23264812,2
23272124,1
23272384,2
23272558,1
23277547,2
23280297,1
23280975,1
23281978,2
23288847,1
23290634,4
23295892,1
23298541,2
23299759,1
23302495,1
23303609,1
23305754,1
23316073,1
23318090,2
23318113,1
23319051,2
23323902,1
23324710,1
23328010,1
23339678,1
23340606,3
23346751,1
23347920,1
23348745,1
23348932,1
23351811,1
23354248,1
23356672,1
23358815,1
23360259,1
23362096,1
23365705,1
23370355,1
23380619,1
23386358,1
23393556,1
23395264,1
23414864,1
23432027,1
23432274,1
23441278,1
23445968,1
23450376,1
23468666,1
23482218,2
23486313,1
23488565,1
23489870,1
23492397,1
23502289,1
23528735,1
23529579,1
23531883,1
23533650,1
23544763,1
23547774,1
23557723,1
23567354,1
23577267,1
23594373,1
23599921,2
23604019,1
23606979,1
23609082,1
23609769,1
23610903,3
23612540,1
23612854,1
23619643,2
23623712,1
23629610,1
23639544,1
23656610,1
23658459,2
23669431,1
23673330,1
23681480,1
23686184,2
23690829,1
23691276,1
23693764,1
23711172,2
23713903,1
23717091,1
23721745,1
23722614,2
23723616,2
23725411,1
23738720,1
23744793,1
23754486,1
23762077,1
23767039,1
23769718,1
23780862,1
23783244,1
23784899,1
23787045,1
23787547,1
23788158,1
23792624,1
23794451,1
23794801,1
23795164,1
23809894,1
23823266,1
23844854,1
23844924,2
23847441,4
23860619,1
23861088,1
23863259,1
23878589,1
23890803,1
23897900,1
23901321,2
23904359,1
23911802,5
23919361,1
23926320,1
23926651,1
23929433,1
23941276,1
23942322,1
23944856,1
23949435,2
23954130,1
23954556,1
23963670,1
23969979,1
23971841,1
23976342,1
23977309,1
23979476,1
23983496,1
23992582,1
23998817,1
24013557,1
24014056,1
24014594,1
24018914,2
24022751,2
24024842,1
24026471,1
24033909,1
24037681,2
24040129,1
24047091,1
24048499,1
24049530,1
24049627,1
24051340,1
24061736,1
24073062,1
24080919,1
24081154,1
24081768,1
24083552,1
24084794,2
24085609,1
24085901,1
24090279,1
24090676,2
24093121,1
24094875,1
24096871,1
24100636,1
24100680,1
24101598,1
24102077,1
24106359,1
24113967,2
24116685,1
24119756,1
24120111,1
24120895,2
24121279,1
24130779,1
24134947,1
24135657,1
24141535,2
24142756,1
24144721,1
24146801,1
24148321,1
24150126,1
24154968,1
24157587,1
24159509,1
24161840,1
24162158,2
24162484,1
24163496,1
24174153,1
24175541,1
24177476,1
24178751,1
24183856,1
24185672,1
24187208,1
24191335,1
24191743,1
24195883,1
24196065,1
24196071,1
24199614,1
24199711,2
24202424,1
24203579,1
24203759,1
24204768,2
24207185,1
24211765,2
24213004,1
24215460,1
24215827,1
24219208,1
24219237,1
24219469,1
24225006,1
24226799,1
24228044,2
24228748,1
24228818,1
24229627,1
24231299,1
24237810,1
24240803,2
24244754,2
24250429,1
24253202,1
24254866,2
24257978,1
24264280,1
24266676,1
24269442,1
24271124,1
24271400,1
24271604,1
24271738,1
24273464,1
24274902,1
24277038,1
24277382,1
24283229,1
24285510,1
24285558,1
24285571,1
24285907,1
24293018,1
24302771,1
24304500,1
24305525,1
24310084,1
24310620,1
24310802,1
24314187,1
24316319,1
24320495,2
24320536,1
24324338,1
24324365,1
24326638,1
24327528,1
24331343,1
24335370,1
24336093,1
24338312,1
24338617,1
24339849,1
24340320,1
24340460,1
24341679,1
24344023,1
24345588,1
24346457,1
24346928,1
24348296,1
24348385,1
24351345,1
24352713,1
24355131,1
24355764,1
24356475,1
24363019,1
24367663,1
24370929,2
24371408,2
24379984,2
24384602,1
24384777,1
24387648,1
24391268,1
24397190,1
24405940,1
24409993,1
24410634,1
24410654,1
24413624,1
24414752,1
24427650,1
24435558,1
24441108,2
24441727,1
24445688,1
24445877,4
24448962,1
24449115,2
24450585,1
24450788,1
24452758,1
24453895,1
24454341,1
24455427,1
24456220,1
24459146,9
24464085,1
24464110,1
24466026,1
24467852,1
24469062,1
24470125,1
24470375,2
24475004,2
24475514,1
24477132,3
24477564,1
24484659,1
24484811,1
24487990,1
24489667,1
24495161,1
24496515,1
24498958,1
24499237,1
24499439,1
24499740,1
24503078,1
24504828,1
24508192,1
24511400,3
24512073,3
24513631,1
24514670,1
24517543,1
24519304,1
24520399,1
24525683,1
24529240,1
24534964,1
24535464,1
24536059,1
24537119,1
24537667,1
24538557,1
24540477,2
24540758,1
24541821,1
24545966,1
24547100,1
24548210,1
24549777,1
24550912,2
24551055,1
24552443,2
24553920,1
24555881,1
24558533,1
24563542,1
24564914,1
24566646,1
24567856,1
24569212,1
24570369,1
24575069,1
24575695,1
24577375,2
24577658,2
24581516,1
24585064,1
24585294,1
24587853,1
24589897,1
24591623,1
24594488,1
24596147,1
24596482,2
24596921,1
24598944,1
24601140,1
24602355,1
24604927,1
24606581,1
24607444,1
24608413,2
24608642,1
24608932,1
24614095,1
24614781,1
24618540,2
24622319,1
24623026,1
24623351,1
24624350,1
24632247,1
24644403,1
24649084,1
24649692,1
24650111,1
24651972,1
24653464,2
24653928,1
24654845,1
24655457,1
24659536,1
24660839,3
24669187,1
24669493,1
24671551,1
24674920,1
24675942,1
24676373,2
24676572,1
24677049,1
24677319,1
24678610,7
24679174,1
24679423,1
24680646,1
24683209,1
24685258,1
24687054,1
24688659,1
24688909,1
24690534,3
24693094,2
24693291,1
24697397,3
24698517,1
24698891,1
24702103,3
24702539,1
24703026,1
24708592,1
24708853,1
24709069,1
24709083,1
24712420,1
24714415,1
24716242,1
24716272,2
24716437,1
24721170,1
24724444,1
24724498,1
24725341,1
24725778,1
24727187,1
24727870,1
24729482,1
24730407,1
24731009,1
24733588,1
24749511,1
24751714,1
24751889,2
24753964,1
24756386,1
24757203,1
24760188,1
24761428,1
24769703,1
24771916,1
24772714,1
24775176,3
24780700,1
24781282,2
24786855,1
24787007,1
24790565,3
24794498,1
24805573,1
24807100,1
24808167,1
24810966,1
24813384,1
24814085,1
24816684,1
24816872,1
24819918,1
24820800,1
24821538,12
24826611,2
24826641,1
24830472,1
24830570,1
24832274,1
24832881,1
24834522,1
24834687,1
24836650,1
24841294,1
24842481,1
24842586,1
24848895,1
24850642,1
24853375,1
24853524,1
24854069,1
24855396,1
24857554,2
24858860,1
24860454,3
24863298,1
24864546,1
24871263,1
24875836,1
24876592,1
24879029,1
24882240,1
24882804,1
24884210,1
24885095,1
24891010,1
24891388,2
24892641,1
24892799,2
24894471,1
24897304,2
24897833,1
24900212,1
24901208,1
24907963,1
24909532,2
24909897,1
24909921,1
24914873,1
24916086,1
24916241,1
24916403,2
24920647,2
24922362,1
24929349,1
24932958,1
24933398,1
24933791,1
24935209,1
24935251,1
24936639,1
24938335,1
24939063,1
24941743,1
24942081,1
24948048,1
24949269,1
24952531,2
24952604,1
24953432,1
24956486,1
24957708,1
24959956,1
24961673,1
24966598,1
24968942,5
24970727,2
24972287,1
24973270,2
24976445,1
24981445,2
24982178,1
24983958,1
24985957,3
24986532,1
24988359,1
24988810,3
24989195,1
24992484,1
24996076,1
24996234,1
24998984,1
25000981,1
25003218,1
25003502,1
25004173,1
25005031,2
25009421,1
25010672,1
25012724,1
25014956,1
25019393,1
25019421,1
25027976,1
25033305,2
25035953,2
25036209,1
25037648,1
25039263,1
25044910,1
25045503,3
25046285,1
25048318,1
25048842,1
25050246,1
25050627,1
25050967,1
25053422,1
25053491,2
25054388,1
25057393,1
25063597,1
25064063,1
25065887,1
25069719,1
25070031,1
25070129,1
25070275,1
25072125,1
25072579,1
25074777,1
25077689,1
25079071,1
25080843,1
25086010,2
25086176,1
25086962,1
25088123,1
25088442,1
25090187,1
25092261,1
25092347,1
25094262,1
25094819,1
25094893,1
25096189,1
25097321,1
25097741,1
25100473,1
25102574,1
25103695,2
25104976,1
25105483,1
25106472,2
25108116,1
25112453,1
25114549,1
25117304,1
25117344,1
25120675,2
25122897,1
25125058,2
25125314,1
25129639,1
25133425,1
25138810,1
25141842,2
25143347,1
25145844,1
25146548,3
25148334,1
25149744,1
25152869,1
25154145,1
25154361,3
25155525,1
25157092,1
25160195,1
25163722,1
25166464,1
25169317,5
25170599,2
25171678,1
25172268,1
25172619,1
25172831,2
25174704,1
25176265,1
25177656,1
25192072,1
25196440,1
25199626,1
25200663,1
25201496,1
25202363,1
25203258,2
25204353,1
25205209,1
25211529,1
25214583,1
25220331,1
25226002,1
25230814,1
25231566,1
25233668,1
25236505,1
25236828,1
25238529,1
25246661,1
25247035,1
25248345,1
25249564,1
25253967,1
25255278,1
25256259,1
25258994,1
25260949,1
25261528,1
25267619,1
25268261,1
25272024,2
25275488,2
25275631,1
25275873,1
25277160,1
25277856,1
25278074,1
25278239,2
25279325,2
25284646,1
25287882,1
25293521,1
25301824,1
25302529,1
25302757,1
25309598,1
25309811,1
25311830,1
25315875,1
25316796,1
25319724,1
25322597,3
25323929,1
25325455,1
25325521,1
25326994,1
25328888,1
25330539,5
25330821,1
25334779,1
25334953,1
25343546,1
25343984,1
25345347,1
25348943,1
25349836,1
25356837,1
25359019,1
25360656,1
25361262,1
25366876,1
25369248,1
25371742,1
25372127,4
25374081,3
25375114,1
25377525,1
25377772,5
25378060,1
25378536,1
25378610,1
25383925,1
25385863,1
25386183,2
25386237,1
25387075,1
25393218,1
25403043,1
25403137,1
25407259,1
25407349,1
25410906,1
25410983,3
25413303,1
25415047,1
25416610,1
25418879,1
25420398,1
25422674,1
25423092,2
25423121,1
25426960,1
25427079,1
25428278,1
25432101,1
25432347,1
25432548,1
25432747,1
25436757,1
25438401,1
25441425,2
25445504,3
25450047,1
25452309,1
25455982,1
25458519,1
25459059,4
25468558,2
25469513,3
25469627,1
25470435,2
25475910,1
25476236,1
25476706,1
25476951,1
25482490,1
25484795,1
25487374,2
25489126,1
25491935,1
25493568,1
25494017,1
25495955,1
25497156,1
25499322,1
25505070,1
25506597,1
25507284,1
25510290,1
25515878,1
25516861,1
25518731,1
25526829,1
25528374,1
25528459,1
25529087,1
25534942,1
25536530,1
25538010,1
25538122,1
25546026,3
25546155,1
25548172,1
25549592,2
25552107,1
25556057,1
25559822,1
25560251,1
25565506,1
25565949,1
25569218,3
25570021,1
25572258,1
25575340,2
25579730,1
25583563,1
25583877,1
25585571,1
25587625,3
25587664,1
25589323,1
25589824,1
25592349,1
25593337,1
25598165,1
25603823,1
25604353,1
25604380,2
25605194,1
25605722,1
25606832,1
25617636,1
25621220,1
25622717,1
25626873,1
25634897,1
25636074,1
25637535,1
25639355,1
25644915,1
25645999,1
25651038,1
25659312,1
25659577,1
25662806,1
25667936,1
25679511,1
25681272,1
25682240,1
25685399,1
25686423,1
25690311,1
25692357,1
25695176,1
25696370,1
25698084,1
25711288,1
25711530,1
25712219,3
25719884,1
25723698,1
25724179,1
25725424,3
25731176,1
25731540,1
25731837,1
25732590,1
25735390,1
25737319,1
25741654,2
25745201,1
25747767,1
25752065,1
25752507,1
25753457,1
25753880,2
25756282,1
25756406,1
25756636,1
25759309,1
25766502,1
25772429,2
25773636,1
25774235,1
25784931,1
25785682,1
25788048,1
25789774,1
25790304,1
25792496,1
25795525,1
25796035,1
25796757,1
25797579,1
25799181,2
25800157,1
25803000,1
25804149,1
25805404,1
25807252,1
25811079,1
25813211,1
25815172,1
25816861,1
25817368,1
25817751,1
25821918,1
25824244,1
25824895,1
25825101,1
25825735,1
25827232,1
25829169,1
25835353,1
25835561,1
25837638,1
25837690,1
25838232,1
25838685,1
25839322,1
25841927,1
25842104,1
25848337,1
25852525,1
25853482,1
25853531,2
25859096,1
25860592,1
25861335,1
25862303,2
25864796,1
25865388,2
25866788,3
25868955,1
25871281,1
25877365,1
25882560,2
25887939,1
25895300,1
25895740,1
25897156,1
25898097,1
25898566,1
25899155,1
25904948,1
25909011,1
25909958,3
25909969,1
25910103,1
25913389,8
25915696,1
25916030,1
25918902,1
25920483,7
25922036,1
25930586,1
25931172,1
25934347,2
25935632,1
25939610,1
25939622,1
25944221,1
25944677,1
25945597,1
25947084,1
25950526,1
25950724,1
25951149,1
25952623,2
25959170,2
25959665,1
25961118,1
25964313,1
25964398,1
25965092,1
25966236,1
25974357,2
25976620,1
25978997,1
25980778,1
25981117,1
25981218,1
25982579,1
25983196,1
25984132,1
25985992,1
25986248,1
25987992,1
25990764,1
25991980,1
25992938,1
25993929,1
25998877,1
25999677,1
26000595,1
26001890,1
26002792,1
26003331,1
26007108,2
26010640,1
26011627,1
26015418,1
26019137,1
26020123,2
26023904,1
26024182,1
26024576,1
26029086,1
26034165,3
26036441,1
26039106,1
26040580,1
26040657,1
26040930,1
26044963,1
26047411,1
26053435,1
26053661,3
26055224,1
26056917,1
26066818,1
26067135,1
26067336,1
26067955,1
26068514,1
26070398,1
26080828,1
26083734,1
26085575,1
26085884,1
26091873,1
26092971,1
26096227,1
26097890,1
26099793,1
26101290,1
26102790,1
26103678,1
26104623,1
26104638,1
26104876,1
26107054,2
26111772,1
26112091,1
26112820,1
26113204,1
26113544,1
26116819,1
26120566,1
26122365,1
26123054,1
26124196,1
26129888,1
26132506,3
26135509,1
26136027,1
26137021,1
26138218,1
26145595,1
26145873,1
26146234,1
26148138,1
26148768,1
26152922,1
26153377,1
26158687,1
26160792,1
26161202,3
26161995,1
26162140,2
26163665,3
26166907,1
26170296,1
26172183,1
26174599,1
26174864,1
26177127,1
26178253,1
26178720,1
26185691,1
26187742,1
26188767,1
26194257,1
26195014,1
26195938,1
26196127,2
26197424,1
26197899,1
26198693,2
26200241,1
26202084,1
26202421,1
26205105,1
26206709,1
26207389,1
26216855,1
26216872,1
26221850,1
26236524,1
26241367,1
26247539,1
26259563,1
26259802,1
26261437,2
26262466,3
26263354,1
26266416,1
26269069,1
26269857,1
26271823,1
26273125,1
26274232,1
26278832,1
26281363,1
26282837,1
26285016,1
26286687,1
26287931,1
26288374,1
26289135,2
26298572,3
26298820,1
26299462,1
26299492,1
26299887,1
26302821,1
26304335,2
26304811,1
26306939,1
26307153,1
26315555,1
26318147,1
26319502,1
26320710,1
26326074,2
26328011,2
26331100,1
26331265,1
26331446,2
26339672,1
26341548,1
26342296,1
26343481,1
26351603,1
26353955,1
26358076,2
26362677,1
26363207,8
26364056,1
26365826,1
26368514,1
26370725,1
26371184,1
26371269,1
26374770,1
26375933,1
26377675,1
26378376,1
26382971,2
26384987,1
26390068,1
26391769,1
26397862,2
26398291,1
26399968,1
26405127,1
26406116,3
26406367,1
26407345,1
26410190,1
26410636,1
26412967,7
26413432,1
26416994,2
26417764,2
26422072,1
26423183,1
26424977,1
26427453,1
26428334,3
26428583,2
26433395,1
26434806,1
26435039,4
26435058,1
26435511,1
26437427,3
26438629,1
26439273,1
26439822,1
26440338,2
26444605,1
26445774,2
26448679,1
26448803,1
26452549,14
26459431,1
26466007,1
26471118,1
26471147,1
26477003,1
26479770,1
26480380,1
26481823,1
26482674,1
26483995,1
26484179,2
26490753,2
26492507,1
26493553,1
26497621,1
26498571,1
26499549,1
26499611,1
26505235,1
26507588,2
26508103,1
26513123,1
26514140,1
26514467,1
26514919,1
26516014,2
26516758,1
26517208,3
26519629,1
26520385,1
26520817,2
26521385,1
26521443,2
26521834,1
26523795,2
26524328,1
26524819,1
26525448,1
26527539,3
26528732,1
26533548,3
26540125,1
26542178,1
26543811,1
26544397,3
26545020,1
26553514,1
26554303,1
26555076,19
26558355,1
26559785,1
26562098,2
26563025,1
26563177,1
26563443,1
26565691,2
26567985,2
26571330,1
26581237,2
26583329,1
26589189,1
26591215,1
26592638,1
26592818,1
26594560,1
26594843,1
26595233,1
26595639,2
26596613,1
26597263,1
26602416,2
26602996,1
26609795,1
26614004,1
26614867,1
26617301,1
26618758,1
26624397,1
26624923,2
26625448,2
26627954,1
26628159,1
26629617,2
26630319,7
26632255,1
26634904,2
26639777,1
26640306,1
26643848,1
26644807,1
26648778,1
26649491,1
26650252,1
26651720,3
26658412,1
26659820,1
26667870,2
26672925,1
26673424,1
26674154,6
26679513,1
26684901,1
26685727,2
26687229,2
26694195,1
26698141,3
26704327,1
26706503,1
26708875,1
26719562,1
26720035,2
26722892,1
26725226,1
26727986,1
26730082,3
26736796,1
26737476,1
26738382,1
26741912,1
26744565,5
26745223,1
26745451,2
26745568,1
26748712,2
26750113,1
26750280,1
26759507,1
26759516,1
26760708,1
26761878,1
26762131,1
26765991,1
26767571,1
26769790,1
26770997,1
26771512,6
26771988,1
26772495,1
26772912,1
26775911,1
26776239,1
26781895,1
26792132,1
26792748,1
26795409,1
26797949,2
26801749,1
26802692,12
26805539,1
26810385,1
26810736,1
26816841,1
26820000,1
26826856,3
26834773,1
26834960,1
26835472,3
26836409,3
26837365,1
26839283,1
26841423,1
26846305,1
26847773,1
26848928,2
26850602,1
26855961,1
26860915,1
26861842,1
26868877,1
26869192,1
26871085,1
26882533,1
26882814,1
26885248,1
26889204,1
26892932,1
26896873,1
26901134,1
26906898,1
26913189,1
26918027,1
26918624,1
26920517,1
26927151,1
26930951,1
26932788,2
26937084,3
26937654,1
26938812,1
26939486,1
26942625,1
26944034,1
26946620,1
26948283,1
26955164,4
26955958,1
26956186,1
26957069,1
26957135,2
26959191,1
26962677,1
26969559,1
26971159,2
26971534,1
26974744,1
26975823,1
26984164,1
26985540,2
26986651,2
26988004,1
26988029,1
26991032,1
26991666,2
27001550,1
27011071,2
27012649,1
27012920,1
27015498,1
27015865,1
27016277,1
27019014,1
27021361,1
27027087,1
27033103,1
27034715,1
27039625,1
27040180,1
27040634,1
27046287,1
27047207,2
27048660,1
27050047,1
27054153,1
27054995,1
27057264,1
27058714,1
27059722,1
27061609,1
27065907,1
27067305,1
27068358,1
27068775,1
27069479,1
27081874,1
27087311,1
27087424,1
27088354,1
27091011,1
27095276,1
27107175,1
27122142,1
27123072,1
27124281,1
27125398,2
27126883,1
27127599,1
27131189,3
27131209,1
27132464,1
27134305,1
27135667,2
27140135,1
27141359,1
27142197,1
27142714,1
27144214,1
27144838,1
27146658,1
27152956,5
27153376,1
27154526,1
27154861,1
27155078,1
27162964,1
27163414,1
27164988,1
27166063,1
27170941,2
27170988,1
27171451,1
27178143,1
27179231,1
27182688,1
27184434,1
27185957,1
27188926,1
27191260,2
27194645,2
27201238,1
27202486,1
27207499,1
27210304,1
27211439,1
27218928,1
27219473,2
27221786,1
27225906,2
27229570,2
27231880,1
27243132,1
27244142,1
27258996,1
27259542,1
27260962,2
27264404,1
27266011,1
27270473,1
27281425,1
27282354,1
27282781,1
27284172,1
27286064,1
27286755,1
27296941,1
27305314,1
27307092,1
27310339,4
27311320,1
27318320,2
27320713,1
27322448,1
27322876,2
27324621,1
27325990,1
27328074,1
27330450,1
27330659,1
27331930,1
27332954,1
27333067,10
27335831,1
27337370,1
27340867,1
27345017,1
27346720,1
27353812,1
27354559,2
27357684,1
27359717,1
27360047,2
27363346,1
27363860,1
27369368,1
27371043,1
27378853,2
27381635,2
27384773,1
27387468,1
27389952,1
27389991,1
27394121,1
27400540,1
27401384,1
27402450,1
27402479,2
27402988,1
27407727,1
27417924,2
27420180,1
27422630,1
27426845,1
27426894,2
27428972,1
27440434,1
27449322,1
27449634,1
27457209,1
27457957,1
27465393,1
27469579,1
27475760,1
27477033,2
27477046,1
27478653,1
27483855,1
27484844,1
27484900,1
27490454,1
27491921,1
27493442,1
27494118,1
27495480,1
27495988,1
27509248,2
27509899,1
27510911,1
27512087,2
27513702,1
27513767,1
27517543,1
27518548,2
27518749,1
27522477,1
27524321,1
27525229,1
27525890,1
27529283,1
27531429,1
27531762,1
27532010,1
27532106,1
27539855,2
27542034,1
27543037,1
27543298,1
27543838,2
27544814,1
27546165,1
27546174,6
27550321,1
27551222,1
27552392,1
27554004,1
27554865,1
27561366,1
27565820,1
27567335,1
27570997,1
27572836,1
27577362,1
27581320,2
27581741,1
27583155,1
27587347,1
27588401,1
27589247,1
27589636,1
27589639,1
27594477,1
27600621,1
27604421,1
27607917,1
27609705,2
27611615,1
27612808,1
27624744,1
27635034,1
27636884,1
27638120,1
27648005,1
27648472,1
27653047,1
27664028,1
27666393,3
27667627,1
27671365,1
27674378,6
27674668,1
27679989,1
27686566,1
27686629,2
27687973,1
27690620,2
27693235,1
27694151,1
27699498,1
27699989,1
27702773,5
27709352,1
27712695,1
27716331,3
27716494,1
27724098,1
27730466,1
27744083,1
27747428,1
27748503,1
27748950,3
27752777,1
27758113,1
27758310,2
27760350,1
27762143,1
27762227,1
27763212,1
27766114,1
27768450,1
27769902,19
27774514,1
27777730,1
27777960,1
27786899,1
27787044,1
27788219,1
27789215,1
27789302,1
27793570,2
27804512,4
27805502,1
27809523,1
27809831,1
27810061,1
27811195,1
27814819,2
27815562,1
27816876,1
27819281,1
27821193,1
27824254,1
27824931,3
27825579,1
27829582,1
27830316,2
27832469,1
27836666,1
27839900,1
27845834,1
27847756,1
27851871,2
27855935,4
27857408,3
27857461,1
27864703,1
27865005,2
27865316,2
27866094,1
27872049,2
27874474,1
27874990,1
27875693,2
27878936,1
27879225,1
27883868,1
27888155,2
27889126,1
27893985,3
27894750,1
27896238,1
27902328,1
27908116,1
27908118,1
27913411,1
27916376,1
27918262,2
27918976,1
27920506,1
27921741,3
27924307,1
27925116,1
27931601,1
27931827,1
27932137,5
27935930,1
27939748,1
27943498,2
27944862,2
27951012,2
27951098,2
27952712,1
27952807,1
27953089,2
27956668,1
27957790,1
27959452,1
27959776,1
27960303,1
27961617,1
27964375,1
27964946,1
27968501,1
27972419,1
27972983,1
27975123,1
27976778,1
27977383,1
27982570,1
27984104,1
27988618,2
27989088,2
27989449,1
27990645,1
27991352,2
27992471,32
27994690,1
28000854,1
28001397,1
28004080,2
28006629,5
28008851,1
28010631,1
28012828,1
28024974,1
28025646,1
28025942,1
28026718,1
28031391,1
28034344,2
28036034,1
28036637,1
28043279,1
28045107,1
28048368,2
28048636,1
28050277,1
28052276,1
28052871,1
28054612,1
28055754,1
28060500,1
28060937,1
28061733,1
28062192,1
28062925,3
28063342,2
28069076,1
28075549,1
28076555,1
28078823,4
28079214,1
28082585,1
28088477,1
28090450,1
28093113,1
28095769,2
28098210,1
28098964,1
28099983,1
28103662,1
28116538,1
28117932,1
28119130,1
28119728,2
28121470,1
28124461,1
28127586,1
28129564,3
28132624,1
28138337,1
28139925,1
28141595,1
28145784,1
28145842,1
28146028,2
28150224,1
28153360,1
28154407,1
28154410,3
28159915,1
28160423,1
28160811,1
28160920,1
28161775,1
28162026,2
28173864,2
28175869,2
28175983,1
28184886,1
28184890,1
28186165,1
28189271,4
28189744,1
28190388,1
28194637,1
28196570,2
28196877,1
28197411,2
28199474,1
28208524,1
28211153,1
28211379,4
28212994,1
28218757,2
28220314,2
28222882,1
28224384,1
28225091,1
28225264,1
28228488,1
28230403,1
28231725,1
28232526,1
28235460,1
28236728,2
28237619,1
28239151,1
28240864,3
28244129,1
28246499,1
28247451,1
28249673,1
28250850,1
28255479,1
28256833,2
28259906,1
28260255,3
28268640,1
28269419,1
28269771,1
28270565,1
28276717,1
28277550,2
28279989,1
28280106,2
28283149,1
28285641,1
28295496,1
28299295,2
28301836,1
28305876,1
28306399,1
28306996,1
28307660,1
28309660,1
28310614,1
28310888,1
28312284,1
28314060,1
28315179,1
28315548,1
28318021,23
28324995,1
28329375,1
28329861,2
28330902,1
28332191,1
28333200,3
28334942,1
28334956,2
28337859,1
28341318,1
28341746,1
28343832,1
28343884,1
28344350,1
28351107,1
28353197,1
28353514,1
28357233,1
28357306,1
28358413,1
28361825,1
28362324,2
28363065,1
28363475,1
28364403,1
28365190,1
28365913,1
28368793,1
28369237,1
28369776,1
28370639,1
28370735,1
28372230,1
28372673,3
28380069,1
28380313,1
28380955,2
28381817,1
28384137,1
28384395,2
28390495,1
28391904,1
28394477,1
28397771,1
28401798,1
28405966,1
28407677,1
28410887,1
28412708,1
28413191,1
28415364,1
28416901,2
28420120,1
28421975,1
28422896,1
28425440,1
28425585,1
28426629,1
28428721,1
28428999,1
28430663,1
28431182,1
28434281,1
28436101,1
28436148,1
28437498,1
28441521,1
28441882,1
28442356,9
28443875,1
28445820,1
28447552,1
28449817,1
28451812,1
28453372,1
28459324,1
28459418,1
28461713,1
28461983,1
28468449,3
28477023,1
28479841,1
28481427,1
28483332,1
28483538,1
28488548,1
28490063,3
28493418,1
28494885,1
28506641,1
28509142,1
28509434,2
28513637,1
28515167,3
28516617,1
28520938,1
28521873,1
28527576,1
28528173,1
28529055,1
28529738,1
28530149,1
28530667,1
28532012,2
28533376,2
28536630,1
28537196,1
28537838,1
28544617,1
28549771,1
28550120,1
28553151,3
28554304,3
28555449,3
28557756,3
28564400,2
28568081,1
28571154,1
28572151,3
28572153,1
28573788,1
28575826,1
28577929,1
28578088,1
28578911,1
28579009,2
28580193,1
28581537,1
28583972,1
28591394,3
28594316,1
28594529,2
28596083,1
28604288,1
28604958,1
28607061,1
28616441,8
28617263,2
28617930,1
28617987,1
28619845,1
28623011,1
28625864,1
28625915,3
28626667,5
28626814,2
28631469,1
28631954,1
28632584,2
28638027,1
28638334,4
28641493,1
28643717,1
28646991,1
28647159,1
28648234,2
28648640,1
28649699,1
28651217,2
28651385,1
28654869,2
28659938,2
28661847,1
28662876,1
28664085,1
28664377,1
28672553,1
28673506,1
28674433,1
28679458,1
28681508,1
28681663,1
28684025,1
28684125,2
28688665,1
28691474,1
28693279,1
28697716,1
28699233,1
28700569,1
28701508,1
28704460,1
28706063,1
28709474,1
28712150,1
28714472,1
28725185,1
28727477,1
28735928,1
28737747,1
28739001,1
28741093,12
28750631,1
28753765,6
28755126,2
28760839,1
28771213,1
28776280,1
28780617,3
28786079,1
28790354,11
28790478,1
28790681,2
28792285,2
28793040,1
28796398,1
28800477,4
28810233,1
28813471,2
28814149,2
28814606,1
28815681,1
28817367,1
28818493,1
28818594,2
28819970,1
28822725,3
28822984,1
28826502,1
28828595,1
28834219,1
28836543,1
28838909,1
28841590,1
28842810,1
28847351,1
28848263,2
28853176,1
28854555,2
28861356,1
28862249,1
28865087,1
28865352,1
28868504,1
28868806,1
28869295,1
28873395,1
28877077,1
28877831,1
28879485,1
28880048,3
28882447,1
28884115,1
28884333,1
28887688,3
28889866,2
28891237,1
28894593,1
28897251,1
28897529,1
28902941,1
28913567,1
28914226,4
28914238,1
28915455,1
28916243,1
28923518,1
28924102,1
28926026,1
28932721,1
28933799,1
28935358,1
28936852,1
28940722,4
28946663,2
28948200,1
28948954,1
28949022,1
28951682,1
28952249,1
28954357,1
28956722,1
28959772,2
28960249,1
28968423,1
28973424,3
28974684,3
28985175,1
28985913,1
28989713,1
28991125,1
28994012,1
28998393,1
28999386,6
29000253,3
29002307,1
29002884,1
29011918,1
29013195,2
29016674,1
29018579,1
29020209,1
29023312,1
29024624,2
29031957,1
29036052,1
29038023,1
29039092,1
29040605,1
29041034,1
29042204,1
29042615,1
29046543,2
29046739,6
29047841,1
29051051,1
29051209,1
29053520,1
29054808,1
29056035,1
29056152,2
29061704,1
29071417,1
29072214,1
29072630,1
29085021,1
29085099,1
29088321,1
29091892,1
29093275,1
29094716,1
29097804,1
29098118,1
29098308,1
29103414,1
29107497,1
29111282,1
29113976,3
29114253,1
29114677,1
29121060,1
29122763,2
29123673,1
29132592,2
29133125,4
29133561,1
29134295,1
29136933,4
29139601,4
29143271,1
29145430,1
29146412,1
29149527,1
29149822,1
29151876,1
29155428,1
29156052,1
29162607,1
29168356,1
29171784,1
29172046,1
29172586,1
29173029,1
29173771,1
29175146,2
29176317,1
29176589,1
29177055,1
29178805,1
29180324,1
29181451,3
29182364,1
29183963,1
29187021,1
29187080,1
29187558,1
29192084,1
29194044,1
29195148,1
29195736,1
29196029,2
29197088,1
29198141,1
29202184,1
29202980,1
29203792,1
29207307,1
29207383,2
29207477,1
29208782,1
29211913,1
29213326,1
29215074,1
29215429,1
29215699,1
29216308,1
29217109,1
29219943,1
29222361,1
29224593,1
29228361,1
29228619,1
29229150,1
29235621,2
29235846,1
29239050,1
29241420,1
29246169,1
29246582,1
29249143,2
29252938,1
29252950,1
29262732,1
29263209,1
29264007,2
29264498,4
29267218,1
29273125,1
29278647,2
29278997,1
29280099,1
29284439,1
29286968,2
29294716,1
29297306,1
29303833,1
29305053,1
29310574,2
29311625,1
29313732,1
29316274,2
29316948,1
29321436,2
29323152,1
29323394,1
29327507,1
29332654,1
29332691,1
29333185,1
29333676,2
29334392,1
29335503,1
29336211,1
29337907,1
29348352,1
29351649,1
29351943,1
29352507,3
29356608,1
29357715,1
29358557,2
29366030,1
29373598,1
29376477,1
29377170,1
29379786,2
29381062,1
29382337,1
29383701,1
29387379,1
29388153,1
29391918,1
29395869,1
29396917,1
29397973,1
29399583,1
29401006,1
29401077,3
29401321,3
29402488,1
29402827,1
29404003,1
29405672,1
29409105,2
29411089,1
29413986,1
29415033,2
29419557,1
29421331,1
29422105,1
29425846,1
29426022,1
29428472,1
29429142,1
29429177,1
29430066,1
29435026,1
29435227,1
29436037,1
29442401,1
29449232,1
29450368,1
29451997,1
29459391,1
29461515,1
29468320,1
29469317,1
29472783,1
29477394,1
29478995,1
29479408,1
29479429,2
29487908,1
29488296,1
29489865,1
29490475,1
29494839,1
29496005,1
29496984,1
29498342,1
29499904,1
29501948,1
29505034,1
29514608,1
29514656,1
29521024,1
29525756,1
29526177,1
29528736,1
29530892,1
29531401,1
29532472,1
29536185,2
29540795,1
29541966,1
29543697,1
29545321,1
29547017,1
29548479,1
29551370,1
29552803,1
29554465,2
29556389,1
29560388,1
29561359,1
29562133,2
29564200,2
29565077,2
29566697,1
29569024,1
29569690,3
29570934,1
29572083,1
29574997,1
29581818,1
29582732,1
29585134,1
29586269,1
29591044,1
29591300,1
29592680,2
29593403,1
29593588,1
29595211,1
29597460,1
29604159,1
29604730,1
29605127,3
29606642,1
29607404,1
29615285,1
29616892,1
29624328,1
29629591,1
29631333,4
29633326,1
29634349,1
29634954,1
29637163,1
29643351,1
29646790,2
29647924,2
29648747,2
29650949,1
29652215,1
29653323,1
29653576,1
29654776,1
29659111,1
29662812,1
29667984,1
29670728,1
29672053,1
29672536,1
29683790,1
29683978,4
29686057,1
29691907,1
29692706,1
29695062,1
29701087,1
29701713,1
29701820,1
29703948,1
29706257,3
29706272,1
29707269,1
29707627,1
29707651,1
29707781,1
29713071,2
29713907,4
29716966,1
29717686,2
29720756,1
29724909,1
29730228,1
29734273,1
29737310,1
29741702,1
29742584,1
29745484,1
29745708,1
29753452,1
29757263,1
29757967,4
29758067,1
29758621,1
29758804,1
29759429,1
29761664,1
29767989,1
29771677,2
29772358,1
29773717,1
29773820,1
29779480,1
29782161,1
29787784,1
29791894,1
29799120,3
29801635,1
29803375,2
29804805,3
29806632,2
29806667,1
29809667,3
29811474,1
29821423,1
29821837,1
29823604,1
29829386,1
29836391,1
29836447,1
29839311,1
29841398,1
29842019,1
29843370,1
29844231,2
29847031,1
29851994,1
29854515,2
29854858,1
29855864,1
29861508,1
29861597,1
29861942,1
29862053,1
29863679,1
29867904,1
29870701,1
29871670,2
29873022,1
29880136,1
29881026,1
29887387,3
29888645,1
29888707,11
29889439,1
29893112,1
29893700,1
29897573,1
29899736,1
29900639,1
29905711,1
29912468,1
29917451,1
29917946,2
29919994,2
29920229,1
29921606,2
29922298,1
29922875,1
29934422,1
29935065,1
29938042,1
29940820,1
29941859,2
29944126,3
29944480,1
29949005,2
29949241,1
29949346,1
29950269,2
29953805,1
29958383,1
29959042,1
29959112,1
29959982,7
29960540,1
29960752,3
29962857,1
29963428,1
29964940,1
29971748,2
29972115,1
29974195,1
29981443,1
29983851,1
29984108,2
29985365,2
29985932,1
29987361,1
29989795,1
29992683,1
29994297,1
29998881,1
30000970,1
30001707,1
30004555,1
30010404,1
30011238,1
30011910,1
30014116,1
30014148,1
30014549,1
30015261,1
30023223,1
30026117,1
30032525,2
30034813,1
30037819,1
30044833,1
30047222,1
30049060,1
30054555,1
30058143,1
30061957,2
30069304,1
30074246,3
30077731,1
30079318,1
30079730,1
30080195,1
30081986,4
30086192,1
30089952,1
30089978,1
30093533,1
30095884,2
30097535,1
30106788,1
30109087,2
30110069,1
30111144,1
30112474,2
30117701,1
30118107,1
30118113,2
30119653,1
30124683,1
30129808,2
30132524,1
30134180,1
30136006,1
30138227,1
30138831,1
30140385,1
30143447,1
30144139,1
30144397,1
30146379,1
30147914,3
30149999,1
30150460,1
30151457,2
30159259,1
30160834,1
30161200,1
30163399,4
30167826,1
30170472,1
30170940,1
30172228,2
30172270,1
30172943,1
30173375,10
30178285,1
30179081,1
30180936,1
30183476,2
30188627,1
30191497,3
30192363,1
30195493,1
30195541,2
30196098,1
30197644,1
30197918,1
30200222,1
30203248,1
30203849,1
30204283,1
30204534,1
30206156,1
30207555,1
30210373,1
30216443,4
30220717,1
30221098,2
30222378,1
30224051,1
30229417,1
30229531,1
30233116,1
30233515,1
30235493,1
30237855,1
30242458,1
30244088,2
30244337,2
30246541,1
30247458,1
30249606,1
30254930,1
30257250,1
30257736,2
30260350,2
30261582,1
30264203,8
30267592,1
30271775,1
30273910,1
30278636,1
30281400,2
30285701,1
30292219,1
30292445,1
30292585,1
30294247,1
30296162,1
30296171,1
30297095,1
30297103,2
30304222,1
30306951,3
30313635,1
30313677,2
30315298,1
30315577,1
30317468,1
30318194,1
30318744,1
30320609,2
30320941,1
30321598,1
30322050,1
30322079,2
30329890,1
30332017,4
30333424,1
30341144,1
30341540,1
30343608,1
30345381,1
30350582,2
30350901,2
30354339,1
30354614,2
30355110,1
30358313,1
30359282,1
30362877,1
30364321,1
30364711,1
30368396,1
30369108,1
30370852,2
30372281,1
30373171,1
30375563,1
30377162,2
30385341,1
30386387,1
30387562,1
30387991,1
30388867,1
30391284,1
30393140,1
30393677,1
30396955,1
30398239,1
30399201,1
30399231,1
30401459,1
30407290,1
30412304,1
30417787,1
30422216,1
30425881,1
30426744,1
30427115,1
30427802,1
30428099,5
30429006,1
30429233,1
30430491,1
30431104,1
30431297,1
30431351,1
30432594,1
30434313,1
30438937,1
30439844,1
30440730,2
30444030,1
30449122,1
30449293,1
30450386,1
30452177,1
30452888,1
30454589,3
30454803,1
30456651,1
30458706,1
30459288,1
30460265,1
30467732,1
30469717,1
30472632,1
30473969,1
30476278,1
30476513,1
30476670,1
30482346,1
30484760,2
30484805,3
30493681,4
30498510,1
30499337,1
30501489,2
30502016,1
30506173,2
30510958,1
30513654,1
30515963,1
30516800,1
30518628,1
30520671,1
30522076,2
30528600,1
30532047,1
30532815,1
30533843,1
30535374,1
30539435,1
30539852,1
30540700,3
30541751,2
30541786,1
30541833,2
30542808,3
30542909,1
30543882,1
30544371,1
30548096,1
30548186,1
30552865,2
30555733,2
30556246,1
30559324,1
30560289,3
30561013,1
30563504,1
30564332,4
30564711,1
30566296,1
30568445,1
30573057,1
30574947,1
30584907,2
30585562,1
30585963,1
30586079,1
30586557,1
30588824,2
30590702,1
30599802,2
30600709,1
30600942,1
30600949,1
30603920,1
30607994,1
30608015,1
30608301,1
30609461,1
30612691,1
30614162,1
30614515,1
30621471,2
30621785,1
30623749,1
30625995,1
30627078,1
30628742,1
30631978,1
30632465,1
30634188,1
30636531,1
30637624,1
30638926,1
30646076,2
30649252,1
30655158,1
30655940,1
30659121,1
30659805,1
30660432,3
30663178,3
30663975,1
30664292,2
30664961,1
30667473,1
30669728,1
30670658,2
30671645,2
30672120,25
30675749,1
30676307,1
30679773,1
30681128,2
30681287,1
30682249,1
30683742,1
30686238,1
30686556,1
30687723,1
30692433,1
30692455,4
30695070,1
30696075,1
30696938,1
30704417,2
30711666,2
30714275,1
30714544,1
30714852,1
30715267,2
30721264,1
30724319,1
30726992,4
30734331,1
30735509,1
30736355,1
30741367,1
30747363,1
30751724,1
30756322,2
30756568,1
30760583,1
30761602,1
30761631,1
30765970,1
30772851,1
30773921,1
30774242,1
30778626,1
30779486,1
30780275,1
30781081,1
30784207,1
30786810,2
30787027,1
30788018,1
30791869,1
30797439,1
30798464,1
30804960,1
30805208,1
30806180,2
30809462,1
30816111,1
30816129,1
30816798,1
30817305,1
30820698,1
30822811,1
30823825,1
30828857,1
30829665,1
30833480,1
30837728,1
30841384,1
30844720,1
30847315,1
30848087,1
30848183,1
30849175,1
30851923,1
30853493,2
30854244,1
30856622,1
30858833,1
30864488,1
30865786,1
30866035,1
30867019,1
30869539,1
30874311,1
30887977,1
30888119,1
30888562,1
30899328,1
30900284,4
30904972,1
30906722,1
30908020,1
30912528,3
30914886,1
30918406,1
30920453,1
30922753,1
30926176,1
30927302,1
30934011,1
30935286,1
30937627,1
30938035,6
30939175,1
30940948,1
30950466,1
30950937,3
30953249,1
30959015,3
30962477,1
30968401,2
30968413,1
30972262,1
30973084,1
30973274,1
30973971,1
30977476,1
30978362,3
30981230,1
30981352,2
30982494,1
30990341,1
30990488,1
30991568,1
30996006,1
30997903,1
30997982,1
31000578,8
31006685,1
31007769,1
31007846,1
31008586,1
31010017,1
31010568,2
31013705,1
31015781,1
31016042,1
31018099,1
31021030,1
31021648,1
31029307,1
31036356,3
31036394,1
31036584,1
31038439,1
31038951,1
31039718,1
31042089,1
31042834,1
31043751,1
31045383,1
31050920,1
31053861,1
31060138,1
31061317,1
31062816,1
31062983,1
31069019,1
31070966,1
31071372,2
31071866,1
31071880,1
31072345,1
31075211,1
31079935,1
31080107,1
31082862,1
31083188,1
31084049,1
31086766,1
31087483,1
31087642,1
31087909,1
31091190,1
31095876,1
31096891,1
31099349,1
31102107,1
31102605,1
31104656,3
31104896,2
31107432,1
31108369,1
31109898,2
31112033,1
31112206,1
31112464,2
31113152,1
31114261,1
31115571,1
31117033,1
31117679,1
31120178,1
31120832,2
31121802,1
31122032,1
31122047,1
31123359,1
31123743,1
31126884,2
31130822,1
31131777,1
31132155,1
31132610,2
31132651,2
31134931,1
31135863,1
31136692,2
31138024,1
31139901,4
31141825,1
31141892,1
31143023,7
31143122,1
31144386,1
31155904,2
31157542,1
31159070,1
31159289,1
31163399,7
31165439,3
31170495,1
31174193,7
31177770,1
31180407,1
31183983,1
31187760,2
31192533,1
31192811,1
31195615,1
31198718,1
31202221,1
31202327,1
31206067,1
31210344,1
31213303,1
31216994,1
31220767,2
31223069,1
31223762,1
31223851,1
31226237,4
31226451,1
31227407,1
31228929,1
31229469,1
31230279,1
31234291,2
31237343,1
31237724,2
31238637,1
31239783,1
31245028,1
31249082,2
31254152,1
31255066,3
31260805,1
31269203,1
31269748,1
31269950,1
31271134,1
31271253,1
31272207,3
31272939,1
31273314,1
31274853,1
31275268,2
31278561,1
31279632,1
31280139,1
31281294,1
31283295,1
31283770,1
31286250,1
31288346,1
31288353,2
31288470,1
31288613,1
31290958,1
31291902,1
31292085,1
31292983,1
31295119,1
31297439,1
31298753,1
31300317,13
31300733,1
31300754,1
31300792,1
31303428,1
31304231,1
31304380,17
31305162,1
31312185,1
31314033,1
31314367,2
31317370,4
31318779,1
31319248,2
31321424,2
31323028,1
31324975,1
31326410,1
31326461,1
31330529,1
31331979,1
31333324,1
31333686,1
31337941,1
31338642,1
31340298,1
31340738,1
31343898,1
31344390,1
31344626,1
31347149,1
31347350,4
31351917,1
31354600,1
31361509,1
31361834,1
31365468,1
31365695,2
31367243,1
31368456,1
31369896,1
31377599,1
31379185,1
31381067,1
31385353,3
31386091,1
31387570,1
31388069,1
31388641,2
31389852,2
31390370,1
31390390,1
31392103,1
31393599,2
31393671,1
31397749,3
31398798,1
31404926,1
31408372,1
31413407,1
31414043,2
31417176,1
31417673,3
31422014,1
31422186,2
31423407,2
31425550,1
31427596,1
31427725,1
31428064,1
31431001,1
31431581,1
31431779,2
31435047,1
31438132,1
31438324,1
31439044,1
31441962,1
31442817,3
31446363,1
31446404,1
31447354,1
31452540,1
31453326,1
31453668,1
31454361,3
31455997,1
31461547,1
31465959,1
31466270,1
31469794,1
31470388,1
31470534,1
31472787,1
31475802,1
31476838,5
31476990,1
31478645,1
31481258,1
31482507,1
31483700,1
31485300,1
31492944,1
31493870,1
31502799,1
31502866,1
31502941,1
31502987,1
31504380,1
31510456,1
31512395,4
31514887,1
31518252,1
31521801,1
31523369,1
31528622,16
31530266,1
31534164,1
31535299,1
31543995,1
31545810,1
31549059,1
31549087,1
31549208,1
31549602,3
31557715,1
31559567,1
31560873,1
31560888,1
31563059,2
31563277,3
31563574,2
31565774,1
31567157,2
31570771,1
31572765,1
31573873,1
31579330,1
31581262,1
31584218,1
31584476,2
31585862,1
31587573,1
31587630,1
31589825,1
31590011,1
31592895,1
31593678,1
31593933,1
31594002,1
31598910,1
31600160,1
31600277,2
31601204,3
31602280,1
31602914,1
31605375,1
31606030,1
31607444,1
31607491,1
31608593,1
31608919,1
31609175,1
31611799,1
31613345,1
31613588,1
31613605,1
31614266,2
31615719,1
31617189,1
31618151,2
31618815,1
31619359,3
31620408,1
31625256,1
31626280,1
31628427,2
31628663,1
31630434,1
31633196,1
31633993,1
31634894,1
31637034,1
31639105,1
31639578,1
31640356,1
31640958,1
31643311,2
31643635,1
31647622,1
31648327,1
31651625,4
31652563,1
31652578,1
31658733,1
31660243,2
31661009,2
31662929,1
31663640,4
31665339,1
31666503,1
31667871,1
31668741,1
31674008,1
31674354,1
31677288,1
31682873,2
31683983,1
31684353,1
31688492,1
31690572,1
31691128,1
31691931,5
31692834,2
31694437,1
31696218,2
31698905,4
31699171,1
31699755,1
31699865,1
31701759,1
31709603,2
31714789,2
31716946,5
31719508,1
31723899,1
31726289,1
31726588,1
31728241,1
31731949,1
31732876,1
31737769,1
31739035,2
31739892,1
31741938,1
31743784,1
31745650,1
31746113,2
31746296,1
31751401,2
31753527,1
31755954,1
31758225,1
31759532,1
31760737,1
31762534,1
31766809,2
31767465,1
31767827,1
31769597,1
31771670,1
31772836,2
31773819,1
31774029,1
31774885,3
31776855,1
31777545,2
31777578,1
31779344,1
31780235,1
31780271,1
31787143,1
31788116,1
31789243,1
31791313,1
31793660,3
31795941,1
31797718,2
31804646,1
31806107,1
31807157,1
31807188,1
31808048,1
31808384,1
31810071,1
31811681,1
31814790,5
31821040,1
31822873,1
31826945,1
31827692,1
31830987,1
31834618,2
31836139,1
31838373,1
31840926,1
31844968,85
31845570,1
31846120,1
31847145,1
31850532,1
31854643,1
31855823,6
31856675,3
31859298,1
31860862,4
31865469,1
31870076,1
31871598,1
31872713,1
31873083,1
31873283,1
31873797,5
31874902,1
31884568,1
31885267,1
31891105,1
31891109,1
31897529,1
31904467,1
31907133,1
31907385,1
31908341,1
31908939,1
31913847,1
31916412,1
31922977,1
31924181,1
31926736,1
31929234,1
31934221,1
31935812,1
31937071,1
31940533,1
31941321,1
31943090,9
31948205,1
31953390,1
31953803,1
31954582,1
31956996,1
31957369,1
31958296,1
31959451,1
31959556,1
31960537,2
31963025,2
31965210,1
31969111,1
31970388,1
31971371,1
31974964,1
31975525,1
31975664,1
31977564,1
31978304,1
31980167,1
31982664,4
31986376,1
31989305,1
31992802,1
31993386,1
31994703,1
31996741,1
31998969,1
31999479,4
32001425,1
32003317,1
32004055,1
32006292,1
32008822,1
32010003,1
32010977,1
32015728,2
32016008,1
32016852,1
32017134,1
32018820,2
32022400,1
32022946,1
32023133,2
32027068,2
32028739,1
32029158,1
32029924,1
32030910,1
32034934,1
32038360,1
32039918,1
32040362,1
32054036,1
32054705,4
32055154,2
32055675,4
32055820,1
32061161,1
32062160,1
32062253,1
32069447,1
32070671,1
32071553,1
32073753,1
32078426,3
32078643,1
32081507,8
32082416,1
32082534,2
32082707,3
32084436,1
32085568,1
32086995,1
32088160,1
32088975,1
32089580,1
32090369,7
32091371,1
32091776,1
32092314,1
32092531,1
32092555,2
32095144,1
32095151,1
32096255,1
32096926,1
32101744,2
32102969,1
32112081,1
32113037,1
32113582,1
32113626,1
32114234,2
32115080,1
32115777,1
32116756,1
32119311,1
32121451,1
32125530,1
32126492,1
32130479,1
32134947,1
32139891,2
32140845,1
32145914,1
32146593,1
32149273,1
32154676,1
32155499,1
32158435,1
32166975,1
32167361,1
32167855,2
32171978,1
32172800,1
32177533,1
32183881,1
32185870,1
32187365,1
32187517,1
32188834,1
32192033,1
32202359,1
32203070,1
32203985,2
32204112,1
32206272,1
32206618,3
32207109,1
32210904,1
32211322,1
32211563,1
32212503,1
32216890,1
32221845,2
32222265,1
32225539,1
32230130,1
32230769,1
32232652,1
32235549,2
32236382,1
32245141,1
32245660,1
32246951,1
32249174,3
32251254,1
32251619,1
32252925,1
32255105,1
32256748,1
32258099,1
32258340,1
32260387,1
32261322,1
32263046,1
32264601,1
32265693,2
32266497,1
32267417,1
32270668,1
32271135,1
32276064,2
32286833,1
32291453,2
32292605,1
32292723,1
32296913,1
32297954,1
32299270,3
32301878,8
32302350,1
32303043,1
32303233,2
32303350,1
32308867,3
32310067,2
32312256,2
32312362,1
32314508,1
32319337,1
32326608,1
32327385,1
32328166,1
32328182,1
32328237,2
32332139,1
32335526,1
32336275,3
32339086,1
32340183,2
32345052,1
32346248,1
32351006,5
32351899,1
32352600,1
32352693,1
32356933,1
32358670,1
32362738,1
32363208,5
32364836,2
32369297,1
32371392,1
32372085,1
32374577,1
32375428,1
32376810,2
32378038,1
32378792,1
32379852,2
32380197,1
32380486,1
32388503,1
32401072,2
32402870,2
32404783,1
32406047,1
32406358,1
32408976,3
32412917,2
32415228,1
32416330,4
32419433,1
32419494,1
32420643,3
32421386,2
32428029,5
32433958,1
32435245,1
32436925,1
32444946,1
32445490,1
32447953,2
32450043,1
32450214,1
32450823,1
32451504,2
32452123,1
32452813,1
32453631,1
32453664,1
32455129,2
32455666,1
32460339,1
32460991,1
32461505,1
32461704,1
32461808,1
32462937,1
32463030,1
32464592,1
32467021,1
32468699,1
32470184,1
32472982,1
32479695,1
32481695,1
32483692,2
32485357,1
32487429,1
32490886,2
32491201,1
32495679,1
32498657,1
32499902,1
32500729,2
32501175,1
32501784,1
32501821,1
32504431,1
32504724,1
32509243,1
32516139,1
32517409,1
32521332,1
32521406,1
32525113,2
32526505,1
32526629,1
32529950,1
32530970,1
32533933,2
32535510,1
32536470,1
32536909,1
32539102,1
32539621,1
32540929,1
32545719,1
32549648,1
32551793,1
32552451,1
32557208,1
32561073,1
32561156,1
32565121,1
32567098,2
32569557,2
32570208,1
32571227,1
32573875,1
32576797,4
32577443,1
32579572,1
32581251,1
32581489,1
32582954,3
32583484,1
32583730,1
32591577,1
32592155,1
32594559,1
32595217,1
32600057,1
32604905,1
32608122,1
32608448,2
32609056,1
32609561,2
32610396,1
32612112,1
32613215,2
32613508,1
32614102,4
32614925,1
32615581,1
32619056,1
32620219,1
32623344,1
32625256,1
32630765,2
32634281,1
32635968,1
32636394,1
32636784,1
32638654,1
32638789,3
32639833,2
32642150,1
32642751,1
32644003,1
32644128,1
32649647,1
32651616,2
32653296,1
32657642,1
32660694,7
32661854,1
32665375,1
32665468,1
32669864,1
32674049,1
32677971,1
32678466,1
32680114,3
32681166,1
32684143,1
32684939,1
32685464,1
32687387,1
32688343,1
32690408,1
32692818,1
32693047,2
32696398,1
32699633,1
32700234,1
32701920,1
32705318,1
32715529,3
32715832,1
32723962,2
32726562,1
32734284,2
32739392,1
32741970,1
32742427,1
32747499,3
32748091,1
32749808,1
32749943,5
32752401,2
32754223,1
32761741,3
32767090,1
32771817,6
32773680,1
32774103,1
32774689,1
32775292,1
32776462,1
32777964,1
32779651,1
32784021,1
32786592,2
32791719,1
32793507,5
32796594,1
32798392,1
32798753,1
32799065,2
32799866,1
32807889,1
32812570,1
32816320,1
32816640,1
32816890,1
32817926,1
32821139,1
32823765,1
32824222,1
32828040,1
32832414,1
32833907,1
32837626,1
32837679,2
32837869,2
32838282,1
32840601,1
32840849,2
32841074,4
32842372,1
32844617,1
32844938,1
32845373,1
32854617,1
32860001,2
32867566,8
32872946,1
32874221,1
32874445,1
32876870,1
32880647,2
32886242,1
32890138,3
32890213,1
32892068,1
32892569,1
32897316,1
32902205,1
32903860,5
32904116,3
32905606,1
32905986,1
32907802,3
32908984,2
32909027,1
32910207,1
32912852,1
32914137,1
32915848,1
32915889,1
32916754,1
32920824,2
32920839,1
32922699,1
32922827,2
32923137,1
32925286,1
32928969,1
32929654,2
32929996,1
32932269,1
32933247,1
32938204,1
32943161,1
32949073,4
32957340,1
32962963,1
32972973,1
32974046,1
32977942,1
32990033,1
32991432,1
32993040,2
32995624,2
32997556,1
33000836,2
33001206,1
33005265,1
33006298,2
33008995,7
33011933,1
33012236,2
33013108,1
33013111,1
33015821,1
33018310,1
33024572,1
33027610,1
33028353,1
33028719,1
33029531,1
33031855,1
33032129,1
33032772,1
33033731,1
33034105,1
33035300,1
33037438,1
33039795,2
33041761,3
33042968,1
33044188,1
33045064,1
33046933,1
33051257,1
33055436,1
33058961,1
33060070,2
33062862,1
33063506,1
33066527,1
33069513,1
33072353,1
33074635,1
33074776,1
33075000,1
33077264,1
33077876,2
33081068,1
33081874,1
33082001,1
33082486,1
33082616,1
33083752,1
33085964,1
33090576,1
33092799,1
33093462,1
33096492,1
33098392,2
33099324,1
33099559,1
33100248,1
33101928,1
33103402,1
33104307,1
33105317,3
33107404,1
33111284,1
33114479,3
33118859,1
33122029,2
33125300,1
33126227,1
33128164,5
33129401,1
33130098,1
33131485,1
33132135,1
33133146,3
33133243,1
33135677,1
33135962,1
33138680,1
33141680,1
33145182,1
33145566,1
33146897,1
33150872,1
33151886,1
33152097,1
33154007,1
33154387,1
33156251,1
33156353,1
33158385,1
33161612,3
33164604,1
33164683,2
33165613,1
33168234,2
33168429,1
33174570,1
33176646,4
33177618,2
33184741,4
33185358,1
33185639,1
33188002,1
33189504,1
33193100,1
33194574,1
33195208,1
33198021,1
33199416,2
33201267,1
33202409,1
33214372,1
33215026,2
33216095,2
33218652,4
33225184,1
33226534,1
33227348,1
33233000,1
33234975,6
33235072,1
33235817,1
33237464,1
33240733,1
33241155,1
33241892,1
33244283,1
33247015,4
33251810,1
33255946,6
33259984,1
33266052,1
33269853,1
33274250,1
33278104,1
33280993,1
33281215,1
33281443,1
33282025,1
33282211,1
33288815,1
33289025,2
33291092,1
33291748,2
33292837,1
33292906,1
33293842,2
33296445,1
33298816,2
33298945,1
33301951,2
33303055,1
33303335,2
33303481,4
33303774,1
33304317,1
33305288,1
33305516,2
33307187,1
33309124,1
33309859,1
33310495,1
33311959,2
33313675,4
33316942,2
33317436,1
33320798,1
33321213,2
33321627,3
33325073,4
33328207,1
33331018,1
33333503,2
33334594,1
33337064,2
33340087,1
33340389,1
33343687,1
33343849,1
33345724,1
33347265,1
33348200,1
33349627,1
33352602,1
33353055,1
33353183,1
33353829,1
33353835,1
33354974,2
33356191,1
33356541,1
33360006,1
33360947,1
33361459,1
33363194,2
33366820,1
33370334,1
33370354,1
33371721,1
33373041,1
33376665,1
33378656,1
33379101,3
33381755,1
33381886,3
33383096,1
33384104,1
33385493,1
33385550,1
33386101,4
33389785,1
33390000,2
33391650,1
33397281,2
33398634,1
33401546,1
33403445,2
33403990,2
33405754,1
33410585,1
33410877,1
33415040,1
33415449,1
33416323,1
33416604,1
33417227,1
33419985,1
33422479,2
33423422,1
33424131,2
33427012,1
33432473,1
33432590,1
33434794,2
33436158,1
33438584,1
33441649,1
33442272,1
33446366,1
33450042,1
33451161,1
33452062,1
33452358,1
33462308,2
33464966,1
33467849,1
33468843,1
33468966,1
33469251,1
33471146,1
33474331,1
33476776,4
33477397,3
33477942,1
33483228,1
33484286,4
33484625,1
33486556,1
33497107,1
33497279,1
33498010,1
33500877,1
33502426,1
33505278,1
33506174,1
33507656,3
33508700,1
33508834,1
33511327,1
33511819,1
33512290,2
33513334,1
33521918,1
33532266,1
33532460,1
33533531,1
33541725,1
33551715,3
33552729,1
33556920,1
33557117,1
33559580,7
33559670,1
33560660,1
33561231,1
33564472,1
33564477,2
33568015,2
33568751,3
33570955,1
33572194,1
33572860,1
33574801,1
33576479,1
33579300,1
33580299,1
33581119,1
33583274,1
33583674,1
33587295,1
33587739,24
33589859,1
33592602,1
33592889,1
33592904,1
33596712,1
33597162,1
33597560,1
33599175,1
33599858,1
33603616,1
33604539,1
33605386,2
33606262,1
33606334,1
33609219,1
33614264,1
33615590,1
33616216,1
33619495,1
33620158,1
33620592,1
33624306,1
33627949,1
33628322,2
33630126,1
33632815,1
33634587,1
33638940,1
33639944,1
33640073,1
33641979,2
33642881,2
33643084,1
33644270,1
33644288,1
33647821,1
33651849,8
33652757,1
33658304,1
33660519,1
33663151,1
33666792,1
33672057,3
33674234,1
33674267,1
33674444,1
33675402,1
33676056,1
33676897,1
33677755,2
33679706,1
33683247,1
33697433,1
33698511,1
33705175,1
33705864,1
33706261,1
33707365,1
33707398,1
33708843,1
33709746,2
33710191,1
33710465,1
33710600,1
33717517,1
33718374,1
33721135,1
33728453,3
33730640,1
33738267,1
33738587,5
33738696,1
33739808,1
33740023,1
33744945,1
33747078,1
33747624,1
33749895,1
33752082,1
33752217,1
33753678,1
33754003,1
33754626,1
33757019,1
33760796,1
33761190,1
33768201,1
33769065,1
33770786,1
33775831,1
33776233,4
33776563,1
33778046,1
33778204,1
33778676,2
33779532,1
33782818,2
33783403,1
33785511,1
33786347,2
33788482,1
33788949,1
33795033,1
33796411,1
33796806,2
33802585,2
33803827,1
33804339,1
33807608,2
33810499,1
33813614,1
33816910,2
33817388,1
33817539,1
33817720,1
33817885,1
33819574,1
33826546,1
33829229,1
33836076,1
33839419,1
33841714,1
33843677,1
33844485,1
33846324,1
33849840,1
33850252,1
33850270,2
33851621,1
33858316,2
33860605,1
33865558,1
33867098,1
33867622,2
33869426,1
33871962,1
33873949,1
33874001,1
33875294,1
33875945,1
33877391,1
33878076,1
33878337,1
33882208,1
33883742,2
33883866,1
33886384,1
33888997,1
33889182,1
33890574,1
33894115,1
33896242,1
33901681,1
33903686,1
33907071,3
33909619,1
33909892,1
33910695,1
33913880,1
33915657,1
33917108,1
33918499,1
33919630,1
33920274,1
33920743,1
33922804,1
33926671,1
33928211,2
33929976,1
33930616,9
33930665,1
33943184,1
33944154,1
33951396,1
33953473,1
33953620,1
33954951,1
33959742,1
33960629,1
33961305,1
33964108,3
33964636,2
33966898,1
33972677,1
33978715,1
33980337,2
33983105,1
33984051,1
33985599,3
33985664,1
33987391,1
33988875,1
33989542,1
33991941,3
33992223,1
33992801,1
33993847,22
33998152,1
33999895,1
34000495,1
34001217,1
34005125,1
34007001,1
34012259,3
34013612,1
34015936,1
34023545,1
34023819,1
34039417,1
34042351,1
34044790,1
34046304,2
34049268,1
34057591,1
34060248,1
34060503,1
34069139,1
34069827,1
34070096,2
34071926,2
34072865,1
34077988,1
34078999,1
34083294,1
34096178,1
34097375,2
34097657,1
34097884,1
34101928,1
34103066,2
34103408,3
34103525,1
34103808,1
34104747,1
34105430,2
34105898,1
34113234,1
34113368,1
34115679,1
34118200,1
34120541,1
34121896,1
34122296,1
34127379,1
34128693,1
34132380,1
34133576,1
34136245,2
34137832,2
34138344,1
34144704,2
34146728,1
34146908,1
34147869,1
34153962,2
34160410,1
34160500,1
34162140,1
34162373,1
34162536,1
34162589,1
34172136,1
34173267,2
34173667,1
34176187,1
34183467,1
34183753,2
34184169,1
34184242,1
34185845,1
34186828,1
34188436,2
34190796,1
34190809,1
34191557,1
34191943,1
34192822,1
34193126,1
34193341,1
34197501,1
34198117,1
34198998,2
34201280,2
34201320,1
34206024,1
34206421,1
34207270,2
34207500,1
34208077,2
34208388,4
34209528,3
34209798,4
34215838,1
34217901,1
34219092,4
34226402,1
34226576,1
34229579,1
34229672,1
34232566,1
34235510,1
34236000,3
34236124,2
34238923,1
34243382,1
34244776,1
34246102,1
34246240,1
34246813,1
34252300,1
34256008,1
34262290,3
34263226,1
34263313,4
34263832,1
34267760,1
34267912,1
34269750,1
34271677,5
34271747,1
34276280,1
34276554,1
34277838,1
34279218,1
34282556,1
34283096,1
34286038,1
34286662,4
34288182,1
34290385,1
34292653,6
34293008,2
34301056,2
34309412,2
34309866,1
34310841,1
34311542,1
34311729,1
34312036,1
34315029,1
34318251,2
34319481,1
34319963,1
34320186,1
34321022,2
34321036,1
34321518,1
34321848,3
34322025,2
34322873,6
34331550,1
34335262,1
34335403,1
34339299,1
34341435,1
34343304,1
34343370,1
34344228,1
34345524,1
34350740,1
34351193,1
34352083,1
34354373,1
34357784,1
34361594,1
34365217,2
34370250,2
34370883,2
34372400,3
34377070,1
34377123,1
34380215,2
34382209,1
34383649,1
34384628,1
34387109,1
34387162,2
34392864,1
34397280,5
34399890,1
34400573,1
34400963,5
34402155,4
34402750,1
34403190,1
34406309,1
34410073,1
34410788,1
34415014,1
34419787,1
34420280,3
34420539,1
34422724,1
34423471,1
34429079,1
34430510,1
34431846,1
34432682,1
34433350,1
34433417,1
34435816,2
34436695,2
34438660,1
34440397,3
34443918,2
34447967,1
34449026,1
34449473,1
34450411,1
34450660,1
34451317,1
34454666,1
34455796,1
34456118,2
34456784,1
34457126,1
34457448,1
34460096,1
34463635,1
34464669,2
34464707,1
34466521,1
34468159,1
34474941,1
34475556,1
34476526,1
34477658,2
34477695,1
34479959,1
34480038,2
34482993,1
34486510,1
34487372,1
34488267,4
34488827,2
34489032,1
34489832,1
34490559,1
34491541,1
34494042,1
34496147,1
34496924,1
34496959,1
34498012,1
34498519,1
34500359,1
34504427,1
34507467,1
34507662,1
34508224,1
34508480,1
34510375,2
34511559,1
34512140,2
34515523,2
34515750,2
34516810,1
34517272,4
34522053,1
34522777,4
34522889,1
34529115,1
34530770,1
34532051,1
34532286,1
34534051,1
34538388,1
34538806,1
34539658,1
34539771,2
34541890,1
34542533,1
34544385,1
34544714,1
34546217,1
34550048,1
34550362,1
34555197,1
34555786,3
34556751,1
34559764,1
34561829,2
34562454,1
34574518,1
34575022,1
34575035,1
34575347,1
34576198,1
34577200,1
34579651,1
34582349,1
34584629,1
34587918,1
34590585,15
34591684,1
34592086,1
34593257,6
34593456,1
34595034,1
34598934,1
34599825,3
34600321,1
34601916,1
34603349,1
34604247,1
34605304,1
34607576,3
34607762,2
34608348,1
34609131,3
34610230,1
34610342,2
34611639,4
34612603,1
34612812,1
34614796,1
34615712,1
34615897,1
34618896,1
34632568,1
34634421,1
34635895,1
34636559,2
34636985,1
34640487,1
34641348,1
34642518,1
34642846,1
34643061,1
34652553,1
34657164,1
34658173,4
34658373,1
34663455,2
34664437,1
34666312,1
34667181,1
34669301,1
34673916,1
34674970,1
34676549,1
34676846,1
34679911,6
34681902,1
34682679,2
34683730,1
34684917,1
34686234,2
34690431,1
34692586,1
34693922,1
34695784,1
34695898,1
34696139,1
34696450,1
34698447,1
34704526,1
34705658,1
34706195,1
34708447,1
34709524,1
34709919,1
34710247,1
34713386,1
34713392,1
34714425,1
34715301,5
34716254,3
34718776,5
34723168,1
34723945,1
34724309,3
34727873,1
34730072,2
34730727,1
34733813,1
34734546,1
34734604,2
34735024,1
34736206,4
34739499,2
34745354,1
34746543,3
34747086,1
34750632,3
34752639,1
34753290,4
34753667,1
34755896,1
34757454,2
34759558,1
34759985,1
34763854,1
34766517,1
34766525,1
34767564,1
34767654,1
34771400,1
34773557,1
34773649,1
34776127,1
34779233,1
34779857,2
34779910,1
34780628,1
34780631,1
34782073,1
34788257,1
34788454,1
34790114,1
34791770,1
34791900,1
34797202,1
34800320,1
34804593,1
34804923,1
34805143,1
34811667,1
34814409,2
34815057,1
34820990,1
34821110,3
34821732,1
34822681,3
34825530,1
34826634,1
34827381,1
34827589,1
34827595,1
34828484,1
34829963,1
34834262,1
34837713,1
34838880,2
34839502,1
34841451,1
34842992,1
34843835,1
34847249,2
34847755,1
34850572,1
34852016,2
34853717,1
34854494,1
34856851,1
34862117,2
34862621,1
34864432,1
34869846,2
34871033,2
34871303,2
34871435,1
34872757,4
34873245,1
34873879,1
34875172,1
34877139,1
34880225,1
34880509,1
34880663,1
34881935,2
34882654,1
34882921,1
34883370,1
34883648,1
34884373,1
34888062,1
34895672,1
34896197,1
34896822,1
34897050,1
34897410,1
34898072,1
34899721,1
34900712,1
34901082,1
34901683,2
34902336,1
34906838,1
34906868,1
34907872,3
34908911,5
34910747,1
34911677,2
34912918,1
34915387,1
34919587,1
34921687,1
34926153,2
34926452,1
34928194,1
34929132,1
34929208,1
34929768,1
34931479,1
34932724,1
34933046,2
34933570,1
34933923,2
34936162,1
34937031,1
34937736,2
34938263,1
34939423,1
34943744,1
34946095,1
34948969,1
34953516,1
34957782,1
34959050,1
34959297,1
34961713,1
34963050,1
34970855,1
34971249,1
34972646,1
34973545,1
34974514,1
34975597,1
34979763,1
34982396,2
34982838,1
34986371,1
34988790,1
34989736,2
34991379,2
35001613,1
35004134,79
35007409,1
35013193,1
35015258,1
35017835,1
35019874,1
35022255,1
35024319,1
35027372,1
35029623,3
35031712,1
35031930,2
35034697,1
35040522,1
35040846,1
35041751,1
35042629,1
35044542,1
35050403,1
35051373,1
35055953,1
35057328,1
35062872,1
35063934,1
35064906,1
35065137,2
35065628,1
35065818,2
35072801,1
35075871,1
35076403,1
35078925,2
35079452,1
35082441,1
35082784,2
35084721,1
35086126,1
35086310,1
35086702,2
35087922,1
35088570,1
35092970,1
35093059,3
35093174,1
35093816,1
35095160,1
35095572,1
35096236,1
35097398,1
35098318,1
35098777,1
35099528,1
35100333,1
35100519,1
35100836,1
35103529,1
35107232,2
35110516,1
35110629,6
35111264,2
35111339,1
35112571,2
35115038,1
35116709,1
35116851,2
35125549,1
35130197,1
35131439,1
35132721,1
35132853,1
35137083,1
35142039,1
35146713,1
35147341,5
35156136,1
35164726,2
35166424,1
35166824,1
35169093,1
35172646,1
35174343,1
35177605,1
35177705,1
35178673,1
35180856,1
35181944,1
35183420,1
35184850,1
35185832,1
35188401,1
35190628,1
35192093,1
35193511,1
35197182,1
35199746,1
35200036,1
35200060,1
35200940,2
35205450,1
35207764,2
35208016,1
35208565,1
35209253,1
35209334,1
35211917,2
35212536,1
35213695,2
35220172,9
35222894,1
35223115,1
35223648,1
35223963,1
35224302,2
35224541,1
35225112,1
35225653,1
35229103,1
35232759,1
35237529,2
35241439,3
35242299,1
35243083,1
35245362,1
35245821,1
35246936,1
35247819,1
35253038,2
35256509,1
35259240,1
35260553,2
35264253,1
35265353,2
35266796,1
35266868,6
35270049,1
35270605,1
35274334,1
35274519,1
35274869,1
35281278,1
35281320,1
35281978,2
35282489,1
35282515,5
35284253,1
35284549,1
35289248,1
35291939,1
35294663,1
35297140,1
35297289,2
35298946,1
35300773,1
35301837,1
35302703,1
35302828,1
35302882,1
35307620,1
35308662,2
35312935,1
35314259,1
35322043,1
35326174,1
35327871,1
35333531,1
35334979,1
35336252,1
35339284,2
35342839,1
35343817,1
35344618,1
35345221,1
35346301,2
35351021,1
35354121,1
35355531,1
35357574,1
35359996,1
35361356,1
35361583,1
35362389,2
35362978,1
35366692,1
35366709,1
35366755,1
35368729,1
35369146,1
35369941,1
35370699,1
35372663,1
35372680,1
35374334,1
35375370,2
35376427,1
35377464,2
35377592,1
35382547,2
35384640,1
35385509,1
35386409,2
35386567,1
35391058,1
35391351,1
35392169,1
35392950,1
35394175,4
35394460,3
35396170,1
35397329,1
35398246,1
35400399,1
35402111,1
35403921,1
35407632,1
35407915,1
35410393,3
35412078,1
35412081,1
35414821,7
35416106,1
35416272,1
35417079,1
35417238,18
35417586,3
35417602,1
35419751,1
35422261,1
35422653,1
35423948,1
35425744,3
35425955,1
35426353,2
35428099,1
35429612,1
35429857,1
35442098,1
35442982,1
35445249,1
35446921,2
35447434,1
35449015,1
35449618,1
35451804,2
35452613,1
35454520,1
35457351,1
35458709,1
35459925,4
35460575,1
35462400,1
35462516,1
35464349,1
35464870,2
35467340,1
35468261,1
35468277,2
35471360,1
35475116,1
35476741,5
35479467,3
35480074,1
35481878,1
35481981,1
35482170,1
35482946,2
35484714,2
35492061,1
35498887,1
35501691,13
35502442,1
35504569,1
35505067,1
35506349,1
35507120,1
35509770,1
35511531,1
35513078,1
35513561,1
35517417,1
35518645,5
35519608,1
35519831,1
35521328,1
35522631,2
35522862,1
35524193,1
35525271,1
35526987,1
35528083,1
35529074,1
35530903,1
35530997,1
35531056,1
35531842,1
35533291,1
35533457,1
35534195,1
35534420,3
35534627,1
35536328,8
35536963,2
35539997,1
35541658,3
35541785,1
35542532,1
35544151,1
35547043,1
35548496,1
35548527,1
35551669,1
35553327,1
35554442,1
35555754,1
35555963,1
35557285,1
35557458,1
35558126,2
35559047,1
35560012,5
35566982,1
35567444,1
35573182,1
35573755,2
35575632,1
35580603,1
35581464,1
35585361,1
35588210,1
35588757,1
35592055,1
35593756,3
35596177,1
35603427,2
35603958,1
35605875,1
35607432,1
35609280,1
35610167,1
35612666,2
35614073,1
35615661,1
35618948,2
35619619,1
35620411,1
35620608,4
35621082,2
35621205,8
35627510,1
35628145,2
35632527,1
35633618,1
35639676,2
35640758,1
35641391,1
35649958,1
35653683,5
35653752,2
35653842,1
35653914,3
35654275,1
35655856,1
35658363,2
35660512,1
35661304,1
35662123,1
35662788,1
35664862,1
35666950,1
35672346,1
35675935,1
35676087,1
35677726,1
35678418,1
35679396,1
35680257,4
35680752,1
35684135,1
35684380,3
35684614,1
35685535,3
35687028,1
35687639,1
35687971,1
35688263,1
35689376,1
35689571,1
35694484,1
35694765,1
35701006,1
35702045,1
35702158,1
35702374,1
35703399,1
35704992,2
35707373,1
35711044,3
35713433,2
35715011,1
35717951,1
35720642,1
35720772,1
35723771,1
35726904,1
35729695,2
35731684,1
35732678,1
35732881,1
35733349,1
35737819,1
35738904,1
35741719,1
35742472,1
35743620,1
35744664,1
35745529,2
35747855,7
35750570,1
35750620,1
35752869,1
35753717,1
35756757,1
35761049,1
35761112,1
35762012,1
35765541,1
35765691,1
35767361,1
35768047,1
35769634,1
35770493,1
35771631,85
35772607,3
35773985,1
35774779,2
35774869,1
35779188,1
35779873,1
35780340,1
35783350,1
35791744,1
35792475,1
35792499,1
35793072,1
35793791,1
35794060,1
35794913,8
35796022,2
35796720,1
35798485,1
35799394,1
35802054,1
35806714,5
35811492,1
35811820,3
35813942,1
35815587,4
35816318,1
35817251,1
35820831,1
35822050,1
35823325,1
35823380,1
35823461,1
35824515,2
35826163,3
35826966,3
35827097,1
35828050,1
35833308,1
35836418,1
35836505,1
35836703,1
35837781,1
35838501,2
35843434,1
35846760,2
35848121,1
35849752,1
35850977,1
35851098,2
35851200,1
35851636,1
35853181,1
35854896,2
35857083,1
35860051,1
35867937,1
35872040,1
35872765,1
35873710,1
35875635,1
35876450,1
35877383,1
35878178,1
35883856,1
35886528,1
35886991,1
35887435,1
35888095,1
35891961,1
35893314,1
35894344,1
35894470,1
35898099,1
35899211,1
35899608,1
35900455,1
35906535,4
35908996,1
35909349,1
35910247,1
35910379,1
35911894,1
35913485,1
35913862,1
35914150,1
35916625,3
35916837,1
35917287,1
35918265,1
35921370,1
35922083,3
35923944,1
35925754,3
35927792,1
35928051,2
35928738,1
35929840,1
35931458,1
35936313,1
35938065,2
35940200,1
35944741,7
35946226,1
35947326,1
35947575,1
35949446,3
35949797,1
35950469,1
35952489,2
35953800,1
35954597,1
35955341,1
35956348,3
35956558,1
35962280,1
35965181,1
35965375,1
35965616,1
35970411,1
35972497,2
35972786,1
35973199,1
35973607,8
35973897,1
35974150,1
35975584,1
35975951,1
35978054,1
35981835,1
35982669,1
35982980,1
35983991,1
35987343,1
35988649,1
35990494,1
35992327,1
35997502,1
35997795,2
35997832,1
35998218,1
35998970,3
36000463,1
36001571,1
36003110,1
36003157,1
36004779,1
36005201,1
36005398,1
36008591,1
36010968,3
36013693,4
36016502,1
36017553,1
36018792,1
36023674,1
36024204,1
36024262,1
36028915,1
36030825,2
36030980,1
36036506,1
36036556,2
36036719,1
36037231,7
36038817,1
36039984,1
36042121,1
36042343,1
36042645,6
36045174,2
36047722,1
36048933,1
36049733,1
36051198,1
36052452,1
36055267,1
36057111,5
36057454,2
36057514,1
36058511,1
36059777,2
36066048,1
36068962,1
36070465,1
36070526,1
36072603,1
36073835,1
36076549,1
36077910,1
36080206,1
36080263,1
36084366,1
36087200,1
36089782,1
36089889,1
36091935,1
36096681,1
36097356,1
36097625,8
36098744,1
36101986,1
36102499,2
36103376,1
36103862,1
36108356,1
36108366,1
36108862,1
36109805,1
36110308,1
36110644,1
36116110,1
36120032,1
36121132,2
36122913,1
36123382,3
36125429,1
36127052,1
36127135,1
36128659,1
36128810,1
36129669,1
36130617,1
36131191,4
36132013,1
36134023,1
36134418,1
36136052,1
36136210,1
36140330,1
36143307,3
36143923,1
36145382,2
36148698,1
36148923,1
36152181,23
36152506,1
36152941,1
36153549,2
36154010,1
36154891,1
36156903,2
36159440,1
36159954,1
36161219,1
36164695,1
36165278,1
36166071,1
36167081,1
36168269,2
36169871,1
36170357,1
36171698,1
36174240,5
36174446,1
36175172,1
36176175,2
36179340,1
36179741,1
36180896,1
36181582,1
36183456,1
36183772,3
36184891,1
36185624,1
36185644,1
36187525,3
36188477,1
36194091,1
36195032,1
36195190,1
36200070,1
36202074,9
36204066,1
36205204,3
36207589,1
36207602,1
36209252,2
36210590,3
36212153,1
36212264,1
36213508,2
36215613,1
36216261,1
36216373,1
36216592,1
36217816,1
36220113,1
36220271,1
36221104,1
36229845,1
36229927,1
36231457,1
36236079,1
36236471,1
36237500,1
36238156,2
36239305,1
36241300,1
36245442,1
36247520,1
36248063,3
36248768,2
36250254,1
36251584,1
36252284,2
36253362,1
36254535,1
36254561,2
36255367,1
36255546,3
36258323,1
36259152,1
36262220,1
36262648,1
36262756,1
36264700,1
36264769,1
36271182,1
36271302,1
36273513,1
36275026,1
36277369,1
36279286,1
36279637,1
36281342,1
36282315,1
36283745,1
36292439,1
36292513,1
36293084,2
36293564,1
36296391,5
36298317,1
36300963,3
36301441,1
36301933,1
36302463,1
36302978,1
36305540,1
36307992,1
36310976,1
36311060,1
36312202,2
36312563,1
36312827,1
36318567,2
36319042,1
36320975,1
36321005,1
36322594,1
36325355,1
36327191,1
36329881,2
36330405,1
36331334,1
36332508,1
36333030,3
36334473,3
36334975,1
36336175,1
36337180,1
36338107,1
36338626,2
36340657,1
36341608,2
36344731,1
36344874,1
36345662,1
36345740,1
36346861,2
36348244,3
36349844,1
36350200,1
36353445,1
36353739,1
36353773,1
36355177,1
36356146,1
36356887,1
36358588,2
36359235,1
36363613,1
36367119,3
36367719,1
36368006,1
36369277,1
36370573,1
36371348,1
36371352,2
36373125,1
36374552,3
36375560,1
36375980,1
36376212,1
36379033,1
36379379,1
36379896,1
36380776,2
36381183,1
36390323,1
36391091,1
36392434,1
36395157,2
36396562,2
36398193,1
36401420,1
36401786,1
36403590,1
36406410,1
36407398,1
36409585,1
36410328,1
36412156,2
36412348,1
36413803,1
36414060,4
36414165,1
36415122,1
36415341,1
36416473,1
36418366,2
36418453,1
36420198,1
36420457,2
36421237,1
36421627,1
36424021,1
36424541,15
36424711,1
36427301,1
36427965,1
36429496,1
36430774,2
36431105,1
36431179,1
36431969,1
36434960,1
36436303,1
36441377,1
36441705,2
36444664,1
36450495,1
36452381,1
36452758,1
36462675,1
36462934,2
36464350,1
36465604,1
36470381,1
36472991,2
36473554,1
36474461,1
36478013,1
36479075,1
36482224,2
36482303,1
36482895,1
36483255,1
36483723,1
36485066,1
36488253,1
36488703,1
36490320,1
36491330,4
36492069,3
36492211,2
36492420,1
36492668,1
36497595,1
36498245,1
36499093,1
36500111,1
36502790,3
36502881,1
36502927,1
36505051,2
36506123,1
36509206,1
36509764,1
36510061,1
36510724,1
36510862,1
36512712,1
36513265,1
36513570,1
36519175,1
36521645,1
36522262,1
36524975,1
36525547,1
36526707,3
36535971,1
36536032,1
36536263,1
36536580,1
36536873,1
36537086,1
36537589,1
36539041,1
36539393,1
36539447,1
36540077,1
36543740,1
36543789,1
36544587,1
36545366,1
36545438,2
36545495,2
36550371,2
36551397,1
36552269,1
36553418,1
36555592,1
36556651,1
36556842,1
36558309,1
36558746,1
36559723,1
36562035,1
36562328,1
36562912,1
36564140,1
36564255,2
36565435,1
36566243,1
36566940,1
36567020,1
36567886,1
36568554,1
36572309,1
36573600,1
36574796,1
36579088,1
36579850,2
36579888,1
36580458,2
36581839,1
36584502,1
36586657,1
36587489,1
36591395,1
36592334,1
36593110,1
36593284,1
36593828,17
36593847,2
36594852,1
36595122,1
36595550,3
36598597,1
36600849,1
36601814,1
36605518,1
36605804,1
36605832,1
36607117,1
36607525,1
36608797,1
36609398,1
36610377,1
36610759,1
36610841,1
36612193,12
36613052,3
36613157,1
36617568,1
36618339,1
36618759,2
36621466,1
36622313,1
36622918,1
36625848,2
36627289,1
36628577,1
36628753,1
36629178,1
36630148,1
36630857,2
36632205,1
36634104,2
36634612,1
36635274,1
36635984,1
36636324,2
36636672,1
36636858,1
36636988,1
36637276,1
36641592,1
36649444,1
36652038,1
36652872,4
36652935,2
36656384,1
36657996,1
36659058,2
36662223,1
36663161,2
36663442,1
36663743,2
36664431,3
36665845,1
36667745,1
36668954,1
36669012,1
36671528,1
36671839,1
36676143,1
36677134,1
36678688,1
36679129,1
36679722,2
36680562,1
36680659,1
36681667,1
36685175,1
36685449,2
36690371,1
36690948,1
36691592,1
36693601,1
36696200,1
36698911,2
36699569,1
36700574,1
36700660,5
36701410,2
36703963,1
36703997,1
36705740,2
36705955,1
36705992,1
36711282,1
36713421,1
36714823,1
36715401,1
36717028,1
36717749,2
36721065,1
36722065,1
36723111,1
36727807,1
36728471,1
36729164,2
36735774,1
36736728,4
36739356,1
36739457,1
36740169,1
36741057,1
36741207,1
36742056,1
36742156,1
36744229,6
36744932,1
36745213,1
36747787,1
36748118,1
36750827,2
36750921,1
36752048,1
36753169,1
36753910,4
36756284,2
36756431,1
36758034,1
36758739,1
36762429,1
36762662,1
36763273,2
36763595,1
36763881,1
36764591,1
36767403,1
36768349,1
36770234,1
36771432,1
36772712,1
36774420,1
36774593,1
36774683,4
36776147,1
36777666,2
36778000,1
36778551,1
36779776,1
36782044,1
36783537,1
36786850,1
36787871,1
36788158,1
36789628,1
36791088,1
36791971,3
36792809,1
36793308,1
36793862,1
36794097,1
36794276,2
36796320,1
36797520,1
36799284,1
36800550,1
36800636,2
36801873,1
36804219,1
36806659,2
36807326,1
36809020,1
36811786,1
36812014,1
36813425,2
36813604,1
36813753,1
36815653,1
36815739,1
36816218,1
36816250,1
36816730,1
36817069,1
36818690,5
36818999,2
36822068,1
36824690,1
36825966,1
36831756,1
36832420,1
36832868,1
36836060,2
36839742,1
36839753,1
36840028,2
36840156,2
36841097,1
36844708,1
36847726,1
36849922,1
36850464,1
36856850,1
36861647,1
36861659,1
36863838,1
36867268,1
36870344,1
36870586,1
36872159,1
36872550,1
36872585,1
36874012,1
36880371,1
36881971,2
36884168,2
36888632,1
36891384,1
36893375,1
36894406,1
36899266,1
36903799,1
36904527,2
36904647,1
36905949,3
36906977,1
36907667,1
36908050,1
36908678,1
36908907,1
36910519,1
36910719,1
36912247,4
36913187,1
36913673,1
36915673,1
36916547,2
36918947,1
36919343,2
36920411,1
36923578,3
36924186,1
36924617,1
36924911,2
36927829,1
36928196,2
36931939,1
36932065,1
36932579,1
36932651,1
36932733,1
36936788,1
36937535,1
36938279,1
36939724,1
36941534,1
36945508,1
36946080,2
36949040,1
36949740,10
36950435,1
36951707,2
36952432,1
36953034,1
36954186,8
36956602,1
36960646,1
36962670,4
36962899,1
36963443,1
36964060,1
36964620,1
36965440,1
36970556,2
36970687,1
36972136,1
36972222,1
36972244,2
36974267,1
36975191,1
36976424,4
36977957,2
36978383,2
36978649,1
36979711,1
36981231,1
36982158,1
36982895,1
36983130,1
36983626,1
36984118,1
36985405,1
36992012,1
36992342,1
36994866,1
36998759,1
37000361,1
37000477,1
37000528,2
37001447,1
37001679,1
37002383,1
37006360,1
37007997,1
37010568,3
37013301,1
37013913,1
37014755,1
37015250,2
37015375,1
37018622,1
37020646,1
37021163,1
37021422,1
37021424,1
37022039,1
37023403,2
37024157,1
37024285,3
37024410,1
37026864,1
37027791,1
37028471,3
37030313,7
37030454,1
37031166,1
37037184,1
37039957,1
37040364,1
37043616,1
37044085,1
37044579,2
37045849,1
37050298,2
37050646,1
37052033,2
37052186,1
37053389,1
37055426,1
37055537,1
37057074,3
37059063,1
37059762,5
37060247,1
37060306,1
37060671,1
37062289,1
37062911,2
37063148,5
37063632,1
37064203,1
37065733,1
37067843,1
37068983,2
37071735,1
37071875,1
37072523,1
37074320,1
37075343,1
37077572,1
37078614,1
37078941,1
37079119,1
37083999,1
37085706,1
37086619,1
37091112,1
37092171,1
37092499,1
37092993,1
37095378,2
37098279,1
37098933,1
37099452,1
37108120,1
37108189,1
37108885,3
37111585,1
37112483,3
37114866,1
37115224,2
37116675,1
37117941,1
37120136,1
37120622,1
37121631,1
37124843,1
37126594,1
37126721,2
37127231,1
37128633,1
37129142,1
37129655,2
37131822,1
37132367,1
37134605,1
37135690,1
37136461,3
37148860,2
37150628,1
37151365,1
37152215,1
37152582,3
37152839,2
37153200,1
37153641,1
37154337,1
37159181,1
37159697,1
37164356,1
37164898,1
37165612,1
37166361,1
37167295,2
37169456,2
37172633,1
37174508,1
37175038,1
37179389,1
37179924,1
37180643,1
37180857,3
37181028,1
37182434,1
37182560,1
37182595,2
37183919,1
37184189,1
37186176,1
37190248,1
37191953,1
37192952,1
37193217,1
37198011,1
37199390,1
37202055,1
37202300,1
37205079,1
37205438,1
37209488,1
37210858,1
37210975,1
37215919,1
37216695,1
37218835,1
37219235,1
37219764,1
37221451,1
37223231,1
37227112,1
37228723,3
37230782,1
37231052,1
37231148,1
37231243,2
37233652,1
37234107,1
37234308,1
37234590,6
37235902,1
37236087,1
37236766,1
37237740,1
37238456,1
37243648,1
37245519,1
37247626,1
37249432,1
37249446,1
37253003,3
37253348,1
37254866,2
37255122,2
37255238,1
37255525,2
37257411,1
37258193,1
37258657,1
37261147,3
37263056,2
37265959,1
37266339,1
37266718,2
37267531,1
37269248,1
37277946,2
37278219,1
37278615,1
37282469,1
37285666,1
37289165,1
37290464,1
37291590,1
37300857,1
37301669,3
37302260,2
37304756,15
37308893,1
37309163,1
37309890,2
37311477,1
37313077,3
37313205,1
37313611,3
37313681,1
37313819,1
37314706,1
37317853,1
37318258,1
37320360,3
37325555,1
37325658,2
37326790,1
37326793,1
37329275,1
37329508,1
37330146,1
37330683,1
37332321,1
37333311,1
37334851,1
37335347,1
37337835,1
37342113,3
37344039,1
37344113,1
37345736,1
37346443,3
37347364,6
37352662,1
37353159,13
37353844,1
37356313,3
37356343,1
37356489,1
37357106,1
37361077,1
37362842,1
37364873,1
37366422,1
37371633,1
37371894,1
37372487,1
37372653,1
37375763,2
37375857,1
37376614,1
37377765,2
37379743,2
37380123,2
37380870,1
37382909,1
37383766,1
37383909,1
37384878,1
37385132,7
37386263,2
37388340,2
37388532,1
37388563,1
37390957,1
37391707,1
37392657,1
37392767,1
37392934,1
37396382,1
37396421,1
37397416,1
37399746,1
37402261,1
37402359,1
37405085,1
37406548,5
37406824,1
37408231,1
37408766,1
37409904,1
37409986,1
37410399,1
37412337,1
37412839,1
37413069,1
37414621,1
37419512,1
37420699,1
37422716,1
37423501,1
37424217,1
37424261,3
37427217,1
37427584,1
37431089,1
37431322,1
37431761,1
37432725,1
37432827,1
37433724,1
37435229,1
37441608,1
37441694,1
37441988,1
37442133,1
37442153,3
37446023,1
37447779,1
37448830,1
37450424,3
37452246,1
37452944,1
37452989,1
37453403,1
37454196,1
37454260,1
37455331,2
37456280,1
37457129,3
37460976,1
37462675,1
37466526,1
37467755,2
37469168,1
37469561,1
37471017,1
37471988,1
37473134,1
37475607,1
37477794,1
37478244,1
37478464,1
37478779,1
37478867,1
37479461,1
37479601,1
37479891,1
37480222,1
37482839,1
37483635,1
37485165,1
37485636,2
37485928,1
37489231,2
37490237,1
37490880,2
37492933,1
37494381,1
37494509,1
37496506,1
37497318,1
37497635,1
37497996,1
37501675,1
37504604,2
37506408,1
37507544,1
37509508,13
37509919,4
37513542,2
37514865,2
37517300,1
37518208,1
37525237,4
37525545,1
37525601,1
37527111,1
37527269,1
37527645,2
37527885,1
37529531,2
37531046,1
37531239,1
37532392,1
37534349,2
37540056,4
37541011,1
37544815,1
37545744,1
37548001,1
37548913,1
37548927,1
37549997,2
37550373,3
37551012,3
37551305,1
37552034,1
37552036,1
37554798,4
37556253,1
37558863,1
37562128,1
37562761,2
37566013,2
37566201,1
37567326,1
37568271,1
37568368,1
37570581,1
37570650,2
37571387,1
37574936,3
37576440,5
37577170,2
37578251,1
37579059,1
37582018,1
37584255,1
37585137,1
37585743,1
37587414,1
37587526,1
37590636,1
37592344,1
37593306,1
37596628,1
37596888,3
37598243,1
37598428,1
37598771,1
37598893,1
37600513,1
37602345,1
37602982,1
37603614,1
37606723,1
37611141,4
37614525,1
37615130,2
37616110,2
37617024,2
37617762,1
37621709,1
37623358,2
37625099,1
37628295,2
37630583,1
37635026,1
37638235,1
37638462,2
37639768,1
37640539,1
37642244,1
37642387,1
37642447,1
37642584,3
37644438,1
37644775,1
37648968,1
37649775,1
37651436,1
37654268,1
37655324,2
37655332,1
37660701,1
37661047,2
37665041,1
37666065,1
37667523,1
37667934,1
37671542,1
37672260,1
37673296,1
37677749,1
37678037,1
37679497,1
37680229,1
37684800,1
37686107,1
37687974,1
37690890,1
37692632,1
37693836,3
37694442,1
37698184,1
37699069,1
37699635,1
37700507,1
37703225,1
37707702,2
37708292,1
37708916,1
37710343,1
37710389,1
37713274,1
37714274,1
37722107,1
37722393,1
37723299,1
37723591,1
37724326,1
37724633,1
37729035,4
37733771,1
37734347,1
37734743,1
37737950,1
37739898,1
37742533,1
37743336,1
37743748,1
37743883,1
37747507,1
37751676,1
37753381,1
37755943,1
37756022,1
37756496,2
37758178,1
37758568,1
37758817,1
37759374,4
37759458,1
37763318,2
37764267,1
37765125,2
37765790,1
37766012,1
37769346,1
37770418,1
37770539,1
37771552,1
37773675,2
37774136,1
37778854,1
37778916,1
37783126,2
37786534,1
37787112,2
37792490,1
37792644,1
37793394,1
37795628,1
37796861,1
37797111,1
37797257,2
37797457,2
37801478,1
37803037,1
37806087,7
37806958,1
37809782,1
37810218,1
37813565,1
37813774,1
37816277,1
37816874,1
37819882,1
37819893,1
37823564,1
37824854,2
37826505,1
37826941,1
37826943,1
37828758,1
37831369,14
37839478,1
37840367,1
37844399,1
37845596,2
37846867,1
37847102,1
37847707,2
37848897,2
37850806,1
37852399,1
37853645,1
37855022,1
37859839,1
37861664,4
37861750,1
37863341,2
37863633,1
37864027,1
37867313,1
37870370,1
37876482,2
37876675,1
37879237,1
37880654,1
37880999,1
37881006,1
37882883,1
37887142,2
37889071,1
37895201,1
37895206,1
37898101,1
37899297,1
37900952,1
37901324,1
37902193,1
37902578,1
37902934,1
37903882,1
37904712,2
37904905,1
37907514,3
37918986,1
37920145,1
37920404,1
37923729,1
37926403,2
37927487,1
37927961,1
37928338,3
37934010,1
37934303,1
37936195,1
37938691,1
37940557,1
37942301,1
37945490,1
37950495,1
37951190,1
37951561,1
37954202,1
37956725,1
37956823,1
37957695,1
37958140,1
37958590,1
37962601,1
37962772,2
37964641,1
37968061,1
37968592,1
37971702,1
37971832,4
37973649,1
37976803,1
37976832,1
37977381,1
37980516,1
37981590,1
37982055,1
37982243,1
37982990,1
37987156,1
37989514,1
37991215,1
37991336,1
37991439,1
37993197,1
37993665,2
37995177,1
37996995,1
37998649,1
38000021,1
38000263,1
38001232,1
38010914,2
38016049,1
38016254,2
38017035,1
38018507,1
38022083,1
38024435,2
38025513,2
38025737,3
38028406,3
38032081,1
38032178,1
38033478,3
38034475,2
38034479,3
38036294,4
38037557,1
38038977,1
38042020,1
38042159,1
38043287,1
38043370,1
38043871,1
38043885,3
38044442,1
38046791,1
38047420,2
38049209,2
38049572,1
38050400,3
38051996,1
38054105,1
38057363,2
38057770,1
38060803,2
38071715,1
38072695,1
38073704,1
38077246,1
38078761,1
38079473,1
38081711,1
38082003,1
38084389,1
38085092,3
38086969,1
38090234,1
38090722,1
38091985,2
38092123,1
38092849,1
38097576,1
38098234,1
38100338,1
38100384,1
38104246,1
38105943,1
38106488,1
38106972,2
38108074,3
38110311,1
38111646,1
38114153,2
38115515,2
38117324,1
38117878,1
38120600,3
38121218,1
38122137,1
38123737,2
38124250,1
38124915,1
38125630,1
38125934,1
38131253,1
38131888,1
38132991,1
38133855,1
38135926,1
38137478,1
38139357,1
38143293,6
38149309,1
38156316,1
38156322,3
38156820,2
38159400,1
38160417,1
38160742,1
38161175,1
38162650,1
38164900,2
38165225,1
38165355,1
38167249,1
38167861,1
38168890,1
38169153,8
38171548,9
38171950,2
38174082,1
38174131,1
38175306,1
38176872,3
38178268,1
38180056,1
38180584,1
38180660,1
38182165,1
38182724,1
38184241,1
38187256,1
38190412,5
38192800,1
38193789,5
38196374,1
38197365,1
38197379,1
38197859,1
38198888,1
38200244,1
38200274,1
38201649,1
38204004,1
38204170,2
38209737,3
38210105,1
38210589,2
38211047,1
38211635,1
38214474,1
38215856,1
38216958,1
38219035,2
38222899,1
38224985,1
38227937,1
38228254,1
38230067,2
38231271,1
38233762,2
38241694,1
38241884,1
38242100,2
38242748,2
38246185,7
38248471,1
38253571,1
38254153,1
38254481,1
38259722,1
38262379,1
38266748,1
38267055,10
38267936,2
38272130,3
38274068,1
38276719,1
38276787,1
38278204,1
38283546,1
38290114,1
38290610,1
38291742,3
38293674,1
38293692,1
38297243,3
38297720,1
38299190,1
38301423,1
38303686,1
38303875,1
38305068,1
38308553,1
38310441,1
38310906,1
38314962,2
38321675,1
38323933,1
38325576,1
38326072,2
38330733,1
38332153,4
38334546,1
38334813,2
38338597,1
38339413,1
38342740,1
38344488,1
38348489,1
38349677,1
38351008,1
38351505,1
38353221,1
38353925,1
38354117,1
38354267,1
38354384,1
38354450,1
38357535,1
38357862,1
38362104,1
38363073,3
38363718,1
38371352,1
38376152,1
38376367,2
38377663,1
38384056,3
38385326,2
38386858,1
38387339,1
38388389,1
38389366,2
38389736,1
38390660,1
38390898,2
38395688,1
38397748,2
38400026,1
38403982,1
38404057,1
38407090,1
38411417,1
38412168,1
38414313,3
38414674,1
38417017,1
38417878,1
38418141,1
38418230,4
38425613,1
38425983,1
38426147,1
38428090,2
38428729,1
38428741,1
38429178,1
38429193,1
38433296,1
38433679,2
38433844,1
38434279,1
38435157,1
38435527,1
38436278,1
38441003,2
38443590,4
38444619,1
38444758,2
38445420,2
38455221,1
38455343,2
38459246,1
38459247,1
38460342,2
38460717,2
38462413,5
38463790,2
38465545,1
38467814,2
38472323,1
38476182,2
38477947,1
38478007,1
38480253,1
38481050,1
38481792,1
38482065,1
38484010,1
38484311,1
38484419,2
38487002,1
38487230,1
38488392,1
38489441,1
38489754,1
38490291,4
38490346,1
38490712,8
38491215,1
38491272,1
38493766,1
38494986,1
38495553,1
38499244,2
38499388,1
38499797,1
38499999,1
38504273,1
38504307,1
38506218,2
38510697,1
38511748,1
38512104,1
38513745,1
38514119,1
38514559,1
38518399,1
38519725,2
38519848,1
38521343,1
38522579,1
38523774,2
38523961,1
38524912,1
38526051,1
38527751,1
38531011,1
38532015,1
38535956,1
38536134,2
38541122,1
38541226,1
38542591,1
38543094,1
38547150,1
38547881,1
38550136,1
38550231,1
38550363,1
38550567,1
38551019,1
38552123,1
38552661,1
38554041,1
38554173,1
38556606,2
38556903,1
38557552,1
38560882,1
38562863,1
38563174,1
38563310,1
38563422,1
38563968,2
38564540,1
38564625,1
38566822,1
38568068,2
38568612,1
38568973,1
38571003,2
38571734,22
38572526,1
38572829,1
38575529,1
38575879,3
38578228,1
38580940,1
38582325,1
38583536,2
38583698,1
38585848,1
38586147,1
38588078,3
38588449,7
38589377,1
38593051,1
38594958,1
38595192,1
38595528,1
38595928,1
38596859,1
38600367,1
38601197,1
38602995,2
38604442,1
38605333,1
38607681,1
38610362,2
38612873,2
38613325,1
38617321,1
38617360,1
38617893,1
38617971,2
38618332,1
38619173,1
38619953,1
38620281,1
38621104,1
38621859,1
38622886,13
38623406,1
38623872,2
38625001,2
38625005,2
38626438,3
38627949,1
38627994,1
38629368,1
38634253,1
38635928,1
38637857,1
38638758,1
38640568,1
38641641,1
38643522,1
38644093,1
38647573,1
38647656,1
38648558,1
38650060,1
38650264,1
38654092,7
38655137,1
38656040,2
38658719,1
38661649,1
38662347,1
38664341,1
38664665,1
38664991,1
38665462,1
38666002,1
38667570,1
38668002,1
38668701,1
38669135,1
38669475,1
38671215,1
38672284,1
38672541,2
38673849,1
38676066,1
38676863,1
38677376,1
38678008,1
38678724,1
38682337,1
38686823,1
38688613,1
38691271,3
38693812,1
38696908,1
38698810,1
38699912,1
38700040,1
38705949,1
38709827,1
38710868,1
38711665,1
38714630,1
38715274,1
38715315,2
38715994,2
38717731,1
38718429,1
38719428,1
38720303,1
38720930,2
38721374,1
38721888,1
38722834,1
38723249,1
38726356,1
38727460,1
38727871,3
38732481,1
38732502,1
38732820,1
38734969,2
38736429,1
38738256,2
38738762,1
38739835,1
38740107,1
38740602,3
38746576,1
38750535,2
38751352,2
38754566,1
38755720,1
38756164,1
38757217,1
38757376,1
38758828,2
38760670,1
38762549,1
38763676,4
38768541,2
38770138,2
38772039,2
38775469,2
38776173,1
38779059,1
38779105,1
38779492,5
38784197,1
38784430,1
38785872,1
38786824,1
38789368,1
38790657,1
38791973,1
38793317,1
38794339,1
38794774,1
38797297,3
38799517,1
38799582,1
38800157,1
38804906,2
38805817,1
38806448,1
38807827,1
38808938,1
38809236,1
38809632,2
38810725,1
38811510,1
38812584,1
38817074,1
38818025,1
38818661,2
38819547,1
38822690,1
38823148,1
38824807,1
38828032,1
38828750,1
38830180,1
38833291,1
38833656,1
38834577,2
38835241,1
38836933,1
38837042,1
38837594,1
38839037,1
38840871,2
38843031,1
38843383,1
38846096,1
38850659,3
38851821,1
38853178,1
38856573,1
38856853,1
38857094,2
38858547,1
38859697,1
38862318,1
38863196,1
38863876,1
38864501,3
38866878,1
38868382,1
38868452,1
38872858,1
38874155,1
38874574,1
38876679,1
38878044,1
38881154,2
38882570,1
38882660,1
38883376,1
38884403,1
38886100,2
38886329,1
38886335,1
38887839,1
38889875,11
38891053,1
38899800,4
38900447,1
38901245,1
38901759,1
38901950,1
38902299,8
38907248,1
38908816,1
38909341,1
38911797,1
38912441,1
38914519,4
38916889,1
38917506,1
38917648,1
38920520,1
38923840,2
38924208,1
38924337,1
38927490,1
38928582,1
38929281,1
38931640,1
38931785,1
38933008,1
38935073,1
38935612,1
38936735,1
38937778,1
38938414,1
38938898,2
38938905,1
38939013,1
38939550,1
38941034,1
38943679,1
38944435,1
38945926,1
38946846,1
38947062,1
38949145,1
38949165,1
38950261,1
38950968,1
38952223,1
38952310,1
38953592,1
38954172,1
38955716,1
38958462,1
38958958,1
38960800,1
38964457,2
38967405,13
38968433,1
38973629,4
38973909,1
38974067,1
38976248,1
38977079,5
38980653,1
38981963,1
38982192,1
38985158,1
38989489,1
38992432,1
38992465,1
38994199,1
38995062,1
38995203,1
39004145,2
39006654,1
39008803,1
39008868,2
39009845,1
39010366,1
39012713,1
39013002,1
39014492,1
39015580,1
39016128,4
39025211,1
39026907,1
39026986,2
39026998,1
39028447,1
39028550,2
39029777,1
39029948,1
39031759,1
39031873,2
39035125,1
39036552,1
39036612,1
39038469,1
39042879,1
39046563,1
39046656,1
39046667,1
39047292,1
39048900,2
39049228,1
39051054,1
39052060,1
39052469,1
39052661,1
39053979,1
39058455,1
39058806,1
39063107,1
39065689,1
39067007,1
39073172,1
39074660,3
39076369,1
39076782,1
39081028,1
39082067,1
39085445,1
39087695,2
39090241,1
39092019,2
39095238,1
39102369,1
39103742,1
39104959,1
39105794,1
39110303,1
39110714,1
39120340,1
39122444,1
39126358,1
39128100,4
39128765,2
39131815,1
39134375,102
39139476,1
39139876,1
39139883,2
39142973,1
39144182,1
39144477,1
39146033,1
39146102,2
39148105,1
39150395,1
39153395,1
39154137,1
39158480,1
39159127,1
39162521,1
39162701,1
39163669,1
39164567,3
39165554,2
39165907,1
39167527,1
39168738,1
39173228,1
39175612,1
39178350,1
39179203,1
39182916,1
39182980,1
39184701,1
39186123,1
39188535,1
39188541,1
39188615,1
39188672,1
39189379,1
39189811,1
39193749,2
39196882,2
39197942,1
39199137,1
39199207,1
39199669,1
39204308,1
39209409,1
39217133,1
39218227,1
39219915,1
39221023,10
39221675,1
39223027,1
39225368,1
39225688,1
39227194,1
39227712,1
39230876,1
39232785,1
39235350,1
39240317,1
39241972,1
39243385,2
39243964,1
39244918,1
39248503,1
39250852,1
39251829,1
39254538,2
39254917,1
39256141,1
39257593,2
39258188,1
39258863,2
39259212,1
39259786,2
39260455,1
39260654,1
39262002,1
39265668,1
39265842,1
39268789,1
39269713,1
39273160,1
39273606,1
39274065,1
39278871,1
39280124,2
39281357,1
39282253,2
39284251,1
39285295,1
39286887,2
39287472,1
39287842,1
39288176,1
39290666,1
39291858,1
39292160,1
39292570,1
39293187,1
39294517,1
39295375,1
39295975,1
39296295,1
39296927,2
39297369,1
39298422,1
39301455,1
39302091,1
39304404,2
39305935,1
39306135,1
39310567,7
39310772,1
39313540,1
39316340,1
39317669,1
39317706,1
39318516,1
39320923,1
39321544,1
39321656,1
39322331,1
39324524,1
39326092,3
39331210,1
39331939,1
39335851,1
39338387,3
39341124,1
39341790,2
39343176,1
39343357,1
39343633,1
39345823,5
39345895,3
39346019,1
39347984,1
39348468,1
39351260,1
39353936,1
39358732,1
39360861,1
39361943,1
39364653,1
39368991,5
39370692,1
39371303,1
39375370,2
39377815,1
39380789,1
39383027,2
39384999,1
39385988,1
39388393,2
39391577,1
39393629,11
39399631,1
39399978,1
39402888,1
39403333,1
39404391,1
39404979,1
39405249,1
39407344,1
39408065,1
39413268,1
39414739,1
39415581,1
39418303,1
39418939,1
39420650,1
39424732,1
39424751,2
39425588,1
39430577,1
39433640,1
39433824,1
39434398,1
39436319,2
39437604,1
39437955,1
39439125,1
39439972,12
39445272,1
39446058,1
39446646,1
39450942,1
39451416,1
39451628,1
39452155,3
39452737,1
39457577,1
39457585,1
39459056,1
39460188,1
39462410,1
39463116,1
39465711,1
39467117,1
39471295,1
39473064,8
39474997,1
39475139,1
39475312,1
39476343,1
39481268,1
39482516,1
39485974,1
39486677,1
39487575,1
39487994,6
39490662,4
39490955,1
39493894,2
39494393,1
39496086,1
39498177,1
39498696,1
39501763,1
39502379,1
39509946,1
39516460,3
39518200,1
39518262,1
39518513,1
39519247,1
39519430,1
39519432,1
39526038,2
39529365,2
39531220,2
39532403,1
39532527,1
39537629,1
39538888,2
39541415,1
39541492,1
39544512,1
39544604,2
39545042,2
39545053,1
39546782,1
39547094,1
39548619,1
39553312,1
39558385,1
39559647,1
39562234,1
39562256,1
39563054,2
39565651,1
39567221,1
39568183,1
39568778,2
39569598,10
39573230,1
39579358,1
39580107,1
39581562,2
39582462,1
39584189,1
39585784,1
39590713,4
39590987,1
39592360,1
39595415,1
39610322,1
39616935,1
39618214,2
39626263,2
39628928,2
39635738,1
39638249,5
39638912,1
39640490,1
39640879,5
39640916,1
39642040,2
39642102,1
39645290,1
39647305,1
39648444,1
39648894,1
39648901,1
39648947,1
39649703,2
39650183,2
39652251,1
39652959,1
39653220,1
39653271,1
39656460,3
39656498,1
39657045,1
39658132,1
39661769,1
39663884,1
39664144,1
39665126,1
39665405,1
39665768,1
39666206,1
39668781,1
39670751,1
39673619,1
39677745,4
39682084,3
39685242,1
39685710,33
39685711,1
39686378,1
39687702,1
39690302,1
39696653,1
39697928,2
39698930,2
39700224,1
39701365,1
39702568,2
39707593,1
39707978,1
39708226,1
39708791,1
39712288,1
39713264,1
39713461,1
39715551,1
39720113,1
39720326,1
39720483,2
39724123,1
39727027,1
39729847,1
39732124,1
39733249,1
39735786,2
39739871,4
39741712,1
39742555,1
39749513,1
39749647,3
39749854,2
39753612,1
39754994,1
39757014,2
39759340,1
39759665,1
39759666,1
39761980,1
39762544,1
39764035,1
39766668,1
39767157,1
39769185,1
39769825,1
39771272,1
39772032,1
39776138,1
39778803,1
39780125,1
39780579,1
39786023,1
39788648,27
39789309,2
39796137,2
39796918,5
39797668,3
39798210,1
39803859,1
39804331,1
39805597,1
39806178,1
39808914,1
39810633,1
39814039,1
39815974,1
39820657,1
39820807,6
39822494,1
39822812,2
39825204,1
39828223,36
39829583,1
39830924,1
39831220,1
39831482,2
39836982,1
39839283,1
39839337,1
39840015,2
39843029,2
39843627,1
39843778,2
39844490,3
39847273,1
39848700,1
39850059,1
39850614,1
39851966,1
39853814,1
39853850,1
39856070,1
39858292,1
39858527,1
39860071,1
39862143,2
39864878,1
39864963,1
39867501,1
39868472,1
39868566,1
39868614,1
39868669,1
39870129,7
39870988,1
39871870,2
39873228,1
39876719,2
39880346,1
39882526,1
39885739,1
39888922,1
39889290,1
39890525,2
39892549,1
39897907,1
39898407,1
39898551,1
39900835,1
39903980,1
39904491,2
39906636,1
39908454,1
39911685,1
39916346,3
39916553,1
39918206,1
39919644,1
39921444,1
39922244,2
39926023,1
39928973,1
39934055,1
39934987,1
39936037,1
39936394,1
39937965,1
39940810,1
39941184,1
39942591,1
39944964,1
39949088,1
39951907,1
39953103,1
39957071,1
39959820,1
39961565,1
39964371,1
39966235,1
39968199,1
39968615,1
39970149,1
39970867,1
39971531,1
39972975,1
39975556,1
39980766,1
39984723,6
39985529,1
39987883,1
39988360,2
39991133,1
39991580,5
39992222,1
39997501,1
40002315,1
40002748,2
40003758,1
40004457,1
40009413,1
40017343,1
40020604,1
40023154,1
40024092,1
40026655,1
40031038,1
40033079,1
40033505,1
40037923,1
40043719,1
40044333,1
40045610,2
40045860,2
40045866,2
40048160,1
40049316,1
40051756,3
40052417,1
40052511,1
40053099,1
40053514,1
40056784,1
40058432,1
40065288,1
40065598,5
40070370,1
40070735,1
40071241,1
40071687,1
40072440,1
40075855,1
40075976,1
40079542,2
40083046,2
40085806,1
40086419,2
40087066,2
40088119,1
40088999,1
40092353,1
40094499,1
40096897,1
40101496,1
40103559,1
40114792,1
40116730,1
40118763,1
40118806,1
40120699,1
40121490,1
40124312,1
40126858,1
40127622,1
40132680,1
40135659,1
40137085,1
40139514,1
40141270,3
40143013,1
40145496,1
40146436,1
40147200,1
40149172,2
40149614,1
40151336,1
40151399,1
40155804,3
40156018,1
40156961,1
40157449,5
40161354,2
40163375,1
40165745,1
40166184,1
40167325,2
40167891,1
40167923,1
40171890,2
40171942,1
40173723,1
40174699,1
40176165,1
40178136,1
40180097,1
40183220,1
40183321,1
40184269,1
40186138,1
40191591,1
40192442,1
40193734,1
40194000,1
40194287,1
40195625,1
40196685,1
40197038,1
40201457,1
40203322,1
40203519,2
40204093,1
40204320,2
40210310,1
40210978,1
40211290,1
40215153,1
40221813,1
40223769,1
40225144,1
40225581,1
40225828,1
40226851,1
40226862,1
40228780,1
40228870,1
40229002,1
40235905,1
40236072,1
40236381,2
40241011,1
40243964,5
40245913,1
40246473,1
40246958,1
40248708,1
40250865,1
40256501,1
40256580,5
40257229,1
40257842,1
40258480,2
40260478,2
40261503,1
40265632,2
40266759,1
40267654,1
40269380,2
40271731,1
40274591,1
40276009,1
40277448,1
40279645,1
40280477,1
40282304,1
40284812,1
40285720,11
40288289,1
40289024,1
40289393,1
40289593,24
40294532,3
40294617,1
40296906,2
40297235,1
40298557,1
40301269,1
40304817,1
40304913,1
40310397,1
40314296,2
40318148,2
40320286,1
40322117,1
40323703,1
40323938,4
40324268,1
40327009,1
40327234,1
40328631,1
40328785,1
40329940,2
40331266,2
40333904,1
40334277,6
40335434,1
40338342,2
40341914,1
40342248,1
40343253,1
40347396,4
40347735,1
40347755,1
40348745,1
40349653,3
40350635,2
40351749,1
40352023,2
40354362,1
40354595,1
40355439,1
40357509,1
40359635,1
40360702,1
40361330,1
40361597,1
40362521,1
40365437,1
40365733,1
40367629,1
40367757,1
40368271,1
40368789,4
40369087,1
40371078,1
40372556,1
40373424,6
40376434,1
40380418,3
40380638,1
40383021,1
40385680,3
40393290,1
40399999,1
40400975,1
40404165,1
40406334,1
40407403,1
40410497,2
40415933,1
40416079,4
40416546,1
40416826,2
40416829,1
40417798,1
40419937,10
40421519,2
40421786,1
40424717,1
40425378,1
40425876,1
40427300,3
40428818,2
40429682,1
40432963,2
40433088,1
40433967,8
40435270,1
40437267,1
40437789,1
40438137,1
40438704,5
40438996,1
40439599,1
40441582,1
40441848,2
40453653,1
40457043,1
40459045,2
40462041,1
40463839,1
40469229,1
40469866,1
40469995,1
40473216,1
40479771,1
40480307,2
40481582,1
40486632,2
40491223,1
40492773,1
40492953,1
40497125,2
40498521,2
40499611,1
40499774,1
40500094,1
40500851,1
40501011,1
40501833,1
40502180,1
40505020,1
40506569,1
40507196,1
40508303,1
40509342,1
40510064,1
40512262,1
40517278,2
40518461,1
40520412,1
40522207,1
40522911,1
40523202,1
40526661,1
40528246,1
40529401,1
40532846,1
40533742,1
40534337,1
40535979,1
40539629,1
40539856,3
40540883,4
40544902,2
40547514,1
40550260,1
40550348,1
40551034,1
40551286,1
40556840,1
40563241,2
40566505,2
40575408,1
40576240,1
40579011,1
40579087,1
40580781,1
40580890,1
40581989,1
40584944,2
40585869,1
40586422,1
40588629,3
40592565,1
40594354,1
40595008,1
40595093,1
40595285,1
40595889,1
40596758,1
40599818,1
40600244,3
40601460,2
40605900,1
40607913,1
40608364,1
40608670,1
40609961,1
40616302,2
40622455,1
40623238,1
40624889,6
40625697,1
40625735,2
40626030,1
40626273,1
40627807,1
40630008,1
40630113,1
40632430,1
40635541,1
40640071,1
40640214,1
40641380,1
40642012,1
40642247,1
40643123,2
40643990,1
40647181,1
40647677,1
40648776,1
40650216,1
40652252,1
40652747,1
40654016,1
40656498,1
40658245,1
40660149,1
40660526,1
40661420,1
40664148,3
40665683,1
40665798,1
40668029,1
40671709,1
40672876,1
40676802,3
40677349,1
40680057,2
40682224,1
40683399,1
40683795,1
40686786,2
40687435,1
40687923,1
40688118,1
40688842,1
40692316,1
40694263,1
40700043,1
40701320,1
40701886,1
40704032,1
40707024,1
40708713,1
40710135,1
40715763,4
40716670,1
40717444,1
40717745,1
40720431,2
40721399,1
40722190,1
40725981,1
40726346,1
40735091,1
40736024,1
40737866,1
40737923,1
40739347,2
40746682,1
40746954,1
40749939,1
40751819,1
40751928,2
40755141,1
40756436,1
40768933,1
40771313,1
40775299,1
40776089,1
40779049,1
40786473,1
40790891,1
40792951,1
40795803,1
40796290,1
40797460,1
40798441,2
40799871,1
40800028,1
40800817,1
40801264,1
40801669,1
40802049,2
40803317,1
40804536,1
40804797,1
40806059,1
40808201,2
40808303,1
40809669,1
40813913,2
40816008,1
40817099,1
40818563,1
40822978,1
40824697,6
40825015,1
40828218,1
40828873,1
40830240,1
40830435,1
40831310,1
40831728,1
40836181,1
40837771,1
40837863,1
40843385,1
40843792,1
40844206,1
40855162,2
40857705,1
40867164,1
40868109,1
40868821,1
40869127,1
40869139,1
40876447,1
40882846,13
40883538,3
40884926,1
40885557,1
40885764,1
40891345,1
40893992,1
40895777,1
40897880,1
40899071,1
40902019,2
40902636,2
40905060,1
40906055,1
40906515,1
40909316,1
40913179,1
40913940,1
40915924,1
40917755,2
40921457,1
40921625,1
40923573,1
40926197,1
40928053,2
40929169,1
40929450,1
40929602,1
40931251,1
40935610,1
40936011,3
40936847,3
40938352,1
40939700,1
40940033,1
40943200,1
40946208,1
40946499,2
40947001,1
40947059,1
40947597,1
40947949,1
40949556,1
40950594,1
40955615,1
40956288,1
40957291,1
40957784,1
40958760,1
40959584,1
40961145,2
40963173,1
40964048,1
40967568,2
40968208,1
40969672,1
40970826,2
40972440,1
40974469,4
40975685,2
40978467,1
40978645,1
40978897,1
40982247,2
40982732,1
40983932,1
40985318,1
40988154,1
40991435,2
40992207,3
40992747,2
40995342,1
40998255,1
40998392,1
40998432,1
40999763,1
41001284,1
41004743,1
41005852,2
41006104,1
41006373,1
41006420,1
41006820,1
41008445,2
41008920,1
41010744,2
41012525,1
41014176,1
41017820,1
41018454,2
41018911,1
41019185,5
41019651,1
41019674,1
41020939,1
41024206,3
41028348,2
41032590,1
41033038,1
41033234,1
41037532,1
41037947,1
41038022,2
41039930,1
41040797,1
41042062,1
41042407,1
41042762,1
41042881,4
41043017,1
41050793,1
41052118,1
41052669,1
41054193,1
41054640,1
41056992,1
41057446,2
41058004,1
41062327,1
41064681,1
41065835,1
41067143,1
41068579,1
41071704,1
41072399,1
41072565,2
41079775,1
41088691,1
41090466,2
41091421,1
41100293,1
41100551,1
41101831,1
41102846,1
41103221,1
41103557,1
41104158,1
41104304,1
41117199,1
41121003,1
41122235,1
41126130,1
41129735,1
41130115,1
41131159,1
41131293,1
41132373,2
41134056,1
41134694,1
41134783,2
41137321,3
41137881,1
41138548,1
41139049,1
41143363,1
41143513,2
41147303,1
41151207,1
41152373,2
41153497,1
41154417,1
41154479,6
41154821,1
41440139,1
41440407,2
41446970,1
41452941,1
41452952,1
41453170,2
41453426,1
41453736,1
41453798,1
41454038,1
41457009,1
41458667,1
41461022,2
41461250,1
41461798,1
41463587,1
41464130,3
41465010,2
41466703,1
41467491,1
41468064,1
41468595,2
41471270,1
41473975,1
41474527,1
41476097,1
41478119,3
41479575,1
41479595,2
41481453,1
41483776,1
41483958,1
41484131,2
41484444,1
41484878,1
41486274,1
41488986,1
41490906,1
41491726,2
41492512,2
41493143,1
41494693,2
41499893,2
41501185,1
41501807,1
41505173,1
41505320,2
41507879,1
41508859,1
41509389,1
41511925,1
41513711,1
41516183,1
41519418,1
41520806,2
41521760,23
41522246,1
41523498,1
41523722,1
41523864,1
41527491,2
41529628,1
41533113,1
41538782,1
41539079,3
41541173,1
41545486,2
41547639,1
41549036,3
41549049,1
41549704,1
41550394,2
41551211,1
41553622,1
41555903,1
41560001,1
41561007,1
41563453,1
41565178,1
41576473,2
41578159,1
41580476,1
41584480,1
41585692,1
41588678,1
41589743,1
41595376,1
41595895,1
41597664,1
41600292,1
41601958,1
41602562,2
41602696,1
41604687,2
41610730,1
41619214,1
41621669,4
41622055,1
41623907,1
41630941,1
41631013,1
41631969,1
41638920,1
41640322,1
41641831,1
41643770,1
41643893,1
41644494,1
41651679,29
41654756,1
41657312,1
41658759,1
41661776,1
41662507,2
41667927,1
41669222,1
41671222,1
41671729,1
41673398,1
41677820,1
41680577,1
41692356,1
41692691,1
41692751,2
41692754,2
41694130,1
41698840,1
41701288,2
41701330,1
41701808,1
41705936,1
41708799,1
41711377,1
41712348,1
41712758,1
41715406,1
41717526,1
41719409,2
41719515,2
41720030,3
41720930,1
41723185,1
41725922,1
41727836,1
41729323,1
41732109,1
41732387,1
41732830,1
41733445,1
41733721,1
41735639,1
41735901,1
41740301,1
41744413,1
41745103,1
41746882,1
41748904,1
41763104,1
41763159,1
41767155,1
41769089,2
41772726,3
41775807,1
41777702,2
41780190,1
41781324,2
41783237,1
41786095,1
41787033,1
41788033,2
41790287,1
41800960,1
41810113,1
41812142,2
41814153,1
41816449,3
41816800,1
41816854,1
41817281,1
41818801,1
41830012,2
41830513,2
41831590,1
41834467,1
41835542,3
41835557,1
41838707,1
41839691,1
41842113,1
41842983,1
41849063,5
41850277,1
41856182,1
41858600,1
41868287,1
41869111,1
41869129,1
41874658,2
41876939,1
41878585,1
41881309,1
41885850,1
41893915,1
41894308,1
41894765,1
41897278,2
41905526,9
41907939,1
41910227,1
41910494,2
41911640,1
41912597,2
41912989,1
41913036,1
41914649,8
41915976,2
41917858,1
41919011,1
41921996,1
41922317,2
41925122,2
41930110,1
41932153,1
41933420,1
41936191,2
41936549,1
41938912,1
41941161,1
41944466,1
41947273,1
41954312,1
41967127,1
41974916,1
41979283,1
41980296,1
41983598,1
41986150,2
41986807,1
41990461,1
41999130,1
41999138,1
41999955,1
42000408,1
42001261,1
42005246,1
42010683,1
42017922,2
42019735,1
42020336,1
42023364,6
42024555,1
42027605,1
42030753,5
42036814,1
42036871,1
42038062,9
42042103,1
42050864,1
42051972,1
42062979,1
42072571,1
42072572,1
42077662,1
42084154,1
42084192,2
42087145,1
42087601,1
42088049,1
42097524,1
42098460,1
42098891,1
42099954,1
42099988,1
42102412,1
42102722,2
42102958,1
42103353,2
42109059,1
42110196,2
42110953,5
42111622,1
42111964,2
42112207,1
42114121,2
42117188,1
42117409,1
42120024,1
42121021,1
42121332,1
42121970,1
42126905,2
42129358,1
42137360,1
42141844,1
42144528,1
42144993,1
42146022,9
42147057,2
42150234,1
42151519,2
42152004,1
42152039,4
42152602,1
42154902,1
42158748,6
42159845,1
42160210,1
42161373,2
42166026,2
42167323,1
42172257,2
42172414,7
42173112,1
42173329,1
42174139,1
42175466,1
42179946,3
42179997,1
42180383,2
42182068,1
42184125,1
42184254,1
42187066,2
42190612,1
42195332,1
42195670,1
42198812,1
42200411,1
42203323,1
42205513,2
42205954,1
42206134,1
42207634,1
42210543,1
42220603,1
42223095,1
42224700,1
42224908,2
42226551,14
42229070,1
42230074,1
42230104,1
42232836,1
42243630,1
42248505,2
42251330,1
42258249,1
42259096,1
42259483,1
42265197,1
42267189,1
42268237,1
42270711,2
42273316,1
42275207,1
42275796,11
42277669,1
42279500,1
42279925,1
42280058,1
42280155,1
42282163,1
42285048,1
42288330,1
42288844,1
42289176,2
42291434,1
42292858,1
42295113,1
42296856,4
42298751,1
42300898,1
42306914,1
42308572,9
42308719,1
42309284,1
42309988,1
42310884,1
42318189,1
42321535,2
42324967,1
42325120,1
42326164,1
42328677,1
42330076,1
42331852,1
42332848,1
42335526,1
42348012,1
42350908,1
42354794,3
42357512,2
42358687,1
42358695,1
42362488,1
42362655,2
42363922,1
42368583,1
42369839,1
42370797,1
42371619,1
42378679,1
42382250,1
42382364,1
42383952,1
42386851,1
42387575,1
42390348,2
42390602,2
42395888,5
42400020,2
42405984,2
42410381,1
42411473,1
42412338,1
42413938,1
42414345,1
42418272,2
42423210,4
42425669,1
42427673,1
42431058,1
42431330,1
42431344,2
42442596,2
42446360,1
42446479,8
42447397,2
42450139,1
42451132,2
42452938,1
42459700,1
42460739,1
42466028,1
42467211,1
42467449,1
42468249,2
42471799,1
42477176,1
42477755,1
42479722,1
42481501,1
42481929,1
42482554,1
42482984,8
42485933,1
42489121,1
42491865,2
42492988,1
42494161,1
42494202,2
42496456,1
42496977,3
42497248,1
42497617,1
42500771,1
42506296,1
42506479,1
42506570,2
42513739,1
42514369,1
42517956,1
42520959,1
42522150,1
42525725,1
42526034,2
42528118,1
42531979,1
42532237,2
42533355,1
42536531,3
42537021,1
42537559,2
42541755,1
42544150,1
42546646,1
42547910,1
42548467,2
42549876,1
42551505,1
42552309,1
42555045,1
42559896,1
42562990,1
42566380,23
42567665,1
42569622,1
42570274,4
42571795,1
42572183,1
42574093,1
42574276,6
42575918,2
42578034,1
42579186,1
42583835,2
42584545,2
42584684,2
42584944,1
42585606,1
42588298,1
42588613,1
42589178,2
42589359,1
42590087,1
42593897,1
42597518,1
42597563,2
42599340,1
42605373,1
42605938,1
42608673,4
42613444,1
42614043,3
42614079,1
42614579,1
42614606,1
42624116,2
42625255,1
42625762,1
42627010,1
42629968,1
42630757,1
42634463,1
42634585,1
42636478,1
42636941,1
42637778,1
42638447,2
42638452,4
42640998,1
42643917,2
42643928,2
42646279,1
42657230,1
42658695,1
42658948,1
42661133,1
42661861,2
42662543,1
42663226,4
42668198,1
42668223,1
42668640,1
42670033,1
42670336,1
42670756,1
42672676,1
42675609,1
42676867,1
42680556,2
42686209,1
42686278,1
42687100,6
42688621,1
42690325,1
42694595,1
42697471,1
42700733,1
42701636,1
42705570,1
42706701,21
42707558,1
42707660,1
42708297,1
42709541,1
42709732,1
42712052,1
42714772,1
42716494,1
42716597,1
42718184,1
42722248,1
42722486,1
42722608,1
42722871,1
42723095,1
42723559,2
42730287,1
42730420,1
42730944,1
42736984,2
42737381,1
42738088,52
42738515,1
42741146,2
42741882,1
42743239,1
42744122,1
42750336,1
42752528,1
42753151,1
42753977,1
42754093,1
42764181,1
42766104,1
42766465,1
42767793,9
42768535,1
42769753,2
42770980,1
42771074,1
42772899,1
42784004,1
42784337,1
42787198,1
42788851,1
42790821,1
42792550,2
42793690,1
42794734,1
42795139,1
42795381,1
42796945,1
42799119,1
42799477,2
42800127,3
42800586,1
42805136,1
42805200,1
42807519,1
42808192,1
42809565,1
42810067,1
42812733,1
42813851,1
42814296,1
42814825,1
42814939,3
42818028,1
42819523,1
42819624,1
42824164,1
42826666,1
42829880,1
42836417,1
42836457,1
42839453,1
42840285,1
42844400,1
42848064,1
42849497,1
42849610,1
42853679,1
42859290,1
42860696,1
42862755,1
42862779,1
42863653,1
42863831,1
42867254,2
42867309,1
42871203,1
42874650,1
42874779,1
42875977,3
42877136,1
42879732,2
42882141,1
42886490,3
42888826,2
42889414,1
42890015,9
42894063,1
42895310,1
42898840,2
42899413,1
42900514,1
42900788,1
42903305,3
42906086,1
42910309,1
42910576,1
42911166,1
42911448,1
42913084,1
42914879,1
42915064,1
42915195,2
42915365,1
42915633,1
42920267,1
42923232,1
42926688,3
42929337,1
42932224,1
42933127,1
42933629,1
42942015,1
42944662,1
42946527,2
42946641,1
42947382,2
42949170,1
42949267,1
42950494,1
42951667,1
42952260,1
42952470,1
42952911,1
42957670,1
42961399,1
42966528,1
42966998,1
42974560,1
42975004,4
42977781,1
42981929,3
42982154,1
42982847,1
42983542,1
42986231,1
42988285,1
42988997,1
42994713,1
42997180,3
42999821,1
43001766,1
43002055,1
43002296,13
43014001,1
43014133,1
43014306,1
43017966,1
43020744,7
43024548,1
43028430,3
43029060,1
43030995,1
43031260,1
43031790,1
43035456,1
43036605,1
43037890,1
43038661,1
43038872,1
43042004,1
43044691,1
43046478,1
43048760,1
43050049,1
43050712,1
43055374,3
43057720,1
43060528,2
43061020,1
43062188,1
43062225,1
43065778,1
43066495,1
43067485,3
43074651,1
43075962,1
43080460,1
43082725,1
43083247,1
43083835,12
43085086,3
43086121,1
43090161,1
43090234,1
43092088,2
43092828,3
43094607,1
43101775,3
43102479,1
43104427,1
43104960,2
43105562,1
43105658,1
43106182,1
43106294,2
43107632,2
43108595,1
43111534,1
43112364,1
43113136,1
43113501,2
43115877,1
43116898,1
43118934,7
43119608,1
43124572,1
43125228,1
43128676,1
43128739,1
43131921,1
43135012,1
43135105,1
43136315,1
43136811,1
43138898,3
43141831,1
43142871,1
43144901,1
43147521,1
43148797,1
43149753,1
43151646,7
43160247,1
43160993,1
43161199,1
43166157,1
43166776,1
43168482,1
43170775,1
43172844,1
43175539,1
43176421,2
43178329,1
43180784,1
43181356,1
43182413,1
43190708,1
43190842,1
43191465,1
43193258,3
43198904,2
43199077,2
43202665,1
43203685,1
43203829,1
43209633,7
43212297,1
43213055,1
43213413,1
43214760,1
43215394,1
43218240,1
43219670,1
43225270,1
43225340,1
43228790,1
43231494,1
43232929,1
43234320,1
43234651,1
43234777,1
43235229,1
43236634,2
43237216,1
43237645,7
43239428,1
43239486,1
43240434,2
43240455,1
43241930,1
43247270,2
43248290,1
43248962,1
43249974,1
43250943,1
43251986,1
43252549,1
43252601,2
43252825,1
43255077,2
43255890,1
43257518,2
43257728,1
43259590,1
43260350,1
43261086,1
43261166,1
43262134,1
43263304,1
43263561,1
43264937,1
43265030,2
43267630,1
43267700,1
43268099,1
43273709,1
43275470,1
43277527,1
43281410,1
43282314,1
43282374,1
43285410,3
43289701,1
43291063,2
43291482,1
43292240,1
43292424,1
43292815,2
43293565,1
43293888,1
43299065,1
43300594,2
43301632,1
43301731,1
43306506,1
43306720,1
43307711,1
43310016,1
43312617,1
43315883,1
43320305,1
43320771,16
43321705,4
43321877,1
43322107,1
43329554,1
43331846,2
43332716,1
43333198,2
43333783,1
43336145,1
43336526,1
43336896,1
43339212,4
43341056,1
43342040,2
43342546,1
43342829,5
43344255,1
43346387,1
43356652,1
43359596,2
43361780,1
43362310,1
43364146,1
43365675,1
43365873,1
43366461,1
43367270,1
43371667,2
43373173,1
43375952,1
43375966,1
43378552,1
43378861,1
43378912,1
43379088,1
43381568,1
43382847,1
43383675,1
43383810,1
43385501,1
43385917,1
43387100,1
43387802,1
43391760,1
43392677,1
43393076,1
43393339,1
43394206,1
43395580,1
43396823,1
43398567,1
43398981,2
43403197,1
43406695,1
43407568,1
43411133,1
43414207,1
43414938,1
43420304,1
43423876,4
43424046,2
43424052,1
43428449,1
43429857,1
43430063,1
43430474,2
43431724,1
43431929,1
43431984,1
43432146,1
43437082,1
43438140,1
43441156,1
43443383,1
43443423,1
43443596,4
43445465,3
43445511,1
43446673,1
43448557,1
43450160,1
43450586,1
43450889,2
43452917,1
43454349,2
43455331,1
43456378,1
43459161,1
43462717,1
43463216,1
43465809,1
43467138,1
43469037,1
43469686,2
43470228,2
43475856,2
43476737,1
43479567,8
43482162,1
43486893,1
43491553,1
43492194,1
43492327,7
43494642,1
43498946,1
43500768,1
43502792,3
43507260,2
43507893,1
43507964,1
43509590,1
43512598,1
43512835,1
43517091,1
43519458,9
43520336,2
43520580,1
43523261,1
43524377,1
43525483,1
43526519,1
43527862,2
43528217,1
43528293,1
43530687,1
43532096,2
43532794,1
43535632,1
43536521,3
43537447,1
43538194,1
43538205,1
43538528,1
43538757,1
43539282,1
43539752,1
43540790,1
43542738,3
43543286,2
43543506,1
43544706,1
43547812,1
43550646,1
43552320,6
43553333,2
43554430,1
43557467,1
43558775,1
43559407,1
43561090,1
43564141,1
43565935,1
43566263,1
43567228,1
43569155,10
43572506,1
43573677,1
43574060,1
43575473,4
43575634,1
43575715,1
43580155,1
43582463,2
43585182,1
43585849,1
43586148,1
43586424,1
43588231,2
43589261,1
43589312,1
43589669,1
43590950,1
43592008,1
43594277,3
43595673,3
43598568,1
43601803,1
43602689,1
43603000,1
43603922,2
43606742,1
43607018,1
43609842,5
43611904,1
43612161,1
43615075,1
43621383,1
43622148,1
43622326,1
43622397,1
43622805,1
43623406,2
43624381,1
43627880,1
43629443,1
43629571,1
43636194,1
43638445,1
43640330,1
43640766,1
43640798,1
43640866,1
43641202,1
43641557,1
43643329,1
43643721,1
43644552,2
43646728,1
43647356,2
43648402,1
43648746,1
43648753,3
43650001,1
43652831,1
43654173,2
43654265,1
43657552,1
43658222,1
43660155,1
43669555,1
43671327,1
43671963,2
43675999,1
43677435,1
43678618,2
43678997,1
43680513,1
43682928,1
43689449,1
43692826,1
43695879,1
43696831,1
43698198,1
43698666,1
43699167,1
43701061,1
43701406,1
43703554,3
43707710,2
43709408,1
43709606,1
43712788,2
43713778,1
43713796,1
43715617,1
43717621,1
43719533,1
43720121,2
43720600,1
43721777,1
43723877,2
43725157,2
43725305,1
43726051,1
43729012,1
43730430,1
43732335,1
43735339,2
43735353,1
43735807,1
43738956,1
43740210,1
43740500,1
43743662,1
43744374,1
43744505,1
43744765,1
43744878,1
43745512,1
43746127,1
43748492,5
43751257,1
43753365,1
43753775,1
43753993,1
43755417,1
43756256,1
43757943,2
43758665,3
43762281,1
43762537,2
43764079,1
43764941,1
43766886,1
43767052,1
43767366,3
43768696,1
43768936,1
43770055,1
43772445,1
43773145,1
43774171,1
43776705,1
43780456,2
43781461,1
43783128,1
43784716,1
43785684,1
43786390,1
43786850,1
43788161,1
43790825,1
43791073,1
43793046,1
43796190,2
43796301,1
43796588,1
43797724,1
43799344,1
43808958,1
43811381,1
43811489,1
43812424,1
43812982,1
43814469,1
43814775,2
43815073,1
43815342,2
43816721,1
43818338,1
43823410,2
43825845,1
43830309,1
43833057,1
43835347,1
43835550,1
43836025,1
43837570,1
43838140,1
43840435,1
43841321,1
43843206,3
43843660,1
43843666,1
43844765,1
43846780,1
43850242,3
43850394,2
43851296,1
43852948,1
43853283,1
43856775,2
43860933,1
43862365,2
43865700,1
43867008,1
43867187,1
43869205,1
43869849,2
43871256,1
43871452,1
43872346,1
43874102,1
43874457,2
43874643,1
43876988,1
43877112,1
43882344,1
43883303,1
43884130,1
43886548,2
43887121,2
43889104,1
43889178,2
43889906,1
43890719,1
43893196,1
43893685,1
43897201,2
43898203,9
43900296,1
43903802,1
43903963,1
43904761,2
43906986,1
43907573,1
43912212,1
43913424,3
43915128,2
43916321,1
43916968,6
43917190,1
43917659,9
43918578,1
43919875,1
43921459,1
43921526,1
43921549,2
43922216,1
43922858,1
43926066,2
43929264,2
43930012,1
43930221,1
43931607,1
43941040,1
43943474,1
43945359,1
43946488,1
43946654,1
43947150,1
43947381,1
43947683,1
43947705,1
43949099,1
43950239,1
43952256,2
43954875,1
43955487,1
43957793,1
43958310,3
43962178,1
43962820,1
43963049,1
43963320,1
43964480,1
43966677,1
43966840,1
43967330,1
43967780,1
43969082,3
43969966,1
43970518,1
43972629,1
43973494,1
43975914,1
43977619,1
43979294,3
43980187,1
43980461,1
43980484,1
43981253,1
43986289,2
43988358,1
43991742,1
43994904,5
43995079,1
43996408,1
43998047,1
44000050,1
44000892,1
44004347,1
44006207,33
44008365,1
44010885,3
44013468,9
44013871,2
44014349,1
44015273,7
44019777,2
44019807,1
44020425,16
44022642,7
44027206,4
44027754,1
44029953,2
44036027,1
44036806,2
44036807,1
44037613,1
44037988,4
44038513,1
44040111,1
44041405,1
44041478,1
44041871,1
44042246,2
44043596,2
44044352,3
44048255,1
44053870,1
44054868,1
44056614,1
44058644,1
44059145,1
44059165,1
44060013,4
44060631,1
44061089,2
44063717,2
44065514,3
44066452,1
44066743,1
44067471,1
44068840,1
44068944,1
44069614,1
44070833,2
44071319,1
44071581,1
44072546,1
44074797,1
44075398,1
44075837,1
44078413,1
44084400,1
44084686,1
44086812,1
44086818,1
44088705,1
44094468,1
44097566,1
44097590,1
44098767,1
44099256,11
44099872,1
44100642,1
44102557,1
44103735,2
44112494,1
44113999,1
44115271,1
44115400,1
44116780,2
44121304,1
44123046,1
44124845,2
44126758,3
44127522,2
44131927,1
44132803,1
44133024,1
44135606,1
44141475,2
44143657,1
44143840,1
44145149,1
44145766,1
44146252,1
44149082,1
44151397,1
44152099,1
44153355,24
44157052,1
44158047,1
44158293,1
44158600,4
44160471,1
44162722,1
44162870,1
44164262,1
44165484,1
44167072,1
44169705,1
44173244,1
44174546,1
44174741,1
44175192,19
44176744,1
44179182,2
44182075,1
44183278,4
44183380,3
44186110,1
44187436,2
44188633,2
44190721,1
44194663,1
44195659,1
44197280,1
44198425,1
44199220,1
44199642,1
44199929,1
44205115,1
44205914,1
44206199,1
44206535,1
44207562,1
44211561,1
44211672,1
44212632,2
44215535,1
44217375,2
44217935,1
44219881,1
44220697,1
44223452,1
44226561,1
44227901,1
44227933,1
44228163,1
44230787,1
44231209,1
44232839,2
44232871,2
44234308,1
44242146,1
44242556,1
44242666,1
44250386,1
44251431,5
44253689,2
44255109,1
44255665,1
44256184,1
44257650,1
44265004,1
44265228,2
44266823,1
44270030,1
44271061,3
44271443,1
44271925,1
44277303,1
44277468,1
44278755,1
44279398,1
44282350,1
44283080,1
44283485,1
44285302,1
44287749,1
44289702,1
44290516,1
44290720,3
44292270,1
44298814,1
44299982,3
44300100,4
44300900,1
44301235,2
44302935,3
44305387,1
44305937,1
44306520,5
44308756,1
44310203,1
44312112,1
44312214,3
44319889,2
44321483,1
44321544,1
44323149,1
44324243,1
44325685,2
44327805,1
44331809,1
44336192,1
44337424,1
44339404,1
44341716,5
44342197,1
44344071,2
44348188,2
44348388,2
44349944,1
44351310,1
44351912,1
44352277,1
44355997,1
44358878,1
44359198,1
44359438,25
44359972,1
44361557,1
44362328,1
44362478,1
44363846,1
44364145,1
44364493,1
44367546,1
44367555,1
44371364,1
44373965,2
44374785,1
44374998,1
44375481,6
44375535,1
44376542,1
44379607,1
44379929,1
44379979,1
44380694,3
44381705,1
44389897,2
44390089,1
44391358,2
44392279,1
44393156,1
44393806,1
44394590,1
44395653,1
44396168,1
44401088,2
44402648,1
44404818,2
44404834,1
44406916,1
44407032,1
44407906,1
44407931,1
44409045,3
44412246,1
44412762,1
44412817,1
44413504,1
44413569,1
44417255,6
44419395,1
44421630,1
44422841,2
44425955,1
44427775,1
44430734,1
44431065,1
44434424,1
44436682,1
44437253,2
44438102,1
44441699,1
44443203,2
44443492,1
44445125,4
44446005,1
44446033,1
44450785,1
44452958,1
44455923,1
44457125,2
44457543,1
44457653,1
44457766,2
44458746,1
44460036,1
44460705,1
44461012,5
44461074,1
44461347,1
44461578,1
44462179,1
44464149,1
44464707,1
44465029,1
44465396,1
44470384,2
44472571,1
44475759,1
44480358,1
44481069,1
44481090,1
44481413,1
44483780,1
44484034,1
44484527,1
44484978,2
44485494,1
44488450,1
44489347,1
44501823,1
44502094,1
44502276,1
44503448,1
44504953,1
44505173,1
44509266,1
44509942,1
44511602,1
44511959,4
44512718,1
44516173,1
44516495,3
44518106,1
44520790,1
44521851,1
44522689,3
44523447,6
44524606,1
44524934,3
44525833,2
44525988,1
44527456,1
44527921,1
44533089,1
44533875,1
44534899,1
44535768,1
44537836,2
44538579,1
44538644,1
44538849,1
44540385,1
44541882,1
44543371,1
44543480,1
44546188,1
44547662,2
44548383,1
44549210,1
44549994,2
44554279,1
44554597,4
44555813,1
44555868,2
44555877,2
44556216,1
44557770,1
44560296,7
44561781,1
44564908,1
44566511,1
44566826,1
44567602,2
44568940,1
44569586,1
44574173,1
44574664,2
44575175,1
44581351,1
44581855,1
44582024,1
44583378,1
44583587,1
44584709,1
44584820,1
44584953,1
44585623,1
44586017,1
44586173,1
44592139,2
44592859,1
44599509,1
44599990,1
44600857,1
44605634,1
44615082,1
44617544,1
44618045,1
44624051,1
44625755,18
44626340,1
44626763,1
44628289,1
44629811,1
44630563,1
44630627,1
44632449,1
44633006,1
44636005,1
44640095,4
44642541,1
44644893,1
44645503,1
44647073,1
44650797,1
44651166,1
44651735,1
44654650,2
44655514,2
44659328,1
44661017,1
44661169,1
44663509,1
44666164,1
44667359,2
44667923,1
44673936,1
44674947,1
44675400,1
44676595,1
44676913,1
44677287,1
44677853,1
44682316,1
44687091,2
44692884,1
44692964,1
44693414,7
44696525,2
44700903,1
44701443,4
44703535,1
44704329,1
44707796,1
44710126,1
44710321,1
44711398,1
44711426,1
44712452,1
44712657,1
44713013,1
44715710,1
44716176,4
44718227,1
44721222,1
44722110,1
44727433,1
44728102,1
44728597,1
44731169,1
44731853,30
44731962,1
44732098,1
44733455,1
44735357,1
44735775,2
44737477,1
44738106,1
44738238,1
44739925,1
44747555,1
44747582,1
44748411,1
44749089,1
44750101,1
44751733,1
44755881,3
44758175,1
44758342,1
44760141,1
44760934,1
44763145,3
44768467,1
44771074,1
44773225,1
44774060,1
44775418,1
44778388,1
44778675,1
44784329,1
44785497,1
44787068,1
44789526,1
44790376,1
44791442,1
44792479,1
44794639,2
44803373,1
44805611,1
44809524,1
44810238,1
44810826,3
44810927,1
44813019,1
44814851,1
44814983,2
44817089,1
44817283,1
44817328,2
44822672,2
44823470,1
44829130,1
44829424,2
44829441,1
44829966,2
44830446,1
44830816,1
44830902,1
44832024,1
44832440,1
44836805,1
44839682,1
44839720,1
44844483,1
44845810,1
44848610,1
44849308,2
44850845,1
44851296,3
44853914,1
44853996,2
44857594,1
44858053,2
44859052,1
44864039,3
44864595,1
44865417,1
44866030,1
44866548,1
44869999,1
44870586,1
44876764,1
44879228,2
44879419,1
44883241,1
44884305,2
44885312,2
44885686,1
44885938,1
44886021,1
44886613,1
44889134,2
44890900,1
44892162,1
44893767,1
44894545,1
44899031,1
44901318,1
44902122,1
44902354,1
44905552,1
44907262,1
44909312,1
44912044,1
44912814,1
44916498,1
44918279,1
44918353,1
44920047,2
44923736,1
44924301,1
44924755,1
44926746,1
44929439,1
44929582,1
44931351,1
44933603,1
44934893,1
44936318,1
44937285,1
44938780,3
44939474,1
44940198,3
44940559,1
44941569,1
44945134,1
44946793,1
44949153,1
44949191,1
44949529,1
44951085,1
44951950,1
44956361,1
44957813,1
44958280,1
44958890,1
44960388,1
44961618,1
44966423,1
44969551,3
44970708,1
44972065,1
44972241,1
44974456,3
44974774,1
44977152,1
44978403,1
44980676,1
44984411,1
44986456,1
44987427,1
44988015,3
44989403,1
44992001,1
44997663,1
44999062,4
45000188,2
45000573,1
45002549,1
45002912,2
45004799,1
45007708,1
45007968,1
45008340,1
45010940,1
45011676,1
45011765,1
45014328,1
45014723,1
45015578,1
45016713,3
45019322,1
45019334,2
45025121,1
45028000,1
45030622,2
45031749,3
45035381,3
45037280,1
45038997,2
45039701,1
45039858,1
45041039,1
45042012,2
45043680,1
45045573,1
45049518,12
45050119,1
45053646,1
45055591,2
45055869,1
45056531,1
45061178,1
45061561,1
45062944,1
45063308,1
45063416,3
45064537,1
45068560,1
45073127,1
45077234,1
45077564,1
45080628,1
45083015,2
45087308,5
45087636,1
45088434,1
45089120,2
45091266,1
45092066,1
45109846,1
45112598,2
45112616,1
45114149,1
45118256,1
45118628,1
45119053,1
45119900,1
45120265,1
45120286,9
45123002,5
45125089,1
45128109,1
45128953,1
45131214,1
45131268,1
45132264,1
45133325,1
45134456,1
45138616,1
45139963,3
45143324,1
45143546,1
45144234,1
45152036,2
45153065,1
45154377,1
45155356,1
45156301,1
45156478,2
45158982,1
45160128,1
45167109,1
45167924,1
45168463,2
45172046,1
45173356,1
45173463,1
45175391,1
45175813,1
45175899,1
45177266,2
45178369,1
45183506,1
45184107,1
45185540,1
45188678,2
45189732,2
45190957,2
45194193,1
45194633,2
45197091,2
45197661,1
45197896,1
45199834,2
45204384,1
45206072,3
45207185,2
45207238,1
45211696,2
45215337,1
45218948,3
45221915,1
45223149,11
45223711,1
45223758,2
45226019,1
45228183,1
45230319,1
45231115,1
45235990,1
45236091,1
45237147,1
45238224,1
45240514,1
45240616,1
45241824,1
45242966,1
45245217,6
45245413,1
45249737,3
45253504,1
45254419,1
45256119,1
45256429,2
45258464,1
45265096,1
45265885,1
45267069,1
45268208,1
45271028,1
45271312,1
45273438,1
45276188,1
45276230,5
45277841,1
45278128,2
45278491,1
45279647,2
45283983,1
45284000,1
45284807,15
45285793,1
45291332,1
45295289,2
45295574,1
45297954,1
45300801,2
45300954,1
45301465,1
45302446,1
45303285,1
45304245,1
45305616,1
45306318,1
45306588,1
45306629,1
45308583,1
45311284,1
45314033,3
45315468,1
45320587,1
45320773,1
45320896,2
45321046,1
45328953,1
45331570,1
45337298,2
45339081,1
45339261,1
45340976,1
45341665,4
45343045,1
45343047,2
45343230,1
45344702,1
45346134,1
45349787,1
45350669,1
45354582,1
45355669,9
45357097,1
45357189,2
45357706,1
45357889,2
45358929,1
45363185,1
45366380,1
45370862,2
45372428,2
45372692,2
45373579,1
45375555,1
45376226,1
45378309,1
45378706,1
45381729,1
45382009,1
45392501,2
45392878,1
45393523,1
45394149,1
45396283,1
45397350,1
45397619,2
45399746,1
45400371,1
45400495,1
45401287,1
45401585,2
45401778,1
45401956,1
45403585,1
45407706,1
45411798,1
45413343,1
45415707,1
45416780,2
45418084,1
45419114,6
45421373,1
45421523,1
45423342,1
45424973,1
45425874,1
45427795,1
45427994,1
45428864,1
45428909,1
45431483,1
45432816,1
45433074,1
45434949,2
45435292,1
45435547,1
45435697,1
45436231,1
45439336,3
45445203,1
45446756,1
45449617,1
45452959,1
45456982,1
45457064,1
45457106,1
45457807,1
45458479,1
45460662,1
45460895,1
45461080,2
45462862,1
45465777,3
45466483,1
45467660,2
45469727,1
45470435,1
45470527,2
45472152,1
45472305,1
45473710,19
45474176,2
45474476,1
45478585,1
45480013,1
45480250,1
45481663,2
45484286,2
45484465,1
45487478,3
45494769,1
45497006,3
45498008,1
45500175,6
45501153,1
45501681,1
45503962,1
45504097,2
45506520,2
45508594,1
45509171,2
45514403,2
45515247,2
45518401,1
45518499,1
45524832,1
45528181,1
45528184,1
45535471,1
45538884,1
45540226,1
45540807,1
45543472,1
45546371,1
45550349,1
45552772,1
45552965,1
45558870,1
45559588,1
45560157,1
45562164,1
45562678,2
45564009,1
45568249,1
45572531,1
45572802,2
45577319,1
45579307,1
45580135,1
45583403,1
45587023,1
45587653,1
45588259,1
45588897,1
45589283,1
45595469,1
45595743,1
45598311,1
45600265,1
45601852,1
45602490,1
45602668,1
45602706,1
45602750,1
45602818,1
45606728,1
45608446,1
45608596,2
45608843,1
45611052,2
45612615,2
45613091,1
45614260,1
45615131,1
45615764,1
45618269,1
45621046,1
45622384,1
45623085,1
45627195,3
45627740,1
45632340,1
45632486,1
45633306,6
45634086,1
45636182,1
45637673,1
45637839,1
45639056,1
45641304,1
45643405,1
45652181,1
45654589,2
45655812,2
45655998,1
45658637,1
45663282,1
45672915,1
45677685,2
45678797,1
45680124,1
45681289,1
45684863,1
45684931,1
45686695,1
45687104,1
45690485,3
45691909,1
45692988,1
45698697,3
45698751,1
45699453,1
45702021,1
45702201,1
45711426,1
45713039,1
45713124,1
45714136,1
45715923,1
45716427,1
45729839,1
45731086,1
45731142,1
45731209,1
45732234,1
45733227,1
45739182,1
45743826,1
45744272,1
45745020,1
45745361,1
45746453,1
45747153,1
45747284,1
45748739,1
45751234,1
45754842,1
45756659,1
45758397,2
45761076,2
45762102,1
45764351,1
45766333,1
45766689,2
45767790,1
45768757,3
45769613,1
45771089,1
45771290,4
45773626,2
45775115,5
45776552,1
45776568,2
45777649,1
45779306,1
45779736,2
45788378,1
45789432,1
45791646,1
45791971,2
45792875,1
45793369,1
45794263,1
45794690,1
45795643,1
45796057,1
45797398,1
45799067,1
45800497,3
45801246,3
45802425,1
45805481,3
45806104,1
45806644,1
45808377,1
45809698,1
45813325,1
45814424,8
45814514,1
45816368,1
45822861,1
45823307,2
45829944,1
45831483,1
45832263,1
45832694,1
45835376,1
45836458,1
45837110,2
45838740,5
45840242,2
45842453,1
45845104,1
45846680,31
45848755,1
45851398,1
45851913,1
45855997,2
45856869,1
45865346,1
45865905,1
45866540,1
45868127,1
45871053,1
45872594,2
45877205,1
45879150,1
45879554,1
45883098,1
45883934,4
45889811,1
45889982,1
45890877,1
45890981,1
45894092,1
45894755,1
45896125,1
45898765,1
45900003,1
45900007,1
45902385,1
45905636,1
45907839,1
45908621,1
45910324,1
45913994,1
45914055,1
45914991,1
45916977,2
45918066,1
45918788,1
45920212,4
45921717,1
45921925,1
45925107,2
45926653,1
45927002,2
45937125,1
45937457,1
45938752,3
45941552,1
45943792,1
45944771,1
45944907,1
45947000,1
45957653,1
45964513,1
45966812,1
45967682,1
45968297,1
45969111,1
45976534,1
45979403,4
45981665,1
45983803,1
45985110,1
45986291,1
45986774,2
45988729,1
45989402,1
45990840,15
45993800,1
45995939,1
45996221,1
45996472,1
45996980,1
45997988,1
46000780,1
46001373,1
46001718,1
46002279,1
46003271,1
46006428,1
46006584,1
46007463,1
46008310,2
46012106,1
46012170,1
46018261,1
46018569,1
46026224,11
46027326,1
46028682,1
46032045,1
46032870,1
46036650,1
46037193,1
46037925,3
46042882,3
46044780,1
46046888,1
46049788,2
46051962,1
46054256,1
46054622,1
46054918,1
46055150,1
46056607,1
46058786,5
46061276,1
46064207,1
46064950,1
46064965,1
46066525,1
46069120,1
46069548,2
46070607,2
46072197,6
46073249,1
46073324,1
46074620,1
46075672,1
46075793,1
46076423,1
46077148,1
46081951,2
46083076,2
46083712,1
46087766,1
46089061,56
46089883,1
46094197,1
46095583,1
46099662,1
46101415,1
46104155,1
46105336,1
46105817,1
46106514,1
46106653,2
46108818,2
46108882,1
46116325,1
46116576,1
46116654,7
46117155,1
46120187,1
46125389,1
46127442,3
46129892,1
46130033,2
46132780,1
46134061,1
46134316,2
46140319,1
46143783,1
46144088,1
46150955,1
46157852,3
46160224,16
46161333,1
46162900,1
46163001,1
46165057,1
46172127,1
46172599,1
46176197,1
46180287,1
46182136,3
46184553,2
46185646,1
46185704,1
46186040,1
46186834,1
46187661,1
46189187,2
46191403,1
46197366,1
46201448,1
46202169,1
46204468,3
46207217,3
46212343,2
46222311,1
46228294,1
46230691,1
46230799,1
46235446,3
46235762,1
46235901,1
46236415,1
46239415,2
46239552,1
46242609,1
46248573,1
46255826,1
46257175,1
46258334,1
46259995,1
46262455,1
46264039,1
46264193,1
46266548,1
46270010,1
46273024,1
46274563,1
46276399,3
46278329,1
46280169,1
46280267,1
46280275,1
46283855,6
46285753,2
46286258,1
46286461,1
46289043,1
46289453,6
46292025,1
46293438,1
46309122,1
46309679,1
46316798,2
46316865,1
46321596,1
46326698,1
46327069,1
46330693,1
46331884,4
46337374,1
46342397,2
46343717,2
46343881,1
46346304,1
46346433,1
46346439,1
46352094,1
46354235,1
46356465,1
46362843,1
46364355,1
46364408,1
46367227,1
46368349,2
46369841,1
46376831,1
46378562,2
46391573,5
46391729,2
46394766,3
46394987,1
46396314,2
46400138,2
46403003,1
46404317,1
46407155,1
46409878,1
46415742,2
46426671,1
46429845,1
46431857,1
46435269,1
46440055,1
46441866,1
46445884,2
46450090,1
46457411,1
46457635,2
46462502,1
46464447,1
46466006,2
46474788,1
46476005,1
46478034,1
46489013,1
46495204,1
46502407,1
46502994,1
46505411,1
46513214,2
46521112,1
46521603,2
46522993,2
46523719,1
46525003,3
46526182,4
46527328,1
46528165,1
46531623,1
46532375,1
46532942,1
46533886,3
46540005,1
46544341,1
46544515,2
46545252,1
46550600,1
46551400,1
46554182,1
46554277,1
46554778,1
46555101,1
46556240,1
46572794,1
46573895,5
46574037,2
46575545,2
46580368,1
46585022,1
46587281,1
46594972,1
46595305,1
46595966,1
46596003,1
46598089,2
46598788,1
46605550,1
46606646,2
46615079,1
46618268,2
46618693,2
46623080,1
46624210,1
46626229,1
46628662,1
46631066,2
46632141,1
46643456,1
46648370,1
46649023,2
46654055,4
46659556,1
46659831,1
46659959,1
46660030,1
46664182,1
46668577,1
46671090,1
46671137,3
46671774,1
46675473,1
46686035,3
46687438,1
46688469,3
46692648,1
46693594,1
46696031,1
46697098,1
46698217,1
46708536,1
46713069,1
46722997,1
46723579,1
46723625,1
46724342,1
46725897,1
46728258,1
46728516,1
46729674,1
46730114,1
46732175,1
46732723,1
46733035,1
46736118,1
46740601,1
46741596,1
46742315,1
46743051,1
46745920,1
46746142,1
46753669,1
46754988,2
46755977,1
46761277,3
46761961,1
46763534,1
46764071,1
46764944,1
46768869,2
46770623,1
46770712,4
46771917,1
46772272,1
46772397,1
46773380,1
46774881,1
46778251,1
46778619,2
46778992,1
46779765,1
46780101,1
46785082,1
46786428,3
46788641,1
46788651,3
46789606,1
46789917,1
46790514,1
46793630,1
46795981,1
46798148,3
46799304,2
46801731,1
46805302,2
46807356,1
46808190,1
46809127,1
46811763,1
46814788,1
46815430,1
46816788,1
46819356,1
46820222,2
46825557,1
46825940,1
46827820,1
46833136,1
46833388,1
46835788,1
46837562,1
46838870,1
46839289,1
46839861,1
46841748,1
46842119,1
46849857,6
46850388,1
46855729,1
46855986,1
46856618,8
46857332,1
46860564,1
46861078,1
46863935,3
46864361,1
46865814,1
46868753,1
46871101,2
46873216,1
46880233,1
46882971,1
46884410,1
46885923,1
46886063,5
46897942,1
46898647,1
46898979,1
46899804,1
46899882,1
46901484,1
46903946,1
46908029,1
46908758,1
46908800,1
46909483,4
46909719,1
46909947,2
46922171,1
46930300,3
46931224,1
46931479,2
46933300,1
46935429,1
46936545,3
46939068,1
46949608,1
46950655,1
46952890,1
46954017,1
46959417,1
46959642,1
46960060,1
46961901,4
46964350,2
46968433,1
46969113,1
46969826,2
46977147,1
46982758,1
46983032,1
46983871,33
46987841,1
46988047,1
46989007,2
46994650,1
46996214,1
46996844,1
46998715,1
46999252,1
46999862,1
47002965,2
47003401,1
47004636,2
47009190,1
47010739,1
47014068,9
47014143,2
47015427,3
47022403,1
47025271,1
47036549,1
47036751,1
47038634,1
47041430,1
47041439,1
47050820,1
47058396,1
47059009,1
47059390,4
47066779,1
47067966,1
47069133,1
47072033,1
47074434,1
47076877,1
47077052,2
47080141,1
47080724,1
47080772,2
47081119,1
47081438,1
47083018,6
47086621,1
47088565,1
47089660,1
47090138,1
47093998,2
47095940,1
47097022,1
47097435,1
47098243,2
47099783,1
47099824,6
47101234,1
47101623,1
47103865,3
47106844,1
47110746,1
47111973,2
47116329,1
47116513,1
47120322,1
47137930,1
47141922,1
47141978,2
47142408,1
47146904,1
47147414,2
47148685,1
47150222,1
47152085,1
47153319,1
47156203,1
47156926,1
47160785,1
47161160,1
47161791,2
47162134,1
47162160,1
47164950,2
47170701,1
47171600,1
47185960,1
47186936,1
47189842,1
47190583,1
47190708,1
47191055,2
47194573,1
47195060,3
47196178,1
47199623,2
47201935,1
47201959,1
47203175,2
47203761,2
47209415,1
47210463,1
47212405,1
47214404,1
47214852,2
47216879,1
47216986,1
47223596,1
47226334,2
47226757,1
47228528,1
47229441,1
47230465,1
47231976,1
47233556,1
47235359,1
47236459,1
47240425,1
47240924,1
47241015,1
47241270,1
47242851,1
47244237,1
47246905,1
47247198,2
47248854,1
47251840,1
47255065,2
47258246,1
47259848,1
47262542,1
47263170,2
47264106,1
47264736,1
47265031,1
47265808,1
47266192,1
47266731,1
47267567,1
47267841,1
47270396,1
47271949,1
47272863,3
47275517,2
47277049,1
47278339,1
47285861,1
47287966,1
47292253,1
47296443,1
47296505,1
47298528,1
47301388,1
47301431,1
47303730,5
47304230,1
47304745,1
47305591,1
47306974,1
47307105,1
47307757,3
47308634,2
47311075,1
47311407,1
47314764,2
47315079,4
47319791,1
47321019,2
47322050,1
47324071,1
47324297,1
47327380,1
47327562,1
47330419,3
47333518,3
47338652,3
47340262,3
47342197,2
47342570,1
47343571,1
47344642,1
47346111,3
47348441,1
47348453,1
47350685,1
47352611,1
47353306,1
47360600,2
47362354,1
47363589,1
47367001,1
47367818,2
47370515,1
47372822,2
47373894,2
47375010,1
47380248,3
47380722,1
47384195,1
47384356,1
47387033,1
47388418,1
47390213,1
47392251,1
47397585,1
47399085,1
47400152,2
47404557,1
47404872,1
47406980,2
47407933,3
47408783,1
47409904,1
47411240,1
47411548,1
47412112,1
47414178,1
47415094,1
47415451,2
47417012,1
47421499,1
47423201,1
47424598,1
47429566,1
47430711,1
47431761,1
47433236,1
47435964,1
47439604,1
47440702,1
47441187,1
47441421,2
47443848,1
47444200,1
47446574,1
47448726,2
47452338,2
47452624,1
47459172,3
47461712,1
47462488,1
47462971,1
47464314,1
47466131,1
47466719,1
47468200,2
47470073,9
47474281,1
47477016,1
47479924,1
47483144,1
47487834,1
47493375,1
47494032,1
47494146,1
47496235,1
47501102,17
47503924,2
47504537,1
47505035,1
47508884,1
47509369,1
47509836,1
47515811,1
47516886,1
47518288,1
47518615,1
47520374,2
47520547,1
47523096,1
47527662,1
47528419,1
47529156,5
47529218,1
47529620,1
47530066,1
47532114,1
47533932,1
47536403,1
47538903,1
47539455,1
47541963,2
47547441,2
47551508,1
47551762,1
47552649,1
47552969,1
47553010,1
47553788,1
47554110,1
47558123,1
47559178,1
47561465,1
47562212,2
47565926,1
47571182,1
47571284,24
47572325,1
47574143,2
47575373,1
47576334,1
47576335,1
47582992,1
47583756,1
47584503,5
47586230,1
47591429,1
47592083,1
47596501,1
47597385,1
47600241,1
47605133,1
47605425,1
47606349,1
47606952,2
47610626,1
47611621,2
47611795,1
47612784,1
47615288,1
47622811,1
47622924,1
47625648,1
47630423,2
47632758,2
47635546,1
47636080,1
47637790,1
47637794,1
47639220,1
47640708,1
47644181,1
47645159,1
47650418,1
47650566,2
47650610,3
47654576,1
47654638,1
47657010,2
47660958,2
47663898,1
47665116,1
47667331,1
47669921,2
47672305,1
47673263,2
47673584,4
47673632,1
47674369,1
47674403,1
47676713,10
47677601,1
47678880,1
47681296,1
47681415,1
47682598,1
47683487,1
47683951,3
47685222,2
47686697,1
47689822,1
47691234,1
47692344,3
47693130,1
47695601,1
47697619,1
47698156,2
47699426,1
47700816,1
47703177,1
47706842,2
47707538,1
47707958,1
47708287,1
47709115,1
47711398,1
47713018,1
47713191,1
47720091,3
47728098,1
47728440,1
47728610,1
47728680,1
47730378,1
47730459,1
47732040,1
47732187,2
47735595,1
47740428,1
47744422,1
47747378,1
47750597,2
47754042,1
47754288,1
47754798,4
47755995,1
47756826,1
47758390,1
47760078,3
47760826,1
47762742,1
47762784,1
47763103,1
47763618,1
47766723,3
47768405,1
47770876,1
47771159,1
47773302,1
47773892,1
47774663,1
47779896,1
47781254,1
47783841,1
47785582,1
47793190,1
47793606,1
47794701,1
47795583,1
47796274,2
47797256,1
47797304,1
47805827,1
47807266,1
47807790,2
47809954,1
47811532,1
47811583,1
47812376,2
47812721,1
47812850,1
47813442,1
47816680,1
47816874,1
47819447,1
47819584,1
47820734,1
47822576,2
47824235,1
47827284,1
47827346,1
47830755,1
47832591,1
47834729,5
47835806,1
47836059,1
47836193,2
47841370,1
47846141,1
47848523,1
47848665,1
47850263,2
47852213,1
47854721,1
47856279,4
47856521,1
47856701,1
47857001,1
47859703,1
47860539,2
47863000,4
47863526,1
47867202,1
47868357,2
47869150,1
47869706,1
47869944,1
47871122,2
47871293,1
47872807,1
47880099,1
47881267,4
47881710,1
47883992,1
47885492,2
47886215,4
47887975,1
47892622,1
47892882,1
47897067,1
47904961,3
47905620,1
47906150,1
47906198,1
47906955,7
47909962,9
47911579,1
47911799,1
47913710,1
47914576,1
47914830,1
47915951,1
47916548,1
47920709,1
47922733,1
47924474,2
47926359,1
47928210,1
47931079,1
47938431,11
47938809,1
47938954,1
47941707,1
47943883,1
47948597,1
47949767,1
47950934,1
47952193,1
47954485,1
47955156,1
47957056,2
47959143,1
47959201,1
47959423,2
47963259,3
47967972,2
47970863,1
47971687,1
47973947,1
47974328,1
47974532,1
47979532,2
47984649,4
47985709,1
47987709,1
47990242,1
47990582,1
47991114,1
47991467,1
47991696,1
47991713,3
47994043,1
47994127,1
47994338,1
47994531,1
47998445,1
47999318,1
48000707,1
48002832,1
48003623,2
48005565,1
48005714,1
48007885,1
48014676,1
48023479,1
48026538,1
48039452,1
48041045,1
48041143,1
48043012,1
48044304,1
48048626,1
48049083,2
48052138,1
48054003,1
48057989,1
48062025,2
48063201,1
48066529,1
48071137,1
48075351,7
48075515,2
48076410,1
48077209,1
48079699,1
48080766,1
48082042,1
48084312,4
48084780,1
48085826,2
48087124,1
48087900,1
48088779,1
48089699,1
48098103,1
48102814,1
48109181,1
48118348,1
48118536,1
48118981,1
48119026,1
48122793,1
48125127,1
48129269,1
48130339,1
48130468,1
48131307,1
48131995,1
48132767,1
48134029,2
48135413,1
48135836,16
48136700,1
48137572,1
48139095,1
48144440,1
48147339,1
48148886,2
48149307,2
48150184,1
48151041,1
48151595,2
48153230,1
48153708,1
48155042,2
48155055,1
48155271,1
48156271,1
48156969,1
48157793,1
48158375,1
48158729,1
48161595,1
48164035,1
48167713,1
48169581,1
48170244,1
48172169,1
48174205,1
48175823,1
48175982,1
48176570,1
48177502,1
48179397,1
48179716,2
48179812,2
48182143,3
48184380,2
48184923,1
48185764,1
48189343,1
48190150,1
48191047,1
48194113,1
48194215,3
48194809,1
48198145,1
48199385,1
48199435,1
48200032,1
48201015,1
48201302,2
48202008,1
48202361,1
48203243,1
48204272,1
48210840,1
48211950,1
48214005,1
48214366,1
48214512,1
48215946,1
48218228,1
48220479,1
48221005,1
48221657,2
48224738,1
48225443,1
48227105,2
48227561,1
48227900,1
48228030,1
48228801,4
48230568,2
48232267,4
48232730,1
48233483,16
48235210,2
48237181,1
48238894,1
48239844,1
48241267,1
48242885,8
48243164,2
48245050,3
48245461,1
48245791,2
48246209,9
48246489,1
48248040,1
48249859,1
48249861,4
48251452,1
48255718,1
48256747,1
48257954,1
48266123,1
48266763,1
48269651,1
48270273,1
48270797,1
48271377,2
48271920,1
48271953,1
48273379,1
48274345,1
48275195,2
48275626,1
48276763,2
48276940,1
48278407,3
48278525,2
48279471,1
48281167,1
48282946,4
48284294,2
48286782,1
48287286,1
48287404,1
48288172,1
48288332,2
48288804,1
48291457,1
48292105,3
48292363,1
48295147,1
48295856,1
48296585,1
48296637,1
48297211,2
48297293,1
48298280,1
48298748,1
48299812,1
48301271,1
48302276,1
48302631,1
48302832,2
48304060,1
48304830,1
48304989,1
48305472,1
48306012,1
48306223,1
48308124,1
48308305,1
48310754,2
48311582,1
48312741,1
48312802,1
48313332,1
48314062,1
48314603,2
48315435,1
48316460,2
48316522,1
48320144,1
48322386,2
48324260,1
48326206,1
48328451,2
48334002,1
48334067,1
48336399,1
48338628,2
48342621,1
48343008,1
48343380,1
48345433,1
48348132,6
48348668,1
48349523,1
48350206,1
48350209,1
48350847,1
48350997,1
48351457,1
48352402,1
48352522,2
48353022,1
48353219,1
48354073,5
48354273,1
48356255,1
48358035,30
48361463,1
48362335,1
48363269,2
48363810,1
48365092,2
48365188,1
48365237,2
48365362,1
48365525,2
48366636,1
48368188,5
48369201,1
48371492,1
48371991,1
48374873,1
48376377,1
48378585,1
48378772,4
48379265,1
48379953,1
48382555,1
48382888,1
48385468,1
48388726,1
48388827,1
48391502,1
48392788,1
48392926,1
48393991,1
48395406,1
48396567,2
48398188,4
48401627,1
48403807,1
48404853,1
48405416,1
48405989,1
48406218,1
48406283,1
48407223,2
48411133,1
48411339,1
48412306,1
48413895,1
48414038,1
48414217,1
48415631,1
48416430,2
48416741,1
48416808,1
48417898,1
48417917,1
48418216,1
48419146,1
48420685,1
48428634,1
48428861,2
48429137,1
48431217,1
48439161,4
48439598,1
48440140,1
48440410,1
48440823,1
48441179,1
48441347,3
48442234,1
48442699,1
48444492,1
48445487,1
48447531,1
48448234,1
48452939,3
48454798,2
48454840,1
48455287,1
48455920,1
48458004,1
48459026,1
48459818,1
48461769,1
48464133,1
48465988,1
48468686,1
48469083,1
48469159,1
48469522,1
48470323,1
48471229,1
48471832,1
48473720,1
48474272,1
48475025,1
48478651,1
48479572,2
48479791,2
48479814,1
48480741,1
48480872,1
48481716,1
48482191,1
48484401,1
48486187,2
48486228,39
48486887,2
48487528,1
48488818,1
48489012,1
48489354,1
48491535,1
48492681,1
48493633,1
48494605,1
48494766,1
48495113,1
48496986,2
48497145,1
48497570,1
48498162,1
48499618,1
48499630,2
48499766,1
48501302,3
48501363,1
48501700,1
48503080,1
48504063,1
48504688,1
48506247,2
48507845,1
48509314,3
48509428,1
48512598,1
48513860,1
48514228,1
48518789,1
48520164,1
48520567,1
48523194,1
48524499,1
48525278,1
48525441,1
48525773,1
48526301,2
48528051,1
48528885,1
48528888,1
48530416,1
48531622,1
48533212,1
48533284,1
48534359,2
48534666,1
48535623,1
48538075,2
48538619,6
48539970,1
48541186,1
48542440,3
48544191,1
48545873,1
48546251,1
48547860,1
48548387,1
48549582,1
48550309,1
48550436,1
48551150,1
48553838,1
48554097,1
48555629,1
48558106,1
48558357,1
48559925,1
48560497,1
48560583,1
48561230,1
48564257,1
48567334,1
48567732,3
48568409,6
48570488,2
48571383,1
48573845,1
48578782,1
48579090,1
48579921,2
48581126,1
48585655,3
48587733,4
48589839,2
48590790,1
48592623,1
48593316,1
48593369,1
48595486,1
48595560,1
48597371,3
48599568,1
48600920,1
48601002,2
48603950,3
48605004,1
48605546,1
48607733,3
48609912,1
48611413,1
48611534,1
48613324,1
48614708,1
48617439,1
48620187,4
48620598,8
48622293,2
48624649,1
48625446,1
48625811,1
48630572,1
48633933,1
48634309,1
48634473,1
48636659,5
48637601,1
48638107,1
48638365,6
48639099,1
48639882,5
48640585,1
48645100,1
48646342,3
48647459,5
48650355,1
48650640,2
48653818,1
48655965,2
48656222,1
48656751,1
48660492,1
48662384,1
48663281,1
48664210,1
48664255,1
48664439,1
48666709,1
48666892,1
48667410,1
48667725,20
48667777,1
48668651,1
48669406,1
48669776,2
48670074,1
48670807,1
48670959,1
48673961,1
48674355,1
48674393,1
48679465,1
48679772,1
48684479,1
48685544,3
48686100,4
48688230,4
48691706,1
48692576,1
48693174,2
48694281,1
48698654,2
48699479,1
48699836,1
48701985,1
48702788,1
48704469,1
48704754,1
48706517,2
48708826,1
48709711,1
48710461,1
48712979,1
48713035,1
48714974,8
48716163,1
48717111,1
48717655,8
48721690,1
48724162,1
48724532,1
48724868,1
48729327,1
48730918,1
48733748,1
48734381,1
48735266,1
48738119,3
48741397,1
48742752,2
48743881,1
48745371,2
48747338,1
48748759,1
48752740,1
48755726,1
48755970,1
48758684,1
48760113,1
48761968,1
48762097,1
48768653,1
48770245,1
48770989,1
48773300,1
48774089,1
48775278,7
48777542,1
48778344,1
48780066,1
48782136,1
48782322,1
48782381,1
48785078,3
48786033,1
48789052,1
48796781,1
48797527,1
48797948,1
48798024,1
48800700,1
48801519,1
48803313,1
48804008,1
48806525,1
48806961,1
48807437,1
48811875,2
48815307,1
48815716,2
48815919,1
48819170,2
48819665,1
48820139,1
48820396,1
48821432,2
48822109,1
48822730,1
48822763,1
48825235,1
48826745,1
48831321,3
48832752,1
48833424,1
48833834,1
48834024,1
48834645,1
48838075,4
48838797,1
48841739,1
48841968,1
48842714,1
48843365,1
48843562,1
48844340,1
48845105,1
48845796,1
48846257,2
48846889,1
48849444,1
48849861,1
48852823,2
48853065,1
48857500,1
48859736,1
48859763,2
48860585,1
48865425,2
48866159,1
48869134,1
48870796,1
48871786,1
48872045,1
48872282,1
48872891,1
48874655,1
48875159,2
48877671,1
48884321,2
48884380,1
48884837,1
48888204,1
48891287,1
48893894,1
48895458,1
48898083,1
48900397,3
48911870,2
48911937,1
48913120,1
48915215,2
48921401,2
48922630,2
48922900,1
48926188,1
48926733,1
48926772,1
48927127,1
48928768,1
48929147,1
48929339,1
48929453,1
48929851,1
48930207,1
48930217,1
48930366,1
48930367,1
48931596,1
48932436,1
48932505,14
48933531,1
48933823,2
48934656,1
48937549,6
48937609,1
48937716,2
48939122,2
48940097,1
48940313,2
48940515,1
48941901,1
48942084,1
48944574,1
48945312,1
48945883,1
48946847,1
48947313,2
48947634,1
48948108,1
48949721,11
48950495,1
48950771,1
48951298,2
48952441,3
48952753,1
48954106,1
48954605,1
48955013,2
48957112,1
48957541,1
48957564,1
48958697,3
48959235,1
48960510,1
48963144,3
48963722,13
48965075,1
48965785,2
48966571,1
48967754,1
48967879,1
48970869,1
48973738,1
48974088,1
48974113,6
48974188,1
48974453,1
48974905,1
48976790,1
48977214,1
48977232,1
48977339,2
48978235,1
48978439,1
48982382,1
48983464,1
48983732,1
48984735,1
48984761,2
48986606,1
48987621,2
48989034,10
48990390,1
48991645,7
48991994,1
48992022,2
48992285,1
48993662,1
48993726,2
48994471,1
48994642,2
48996327,1
48997012,4
48997618,1
48999872,1
49000536,1
49000954,3
49001043,1
49001150,2
49001707,1
49002361,1
49004031,2
49004273,1
49004965,1
49005561,2
49005894,1
49006037,1
49006415,1
49007045,1
49009323,4
49010601,1
49011144,1
49012070,1
49012944,1
49012948,1
49014184,1
49014348,1
49014373,5
49016363,1
49016547,1
49016745,1
49017760,1
49018120,1
49019402,5
49019551,3
49023530,1
49023678,1
49025903,3
49027421,1
49029401,1
49034268,1
49034609,1
49034846,1
49035438,2
49036035,3
49036618,1
49037222,1
49037570,1
49037781,1
49038953,5
49041679,2
49041904,2
49042814,1
49043792,1
49046329,1
49048334,1
49049423,1
49049652,2
49051134,1
49051189,1
49051456,2
49052518,1
49053161,1
49053395,1
49053410,1
49053613,2
49053650,1
49053937,1
49055476,1
49055537,1
49055989,2
49056325,1
49056735,7
49058274,3
49058455,2
49060101,1
49060134,1
49061004,3
49062097,2
49062584,1
49063372,1
49063697,1
49063904,2
49066426,1
49067443,1
49068031,1
49068919,1
49069124,3
49069172,3
49070248,1
49070674,1
49071015,1
49071571,1
49072387,1
49073322,1
49073476,1
49074253,1
49074789,1
49074873,1
49076065,1
49076246,1
49078560,1
49078933,1
49080275,2
49081202,1
49082299,1
49083971,1
49084370,14
49084794,1
49085273,2
49085873,1
49086159,1
49086207,1
49086617,1
49086832,3
49091539,1
49092582,2
49092859,1
49093008,1
49093924,1
49094691,3
49094891,1
49095835,1
49095993,1
49095994,19
49096050,1
49097553,1
49097690,2
49097813,4
49098286,4
49098377,1
49099007,2
49099321,2
49099355,3
49101683,1
49101979,1
49102195,1
49102881,2
49102989,1
49104592,2
49104808,2
49105217,1
49105912,1
49105967,2
49106405,1
49107001,1
49109688,7
49110230,1
49110251,1
49110380,1
49111234,1
49111542,1
49111640,1
49112802,1
49112822,1
49113443,1
49113935,1
49114198,1
49114497,1
49115690,1
49116215,1
49116246,1
49116273,1
49116533,1
49116649,1
49116866,2
49117025,1
49117125,1
49117191,1
49117982,1
49118764,1
49119237,1
49119834,1
49120701,2
49120841,2
49121324,1
49121950,1
49123676,1
49125049,1
49125295,1
49125933,1
49126303,1
49126393,1
49127322,1
49128395,1
49129501,1
49129722,1
49130449,1
49131881,1
49132190,3
49132232,1
49135559,1
49136084,2
49137014,1
49137155,1
49137212,1
49138664,1
49138798,1
49139502,1
49140087,1
49140252,2
49141098,1
49142041,1
49142229,1
49144420,1
49144565,1
49144668,1
49145199,1
49145398,1
49145929,1
49147199,1
49147889,1
49150748,4
49151128,1
49151336,1
49151786,1
49152247,2
49152351,1
49153005,1
49153204,1
49153321,1
49153776,1
49154378,1
49154598,1
49155130,2
49155339,1
49156522,3
49156644,1
49156940,1
49158145,1
49158278,1
49158850,4
49159760,1
49161738,1
49162763,1
49162928,1
49164331,11
49165417,2
49166005,1
49166141,1
49168161,1
49168336,1
49169227,1
49169520,1
49171309,1
49172201,1
49173158,1
49173842,1
49175051,4
49175154,1
49175290,1
49175467,2
49176441,1
49177065,1
49177503,1
49178908,1
49180756,1
49181540,1
49181953,1
49182155,2
49182352,1
49183786,1
49186968,1
49187160,2
49187423,1
49188527,1
49189532,2
49189540,1
49189846,1
49189997,4
49190936,1
49191503,1
49192746,1
49194026,1
49194598,2
49195104,1
49196498,1
49196880,1
49197778,1
49200186,1
49202519,1
49203285,1
49204186,3
49204223,1
49204661,1
49206154,1
49206646,1
49207500,1
49207834,1
49208003,1
49208466,1
49209465,1
49211203,2
49212848,1
49213285,2
49213409,1
49214514,1
49214635,1
49214791,1
49214860,1
49215165,1
49215490,1
49215899,1
49216591,1
49216654,1
49218032,1
49218065,1
49219516,1
49220589,3
49221174,1
49221278,1
49222398,1
49222700,1
49223989,1
49224195,1
49225154,1
49225197,1
49225613,1
49226901,2
49226913,1
49227254,1
49227279,1
49227620,1
49227805,6
49229016,1
49231028,1
49232576,1
49233025,1
49235752,1
49235893,1
49236441,1
49236521,1
49238211,1
49238591,1
49238826,1
49239200,1
49241116,1
49242769,1
49242880,1
49244233,1
49244593,2
49244708,1
49244729,1
49245082,2
49245395,1
49245503,1
49245873,1
49246940,1
49247000,3
49247012,1
49247448,1
49247657,1
49247737,1
49248323,1
49248343,4
49249146,1
49249446,1
49250781,1
49250925,1
49251048,1
49251296,10
49252144,1
49252478,1
49252673,7
49252739,2
49253058,1
49253674,1
49254067,2
49254562,1
49256316,1
49256448,1
49257270,1
49259086,1
49259197,1
49259235,2
49259243,1
49259804,1
49260053,2
49260528,1
49260857,1
49262066,2
49263167,2
49263512,4
49263945,1
49265029,1
49266393,1
49266792,1
49268248,6
49268959,1
49270992,1
49271165,3
49271488,1
49271668,1
49273990,1
49274489,1
49276039,1
49276299,1
49276519,2
49276628,16
49276835,1
49276922,1
49277237,1
49277510,1
49278846,1
49279907,1
49280463,2
49280830,1
49280895,4
49281850,1
49283316,2
49284003,1
49284133,2
49284541,1
49285618,1
49285819,1
49286338,3
49286822,4
49288804,1
49289876,1
49291125,1
49291576,4
49293137,1
49294454,1
49294589,2
49294891,1
49296253,2
49297570,2
49298311,2
49298802,2
49298983,3
49299352,2
49300688,1
49300764,1
49300910,2
49301414,1
49301555,1
49301836,1
49301898,1
49302050,2
49303811,1
49304127,2
49305689,1
49308371,1
49311157,5
49312900,1
49313181,1
49314306,1
49314444,1
49314555,2
49315161,3
49315939,16
49316186,1
49317447,1
49318456,1
49318733,1
49319302,1
49319655,1
49319815,1
49319852,1
49320291,1
49320544,1
49321159,1
49322003,1
49323187,1
49324023,1
49324980,1
49325338,1
49325342,1
49325467,1
49326375,1
49327091,1
49328438,1
49329639,1
49330487,1
49331363,1
49332224,1
49332250,1
49332535,3
49332621,3
49333863,1
49335823,1
49337540,3
49338064,1
49338731,3
49339155,1
49339594,1
49339596,1
49340088,1
49340629,1
49342515,1
49344407,1
49344947,1
49345545,2
49345585,3
49347698,1
49347994,1
49349035,1
49349053,1
49350790,1
49352603,2
49353331,1
49354763,2
49355174,2
49355567,45
49355571,1
49356916,1
49358047,2
49358063,1
49358667,1
49359268,2
49359546,1
49362173,2
49362327,1
49362674,1
49363231,2
49363426,1
49366059,2
49366623,1
49367462,1
49368872,4
49369115,1
49370244,1
49370947,1
49371105,2
49375170,1
49375496,2
49377253,1
49377377,6
49377413,1
49377417,1
49377672,1
49378227,1
49378278,1
49378357,2
49378897,1
49378964,1
49379806,1
49380695,1
49380815,1
49380907,1
49381029,1
49381127,1
49382600,1
49383294,2
49383762,1
49384811,1
49385012,1
49385271,2
49385471,1
49387228,1
49388126,2
49388260,1
49388828,2
49389751,1
49389833,1
49389861,1
49390295,1
49391877,3
49393976,9
49394377,2
49394846,1
49395252,2
49395951,1
49396403,1
49397988,1
49398216,2
49400663,3
49400969,1
49401152,1
49401815,1
49402385,1
49402784,1
49402960,3
49403255,1
49403563,1
49406494,2
49407041,3
49409241,1
49409377,1
49410122,3
49410659,1
49410815,1
49410820,1
49411177,1
49411409,1
49412434,1
49412936,1
49413034,1
49413252,6
49414067,1
49414076,1
49414134,1
49414619,1
49414625,1
49415134,1
49415587,1
49417689,1
49418311,2
49418461,1
49419266,2
49419638,1
49420107,1
49420368,1
49420434,1
49421523,2
49421962,1
49422106,1
49423376,1
49425097,12
49425282,1
49425571,3
49426824,1
49429050,1
49431050,1
49431486,1
49432688,1
49432922,1
49433530,3
49435452,1
49436024,1
49437398,1
49437542,1
49438764,1
49438882,1
49439100,2
49439343,2
49439490,1
49439494,2
49439514,1
49439732,1
49440295,1
49441454,1
49441664,2
49442213,1
49446057,1
49446348,1
49446693,1
49447323,17
49448241,1
49448318,1
49448604,1
49448618,1
49448934,1
49449040,1
49450548,1
49450716,16
49450967,1
49451146,1
49453075,1
49453409,1
49454951,1
49454968,1
49455431,1
49455741,1
49456035,1
49456543,1
49457053,1
49457854,1
49461049,1
49462817,1
49462832,1
49463193,1
49463259,2
49463846,1
49465894,1
49468032,1
49469099,1
49469261,4
49470756,1
49471422,1
49472313,1
49472778,1
49472784,1
49472890,1
49472923,1
49473982,1
49476147,1
49476531,1
49476537,2
49476762,2
49476858,1
49477354,1
49478497,1
49478830,3
49479912,1
49480197,1
49480545,3
49480578,1
49482071,1
49482355,1
49483529,2
49483817,1
49484986,1
49486688,1
49487588,2
49487998,2
49488353,2
49488685,2
49488725,1
49488824,1
49490132,1
49490328,1
49491186,1
49491271,1
49491334,1
49491448,1
49492198,1
49493068,5
49494069,1
49494197,1
49494617,2
49494754,3
49494907,1
49495289,1
49495306,1
49495741,1
49496032,2
49496936,1
49497184,1
49497240,1
49498884,1
49499319,2
49500190,1
49501719,1
49502258,1
49503177,1
49504076,1
49504218,1
49505243,1
49505444,1
49505650,1
49505703,1
49505794,1
49506476,1
49506937,1
49507094,1
49508214,1
49508562,1
49508601,3
49509189,10
49509198,1
49509873,1
49510278,1
49510436,1
49510502,1
49510829,6
49510923,1
49511279,1
49511831,1
49512693,1
49513291,1
49513825,1
49514149,1
49514163,1
49514833,1
49515065,1
49516056,1
49517635,1
49517762,1
49518671,2
49519068,2
49520157,1
49520821,1
49521064,2
49521248,5
49522313,1
49522961,1
49523482,1
49527248,1
49527813,1
49529264,1
49529538,1
49529602,1
49529930,2
49530958,1
49531504,1
49531562,1
49532067,2
49532497,1
49533982,1
49534547,1
49535195,2
49535263,1
49535295,2
49536115,1
49536257,1
49536266,1
49536624,2
49536705,1
49536777,1
49536842,1
49538811,1
49539536,1
49540781,1
49540865,1
49541203,1
49541765,1
49542752,1
49543084,2
49543118,1
49544680,1
49545100,1
49545141,1
49545149,1
49547384,1
49549958,1
49551923,8
49552467,1
49553745,1
49554689,1
49554885,1
49555805,7
49555947,1
49556072,1
49556231,1
49556738,1
49556827,2
49557991,1
49558931,1
49559539,1
49560463,1
49560746,1
49561084,1
49561444,1
49561833,1
49564706,1
49564835,1
49565145,1
49565824,1
49565872,5
49566495,1
49566739,1
49566751,2
49566990,1
49568233,1
49568651,1
49569246,1
49570433,1
49571026,1
49571272,1
49571328,1
49572642,1
49572892,1
49573655,1
49574119,1
49574390,1
49575109,2
49575400,1
49575442,1
49576517,2
49576683,1
49577636,1
49579826,1
49580074,9
49580321,1
49581215,1
49581574,1
49581730,2
49584023,3
49585354,2
49585758,1
49586212,1
49587309,1
49587341,1
49588552,1
49589053,5
49589430,1
49589846,1
49590800,1
49590908,3
49592094,1
49593718,1
49593774,2
49594240,1
49595460,1
49595980,1
49596002,1
49597145,1
49597322,1
49597382,1
49597440,2
49597981,1
49598510,1
49600435,5
49601945,1
49602727,2
49603030,1
49603031,1
49603124,2
49603583,1
49603997,1
49604650,1
49605746,1
49606300,1
49606595,1
49608121,1
49608174,3
49608359,1
49608473,1
49608585,1
49608709,1
49609091,1
49609630,1
49610034,1
49610543,1
49610602,2
49610778,1
49612555,2
49612656,1
49612720,1
49612945,1
49613455,1
49613540,2
49614929,2
49615367,1
49615601,1
49616419,1
49616973,5
49617302,1
49617483,1
49618128,1
49618356,1
49619969,2
49620178,1
49620321,2
49621494,1
49622455,1
49623005,1
49623163,3
49624683,1
49624988,1
49625381,2
49625522,1
49625720,1
49626121,1
49626312,1
49626524,3
49626640,1
49627872,1
49628366,2
49629099,1
49629399,1
49629490,1
49630612,3
49630905,1
49631396,2
49631458,1
49631547,1
49633568,1
49634107,1
49634961,2
49635550,1
49635896,21
49635918,4
49635975,17
49637762,1
49638651,1
49639042,1
49639190,2
49639924,1
49640380,2
49640807,1
49641047,1
49641135,1
49641220,1
49641400,2
49641571,1
49641992,1
49642860,1
49642883,1
49644638,3
49644643,1
49645255,2
49645284,1
49645361,2
49645556,1
49645588,1
49645810,1
49646108,1
49646511,1
49646604,2
49646640,1
49648202,1
49648290,1
49648653,1
49648713,1
49648811,2
49649380,1
49649574,1
49649920,1
49651323,3
49651444,2
49651957,1
49652807,1
49653201,1
49654426,6
49655006,1
49657761,1
49658506,1
49658727,1
49659600,3
49659658,1
49660514,1
49660930,2
49661097,1
49661784,3
49661957,1
49662534,1
49663372,1
49664100,2
49664447,1
49664556,1
49665310,2
49665755,2
49666243,1
49666575,1
49667667,2
49667998,2
49668349,1
49668813,1
49669016,1
49669291,1
49669375,1
49671572,1
49671931,1
49671940,1
49672200,2
49672326,1
49672506,1
49674283,1
49674417,1
49674765,1
49675058,1
49677611,1
49677894,1
49678299,1
49679099,1
49679664,1
49679850,1
49680975,1
49681081,4
49682159,1
49684258,1
49684407,1
49684428,1
49684921,1
49684995,1
49687817,1
49689147,1
49689693,2
49690654,1
49691089,1
49691397,1
49691902,1
49692055,1
49692548,1
49694043,1
49694065,3
49694432,2
49694546,2
49694646,2
49694975,2
49695759,1
49695795,1
49696176,1
49696177,1
49696666,3
49697845,1
49698853,1
49699478,1
49699718,3
49699880,2
49700126,1
49700489,2
49700775,1
49701458,1
49701505,1
49703876,1
49704728,1
49706012,1
49707037,1
49707334,1
49707392,1
49708112,1
49708987,1
49709585,1
49709891,2
49710282,1
49711809,2
49711941,1
49712263,1
49712531,1
49712688,1
49713192,1
49713998,1
49714016,1
49714844,2
49716388,1
49717580,1
49717616,2
49718208,1
49718375,1
49718706,3
49719253,1
49720281,1
49721883,1
49722718,2
49722748,1
49723118,2
49723476,2
49724079,2
49726908,1
49728018,1
49728474,1
49729210,1
49729772,1
49730387,1
49731108,1
49731205,3
49731422,1
49731911,1
49732396,1
49732531,1
49735234,2
49736067,3
49736540,1
49737194,1
49737262,1
49738004,1
49738281,5
49739004,1
49739422,3
49739646,1
49739931,1
49741153,1
49741311,2
49741520,1
49742032,1
49742683,1
49744414,1
49744546,1
49745735,1
49746294,2
49749041,1
49751046,1
49751557,1
49752378,1
49752628,1
49752904,1
49753036,3
49753821,1
49754397,1
49754721,1
49755772,1
49756387,1
49758248,1
49758395,1
49758411,1
49758702,2
49759042,1
49759080,1
49759702,1
49759893,1
49760157,1
49760569,1
49761753,1
49761756,2
49762405,1
49762465,1
49763161,1
49764210,1
49764955,1
49765440,1
49765986,1
49766152,1
49766832,1
49767881,1
49767981,1
49769407,1
49770353,1
49770531,1
49770845,1
49771955,1
49773026,2
49773548,1
49775107,9
49776621,1
49777039,1
49778311,1
49778430,1
49779254,1
49779694,1
49780491,1
49781787,3
49782954,1
49783450,1
49784324,1
49785217,3
49786079,2
49786238,1
49787978,1
49788282,1
49789021,1
49789211,2
49789282,1
49789728,1
49790061,1
49790634,1
49793613,1
49795381,1
49796552,1
49796704,1
49797386,1
49797904,1
49799070,1
49799342,1
49800795,3
49801137,1
49801367,1
49803207,1
49803591,1
49804031,1
49805155,1
49805190,1
49805370,1
49805469,1
49806906,2
49807693,1
49808640,4
49808679,2
49808819,1
49808836,1
49810295,1
49810697,1
49811294,1
49811915,1
49812404,1
49812462,1
49812522,2
49812994,1
49813390,1
49813559,2
49813923,1
49815027,1
49815082,1
49815369,8
49816804,3
49816834,1
49816901,1
49818446,3
49819180,2
49821228,1
49821808,1
49822451,13
49822760,1
49822945,1
49825099,1
49825233,1
49827238,2
49828316,1
49828921,2
49829924,1
49830940,10
49831108,2
49831170,1
49831677,1
49832298,1
49832859,1
49833542,2
49833624,2
49833904,1
49834036,1
49834315,2
49834367,1
49834730,1
49834971,1
49835167,2
49835502,1
49836869,1
49836928,1
49837144,2
49837394,1
49838340,2
49838801,2
49839067,2
49840370,2
49841934,1
49841949,1
49842728,1
49843616,1
49843624,1
49844378,1
49844721,1
49845278,1
49845875,1
49848956,1
49849101,2
49849212,1
49849273,1
49849811,1
49850265,1
49850829,1
49850875,1
49851029,1
49851269,4
49851780,1
49852675,2
49852704,2
49854161,1
49854644,2
49856094,1
49856478,2
49856847,1
49857806,1
49858068,4
49860173,1
49862991,1
49863921,1
49864408,1
49864670,2
49864754,1
49865122,7
49865276,1
49865596,1
49867581,1
49868313,1
49868326,5
49870642,2
49871053,1
49871628,1
49872127,1
49872586,2
49873676,1
49874371,1
49875742,1
49875981,1
49876127,2
49876220,1
49876341,1
49876810,1
49876889,1
49876964,1
49877051,3
49878081,1
49879266,1
49879298,1
49879984,1
49880032,1
49880048,3
49880436,1
49880666,1
49881473,1
49882561,2
49883463,1
49883642,4
49884118,1
49884651,1
49884956,1
49884996,1
49885263,1
49885387,2
49885754,1
49885772,1
49886937,1
49886952,1
49887086,3
49887772,3
49887848,1
49888505,2
49888854,1
49891308,1
49891882,1
49892047,1
49893403,2
49893608,1
49893610,1
49893760,1
49894598,18
49895102,3
49895600,1
49895626,5
49895915,1
49896329,2
49896658,1
49896839,1
49897128,1
49897174,2
49897714,1
49898420,5
49899995,2
49901852,1
49902115,3
49902904,1
49903152,1
49903172,1
49903697,1
49905601,1
49905708,1
49905821,1
49907023,1
49908427,1
49908611,1
49909287,1
49909333,1
49909755,3
49909822,2
49909889,1
49910226,1
49910606,4
49910642,1
49910858,1
49911483,1
49912694,2
49912815,1
49913381,1
49914986,2
49915060,1
49915098,1
49916018,4
49916509,1
49918587,1
49919249,1
49919642,1
49919892,1
49920256,1
49921270,1
49921485,1
49921725,1
49921831,1
49921871,1
49924684,1
49925193,2
49925211,1
49925653,1
49926242,1
49927324,1
49927530,1
49928209,1
49928303,1
49928458,2
49928522,2
49928649,1
49928839,2
49929193,1
49930250,4
49931080,1
49931443,1
49932769,1
49933029,1
49934523,1
49934839,1
49934896,1
49935217,1
49935455,1
49935457,1
49936906,1
49936948,2
49936995,2
49937293,1
49937789,1
49938287,1
49938417,1
49938739,3
49939081,1
49939297,3
49940426,1
49940743,1
49940983,1
49943090,1
49943437,1
49943943,1
49944440,9
49944666,4
49945008,1
49945595,1
49945761,1
49946487,1
49949107,2
49949331,1
49949333,1
49950016,1
49950044,1
49950396,1
49951048,1
49951777,1
49952349,2
49952489,1
49953171,3
49953516,1
49954936,1
49955732,1
49956376,2
49956558,2
49956702,1
49957085,1
49957190,2
49959488,2
49960089,1
49960431,1
49960940,1
49961266,1
49961332,1
49961693,3
49961961,1
49962047,1
49962159,1
49962697,1
49963437,2
49963534,2
49963729,1
49964627,1
49965375,1
49965819,1
49966564,2
49966694,1
49966859,1
49966947,1
49967001,2
49967198,3
49967265,1
49969088,2
49969559,1
49970147,2
49970205,1
49971084,1
49971752,1
49972929,4
49973561,1
49973721,1
49973827,1
49974018,1
49974108,3
49974969,1
49975247,1
49975720,1
49976227,1
49976931,1
49977784,2
49977928,1
49979399,1
49980218,1
49980914,1
49980944,1
49981010,1
49981122,1
49981511,1
49981650,1
49981700,2
49982071,1
49982132,1
49982258,1
49983155,1
49984308,1
49984981,1
49985750,1
49985787,1
49986054,1
49986082,1
49986407,1
49986635,1
49987100,1
49987274,1
49987313,1
49987395,1
49987575,1
49988018,1
49988964,2
49989755,20
49989973,1
49990144,2
49990400,1
49990829,1
49991179,1
49991502,1
49993359,2
49993972,1
49995828,2
49996411,1
49996753,1
49997014,1
49997100,1
49997197,1
49997798,1
49997823,1
49997986,1
49998206,2
49998266,1
49999268,1
49999315,1
49999460,1
50000546,1
50001057,1
50001310,1
50001415,1
50001427,1
50001675,1
50001752,1
50001864,1
50001908,1
50002245,1
50002760,3
50004260,1
50004615,1
50004872,2
50005165,1
50005681,2
50006548,2
50007060,1
50007090,2
50007599,1
50008803,1
50008913,1
50009076,1
50009086,1
50009154,3
50009559,1
50009902,1
50013058,1
50013568,1
50013786,2
50014327,2
50014781,1
50015244,1
50015891,3
50016980,1
50017068,2
50018492,1
50019085,1
50019246,1
50019720,1
50019956,1
50020147,1
50020510,1
50020856,2
50021673,8
50021820,3
50022511,1
50023700,1
50024421,1
50024604,1
50024809,1
50025097,1
50026762,1
50027766,1
50028770,1
50029706,1
50030450,1
50030548,1
50030927,1
50031535,1
50031790,1
50032157,1
50032186,1
50032771,1
50032901,2
50032910,1
50033134,1
50033896,1
50034709,1
50035368,1
50035423,1
50035773,2
50036325,1
50036407,1
50036581,1
50036780,1
50039047,2
50039450,10
50040390,3
50040570,1
50041220,9
50041655,1
50041759,1
50042062,1
50042150,1
50042183,1
50042615,12
50043373,1
50044584,1
50044611,2
50045286,2
50045533,1
50045686,1
50045767,1
50045830,1
50046574,2
50046673,4
50047931,1
50048106,1
50048779,1
50050738,1
50050752,2
50051683,1
50052150,2
50052473,1
50052908,1
50053570,1
50054111,1
50054316,1
50054922,1
50055002,1
50055169,1
50055383,1
50056696,1
50057481,3
50057505,1
50057986,1
50058305,1
50058656,2
50058700,1
50059693,1
50059924,1
50060338,1
50060450,1
50060529,1
50061136,2
50062139,1
50062402,1
50062501,2
50064232,1
50064297,1
50064793,1
50065379,3
50066475,1
50066686,4
50066711,1
50067221,22
50067892,2
50068080,2
50068087,1
50068216,10
50069606,1
50070566,1
50070990,1
50072704,1
50074254,1
50074711,1
50074813,1
50075388,7
50075756,1
50075784,1
50075919,1
50076693,1
50076904,1
50077295,1
50077906,1
50078611,1
50079141,1
50079159,17
50079752,1
50079819,1
50080496,1
50080888,1
50081526,1
50081589,2
50083885,1
50084617,1
50085256,2
50086375,11
50086683,4
50087417,1
50088021,1
50088277,5
50089502,4
50089616,2
50089742,1
50090074,1
50090997,1
50091166,1
50091466,1
50091955,1
50093726,3
50094180,1
50095365,2
50095515,1
50095732,3
50097027,1
50097707,1
50097718,1
50099449,2
50099461,1
50101335,1
50101702,5
50102538,1
50104667,5
50104943,1
50105469,1
50105668,1
50105710,6
50105901,2
50106140,3
50106296,1
50106714,1
50107510,2
50108679,1
50110197,1
50110487,1
50110570,1
50111124,1
50111416,1
50111575,1
50111809,4
50112600,2
50112673,1
50113094,1
50113138,1
50114668,1
50116733,1
50116936,2
50117528,1
50118582,2
50118976,1
50119084,1
50120884,1
50121551,1
50122246,1
50123700,1
50124343,1
50124777,2
50125053,1
50125128,3
50125325,1
50125911,1
50127115,1
50127890,1
50128107,1
50129047,1
50129968,1
50130919,1
50131257,3
50131289,1
50131786,3
50132279,1
50132411,1
50133062,1
50133184,1
50133301,1
50133855,1
50135456,1
50135638,1
50137005,2
50139137,1
50139648,1
50139866,1
50140203,1
50140406,1
50141308,1
50141438,1
50142482,1
50142849,4
50143808,1
50146380,1
50147110,1
50147138,1
50147532,1
50147534,1
50147676,1
50147915,6
50148086,1
50150213,1
50150217,2
50150483,2
50151775,1
50153067,4
50153178,1
50154018,1
50154129,1
50154233,1
50154613,2
50155149,1
50155530,1
50155656,1
50156212,1
50156857,1
50157076,1
50157372,1
50157792,1
50158720,1
50158760,1
50159095,2
50160076,1
50160304,2
50160793,1
50161691,1
50161887,1
50162207,1
50162259,1
50162788,2
50163032,2
50163446,1
50163512,3
50163658,1
50163920,1
50165373,2
50165599,4
50165649,8
50165752,1
50166116,1
50166470,1
50167006,1
50167351,1
50168732,1
50169349,1
50169699,1
50170803,2
50170971,1
50171264,6
50174009,4
50175086,1
50175420,1
50177008,6
50178443,1
50178801,1
50180135,1
50180810,1
50180883,1
50181305,2
50182270,1
50182499,1
50183484,1
50184447,1
50185216,1
50186321,1
50186983,2
50187278,1
50187862,1
50188455,1
50188766,1
50189392,1
50189589,1
50190771,1
50190833,1
50192166,3
50192395,1
50192532,1
50193679,1
50194433,2
50194658,1
50196246,1
50196807,2
50197026,1
50197162,1
50197311,1
50197549,1
50197621,1
50197982,1
50198284,2
50198461,1
50198697,1
50199484,1
50199793,17
50199905,1
50200021,1
50200532,1
50202912,1
50203334,2
50203892,1
50205264,1
50205448,5
50205886,2
50206096,1
50206674,1
50206890,1
50207278,1
50207461,1
50208296,1
50208847,1
50210282,1
50210340,1
50211018,3
50211248,1
50211523,1
50211872,3
50213187,3
50214452,1
50215223,7
50215578,1
50217473,6
50217599,1
50218897,1
50219274,1
50220348,1
50220443,1
50220528,1
50220582,1
50220603,1
50221297,1
50221892,1
50222027,2
50222028,1
50222245,1
50223242,7
50223529,1
50224976,1
50225400,1
50225595,1
50227031,4
50227715,1
50228737,6
50228814,1
50228920,1
50228949,2
50229564,2
50230169,3
50230475,1
50230918,1
50231145,1
50231825,2
50233063,1
50233480,1
50233564,1
50233653,1
50235749,1
50236849,2
50237380,1
50237409,5
50237720,1
50237815,1
50237989,1
50238247,1
50239773,1
50241641,1
50241682,1
50245082,1
50245245,6
50245627,1
50245855,15
50246789,1
50247266,1
50247320,1
50247801,1
50248066,4
50248188,2
50248736,1
50248933,1
50249041,2
50249554,1
50251287,9
50251436,1
50251572,1
50251656,1
50251681,1
50252091,1
50252195,1
50252199,1
50253153,5
50253254,2
50253603,1
50253669,1
50254310,1
50254343,1
50254489,1
50255040,1
50255439,1
50255796,1
50257201,1
50257205,1
50257716,1
50257778,1
50258172,1
50258632,1
50259177,4
50259453,1
50259891,1
50260392,6
50261211,2
50261908,1
50261939,1
50263443,1
50263946,1
50264362,1
50265760,1
50265881,2
50266447,1
50266831,1
50267165,1
50267783,1
50268371,1
50268417,1
50269031,1
50269156,1
50270424,1
50270901,2
50271271,1
50271297,1
50271443,1
50271470,1
50271496,1
50272058,1
50274331,2
50275154,1
50275943,1
50276279,1
50276532,1
50277711,1
50278216,1
50280686,1
50281295,1
50282398,1
50283121,2
50283272,1
50284199,1
50284211,1
50284285,1
50286291,1
50286881,2
50287514,3
50287811,1
50288239,1
50288540,1
50288719,8
50290113,2
50290249,1
50291679,1
50292716,1
50292987,2
50293553,1
50293576,1
50294561,1
50295335,1
50297024,8
50297580,1
50297856,1
50298186,1
50300020,3
50300521,6
50301050,1
50301408,1
50302810,1
50303020,1
50303294,1
50304267,2
50304352,1
50304804,1
50305401,1
50305792,1
50305856,1
50306902,1
50306920,1
50307712,1
50309105,1
50309184,1
50309655,1
50309660,1
50309870,1
50311337,1
50311757,1
50312072,1
50312805,8
50313039,1
50313044,3
50313617,4
50314631,1
50315087,2
50315547,1
50316821,2
50317629,1
50317666,1
50317885,1
50317888,1
50318695,1
50318991,6
50319608,4
50319795,1
50321046,1
50321098,1
50321741,6
50322219,1
50323535,1
50324234,1
50324942,1
50325280,2
50326221,2
50326477,1
50326767,2
50329254,1
50329947,2
50330042,1
50330396,4
50330629,1
50332358,2
50332419,2
50332550,1
50332661,2
50333874,1
50334674,9
50335204,1
50335869,1
50335876,1
50336460,1
50336900,1
50337062,1
50337561,1
50337761,2
50338235,1
50338361,2
50338402,1
50338973,1
50339814,1
50339902,1
50341425,1
50341975,1
50342732,2
50343142,2
50343985,1
50344374,1
50344882,1
50344967,1
50345228,1
50345375,1
50345869,1
50345887,1
50347210,1
50347476,1
50348135,1
50348513,1
50348852,2
50349826,1
50350474,1
50350648,1
50351113,1
50351186,1
50351658,2
50352939,2
50353641,2
50353926,1
50355805,1
50356557,2
50357116,1
50357759,1
50357821,2
50358106,1
50359177,1
50359298,1
50360681,2
50361148,1
50361160,1
50361312,1
50362163,1
50362215,1
50362329,1
50362508,2
50364401,1
50364742,1
50364781,1
50365202,1
50365784,1
50365899,1
50365926,2
50366448,1
50366999,5
50367393,2
50367613,2
50368547,1
50368958,2
50369929,1
50370117,2
50370698,2
50370730,2
50370766,1
50371016,2
50371142,1
50371174,1
50371256,1
50371420,1
50371612,1
50371648,1
50372299,1
50372365,1
50372580,3
50375785,1
50377107,1
50377156,1
50377483,1
50378616,2
50379170,1
50379380,1
50379936,1
50380488,1
50380829,1
50381022,1
50382278,2
50383651,2
50384467,1
50384912,2
50384979,1
50385049,1
50385176,1
50385269,1
50385283,1
50385495,5
50385994,1
50386642,1
50387164,1
50387488,8
50388572,3
50389115,1
50389232,2
50389537,1
50391877,1
50392097,4
50392177,3
50393801,1
50395674,1
50396790,1
50397242,1
50397386,1
50398463,1
50399491,1
50399637,1
50401119,1
50401796,1
50402577,1
50402938,1
50402952,1
50403652,1
50403787,1
50405054,1
50405257,1
50405710,1
50406451,1
50407145,1
50407887,1
50408548,1
50408730,1
50409211,1
50410338,2
50410721,3
50413045,1
50413405,2
50414182,1
50414636,1
50414727,1
50414763,1
50414764,1
50415798,1
50415869,1
50416179,1
50416257,1
50416304,1
50416654,1
50417015,1
50417262,1
50417394,1
50417462,1
50417591,1
50417646,2
50418099,1
50419253,1
50419471,1
50419509,1
50421633,1
50421753,1
50422051,2
50422446,1
50422703,1
50422760,1
50423110,2
50423496,1
50423817,1
50423935,1
50424115,1
50424143,1
50424459,5
50425739,1
50426438,1
50427129,1
50428863,1
50429051,1
50430176,2
50430223,1
50430329,1
50430704,1
50430754,3
50431479,2
50431821,2
50432530,1
50433343,1
50433670,1
50433938,3
50434567,2
50434890,1
50435332,1
50435375,1
50435466,1
50435777,1
50436800,1
50436870,1
50438878,3
50439167,1
50439738,1
50439899,1
50439951,1
50440091,1
50441674,3
50442476,2
50443123,1
50443430,1
50443539,1
50443576,1
50444367,1
50446202,1
50448030,2
50448422,1
50448511,2
50449329,1
50449671,2
50450521,2
50450525,1
50450914,2
50451188,1
50451212,3
50451301,2
50452197,1
50452402,1
50453108,1
50453622,1
50454907,1
50456223,1
50456927,1
50457495,1
50457823,2
50457918,1
50458227,1
50458451,2
50458720,1
50459036,1
50459271,1
50459605,2
50460255,1
50460556,1
50461374,1
50461722,1
50461988,1
50462423,1
50463160,1
50463787,1
50463946,1
50464391,1
50465455,1
50466241,1
50466299,1
50466387,4
50466825,1
50467434,1
50468486,1
50468784,2
50469719,1
50470264,1
50470323,1
50470696,1
50471446,2
50471701,1
50472861,1
50473367,1
50473880,3
50474355,1
50475497,1
50475559,1
50477199,1
50477660,1
50478775,1
50481216,1
50482521,1
50482550,4
50482977,1
50483783,1
50484336,1
50484962,1
50485073,1
50485915,1
50486743,1
50487514,1
50490198,1
50491015,1
50491413,1
50491773,1
50492589,1
50492653,1
50492932,1
50493016,5
50493714,2
50494053,1
50494683,1
50496628,1
50497745,1
50498053,1
50499548,1
50499549,1
50500376,1
50500672,1
50502406,2
50502709,2
50502739,1
50502759,1
50504746,2
50506008,1
50506542,1
50506685,1
50506686,1
50507150,2
50507335,1
50507826,1
50507895,1
50508660,1
50508785,1
50509730,1
50511749,1
50511894,1
50513697,3
50513854,1
50514558,2
50514799,1
50514807,1
50515051,2
50516928,1
50517508,1
50517540,1
50520205,1
50522573,2
50523389,1
50523404,1
50524225,1
50526266,1
50527381,1
50529300,2
50531394,8
50531549,1
50535487,1
50536024,1
50536086,1
50536100,2
50536418,1
50537431,1
50537624,1
50537801,1
50538857,1
50538872,1
50539374,1
50540546,1
50541500,1
50541870,2
50543047,5
50543925,1
50544261,1
50544361,2
50544478,1
50546106,1
50546352,1
50546914,2
50547501,1
50547686,1
50547733,1
50548184,1
50549654,1
50550167,1
50550939,1
50550981,1
50551315,1
50551538,1
50551569,1
50552445,1
50552669,1
50554338,1
50555161,1
50555463,2
50555753,1
50556237,1
50556712,1
50557103,2
50557808,1
50557975,1
50558678,1
50558840,1
50559081,3
50559779,1
50560838,1
50561367,1
50562464,1
50562542,1
50563063,1
50563276,1
50563498,2
50563620,1
50563867,1
50565607,1
50565619,1
50566326,1
50566539,2
50566848,1
50567056,1
50567888,1
50568246,1
50568954,1
50569072,1
50570941,3
50571159,1
50571219,2
50571395,1
50571761,1
50571766,1
50572200,2
50572356,2
50573472,1
50574131,1
50574208,2
50574439,1
50574945,1
50575959,1
50576076,1
50578140,1
50578142,1
50579288,6
50579341,1
50579792,1
50581153,1
50581293,2
50583151,1
50583219,2
50584746,1
50584981,1
50585182,1
50586590,1
50586621,1
50587402,6
50589290,1
50589980,1
50590422,1
50590653,1
50591608,2
50591678,19
50592435,1
50593065,6
50593116,1
50593301,1
50593376,1
50593823,1
50593834,1
50594569,1
50596652,1
50597168,1
50597309,1
50597849,1
50598270,1
50598428,1
50598454,2
50598619,1
50599852,1
50600180,1
50600878,2
50601651,2
50601830,1
50603649,1
50603687,3
50603816,1
50604011,1
50604218,1
50607440,1
50607603,1
50608297,1
50608372,1
50609964,1
50610279,1
50610636,1
50611154,1
50611155,1
50611323,2
50611590,1
50611936,2
50612969,1
50613277,2
50613904,1
50616367,1
50616612,1
50616821,2
50617055,1
50618142,1
50619555,1
50619659,1
50619918,1
50619962,2
50620819,1
50620999,1
50621118,1
50622680,1
50623063,1
50623503,1
50623632,1
50623814,1
50624171,1
50624483,1
50624789,1
50626215,1
50626719,1
50626947,1
50628377,1
50628529,3
50631009,3
50631906,1
50632064,1
50632202,1
50632791,1
50632979,4
50633972,4
50634190,1
50634906,1
50634941,1
50635910,1
50636247,2
50636309,11
50637590,2
50639276,1
50639317,1
50642278,1
50642443,1
50642899,1
50642950,7
50643396,2
50646021,1
50646378,1
50647393,1
50647410,2
50647611,1
50647779,1
50648042,1
50649077,2
50649438,1
50649708,1
50649765,1
50649769,1
50649887,2
50650560,1
50650590,1
50652033,1
50652337,1
50652462,1
50652670,1
50653190,1
50653229,2
50653618,2
50653643,3
50653843,1
50653892,1
50654599,1
50655314,1
50655630,1
50656325,9
50657077,2
50657395,1
50657837,1
50658357,3
50660109,1
50660125,1
50660358,1
50660568,1
50661044,1
50661051,1
50661065,1
50661146,2
50661594,1
50663027,1
50664457,1
50665347,2
50665960,2
50666977,2
50668418,2
50668972,1
50668999,1
50669126,1
50669321,1
50669529,17
50669734,1
50669987,1
50670751,1
50671526,1
50671887,17
50673372,1
50673397,1
50674078,1
50674124,1
50675498,1
50676329,1
50676406,2
50676458,1
50676876,1
50676891,1
50677862,1
50679045,1
50679077,3
50679781,1
50680304,2
50680513,1
50681177,1
50681265,1
50681864,1
50681898,1
50682072,1
50683331,1
50683822,1
50684044,1
50684595,6
50685249,1
50685373,1
50687113,1
50688542,1
50689341,1
50689416,2
50690056,1
50690102,1
50691242,1
50691350,3
50691488,1
50691759,1
50692350,1
50692550,7
50692733,1
50693453,1
50693509,1
50694033,1
50694220,1
50694645,2
50694853,1
50694856,2
50695277,1
50695687,3
50695808,1
50696455,1
50696709,1
50697518,1
50698087,1
50698604,3
50698858,2
50699472,1
50699528,1
50699636,1
50699644,1
50699900,1
50699944,1
50701162,1
50701579,1
50701948,1
50702083,1
50702879,68
50703583,1
50705384,1
50705688,1
50706027,1
50706176,4
50706431,1
50706805,1
50707778,1
50708110,1
50708410,1
50708752,1
50708820,1
50709024,1
50709111,1
50709160,1
50709176,1
50709232,1
50709287,3
50709300,1
50709301,1
50709919,1
50710293,2
50710345,1
50710898,1
50711285,1
50711444,4
50711618,1
50712459,2
50713167,1
50713255,1
50713283,1
50713291,3
50713553,1
50713573,1
50713607,1
50714990,3
50715037,1
50715144,1
50715309,1
50715713,1
50715825,1
50716176,1
50716427,1
50716479,1
50717397,1
50717867,1
50718898,1
50718947,1
50719787,1
50720628,1
50720885,1
50721029,1
50721872,1
50721943,1
50723604,1
50724182,10
50726056,1
50728077,1
50728412,1
50728990,5
50730514,1
50730646,1
50730766,1
50731210,1
50731421,1
50731639,1
50731651,1
50732437,1
50732546,13
50732798,1
50732990,1
50733157,1
50733190,1
50733952,1
50734065,1
50735006,1
50735173,1
50735920,5
50736095,1
50736146,1
50738200,8
50738414,4
50738861,1
50738862,1
50739158,5
50739528,2
50740236,4
50740567,3
50740640,1
50741300,2
50741442,1
50741446,1
50742622,1
50742845,1
50743198,1
50743236,1
50743913,1
50744070,1
50744596,1
50744695,2
50744803,1
50744818,1
50744969,1
50745606,1
50746031,1
50746405,1
50746647,1
50746883,1
50746996,4
50747195,8
50747579,1
50747745,1
50748089,1
50748790,2
50749031,1
50749177,1
50749254,1
50749364,1
50749440,1
50749736,1
50750387,1
50750803,1
50751189,1
50751303,1
50751484,1
50751626,1
50752263,2
50752985,1
50753511,2
50753742,1
50753873,1
50754060,1
50754297,4
50754530,1
50754624,1
50755342,1
50755406,1
50756059,1
50756674,1
50756893,2
50757295,1
50757715,1
50758431,2
50758432,1
50758591,1
50758750,1
50758868,1
50758920,3
50759001,1
50759306,1
50759440,1
50759779,1
50759939,1
50760723,5
50760769,12
50761284,1
50761432,1
50761804,40
50762158,2
50762809,2
50763122,1
50763574,1
50763950,8
50764450,3
50764844,1
50765522,1
50765937,1
50766250,1
50766318,1
50766376,1
50766647,1
50767562,2
50767666,1
50769021,1
50769692,1
50769756,1
50770356,1
50770510,2
50770742,1
50771476,1
50771994,1
50772075,1
50772362,1
50772693,1
50772847,1
50773092,1
50773236,1
50773263,1
50773507,1
50774383,1
50775342,1
50776149,1
50776596,1
50776750,1
50776823,1
50776927,1
50777026,1
50777913,3
50777950,2
50778049,1
50778696,5
50779033,1
50779036,1
50779045,1
50779260,2
50779479,2
50779599,1
50779743,1
50780253,1
50780703,2
50780923,1
50781465,1
50781597,1
50782289,1
50782299,1
50782635,1
50782800,1
50782809,1
50783302,1
50783947,1
50784754,3
50784976,2
50784987,1
50785127,1
50785370,4
50785374,1
50785520,5
50785616,1
50785644,2
50785977,1
50786359,1
50786659,1
50787326,3
50787421,1
50787611,1
50787737,1
50788492,3
50788515,1
50789264,1
50789277,1
50789514,1
50789678,1
50789872,1
50789945,1
50790311,3
50790445,1
50791533,1
50792460,1
50792510,3
50792576,1
50792610,1
50792625,1
50792647,1
50792673,1
50792686,1
50793500,1
50793748,1
50793957,3
50794151,2
50794247,1
50794278,1
50794348,2
50795033,1
50795056,3
50795220,1
50796748,1
50797363,1
50797603,1
50797662,1
50798675,1
50798943,2
50798961,2
50799039,1
50799109,7
50799231,1
50800141,1
50800164,1
50800497,1
50800807,1
50801507,2
50801793,1
50802579,1
50802620,1
50803244,1
50803318,1
50803344,1
50803498,1
50803698,1
50803849,1
50804368,1
50804850,1
50805254,2
50805695,1
50805938,1
50806044,1
50806115,1
50806358,1
50806372,1
50806416,2
50807221,1
50807501,1
50809408,1
50809790,1
50810015,1
50810207,1
50810418,1
50811355,1
50811418,3
50812169,1
50812291,1
50812620,1
50812918,1
50813009,1
50813769,1
50814067,1
50814159,1
50814662,1
50814678,1
50814867,1
50815224,1
50815231,2
50815735,1
50815955,1
50817445,3
50818087,1
50818677,1
50819380,2
50819479,2
50819579,4
50820105,1
50820422,2
50820459,1
50820466,1
50820497,1
50820512,1
50820545,1
50820587,1
50820963,2
50821313,1
50822365,1
50822980,1
50823046,1
50823153,1
50823366,1
50823905,1
50823913,1
50824205,1
50824240,1
50824262,1
50824341,1
50825175,1
50826009,3
50826074,3
50826414,5
50826542,2
50826724,1
50828783,1
50829031,3
50829758,1
50830402,1
50830451,1
50830562,1
50830936,1
50831185,2
50831214,1
50831305,1
50831714,1
50831823,3
50831972,1
50832894,1
50833437,1
50833762,1
50834004,1
50834252,1
50834276,1
50834300,1
50834553,2
50835475,1
50835663,1
50835779,1
50835794,2
50836094,1
50836494,1
50836677,1
50836836,1
50836966,1
50837375,4
50837418,3
50837551,2
50837560,2
50837929,1
50837993,1
50838128,1
50839060,1
50839241,1
50839381,1
50839460,3
50839501,1
50839749,1
50840028,1
50840150,1
50840161,2
50840231,1
50840393,2
50840572,1
50840646,5
50840804,1
50840890,1
50840927,1
50841149,1
50841188,2
50841658,1
50841871,1
50842696,1
50842825,1
50843149,1
50843228,1
50843685,1
50843961,1
50844236,2
50845356,1
50845739,2
50845847,1
50846065,1
50846569,1
50846704,1
50847116,1
50847192,1
50847327,1
50848596,1
50848613,1
50848648,1
50848761,1
50848896,1
50849348,1
50849402,1
50849769,1
50850024,1
50850444,3
50850591,1
50850670,1
50850815,1
50851057,1
50851065,1
50851736,1
50851860,1
50851993,1
50852118,1
50852407,2
50852425,1
50852450,1
50852690,1
50852751,1
50852830,1
50852843,1
50852966,1
50853232,1
50853501,1
50853783,1
50854448,1
50854525,1
50854800,1
50854981,2
50855499,1
50855606,1
50855911,2
50856197,1
50856279,2
50856634,1
50857006,1
50857192,1
50857249,1
50857492,1
50858081,1
50858185,2
50858808,1
50858827,1
50858873,1
50859141,1
50859402,1
50860080,3
50860230,2
50860237,1
50860291,1
50860303,1
50860347,1
50860775,1
50860790,1
50860799,1
50860819,1
50860849,1
50860859,1
50861331,1
50861704,1
50861926,1
50861980,1
50862682,2
50862725,2
50862744,1
50863072,1
50863073,2
50863276,1
50863809,1
50864085,2
50864391,2
50864530,3
50864559,1
50864606,1
50864831,1
50864907,1
50864942,15
50865315,1
50865487,1
50865528,1
50865680,1
50865765,1
50866197,1
50866215,1
50866324,1
50866420,3
50866789,1
50867413,1
50867640,1
50867975,1
50867998,1
50868505,1
50868582,1
50868690,1
50868897,2
50869055,2
50869485,1
50869571,1
50871005,1
50873531,1
50874414,33
50875251,3
50875494,1
50875546,1
50876894,1
50877031,1
50877401,1
50877873,2
50878896,1
50879665,1
50880189,1
50880452,2
50880695,1
50880720,1
50880858,4
50881246,11
50882732,2
50883205,2
50883255,1
50883549,1
50883880,1
50884764,1
50885100,1
50885116,1
50886294,1
50886547,1
50886849,1
50886880,1
50886964,2
50887052,1
50887274,1
50887573,3
50887698,1
50888127,1
50888167,2
50888512,1
50888771,1
50888846,1
50889479,1
50889792,1
50890084,1
50891320,4
50891385,2
50891736,1
50891790,1
50891828,1
50891997,1
50893255,2
50893381,1
50893543,2
50893579,1
50893687,1
50893745,2
50893867,1
50894250,3
50894350,1
50894890,1
50895040,1
50895229,1
50895387,1
50895620,1
50895643,1
50895888,1
50895899,2
50896776,2
50896830,1
50896887,2
50897289,1
50897364,1
50897549,1
50897652,1
50897719,1
50898264,1
50898284,5
50898728,3
50898807,1
50898856,1
50899025,1
50899489,1
50899564,1
50899857,1
50900420,1
50901467,2
50901491,1
50901606,1
50901814,1
50902074,1
50902830,1
50902902,1
50903447,1
50904272,1
50904459,4
50904460,2
50905328,1
50905336,2
50905340,1
50905587,1
50906120,1
50906237,1
50906771,1
50906949,1
50907036,1
50907151,2
50907404,1
50907558,1
50907622,1
50907830,1
50907956,1
50908040,1
50908740,1
50909644,1
50909784,14
50910077,1
50911042,1
50911175,3
50911226,2
50911556,1
50913245,30
50913870,1
50914256,1
50914430,1
50914502,1
50914769,1
50914842,4
50915148,1
50916339,1
50916520,1
50917559,1
50917603,1
50918292,7
50918386,1
50918393,1
50920167,1
50920172,1
50920653,1
50920883,1
50920934,1
50921114,1
50921271,1
50921281,1
50921702,1
50922466,1
50923481,1
50923503,1
50923582,1
50923703,1
50923755,2
50923772,1
50924219,1
50924246,17
50924377,1
50924399,1
50925613,1
50926028,1
50926529,1
50926951,1
50927179,1
50928580,1
50929176,1
50930133,1
50930496,2
50931028,1
50931121,1
50931307,4
50931909,1
50932008,1
50932567,3
50932652,1
50932712,1
50932793,1
50933038,1
50933288,1
50933739,1
50934687,1
50934742,1
50934970,1
50934986,1
50935068,1
50935378,1
50935406,1
50935552,1
50935650,1
50935679,1
50935788,1
50936453,1
50936495,1
50936627,1
50936835,1
50936854,1
50937176,2
50937228,2
50937332,1
50937392,1
50937575,1
50937745,2
50937815,1
50937817,1
50938708,2
50938839,1
50939546,3
50939850,1
50940074,1
50940508,1
50940892,1
50942083,1
50942530,3
50942741,1
50942773,1
50943999,1
50944224,2
50944403,2
50945366,2
50945896,1
50946455,1
50946478,28
50947312,1
50947858,1
50947888,1
50948036,2
50948120,1
50948211,1
50948311,1
50948334,1
50948531,1
50949154,1
50949298,2
50949425,1
50949634,1
50950007,1
50950018,1
50950064,12
50950234,1
50950924,1
50951105,1
50951116,1
50951440,1
50951742,1
50951848,1
50952300,1
50952797,1
50952965,1
50953408,1
50953659,1
50953711,1
50953783,1
50953914,1
50954075,1
50954145,1
50954499,2
50954909,1
50955011,1
50955135,1
50955336,1
50955621,1
50956567,1
50957630,1
50958469,3
50958489,1
50958585,1
50959574,1
50959911,1
50960042,1
50960460,2
50960746,1
50960896,1
50961221,1
50961533,1
50961913,1
50962310,1
50962555,1
50962794,1
50962815,3
50962897,1
50963167,1
50963350,1
50963397,1
50963419,1
50963642,3
50964663,2
50964912,4
50964971,2
50965002,1
50965334,3
50965533,1
50966017,1
50966057,1
50966198,1
50966336,1
50966599,1
50966703,1
50967070,2
50967374,1
50967377,1
50967778,2
50968603,1
50968809,1
50969571,2
50969711,1
50969886,1
50970006,1
50970370,1
50970417,1
50970492,1
50970651,1
50971291,1
50971545,2
50971687,1
50971700,2
50971884,2
50971907,1
50972171,1
50972313,2
50972423,1
50972450,1
50972463,3
50972619,1
50972650,11
50972662,3
50973186,1
50973222,2
50973305,1
50973582,4
50974796,5
50974856,1
50975553,1
50977112,1
50977191,1
50977226,1
50977525,2
50977559,1
50977645,6
50977742,2
50977795,1
50978194,1
50978317,2
50978386,1
50978456,1
50979010,1
50979027,1
50979270,1
50979796,1
50980167,1
50980525,2
50980622,1
50980909,1
50981423,1
50982588,3
50983402,1
50983871,1
50983968,1
50984034,1
50984304,1
50984552,1
50984579,3
50984681,1
50984732,1
50985054,1
50985209,1
50985475,2
50985672,1
50985915,2
50986119,3
50986322,1
50986399,1
50988139,1
50988390,2
50988481,1
50988702,3
50989206,1
50989575,2
50989966,1
50989984,1
50990545,1
50990555,1
50990591,3
50991279,1
50991634,3
50991661,1
50991687,1
50991740,2
50992084,2
50992414,1
50992754,1
50992826,2
50993207,1
50993506,4
50993804,4
50993867,1
50994048,2
50994504,1
50994702,1
50994722,1
50994746,1
50994750,1
50994788,2
50994876,1
50995308,1
50995764,1
50995871,3
50996154,1
50996308,1
50996592,1
50996765,2
50996852,1
50996887,1
50997126,1
50997628,1
50997787,2
50997917,1
50998035,2
50998306,1
50998535,1
50998996,1
50999670,1
50999705,3
50999971,1
51000429,1
51000672,1
51001806,1
51002421,1
51002701,3
51002762,1
51002792,2
51002894,1
51003062,7
51003126,1
51003199,1
51003256,1
51003657,1
51004720,1
51005086,1
51005652,1
51005744,1
51005812,1
51005984,1
51006028,1
51006110,2
51006238,1
51006398,1
51006434,1
51006658,1
51007625,1
51009062,1
51009069,3
51009837,4
51010116,1
51010344,1
51010391,14
51010519,1
51010632,1
51010646,6
51010979,3
51012163,1
51012332,1
51012427,1
51012442,1
51012468,1
51012681,1
51013171,1
51013653,1
51013740,1
51014215,2
51014259,1
51014416,1
51015183,1
51015202,3
51015736,1
51015768,1
51015907,1
51016170,3
51016337,1
51016644,3
51016661,1
51016713,1
51016959,1
51017827,1
51018232,1
51018519,1
51018570,1
51019218,4
51019407,1
51019596,1
51019761,1
51019850,1
51019867,6
51020176,1
51020439,3
51021094,1
51021796,1
51022120,1
51022129,1
51022270,1
51022701,1
51022752,1
51022925,1
51023658,1
51023970,1
51024037,1
51024518,1
51024595,3
51024675,1
51024998,1
51025032,1
51025330,1
51025916,1
51025980,1
51026513,1
51027166,1
51027601,1
51027739,1
51027988,1
51028771,1
51028856,1
51029072,1
51029283,1
51029315,2
51029386,1
51029592,1
51029936,1
51030548,1
51030925,1
51031040,2
51032043,1
51032046,1
51032217,2
51032629,1
51032822,1
51032945,1
51032951,1
51032984,5
51033262,1
51033710,1
51033727,1
51033734,1
51033999,1
51034738,2
51035468,1
51035501,2
51035666,2
51036281,2
51036282,1
51036845,1
51036953,2
51037469,1
51037599,1
51037622,1
51038031,1
51038213,1
51038260,1
51039198,1
51039380,1
51039581,1
51039715,1
51039978,1
51040195,1
51040205,2
51040260,2
51040892,2
51041197,1
51041620,1
51041785,1
51042715,1
51043373,1
51043390,4
51043706,1
51043731,1
51044780,1
51045151,1
51045341,1
51046314,1
51046520,1
51046604,1
51046845,2
51047031,1
51047647,1
51047807,2
51048130,1
51048441,1
51048494,1
51048849,4
51048940,11
51049921,1
51049986,1
51050346,1
51051391,1
51051403,1
51051798,2
51051849,1
51051943,2
51052076,1
51052091,1
51052113,3
51052251,1
51053789,5
51053932,1
51053946,1
51054269,1
51054539,8
51054656,1
51054785,1
51054788,2
51054909,1
51054944,1
51055000,1
51055175,1
51055305,1
51056161,1
51056203,1
51056306,1
51056669,1
51056948,3
51057034,2
51057355,6
51057367,1
51058289,1
51058433,1
51059364,1
51059498,1
51060163,2
51060191,1
51060233,5
51060347,1
51060388,4
51060518,1
51060534,5
51060629,1
51060639,2
51060678,1
51061094,1
51061179,1
51061548,1
51061824,1
51062081,1
51062124,7
51062445,1
51062571,1
51062950,1
51062975,6
51063443,5
51063473,1
51063756,1
51064745,1
51065217,1
51065444,1
51065795,1
51065935,1
51066412,1
51066425,1
51066882,7
51066987,1
51067287,1
51067386,2
51068165,3
51068905,1
51068927,1
51069182,1
51069327,1
51070249,1
51070379,1
51070593,1
51070975,1
51071015,1
51071074,1
51071344,1
51071750,1
51071806,1
51071980,1
51072030,1
51072306,1
51072450,1
51072511,1
51072668,5
51072761,1
51072821,1
51073234,1
51073271,1
51073440,1
51074017,1
51074476,1
51074607,2
51074691,1
51075011,1
51075319,1
51075601,2
51075725,2
51075887,1
51076160,1
51076597,1
51076716,1
51076886,1
51077042,1
51077163,1
51077583,2
51078326,2
51078622,2
51078725,1
51079484,1
51079801,1
51080456,1
51080632,1
51080696,1
51081061,1
51081214,1
51081502,2
51081581,1
51081752,1
51081826,1
51082267,1
51082733,1
51082792,2
51082797,2
51082818,1
51083356,2
51084541,2
51084699,1
51084752,1
51085367,1
51085979,1
51086218,1
51086542,1
51086982,1
51087038,1
51087328,1
51087554,2
51087879,1
51088257,1
51088300,1
51088640,1
51088648,1
51088725,1
51088740,1
51088972,1
51088982,1
51089052,1
51089290,2
51089400,1
51089546,2
51089588,1
51089749,1
51090446,2
51090851,1
51091218,1
51092016,3
51092072,5
51092258,2
51093423,1
51093678,1
51093863,1
51093982,1
51094017,1
51094527,1
51094564,2
51094769,1
51094819,1
51095217,1
51095349,1
51095397,1
51095437,1
51095845,1
51096022,1
51096029,1
51096113,1
51096133,1
51096175,1
51096197,13
51096340,1
51096928,1
51097116,1
51097225,1
51097917,5
51098161,1
51098714,1
51098801,1
51099115,1
51099834,5
51100070,1
51100249,1
51100433,1
51100693,2
51100769,2
51101372,1
51101398,1
51101406,2
51101535,2
51101969,1
51102690,1
51102886,1
51103361,5
51104122,1
51104294,2
51104563,1
51104577,1
51104736,1
51105277,1
51105469,1
51106031,3
51106364,1
51106539,1
51106897,3
51108186,1
51108263,2
51108540,1
51108586,2
51109330,2
51109501,1
51109913,1
51110359,1
51110742,1
51110856,2
51110930,10
51111181,1
51111257,1
51111427,1
51111450,1
51111746,1
51111822,1
51112163,2
51112192,1
51112341,3
51113520,4
51113812,1
51113822,2
51114222,1
51114250,1
51114497,8
51114635,8
51114850,1
51115553,3
51115686,5
51115732,2
51116029,1
51116925,1
51117285,1
51117685,1
51117715,5
51118367,3
51118389,1
51118924,2
51118998,1
51119387,1
51119450,1
51119462,1
51119687,1
51120013,1
51120050,1
51120158,1
51120261,1
51120430,1
51120474,1
51121198,7
51121315,2
51122216,1
51122266,1
51122671,6
51122707,1
51122824,1
51123103,9
51123373,1
51123542,1
51123698,1
51123813,1
51124068,1
51124112,1
51124980,4
51124992,1
51125052,1
51125440,2
51125500,1
51126100,1
51126326,1
51126360,1
51126723,1
51126958,2
51127137,1
51127281,2
51127643,1
51127655,1
51127960,1
51128340,1
51128549,1
51129047,1
51129163,1
51129217,2
51129441,1
51129650,1
51129722,1
51129925,1
51130011,1
51130242,1
51130247,1
51130320,2
51130523,1
51130658,1
51130846,2
51131058,1
51131106,1
51131561,1
51131654,1
51132277,1
51132345,1
51132358,1
51132532,1
51132723,1
51132778,8
51133122,1
51133241,1
51133278,1
51133415,1
51133884,1
51134087,1
51134720,1
51134924,1
51135558,1
51135977,1
51136484,1
51136581,8
51136612,1
51136743,1
51136920,1
51137619,2
51137711,1
51137861,2
51138036,1
51138056,1
51138453,1
51138878,1
51138882,1
51138935,1
51139369,1
51139613,1
51139835,2
51140190,6
51141140,1
51141355,1
51141799,1
51141984,1
51142088,1
51142458,1
51142705,1
51142749,1
51142810,2
51143364,1
51143464,1
51143606,2
51143675,1
51143681,1
51143753,1
51143899,1
51144023,1
51144073,1
51144262,1
51144268,1
51144745,1
51145612,2
51145779,1
51145844,1
51146062,1
51146239,1
51146517,1
51147328,2
51147649,1
51147790,10
51148534,1
51148596,1
51148825,1
51148984,1
51149006,3
51149124,2
51149221,1
51149678,1
51151028,1
51151488,1
51151875,7
51151990,26
51152059,1
51152798,1
51152825,2
51152852,2
51152855,16
51152905,6
51152917,1
51152926,1
51152937,1
51152957,3
51153052,1
51153651,1
51154091,9
51154206,1
51154632,1
51154757,1
51155169,2
51155206,2
51155241,1
51155401,1
51155605,1
51155653,1
51155738,1
51155788,1
51155857,2
51155994,2
51156857,1
51156872,1
51157602,3
51157669,1
51158064,1
51158095,3
51158163,1
51158206,1
51158447,1
51158561,1
51158689,2
51158986,1
51159540,1
51159669,1
51159699,1
51159977,1
51160230,1
51160940,1
51161256,2
51161550,1
51162174,1
51162768,2
51163079,2
51163349,2
51163603,1
51163709,1
51163736,1
51164956,1
51165061,4
51165677,1
51165993,1
51166146,3
51166734,9
51166760,1
51167755,1
51167884,1
51168175,2
51168418,1
51168774,1
51169029,1
51169169,14
51169217,1
51169260,1
51170023,4
51170382,1
51170402,1
51170840,1
51170929,1
51170991,1
51171072,1
51171130,2
51171153,1
51171180,1
51171264,1
51171428,1
51171694,1
51171771,1
51171785,1
51172250,1
51172986,2
51173289,1
51173614,1
51173645,1
51173721,1
51174243,1
51174680,1
51174681,1
51175128,1
51175345,4
51175758,1
51176583,1
51176960,4
51176974,1
51177136,1
51177218,2
51177345,1
51177919,1
51178183,1
51178714,3
51178784,1
51178796,1
51178929,1
51178945,1
51179024,1
51180138,1
51180496,1
51181708,2
51181769,1
51181880,1
51181901,1
51182124,1
51182158,1
51182162,3
51182172,2
51182257,1
51182331,1
51182377,1
51182458,1
51182524,1
51183020,2
51183256,3
51183501,1
51183584,2
51183754,1
51184204,1
51184251,1
51184289,1
51184459,1
51184632,3
51184639,1
51185234,1
51185274,1
51185656,1
51185669,1
51185988,1
51187408,1
51188080,2
51188489,10
51189174,1
51189221,1
51189885,1
51190284,1
51190894,1
51191378,1
51191553,1
51191579,1
51191704,1
51191747,1
51191914,1
51191958,1
51192212,1
51192247,1
51192421,1
51192652,1
51192834,1
51193092,1
51193309,1
51193486,1
51193580,2
51193676,1
51193736,1
51194007,1
51194036,1
51194163,2
51194436,2
51194519,1
51194807,2
51194929,1
51195084,1
51195406,1
51195642,3
51195685,1
51196495,1
51196688,1
51196952,2
51197059,1
51197187,10
51197838,2
51198104,1
51198522,1
51198577,1
51198718,1
51198742,1
51199182,1
51200706,6
51200966,1
51201496,1
51201524,1
51201679,1
51203001,2
51203050,1
51203217,1
51203566,1
51203924,1
51204844,1
51204867,1
51204909,1
51205091,1
51205610,1
51205644,3
51205671,2
51206098,1
51206374,1
51207005,2
51207765,1
51208002,1
51208309,2
51208382,1
51209064,1
51209939,1
51209967,7
51210166,1
51210330,1
51210816,1
51210820,1
51211228,1
51211233,1
51211617,1
51211676,1
51211875,1
51212167,1
51212335,4
51212395,3
51212465,4
51212590,1
51212602,1
51212805,1
51212840,1
51213191,1
51213460,1
51213505,1
51213610,1
51213718,1
51214056,1
51214382,1
51214459,2
51214627,1
51214937,4
51214956,1
51215387,1
51215447,3
51217690,1
51217719,1
51217938,1
51218577,1
51219530,1
51219540,2
51220004,1
51220094,1
51220576,1
51221092,1
51221488,3
51222234,1
51224196,1
51224284,1
51224629,1
51224840,2
51225174,2
51226027,1
51226106,1
51226681,1
51226903,1
51226908,1
51227187,2
51227904,1
51228116,5
51228286,4
51228288,2
51228529,1
51229429,1
51229839,3
51229929,1
51230143,1
51230330,3
51230391,1
51230447,3
51230844,2
51231587,1
51231665,13
51231883,1
51232398,1
51232557,5
51232599,1
51233000,1
51233037,1
51233130,1
51233428,1
51234272,1
51236198,4
51236780,1
51236936,1
51237298,2
51237337,1
51237471,1
51237651,2
51238058,3
51238132,1
51238205,1
51238213,2
51238308,1
51238335,1
51238569,1
51238760,1
51238949,1
51239019,1
51239115,1
51240213,1
51240258,1
51240323,1
51240679,1
51240927,1
51241032,1
51241334,1
51241491,1
51242329,3
51242378,2
51242715,1
51243012,1
51243275,1
51244064,1
51245424,3
51245802,1
51245990,4
51246745,1
51246812,1
51247219,1
51247545,1
51247650,97
51247896,1
51247905,1
51248319,1
51248627,1
51249299,1
51249420,2
51249422,1
51250181,1
51250313,1
51250616,1
51250721,2
51251821,1
51251983,3
51252085,1
51252187,1
51252411,1
51252679,1
51252790,1
51252805,1
51252850,2
51252935,1
51253278,1
51253436,3
51253472,1
51253628,1
51253630,1
51253648,1
51253996,1
51254332,1
51254368,2
51254883,1
51254901,1
51255033,1
51255383,1
51255387,1
51255423,1
51255616,1
51255703,1
51256604,1
51257437,1
51257904,1
51258537,3
51258913,2
51259583,2
51260224,1
51260421,1
51260484,1
51260551,2
51260655,1
51261310,1
51261596,4
51261703,2
51261849,1
51262121,1
51262236,1
51262282,1
51262799,1
51262855,1
51262863,1
51262919,1
51263326,2
51263459,2
51263558,1
51263694,1
51264313,1
51264365,1
51264400,1
51264543,1
51264919,1
51265457,2
51265921,1
51265953,1
51266000,2
51266583,2
51266609,1
51266634,2
51267036,1
51267336,2
51267531,1
51268155,1
51268472,1
51268751,1
51269033,3
51269140,4
51269541,1
51269598,1
51269917,1
51270317,1
51270352,1
51271226,6
51271326,1
51271346,1
51271680,1
51272622,1
51272729,1
51273254,3
51273267,1
51273323,2
51273949,1
51274807,1
51275001,1
51275089,1
51275268,2
51275340,1
51275826,1
51276066,1
51276073,3
51276123,1
51276329,2
51276348,1
51276431,1
51276512,1
51276848,1
51276936,1
51276950,1
51277060,2
51277177,1
51277212,38
51277219,1
51277244,1
51277463,3
51278785,1
51278806,1
51278856,1
51279170,1
51279312,1
51279657,1
51280335,1
51280386,1
51280546,1
51280858,2
51281107,1
51282011,1
51282045,5
51282061,9
51282154,3
51282561,7
51282562,1
51282679,1
51282845,1
51283518,1
51283675,1
51284052,1
51284075,1
51284752,1
51284980,1
51285219,1
51285349,1
51286203,1
51286284,1
51287689,2
51288458,1
51288725,1
51289787,1
51290341,1
51290975,1
51291096,18
51291195,1
51291321,1
51291539,1
51291751,1
51291874,1
51292312,1
51292319,1
51292609,2
51292707,1
51292757,2
51292849,1
51293082,1
51293166,1
51294005,1
51294158,1
51294200,1
51294550,2
51294790,1
51294813,1
51295029,4
51295231,1
51295428,1
51296231,1
51296278,1
51296304,1
51296453,1
51296473,2
51296635,2
51296664,3
51296786,4
51296911,1
51296970,1
51297331,1
51298128,1
51298225,1
51298354,1
51298382,1
51298574,2
51299750,1
51300069,2
51300593,1
51300772,1
51300935,1
51301373,1
51301794,1
51301796,1
51302343,1
51302345,3
51302660,1
51302861,1
51303018,1
51303130,1
51303416,1
51303439,1
51303508,4
51303591,1
51303720,2
51303908,1
51304008,3
51304409,1
51304812,1
51304818,1
51304898,2
51304905,1
51305312,3
51305453,1
51305703,1
51305942,1
51306123,1
51306378,1
51306792,1
51307050,1
51307051,1
51307070,1
51307246,1
51307426,1
51307443,1
51307625,1
51307746,1
51307822,1
51308525,2
51308543,2
51308860,2
51309083,1
51309311,1
51309325,1
51309713,2
51309902,1
51310006,2
51310303,1
51310527,1
51310951,1
51311388,1
51311975,1
51312220,1
51312747,1
51312836,1
51313132,1
51313320,1
51313891,4
51314134,1
51314384,1
51315319,1
51315422,1
51315612,1
51315917,1
51316078,1
51316506,1
51316715,2
51316855,1
51317868,1
51318300,2
51318507,1
51318706,1
51318728,1
51319144,1
51319196,1
51319279,1
51319396,1
51319556,2
51319939,3
51320059,3
51320355,1
51320413,1
51320643,1
51320664,1
51321248,1
51321362,1
51321568,1
51321657,1
51321675,1
51321923,2
51321998,1
51322194,1
51322536,1
51322722,1
51322796,1
51323249,1
51323430,43
51323634,1
51323872,2
51323878,1
51324650,2
51325095,2
51325247,1
51325407,1
51325450,1
51325465,1
51325595,2
51325837,1
51325840,1
51326344,1
51326478,1
51327425,1
51328135,1
51328208,1
51328526,2
51328671,1
51328760,2
51328928,1
51329102,1
51329263,1
51329471,1
51329828,2
51329998,1
51330209,2
51330845,1
51330930,1
51331028,1
51331466,1
51331541,1
51331710,1
51332062,3
51332436,1
51333862,1
51334062,1
51334220,2
51334778,1
51335247,1
51335844,1
51335958,2
51336394,1
51336578,22
51336989,1
51337217,1
51337959,1
51338411,1
51338610,1
51338817,1
51339553,1
51339555,3
51339608,2
51339736,1
51340112,1
51340436,3
51340669,1
51340707,2
51340760,1
51340837,2
51341372,1
51341721,7
51342109,2
51342353,1
51342595,1
51342739,1
51343091,1
51343128,2
51343130,1
51343203,1
51343286,1
51343554,2
51343736,1
51343859,2
51343891,1
51344109,1
51344200,1
51344494,1
51344543,1
51344618,2
51344707,1
51345036,1
51345054,1
51345114,1
51345583,1
51345785,1
51346088,1
51346122,1
51346470,1
51346541,1
51346793,2
51347195,2
51347568,2
51347610,7
51347705,1
51347733,1
51348056,1
51348165,1
51348287,1
51348699,1
51349415,1
51350135,1
51350262,1
51350607,1
51350738,3
51351143,5
51351218,3
51351756,1
51352327,1
51352439,2
51352489,1
51353334,1
51353385,1
51353653,1
51355613,1
51355657,1
51355961,1
51356023,5
51356299,1
51356598,1
51356727,1
51356804,1
51356921,1
51357583,1
51357643,1
51357762,1
51357854,5
51358119,1
51358623,1
51358636,1
51358857,1
51359097,5
51359385,2
51359528,1
51359696,1
51359892,1
51359922,3
51359948,1
51360003,1
51360250,1
51360544,2
51360670,1
51360879,1
51360880,1
51361230,1
51361427,1
51361512,1
51361958,1
51362066,1
51362338,1
51362690,2
51362800,1
51363034,2
51363113,1
51363585,1
51363642,1
51364252,1
51364560,1
51364620,1
51364926,2
51365516,1
51365722,1
51365828,1
51366012,1
51366014,2
51366068,1
51366200,1
51366497,1
51366534,1
51366990,2
51368264,1
51368301,1
51368361,1
51368407,1
51369093,5
51369156,1
51369213,2
51370409,1
51370672,2
51371172,2
51371242,1
51371282,2
51371362,1
51371503,3
51372711,2
51372957,1
51373290,1
51373948,1
51373976,1
51374316,1
51374481,1
51374501,1
51374535,1
51374847,1
51374891,2
51374908,1
51375458,2
51375718,1
51376032,1
51376077,1
51376499,1
51376655,2
51376928,1
51377095,1
51377108,1
51377672,1
51377783,2
51377937,3
51378027,5
51378870,2
51378984,1
51379004,1
51379239,1
51379431,1
51379692,2
51379705,1
51379726,1
51379731,1
51379822,1
51380060,1
51380250,1
51380943,1
51381117,1
51381175,1
51381410,1
51381462,1
51381608,1
51382274,1
51382484,2
51382492,1
51382934,1
51383022,1
51383046,2
51384221,1
51384369,1
51384403,1
51385330,1
51385744,1
51386109,1
51386125,1
51386169,1
51386209,1
51386570,1
51386693,1
51386855,1
51387724,1
51387894,1
51387988,1
51388310,1
51388404,1
51388665,1
51389285,1
51389392,1
51389621,2
51389627,1
51390137,1
51390204,1
51390413,1
51390435,1
51390810,1
51391015,7
51391177,1
51391253,2
51391559,1
51392118,2
51392159,1
51392322,2
51392430,1
51392906,1
51393686,1
51393846,1
51393862,1
51394747,1
51394793,7
51395022,1
51395053,2
51395354,1
51395757,1
51396444,1
51396640,2
51396839,1
51397120,1
51397157,1
51397218,4
51397277,1
51397509,1
51397665,1
51397890,2
51397899,1
51397906,1
51398081,1
51398468,2
51398533,1
51398605,3
51398928,2
51398938,1
51399126,1
51399349,2
51399463,1
51399487,1
51399522,1
51399656,1
51401043,1
51401301,1
51401546,10
51401583,4
51401685,1
51402223,5
51402571,1
51402838,1
51403237,1
51403497,2
51403980,2
51403993,1
51404063,1
51404637,1
51405249,1
51405584,1
51405653,1
51406099,1
51406341,1
51406345,3
51406834,1
51406912,3
51407308,1
51407930,1
51407943,1
51407957,1
51408033,1
51408135,2
51408606,1
51409121,16
51409185,1
51409198,1
51409407,1
51410293,1
51410375,1
51410778,5
51410969,1
51411016,3
51411041,1
51411177,1
51615629,1
51615778,1
51615982,2
51616985,1
51617143,1
51617399,1
51617912,1
51618020,1
51618162,1
51618205,1
51618395,1
51618503,1
51618671,1
51618783,1
51618857,1
51619624,1
51619798,2
51619801,1
51619891,2
51620190,1
51621172,1
51621175,1
51621393,1
51621765,1
51621777,1
51622094,1
51622273,2
51622398,1
51622492,1
51622669,2
51623053,1
51623063,1
51623154,1
51623260,1
51623640,1
51624083,1
51624230,11
51624293,1
51624827,1
51625078,1
51625350,2
51625490,1
51625683,1
51625814,1
51626594,1
51626606,2
51627211,2
51627687,2
51629028,1
51629046,1
51629259,1
51629554,2
51629973,1
51630047,1
51630118,2
51630309,1
51630329,1
51630411,1
51630889,7
51631253,1
51631482,1
51631714,1
51632190,1
51632221,1
51632291,1
51632453,1
51632618,1
51632656,1
51632885,1
51633488,1
51633518,2
51633603,2
51633703,1
51634284,1
51634400,3
51634489,1
51634569,1
51634752,1
51634856,1
51635450,1
51635676,2
51636084,1
51636301,1
51636366,1
51636374,1
51636683,2
51637275,1
51637930,1
51638067,2
51638342,1
51638416,5
51638706,1
51638758,1
51639187,1
51639209,1
51639873,1
51640747,1
51641156,1
51641669,1
51641860,1
51642034,1
51642870,3
51644293,1
51644901,1
51645421,1
51645455,32
51645511,1
51645679,1
51645709,1
51646210,12
51647031,2
51648380,1
51648684,6
51649070,1
51649444,1
51649478,1
51650080,1
51650169,1
51650222,1
51650747,1
51650822,3
51651154,1
51651297,1
51651329,1
51651928,2
51652485,1
51653295,1
51653746,1
51654357,1
51654747,1
51654855,1
51655013,1
51656068,1
51656700,1
51656946,1
51657102,1
51657436,1
51657485,1
51658020,1
51658025,4
51658586,1
51658616,3
51658650,1
51659229,1
51659382,1
51659903,1
51660217,1
51660681,2
51660885,1
51661006,1
51661155,1
51661166,2
51661331,1
51661885,1
51662089,2
51662683,1
51662700,1
51662980,2
51663161,1
51664549,1
51664846,1
51664982,1
51665139,2
51665331,1
51665798,2
51665874,1
51665992,3
51666262,1
51666326,1
51666363,3
51666968,2
51667214,1
51667222,1
51667710,1
51668102,1
51668159,11
51668353,1
51668545,1
51668651,2
51668690,2
51668920,1
51669040,1
51669238,1
51670406,1
51670604,1
51670605,1
51670661,4
51670735,2
51670997,1
51671087,1
51671290,3
51671684,1
51671918,2
51672089,1
51672112,1
51672188,1
51672440,1
51672608,1
51672901,9
51672972,1
51673242,2
51673634,1
51673647,2
51673937,2
51674503,1
51674753,1
51675478,4
51675845,1
51676620,2
51677207,1
51677391,2
51677471,1
51677897,1
51678054,2
51678467,1
51678796,1
51679186,2
51679215,1
51679610,1
51679830,1
51679832,1
51680053,2
51680191,1
51680560,1
51680599,1
51681427,1
51681458,1
51681516,1
51681761,1
51681918,1
51682167,3
51682563,1
51683136,1
51683216,1
51683505,3
51683534,2
51683536,1
51683615,2
51684014,6
51684093,1
51684207,1
51684769,1
51684786,1
51684803,1
51685283,1
51685707,1
51686318,1
51686754,1
51687401,1
51687624,1
51687653,1
51687834,2
51688179,1
51688183,1
51688204,1
51688333,1
51688438,1
51688632,1
51689377,1
51689426,1
51689487,1
51689604,1
51689702,1
51690965,1
51691217,1
51692142,1
51692523,1
51692572,1
51692619,1
51692963,1
51693213,4
51693733,1
51693847,1
51694524,1
51694550,1
51694750,1
51694765,1
51696035,1
51696057,1
51696736,1
51696988,1
51697649,1
51697838,26
51698607,2
51699482,1
51699566,1
51699639,2
51699643,1
51699718,1
51699988,1
51700137,1
51700817,1
51700919,2
51701102,2
51701214,2
51701443,1
51701882,1
51702382,1
51702586,1
51702735,1
51703175,5
51703176,1
51703431,3
51703433,1
51703471,1
51703947,2
51704056,1
51704118,2
51704337,1
51704406,1
51704473,2
51704524,1
51704661,1
51704695,1
51705154,1
51705293,1
51705371,1
51705588,2
51705886,1
51706122,1
51706589,1
51708200,1
51708691,1
51709000,2
51709006,1
51709069,1
51709089,2
51709558,1
51709723,1
51709903,1
51709938,2
51710326,2
51710438,1
51710509,1
51710703,1
51710929,2
51711466,1
51711745,1
51712489,1
51712573,1
51712685,1
51712791,1
51712853,1
51712914,1
51713370,1
51713624,2
51713963,1
51714332,1
51714475,1
51714491,1
51714565,1
51715045,1
51715433,1
51716167,1
51716274,1
51716790,1
51716884,3
51717040,1
51717352,1
51717629,1
51717708,1
51717825,1
51717849,1
51717872,1
51717891,3
51718901,5
51719402,1
51719424,1
51719720,1
51720509,1
51720769,1
51721276,1
51721872,1
51722599,1
51722691,1
51722973,3
51723198,1
51723478,1
51723543,1
51723561,1
51724135,2
51724241,1
51724839,1
51725114,1
51725968,1
51726065,1
51726187,3
51726291,2
51726760,1
51726843,1
51727258,1
51727503,1
51727960,1
51728725,1
51728789,1
51728914,1
51729099,1
51729376,1
51729743,1
51729828,1
51730180,1
51730612,1
51730757,1
51731174,1
51731199,1
51731852,1
51731994,1
51732045,1
51732587,5
51732670,1
51734240,4
51734294,1
51734387,1
51734438,2
51734934,1
51734958,2
51735067,1
51735488,1
51735884,1
51736005,1
51736049,1
51736130,1
51736307,1
51736540,4
51736761,2
51737058,1
51737372,1
51737389,9
51737417,2
51738554,2
51738671,1
51738928,1
51738983,1
51739115,1
51739641,3
51739832,1
51740940,1
51741210,1
51741466,2
51741471,2
51741559,1
51742284,1
51742353,1
51742607,5
51742692,1
51742703,1
51742757,1
51742815,7
51743012,1
51743112,1
51743214,1
51744050,1
51745182,2
51745302,1
51745339,3
51746151,1
51746875,1
51747006,1
51747286,1
51747304,1
51747391,1
51747544,1
51747939,1
51748342,1
51748379,1
51749281,4
51749364,1
51749393,14
51749690,1
51749793,1
51750393,1
51750439,1
51750917,1
51750987,1
51751082,2
51751393,1
51751516,1
51751656,1
51751889,1
51751943,1
51752008,11
51752178,1
51752249,1
51752287,3
51752610,1
51753397,1
51753625,2
51753906,1
51753974,2
51753997,1
51754205,2
51754243,1
51754455,1
51754573,1
51754597,2
51754895,1
51754999,3
51755804,1
51756176,1
51756269,1
51756291,1
51756388,1
51756686,1
51756900,5
51757266,3
51757444,1
51757681,1
51758548,1
51758579,1
51758643,3
51759049,2
51759218,1
51760419,1
51760553,2
51760658,2
51760675,1
51760779,1
51760841,1
51761391,11
51761516,1
51761648,1
51761886,1
51763067,1
51763221,1
51765635,2
51765962,1
51766134,1
51766379,2
51766777,2
51767097,1
51767226,1
51767255,2
51767445,1
51768098,1
51768397,1
51768899,1
51768924,1
51768973,1
51769030,1
51769322,1
51769620,1
51769666,1
51769948,1
51770259,1
51770496,1
51771435,1
51771567,1
51771709,1
51772096,1
51772446,1
51772476,1
51772652,1
51772859,1
51772880,1
51773501,1
51773626,1
51773894,1
51774747,1
51775255,1
51775384,2
51775550,1
51775645,1
51775724,1
51775892,1
51776055,3
51776323,3
51776588,1
51776906,1
51777084,1
51777097,1
51777338,1
51777434,1
51777585,1
51778437,1
51778569,1
51779389,1
51779468,1
51780262,1
51781075,1
51781090,1
51781303,1
51781340,1
51781523,3
51781652,1
51781756,1
51781955,1
51782303,1
51782415,1
51782797,1
51783245,1
51784360,1
51784692,1
51785293,1
51785495,1
51785956,1
51786959,1
51787053,1
51787335,1
51787490,1
51787570,1
51788334,1
51788837,1
51789057,3
51789109,1
51789621,1
51789784,1
51789942,1
51790062,1
51790104,1
51790198,1
51790359,2
51790969,1
51791124,1
51791250,1
51791653,1
51792365,1
51792421,2
51792555,2
51792641,1
51792743,1
51792915,1
51793610,1
51793668,1
51793860,1
51793994,2
51794359,1
51794414,1
51794462,1
51794940,1
51795481,1
51795844,2
51795956,3
51796163,1
51796214,2
51796250,1
51796712,1
51797143,1
51797364,1
51797766,1
51798018,1
51798248,1
51798362,1
51798575,1
51798623,1
51798773,2
51798921,1
51798949,1
51798990,1
51799122,1
51799289,1
51800009,1
51800765,2
51801278,1
51801374,1
51801540,1
51802189,1
51802454,1
51802623,1
51803143,36
51803275,1
51803405,1
51803643,1
51803656,1
51803965,1
51804388,1
51805241,1
51806242,2
51806484,2
51806983,8
51807912,1
51808203,1
51808435,1
51808652,5
51808807,1
51809674,1
51809676,1
51810187,1
51810544,1
51810844,2
51811772,2
51811859,2
51812155,1
51812170,1
51812425,1
51812639,2
51812701,2
51812939,1
51813368,1
51814061,4
51814288,1
51814414,1
51814622,1
51814959,3
51815629,1
51816550,1
51816722,1
51816894,1
51817287,1
51817340,1
51817623,1
51817806,1
51818151,1
51818170,1
51818388,1
51818528,1
51818809,5
51818942,1
51820703,1
51820909,1
51821052,1
51821242,1
51821247,1
51821254,1
51821385,1
51821542,1
51821726,1
51822230,1
51822858,1
51822860,1
51823147,1
51823193,1
51823455,1
51823824,1
51824280,2
51824645,1
51824783,1
51825025,2
51825084,1
51825088,1
51825324,1
51825867,1
51826432,1
51826507,3
51826514,1
51826971,2
51826975,1
51827335,1
51827705,1
51827912,1
51828048,1
51828153,1
51828336,1
51828927,1
51829434,1
51829487,1
51829610,2
51830295,1
51830721,1
51830942,2
51831515,2
51831836,2
51832304,1
51832377,2
51832401,4
51832955,1
51833163,1
51833314,1
51833399,6
51833759,1
51833980,1
51834077,1
51834202,3
51834823,1
51834887,1
51835041,1
51835976,3
51836322,1
51836783,1
51837223,1
51837383,2
51837401,1
51837588,1
51837749,5
51838304,1
51838418,3
51839183,2
51839457,1
51839559,3
51839593,1
51840065,2
51840199,1
51840228,1
51840608,1
51840678,1
51841164,1
51841474,7
51841551,1
51841689,3
51842313,2
51842803,1
51842900,1
51843322,1
51843435,1
51843466,1
51843817,3
51843951,1
51844127,1
51844338,1
51844851,1
51845236,2
51845542,1
51845794,7
51845869,2
51846543,1
51846680,2
51846747,1
51846764,2
51846885,1
51846957,1
51847073,2
51847120,1
51847526,2
51848288,1
51848386,1
51848931,2
51848944,1
51849116,1
51849351,4
51850210,1
51850284,1
51850516,1
51852055,1
51852101,3
51852573,1
51852879,1
51853086,1
51853519,1
51853572,1
51853970,1
51854181,1
51854219,1
51854245,1
51854558,16
51855186,1
51856077,1
51856288,1
51856543,1
51857564,1
51857597,1
51857909,1
51857989,1
51858065,1
51858164,1
51858326,1
51858341,1
51858427,1
51858468,2
51858758,1
51859450,2
51859561,1
51859616,1
51859662,1
51859664,1
51860503,1
51860621,1
51860759,1
51861010,1
51861082,1
51861091,3
51861514,1
51861543,1
51861768,4
51862138,1
51862162,1
51862207,3
51862495,3
51862539,1
51862737,1
51863048,1
51864151,1
51864275,1
51864375,1
51865210,1
51865241,2
51865286,1
51865489,1
51866307,1
51866400,2
51866414,1
51866954,1
51867426,1
51867552,1
51868459,2
51868489,1
51868659,4
51869407,1
51869511,4
51870032,1
51870042,1
51870103,1
51870370,1
51870438,2
51870776,1
51870780,1
51870976,1
51871213,1
51871489,1
51871583,1
51872605,1
51872955,5
51873158,1
51873258,1
51873602,2
51873758,10
51873985,1
51874167,1
51874264,1
51874420,1
51874712,5
51874934,1
51875621,1
51875945,3
51876592,1
51876745,6
51876959,1
51877030,1
51877245,1
51877309,1
51877471,1
51877701,1
51878026,2
51878165,1
51878517,3
51878839,1
51878956,1
51879268,1
51879278,1
51879464,3
51879506,1
51879620,1
51879762,4
51880163,2
51880637,1
51880934,1
51881130,1
51881262,2
51881463,1
51881686,1
51881716,1
51881912,1
51881938,1
51882058,1
51882128,1
51883555,1
51883651,6
51884177,2
51884877,1
51885233,1
51885252,1
51885285,1
51885493,1
51885867,4
51886049,1
51886314,1
51886706,1
51887904,1
51888256,1
51888316,1
51888820,1
51889125,1
51889309,1
51889331,1
51889411,2
51889618,1
51889622,4
51889661,1
51889960,1
51890276,1
51890676,1
51891297,1
51891483,4
51891674,1
51891743,1
51892006,2
51892117,1
51892843,1
51893260,5
51893469,1
51893559,1
51893629,5
51893850,1
51893957,1
51894327,1
51894443,4
51894568,1
51894870,1
51895193,1
51895332,1
51895732,11
51895930,1
51896093,1
51896329,1
51896380,1
51896803,1
51897105,1
51897569,1
51897810,2
51898346,1
51898553,1
51898837,1
51898841,1
51899051,1
51899147,1
51899203,1
51899401,1
51899417,1
51899480,1
51900774,2
51900819,1
51901174,1
51901573,2
51901758,4
51901776,1
51902100,1
51902591,1
51902902,1
51903095,1
51903105,1
51903228,1
51903243,2
51903396,1
51904306,3
51904360,1
51904496,1
51904775,1
51904877,1
51904952,1
51904999,2
51905096,1
51905156,3
51905800,1
51905868,1
51906572,1
51906693,1
51907158,1
51907187,1
51907487,1
51907639,1
51907847,1
51907908,1
51908011,1
51908239,1
51908446,1
51908680,2
51909567,1
51909740,1
51909852,1
51909914,1
51910496,2
51910769,1
51911392,1
51911601,1
51912129,1
51912143,2
51912895,3
51913070,4
51913187,1
51913967,2
51914013,1
51914079,1
51915176,1
51915884,5
51916015,1
51916251,1
51916360,1
51916430,1
51916630,1
51916787,1
51916842,1
51917497,1
51917522,1
51919832,1
51919867,1
51919954,1
51920105,1
51920266,4
51920504,1
51920574,1
51921104,2
51921159,1
51921539,1
51921721,1
51921843,1
51922391,1
51922946,1
51923083,1
51923448,1
51923475,1
51924221,1
51924562,1
51925113,1
51925253,1
51926234,1
51926488,2
51926983,1
51927029,1
51927051,1
51927087,2
51927561,1
51927631,1
51927866,2
51928198,1
51928544,1
51928558,1
51928562,1
51928975,1
51929330,2
51929478,1
51929644,1
51929759,1
51929919,1
51930160,4
51930293,2
51930306,5
51930308,1
51930456,1
51930466,1
51930714,1
51931593,2
51931870,1
51931902,1
51932820,1
51932883,1
51933101,1
51933763,1
51933772,6
51933817,2
51933852,1
51933981,2
51934246,1
51934371,2
51934726,1
51934755,1
51934799,1
51934872,1
51935069,8
51935233,1
51935387,1
51935508,1
51935629,1
51935655,1
51935687,1
51935922,1
51936196,2
51936373,3
51936410,1
51936721,3
51937188,1
51937880,1
51937965,1
51938898,1
51939207,1
51939331,1
51939375,1
51940247,1
51940302,1
51940534,7
51940782,1
51941379,1
51941454,1
51941494,3
51942525,7
51943235,5
51943391,1
51943479,1
51943565,2
51943821,1
51944023,1
51944075,4
51944090,1
51944209,1
51944225,1
51944557,1
51944966,2
51945202,1
51945305,1
51945513,2
51945867,1
51946122,1
51946166,1
51946705,2
51947171,1
51947543,2
51947605,1
51948655,1
51948746,1
51948924,1
51949357,1
51949358,1
51949402,1
51949425,1
51949773,1
51949955,2
51950099,1
51950343,8
51950696,5
51950980,3
51951283,1
51951383,9
51951444,1
51951715,1
51952255,1
51953046,1
51953154,1
51953294,1
51953539,1
51953547,2
51953848,1
51954049,1
51954095,1
51954188,4
51954266,2
51954577,1
51955276,1
51955719,1
51955982,2
51956152,1
51956455,3
51956497,4
51956629,1
51956756,2
51956879,1
51957598,1
51957846,2
51958086,1
51958268,1
51958864,1
51958916,1
51958957,1
51959004,1
51959123,4
51959145,1
51959184,1
51959503,1
51959703,1
51959784,1
51959847,8
51960002,1
51960296,1
51960341,2
51960689,1
51960728,1
51960978,5
51961004,1
51961121,1
51962380,1
51963101,1
51963342,1
51963383,1
51963791,1
51964184,1
51964288,3
51964426,1
51964503,1
51964807,1
51964936,1
51965000,1
51965105,1
51965278,3
51965658,2
51966210,1
51966312,2
51966446,1
51966473,1
51967104,1
51967157,2
51967499,5
51967622,1
51967687,1
51968028,1
51968312,1
51968419,1
51968441,2
51968489,1
51968696,1
51968721,1
51968722,1
51968909,1
51969414,1
51969687,2
51969766,2
51969857,1
51969915,1
51970720,1
51970885,1
51971522,4
51971592,1
51971656,1
51971835,1
51971990,1
51972391,1
51972611,1
51972794,1
51972802,2
51972985,2
51973056,1
51973574,1
51973589,1
51974347,1
51974527,1
51974631,1
51974786,1
51974901,1
51975269,3
51975524,1
51975783,1
51976101,2
51976436,1
51976619,1
51977107,1
51977179,4
51977423,9
51977626,1
51977989,1
51978000,3
51978401,2
51978552,2
51978737,1
51979028,2
51979116,1
51979613,1
51979649,1
51979872,1
51979984,1
51980124,1
51980690,1
51980693,4
51980862,1
51980902,1
51981019,1
51981065,1
51981611,1
51981814,4
51981967,1
51982183,2
51983145,1
51983691,1
51983756,1
51983915,1
51984395,2
51984751,1
51985413,1
51985525,9
51985822,1
51985882,1
51986020,1
51986154,1
51986178,1
51986603,1
51986628,3
51986785,1
51986903,1
51987023,1
51987219,1
51987445,1
51987619,1
51987708,1
51988146,3
51988152,1
51988442,3
51988885,1
51988918,1
51989397,1
51989413,1
51989575,1
51989606,1
51990025,1
51990314,1
51990413,4
51990654,1
51990950,1
51991412,1
51991671,4
51992120,1
51992268,1
51992457,1
51992464,1
51993042,1
51993353,1
51993488,1
51993642,1
51993718,2
51993739,1
51993903,1
51993985,1
51994026,1
51994125,6
51994212,13
51994480,1
51994763,1
51995653,1
51995705,3
51996022,1
51996119,1
51996439,1
51997044,1
51997114,1
51997419,2
51997707,2
51997953,1
51998107,1
51998326,1
51998472,1
51998550,1
51998629,3
51999181,1
51999620,1
51999632,1
51999757,3
52000075,1
52000371,1
52000808,2
52002089,1
52002289,1
52002341,1
52002664,1
52003305,1
52003488,1
52003536,1
52003629,1
52003743,2
52003746,1
52003821,1
52003886,1
52004133,1
52004289,2
52004305,2
52004772,2
52004923,1
52004956,1
52005235,3
52005435,1
52005725,3
52005905,1
52005924,2
52006343,4
52006475,1
52006996,1
52007007,1
52007302,1
52007438,1
52007500,1
52007570,1
52007625,1
52008077,1
52008531,8
52008686,5
52009166,5
52009381,2
52009526,1
52009756,2
52011151,1
52011255,1
52011466,1
52011484,1
52011712,1
52011773,1
52011948,1
52012772,1
52013340,2
52013456,2
52014173,1
52014311,2
52014556,1
52014695,2
52014761,7
52015418,1
52015848,1
52016184,1
52016523,1
52016783,3
52017351,1
52017403,1
52017812,1
52017921,1
52018300,1
52018587,1
52018845,1
52019046,3
52019061,1
52019621,2
52019966,1
52020423,1
52021126,1
52021571,1
52021908,6
52022164,1
52023898,1
52024663,1
52025451,1
52025495,1
52025497,1
52025930,1
52026054,2
52026230,1
52026380,1
52026403,1
52027242,1
52027600,1
52027907,1
52027943,5
52027960,1
52028399,1
52028610,1
52028739,1
52028778,1
52029001,2
52029030,1
52029386,1
52029519,1
52029669,1
52029760,2
52029925,1
52030056,1
52030158,1
52030523,1
52030811,1
52031318,1
52031319,1
52031881,1
52032054,1
52032142,7
52032942,2
52033136,1
52033897,1
52033912,1
52034077,1
52034102,1
52034195,1
52034294,2
52034546,1
52034891,1
52035067,1
52035237,1
52035898,1
52035920,1
52036279,1
52036519,3
52036541,1
52036568,1
52036653,1
52036796,3
52036865,2
52037273,1
52037287,1
52038629,1
52039163,1
52039223,1
52039644,2
52039675,1
52039870,1
52039952,1
52040110,1
52040152,1
52040262,1
52040366,1
52040762,1
52040870,1
52040921,2
52041101,2
52041581,1
52041918,1
52042263,1
52042595,1
52042658,1
52043417,1
52043645,1
52043797,1
52044227,1
52044261,1
52045051,1
52045283,1
52046221,1
52047009,4
52047018,3
52047037,1
52047289,3
52047580,3
52048105,1
52048190,11
52048436,1
52048818,1
52048839,1
52048880,1
52049557,1
52049939,1
52050039,1
52050313,1
52050813,7
52050826,1
52051069,3
52051086,1
52051216,1
52051223,1
52051465,1
52051586,1
52052253,1
52052477,2
52053462,2
52053549,2
52054270,1
52054580,1
52054971,1
52055290,1
52055360,1
52055931,1
52056000,1
52056008,1
52056011,1
52056129,2
52056587,1
52057191,2
52057452,2
52057457,2
52057803,1
52058590,1
52058760,1
52058896,1
52058939,1
52059369,2
52059857,1
52060022,5
52060030,1
52060201,1
52060205,1
52060295,1
52060410,1
52060948,1
52061308,1
52061534,1
52061716,1
52061741,1
52061878,1
52062239,2
52062405,5
52063173,12
52063187,1
52063358,1
52063500,1
52063890,1
52064072,2
52064133,1
52064193,1
52064837,1
52065750,2
52065814,1
52065862,1
52066459,3
52066907,1
52066943,1
52067145,1
52067668,1
52068296,8
52068680,2
52068751,1
52068953,1
52069549,3
52069917,1
52070134,1
52070191,1
52070210,1
52070383,1
52070473,1
52070618,1
52070786,1
52070914,3
52071826,2
52071894,1
52071946,1
52072617,1
52072797,2
52073565,1
52074129,24
52074764,1
52075693,1
52075852,3
52075885,1
52075971,1
52076017,1
52076030,1
52076084,1
52076745,1
52076792,1
52076843,1
52077422,1
52077495,1
52077546,1
52077846,3
52077964,3
52078267,1
52078597,1
52078677,1
52078996,1
52079653,1
52079695,1
52080183,1
52080539,1
52080709,1
52081018,1
52081233,1
52081391,1
52081690,2
52081724,1
52081784,9
52082777,1
52083300,2
52083386,2
52083699,1
52083772,1
52084282,1
52085061,2
52085346,1
52086777,1
52087219,1
52087492,1
52087541,1
52087683,1
52087721,1
52087754,2
52088537,1
52088567,1
52088632,1
52088929,1
52089301,1
52089440,1
52089482,2
52090102,1
52090225,1
52090335,1
52090625,5
52091093,1
52091533,2
52091546,1
52093028,1
52093500,1
52093893,1
52093905,1
52094099,1
52094262,1
52094781,1
52095643,1
52095985,1
52096191,1
52096377,1
52096383,1
52096512,1
52097466,1
52097610,1
52097659,2
52098002,2
52098173,1
52098754,1
52099269,1
52099462,1
52099640,1
52099956,1
52100007,1
52100108,1
52100888,1
52101478,1
52102163,1
52102236,1
52102819,6
52103055,1
52103737,4
52104235,2
52104565,1
52105108,1
52105738,1
52105973,1
52106048,1
52106237,1
52106330,1
52106395,1
52107264,1
52107743,1
52108632,1
52108730,2
52109600,1
52109615,1
52109863,1
52110071,4
52110131,1
52110311,1
52110727,1
52110773,2
52110875,1
52111075,2
52111499,1
52111809,1
52111906,1
52112130,1
52112213,1
52112394,1
52113102,1
52113178,1
52113558,1
52113670,1
52114282,2
52114313,1
52114634,2
52114861,1
52115054,3
52117048,1
52117161,1
52117665,1
52117942,1
52118148,6
52118550,1
52118607,1
52118804,1
52119141,1
52119402,1
52119530,2
52119876,1
52119999,1
52120014,1
52120283,1
52120366,31
52120675,2
52120890,1
52121167,1
52121266,2
52121379,1
52121732,1
52122646,1
52122931,3
52123826,1
52123898,2
52124043,1
52124133,1
52124292,1
52124316,1
52125386,1
52125399,1
52125461,1
52125886,1
52125987,2
52126212,1
52126624,1
52126733,1
52126782,1
52127012,1
52127059,1
52127172,1
52127195,1
52127301,1
52127425,1
52127435,1
52127530,3
52127551,1
52128291,1
52128851,1
52128918,1
52129028,1
52129130,1
52129351,1
52129464,2
52129720,1
52129728,6
52130435,1
52130671,2
52130819,4
52131514,1
52131733,1
52131896,1
52131910,1
52132040,3
52132402,2
52132443,1
52132647,1
52133119,1
52133164,1
52133178,5
52133226,2
52133324,1
52134313,3
52134520,1
52134700,2
52134751,1
52135334,1
52135709,1
52136122,1
52136339,2
52137062,2
52137092,1
52137103,1
52137342,1
52137419,1
52137531,1
52137627,1
52137719,1
52137727,1
52138823,1
52138979,3
52139283,1
52139318,1
52139321,1
52139358,12
52139400,1
52139464,1
52139725,2
52140280,6
52141208,1
52141329,1
52141402,1
52141498,1
52141595,1
52142010,2
52142502,1
52142608,1
52142938,2
52143093,1
52143489,1
52143666,1
52143714,1
52144292,1
52144301,1
52144595,1
52144728,1
52144806,2
52144882,1
52145424,2
52146368,1
52146409,1
52146506,1
52146588,1
52146736,8
52147214,1
52147289,1
52147455,1
52147634,1
52147705,1
52148293,1
52148966,1
52148967,1
52149277,2
52149694,1
52150507,1
52151474,1
52151633,2
52151744,1
52152238,2
52152317,1
52152478,1
52152931,1
52153918,1
52154412,1
52154420,1
52154470,1
52154507,1
52154565,2
52154635,1
52155183,2
52155242,1
52155287,1
52156535,1
52156882,2
52156887,3
52157046,2
52157281,1
52157415,1
52157689,1
52157812,1
52157928,1
52158040,1
52158758,1
52158859,1
52159096,1
52159189,2
52159805,1
52159846,1
52160680,1
52160990,1
52161213,3
52161265,1
52161298,1
52161299,1
52161367,1
52161674,1
52161912,1
52161973,1
52161985,1
52162286,1
52162419,1
52162837,1
52163014,1
52163040,1
52163339,1
52163542,1
52163932,1
52164476,1
52164706,1
52164802,1
52164936,1
52164941,1
52165257,1
52165591,2
52165774,1
52165860,1
52166802,1
52167205,1
52167381,1
52167613,1
52167648,1
52167892,2
52168299,1
52168456,4
52168470,1
52168575,1
52169496,1
52169504,1
52169636,2
52169877,1
52170188,1
52171367,7
52171652,1
52171996,1
52172347,1
52172447,45
52172461,1
52172705,1
52173100,1
52173713,1
52173802,3
52174850,1
52174953,2
52175158,1
52175370,1
52175945,2
52176580,5
52177084,1
52177087,1
52177321,1
52177594,3
52177647,1
52178228,1
52178385,1
52178459,1
52178527,1
52178599,1
52178873,2
52179013,5
52179307,1
52179512,1
52179560,1
52179655,1
52180557,1
52180645,1
52180703,1
52181355,1
52181542,2
52181627,1
52181650,1
52181855,1
52182113,1
52182201,1
52182246,2
52182543,1
52183719,1
52184086,1
52184359,1
52184435,1
52184553,1
52184671,1
52184899,2
52184913,1
52185241,1
52185298,1
52185679,1
52186249,1
52186453,2
52186461,5
52186522,3
52186552,1
52186636,1
52186642,2
52186867,1
52187672,1
52188245,1
52189326,1
52189510,1
52189919,1
52190450,1
52191023,1
52191137,1
52192440,1
52192922,1
52193029,1
52193095,1
52193159,2
52193526,2
52194983,1
52195180,1
52195370,1
52195401,1
52195402,1
52195620,1
52195682,2
52196083,3
52196366,3
52196606,1
52197012,1
52197205,2
52198076,1
52198117,1
52198156,2
52198441,1
52198617,1
52198674,1
52198789,2
52198821,2
52199269,1
52199285,1
52199309,2
52199345,1
52199370,1
52199441,1
52199657,7
52199998,1
52200119,12
52200148,1
52200189,1
52200282,1
52201034,1
52201154,2
52201175,5
52201413,1
52201479,1
52201914,1
52202315,5
52202317,1
52202825,1
52202908,3
52203775,1
52204084,1
52204691,6
52205118,1
52205162,2
52205684,1
52206211,3
52206648,1
52206842,4
52207027,1
52207048,1
52207049,1
52207059,11
52208074,1
52208391,1
52208765,4
52208992,5
52209278,2
52209303,1
52209360,1
52209379,2
52209403,1
52209561,1
52209689,1
52210070,1
52210304,1
52210347,1
52210405,1
52210558,2
52210573,1
52210739,1
52210774,1
52210863,1
52210950,1
52210972,1
52211020,1
52211114,1
52211222,3
52211350,2
52211727,1
52211831,1
52211932,4
52212053,1
52212131,1
52212230,2
52212244,1
52212380,1
52212476,1
52212659,4
52213008,1
52213062,1
52213080,8
52213994,2
52214037,1
52214322,1
52214490,1
52214548,1
52214971,1
52215098,1
52215587,1
52215935,1
52216401,2
52216737,3
52216874,1
52217029,1
52217404,1
52217424,1
52217689,4
52217752,3
52217762,1
52218073,2
52218812,1
52219048,2
52219833,1
52220155,1
52220167,2
52220327,1
52220488,2
52220693,1
52221495,1
52221728,3
52221800,1
52222368,1
52222801,3
52223371,2
52223381,1
52223435,7
52223841,1
52224384,1
52224651,1
52224657,1
52224670,1
52224890,1
52225214,1
52225227,1
52225298,1
52226194,2
52226272,2
52226274,1
52226407,1
52226682,1
52226755,2
52227000,5
52227037,1
52227372,1
52227621,1
52227920,1
52228079,1
52229062,1
52229186,5
52229435,7
52229629,1
52229711,1
52230080,4
52230550,1
52230821,1
52231141,13
52231650,1
52231720,1
52231855,1
52231964,3
52232421,2
52232427,1
52232489,1
52232661,2
52233301,1
52233483,1
52233671,1
52233678,1
52234008,1
52234366,1
52234383,3
52234423,1
52234818,1
52235936,2
52236317,2
52236461,4
52236848,1
52237221,1
52237373,1
52237623,1
52237682,1
52238193,1
52238210,1
52238431,1
52239651,1
52239952,1
52239962,4
52240991,1
52241345,1
52241495,1
52241713,4
52241825,1
52241940,2
52241961,1
52242711,1
52242741,1
52242744,1
52244017,1
52244952,1
52245047,1
52245078,1
52245151,1
52245268,3
52245316,4
52245523,1
52245547,1
52245653,1
52245781,1
52246264,1
52246409,1
52246425,1
52247859,1
52247993,2
52248087,1
52248090,1
52249084,1
52249194,1
52249342,1
52249492,1
52249576,6
52249722,2
52249854,1
52250593,1
52250617,1
52250630,2
52250704,1
52251153,1
52251339,1
52251553,1
52252207,1
52252499,3
52252909,2
52252919,1
52253020,1
52253037,1
52253356,1
52253864,1
52254254,11
52254315,1
52254514,1
52254603,3
52254797,3
52254975,1
52255583,2
52255646,1
52255675,1
52255866,1
52256140,4
52256274,1
52256443,2
52256515,1
52256637,1
52256900,6
52257196,2
52257269,1
52257410,1
52257504,1
52258239,1
52258312,1
52258595,1
52258609,1
52258617,1
52258908,1
52258935,4
52259089,1
52259565,1
52259714,4
52259770,2
52261019,1
52261082,1
52261108,1
52261208,1
52261630,1
52262364,1
52262417,1
52262592,1
52263188,1
52263663,1
52264114,4
52264392,1
52264541,1
52264776,1
52264844,1
52265778,1
52266428,3
52266433,30
52266615,2
52266792,1
52266967,1
52267088,2
52267438,3
52267856,1
52268064,1
52268225,1
52268691,1
52268900,1
52269081,2
52269085,1
52269232,1
52269944,1
52270220,1
52270376,1
52271332,1
52271714,1
52272060,1
52272094,48
52272181,2
52272354,2
52272412,1
52272591,1
52272923,2
52272968,12
52273381,1
52273646,1
52274091,2
52274152,1
52274229,1
52274556,3
52275321,2
52275380,1
52275465,1
52275526,1
52275605,1
52275790,1
52275852,2
52276011,1
52276591,1
52276828,1
52276999,5
52277150,1
52277609,1
52278567,1
52278708,1
52279342,1
52279460,1
52280026,1
52280204,1
52280224,27
52280354,1
52280477,1
52280629,2
52280643,1
52280956,1
52281358,1
52281428,1
52281579,1
52282135,5
52282628,1
52283146,1
52283415,1
52284187,1
52284251,1
52284342,1
52284608,1
52285531,1
52285987,3
52286465,1
52286557,2
52286917,2
52287034,1
52287420,1
52287429,5
52287584,1
52287613,1
52287623,3
52287753,1
52288032,1
52288175,1
52288222,1
52288721,3
52288907,1
52289220,1
52289291,1
52289935,1
52290227,1
52290233,1
52290605,1
52290916,1
52291069,1
52291207,3
52291361,3
52291419,1
52291445,1
52291552,2
52291816,1
52291837,1
52292001,1
52292134,1
52292991,1
52293439,1
52293770,1
52294399,1
52294481,3
52294623,1
52294653,7
52294824,1
52294871,4
52296300,1
52296593,1
52296610,1
52297087,1
52297858,6
52298128,1
52298221,1
52298803,2
52299086,1
52299279,2
52299444,1
52299517,1
52299752,1
52299801,2
52299959,1
52300276,1
52300309,1
52300433,1
52300671,1
52302186,2
52302307,1
52302328,1
52302381,2
52302793,1
52302995,1
52303096,1
52304110,4
52305104,1
52305109,1
52305225,1
52305277,1
52305585,1
52305709,1
52305987,5
52306424,1
52306824,3
52307392,2
52307667,1
52309404,1
52309777,1
52310067,1
52310201,1
52310477,1
52310604,1
52310629,1
52310912,1
52311395,2
52312381,1
52312531,1
52312669,1
52313167,1
52313196,1
52313209,2
52313281,1
52313363,1
52313509,1
52313700,1
52313824,1
52314349,1
52314558,1
52314719,3
52315626,1
52316152,1
52316279,1
52316843,1
52317431,5
52317592,1
52317960,1
52317986,1
52318132,3
52318735,1
52319274,1
52319320,2
52319442,1
52319505,1
52319911,1
52320830,1
52320905,1
52321161,1
52321413,2
52321445,1
52321803,2
52322699,1
52322986,1
52323293,1
52323423,1
52323477,1
52323596,1
52323757,1
52323889,1
52323984,1
52326616,1
52327119,1
52327360,1
52327878,1
52328119,1
52328162,1
52328698,3
52328909,1
52328960,3
52329041,1
52329311,1
52329464,2
52329596,2
52330372,2
52330580,1
52331279,1
52331684,2
52331704,1
52332421,1
52333106,1
52333260,1
52333457,1
52333525,1
52333565,1
52333566,1
52333592,1
52334331,1
52334411,1
52334886,1
52335045,1
52335248,4
52335943,1
52336219,1
52336668,1
52337050,2
52337267,1
52337641,1
52337662,2
52337710,1
52338140,2
52338284,1
52339272,1
52339852,2
52339854,4
52340080,2
52340371,1
52340667,4
52341054,1
52341085,1
52341095,1
52341238,1
52341642,1
52341901,1
52343293,1
52343449,1
52344259,1
52344379,2
52345696,1
52346032,1
52346386,1
52347057,1
52347605,1
52347808,1
52348048,1
52348372,2
52348452,1
52348817,1
52348832,1
52349197,1
52349553,1
52350014,1
52350147,9
52351010,1
52352367,2
52352561,2
52353449,1
52353964,7
52355067,1
52355415,1
52355427,3
52355910,1
52356330,1
52356530,6
52356592,1
52357836,1
52357858,1
52358035,1
52358602,1
52359144,1
52359297,3
52359850,1
52360881,1
52361311,1
52362533,1
52362684,1
52362822,2
52362855,9
52362932,1
52363012,1
52364186,6
52364267,1
52364329,1
52364526,2
52364689,1
52364882,1
52365447,6
52365455,1
52366461,3
52366631,2
52367045,4
52367124,1
52367763,1
52368617,1
52368647,2
52368922,5
52369083,1
52369729,1
52369858,2
52370420,1
52370464,2
52370730,1
52371963,1
52372024,1
52373071,4
52373110,1
52373919,1
52374210,2
52374793,1
52374929,1
52374930,1
52375319,1
52376812,1
52377219,2
52378980,1
52379774,1
52379834,4
52381503,1
52381942,6
52382387,1
52382720,1
52383118,3
52383817,1
52383834,1
52385243,2
52386487,1
52386777,1
52387250,2
52388392,14
52388617,1
52388647,1
52388822,1
52390602,1
52391301,1
52391941,1
52392801,1
52392944,1
52393127,1
52393804,3
52394333,1
52395477,1
52395924,1
52396106,1
52396229,1
52396380,1
52396433,1
52396888,1
52397291,2
52397314,1
52397513,1
52398018,1
52398166,3
52398485,2
52399266,1
52399596,3
52399872,1
52399902,1
52400058,3
52400473,1
52400833,1
52400931,1
52401034,1
52401273,1
52402034,1
52402899,11
52403057,1
52403700,1
52404516,1
52404633,1
52404977,1
52405301,1
52405460,1
52405535,2
52406237,1
52406366,1
52406576,1
52407100,2
52407180,1
52407955,1
52408253,4
52408386,1
52408653,1
52410123,1
52410159,2
52410749,1
52411518,2
52412088,1
52412161,1
52412420,1
52412454,4
52412515,1
52412798,1
52413011,3
52413035,1
52413160,1
52413363,1
52413390,1
52414624,1
52414755,1
52414785,1
52415658,1
52415860,1
52416334,1
52416483,1
52416549,1
52416647,1
52416902,1
52417306,1
52417937,1
52418138,1
52418578,1
52419911,1
52419992,1
52421140,1
52421557,8
52421736,2
52421790,1
52422328,1
52423045,1
52423452,1
52423461,10
52424212,1
52424273,1
52424981,1
52425042,3
52425321,1
52425409,1
52425482,1
52425509,1
52425602,1
52425936,3
52425990,1
52426160,1
52426201,1
52426408,1
52426434,1
52426536,2
52426989,1
52427296,1
52427343,1
52427372,4
52427679,1
52427998,3
52428035,1
52428241,1
52428285,1
52428710,1
52428711,1
52428741,1
52429032,1
52429194,1
52429270,1
52429676,2
52429711,2
52429714,1
52429838,1
52430196,2
52430212,1
52430517,1
52430833,1
52431546,1
52431590,3
52432486,3
52432530,1
52432539,1
52432664,1
52432878,2
52433630,1
52433809,1
52433828,1
52433894,1
52434064,1
52434405,4
52434591,1
52435118,2
52435568,1
52435639,1
52435664,1
52435695,1
52435894,2
52436662,3
52436928,1
52437062,3
52437638,1
52437908,1
52438150,1
52438620,1
52438876,1
52438963,1
52439188,1
52439300,1
52439627,1
52439701,1
52439839,2
52439922,1
52439964,1
52440070,2
52440095,1
52440311,1
52440805,2
52440960,2
52441018,1
52441266,1
52441395,1
52441419,1
52441472,1
52441560,1
52441847,1
52441867,4
52441975,1
52441996,1
52442326,1
52442450,1
52442796,3
52442925,1
52443060,1
52443186,3
52443257,6
52443486,1
52443596,3
52443631,1
52443668,1
52443804,1
52443840,1
52443950,1
52443966,1
52444312,1
52444819,1
52444905,31
52445133,1
52445167,1
52445522,1
52445605,1
52445630,1
52445779,1
52445903,1
52446118,1
52446276,1
52446309,7
52446310,1
52446540,1
52446595,1
52446629,1
52446647,1
52446956,1
52447136,1
52447320,1
52447401,1
52447405,1
52447620,1
52447634,3
52447661,1
52448090,1
52448148,1
52448258,1
52448392,1
52448507,1
52449016,2
52449248,1
52449662,1
52449809,1
52450218,1
52450522,2
52450552,1
52450572,1
52450977,1
52451047,1
52451056,1
52451346,1
52451431,1
52451546,1
52451680,1
52451866,1
52451912,1
52452232,1
52452754,1
52452966,4
52453478,1
52453642,2
52453665,1
52454375,1
52454466,1
52454469,1
52454749,1
52455423,1
52455669,1
52455672,1
52455981,1
52455983,1
52456319,1
52456406,1
52456458,1
52456582,1
52456601,1
52456633,1
52457234,1
52457498,1
52457523,1
52457580,1
52457688,3
52457922,1
52458240,1
52458334,2
52458512,1
52458633,1
52458918,1
52459211,2
52459218,1
52459383,1
52459476,1
52459853,1
52460064,1
52460211,1
52460215,1
52460219,1
52460301,1
52460812,1
52460875,22
52460918,1
52461039,1
52461346,1
52461507,1
52461618,1
52461947,4
52462184,1
52462222,1
52462255,2
52462265,1
52462460,1
52462706,1
52463096,2
52463130,1
52464137,1
52464229,1
52464401,2
52464466,1
52464678,1
52464711,1
52464985,1
52465295,1
52465303,2
52465533,1
52465639,1
52465693,2
52465848,1
52466207,1
52467085,1
52467308,1
52467452,1
52467859,1
52468123,1
52468373,3
52468377,1
52468430,3
52468485,1
52468493,1
52468520,1
52468533,1
52468559,2
52468899,1
52468969,1
52468987,1
52469064,1
52469198,1
52469251,2
52469464,1
52469610,1
52469623,1
52469742,1
52469795,1
52470064,1
52470136,1
52470422,1
52470573,1
52470599,1
52470667,1
52470703,1
52471127,1
52471295,3
52471792,1
52471839,1
52471954,1
52472070,2
52472285,1
52472379,1
52472729,1
52472762,3
52472825,1
52472994,1
52473134,1
52473241,1
52473343,1
52473410,1
52473447,1
52473654,1
52473732,1
52473757,4
52473987,1
52474077,3
52474117,1
52474127,1
52474209,1
52474289,1
52474360,3
52474642,1
52474844,1
52474925,1
52475094,1
52475148,10
52475410,1
52475616,1
52475621,1
52475842,1
52475882,1
52475887,1
52475968,1
52476012,1
52476270,1
52476277,1
52476300,1
52476743,1
52476864,3
52476938,35
52477252,1
52477572,1
52477683,1
52477766,1
52477781,2
52478625,2
52478691,1
52479197,9
52479304,2
52479327,2
52479441,1
52479853,2
52479873,1
52480032,1
52480166,1
52480393,1
52480954,1
52481689,1
52482466,1
52482580,1
52482621,1
52482624,1
52482848,1
52482979,1
52483227,1
52483545,1
52483559,1
52483819,1
52483848,1
52484125,5
52484164,3
52484879,1
52484901,1
52485814,1
52486056,1
52486758,2
52486879,1
52486938,1
52487168,1
52487205,2
52487719,1
52487896,1
52487935,1
52487948,1
52488153,2
52488459,1
52488734,1
52488937,1
52489183,1
52489456,8
52489557,1
52489575,1
52489908,9
52490253,4
52490536,13
52490580,2
52490605,1
52490685,2
52490783,1
52490815,1
52490972,1
52490988,1
52491134,1
52491413,1
52491499,1
52491890,4
52491979,1
52492059,1
52492061,1
52492074,1
52492109,1
52492138,3
52492225,1
52492272,5
52492367,1
52492838,1
52492909,1
52493119,3
52493189,1
52493752,3
52494120,1
52494215,1
52494366,1
52494546,1
52494640,3
52495148,1
52495302,1
52495368,1
52495561,1
52496001,1
52496177,1
52496228,1
52496421,1
52496636,3
52496677,9
52496855,4
52497443,1
52497753,1
52498160,1
52498229,3
52498481,2
52498515,2
52498969,1
52499020,1
52499022,1
52499091,1
52499409,4
52499520,1
52499840,1
52499851,1
52500542,8
52500639,1
52500725,1
52500881,1
52501264,1
52501422,3
52501449,13
52501463,1
52501683,1
52501855,1
52501897,1
52501924,2
52502095,7
52502635,1
52502741,1
52502891,1
52502972,2
52502985,1
52502987,2
52503061,1
52503090,2
52503105,1
52503162,1
52503242,1
52503383,1
52503635,1
52503765,1
52503775,1
52504161,3
52504460,1
52504641,1
52504706,1
52504770,1
52505451,1
52505675,1
52505801,2
52505942,1
52506075,1
52506460,1
52506533,1
52506835,1
52506856,1
52506900,2
52507102,1
52507316,1
52507419,2
52507511,1
52507523,1
52508027,1
52508332,2
52508918,1
52509022,1
52509197,1
52509666,1
52509970,1
52509972,4
52510278,1
52510868,1
52511500,1
52511874,1
52511881,1
52511917,1
52512075,1
52512173,1
52512227,1
52512228,1
52512438,1
52513070,1
52513520,1
52513531,1
52514443,1
52514685,1
52515131,1
52515170,1
52515591,1
52515619,1
52516111,5
52516184,1
52516202,1
52516463,1
52516603,1
52516735,1
52517384,1
52517463,1
52517507,1
52517574,10
52517673,1
52518087,1
52518282,1
52518399,2
52518680,1
52518993,2
52519194,1
52519354,1
52519430,1
52519558,1
52519790,1
52520480,1
52520546,1
52520750,3
52521070,2
52521131,1
52521305,6
52521333,1
52521357,1
52521405,6
52521595,1
52521779,1
52522097,1
52522141,2
52522162,4
52522194,1
52522268,1
52522278,5
52522329,1
52522752,1
52522782,1
52522815,1
52522891,1
52523212,1
52523434,1
52523671,1
52523749,1
52523828,1
52523860,1
52523953,1
52523960,4
52524156,1
52524196,1
52524347,1
52524478,2
52524512,1
52524615,1
52524689,2
52525284,1
52525508,1
52525651,1
52525720,1
52525828,3
52526176,1
52526742,5
52526981,1
52527204,7
52527287,2
52527543,1
52527823,1
52527927,5
52527996,1
52528009,2
52528024,1
52528149,1
52528794,2
52528815,1
52528919,1
52529014,1
52529447,1
52529459,2
52529723,4
52530004,1
52530084,1
52530144,2
52530179,1
52530257,2
52530355,2
52530421,1
52530538,2
52531268,1
52531340,1
52531749,3
52531883,1
52532149,1
52532166,3
52532380,1
52532541,1
52532605,1
52532684,2
52532956,1
52532978,1
52533596,11
52533836,1
52533920,1
52534059,1
52534269,1
52534781,1
52534844,2
52535052,1
52535689,1
52536507,1
52536533,3
52536648,5
52536751,1
52536761,1
52536799,1
52537216,2
52538003,1
52538271,3
52538278,1
52538358,1
52538791,1
52539031,1
52539032,1
52539372,2
52540339,1
52540527,1
52540655,1
52540674,1
52540790,1
52540818,1
52540835,1
52540921,1
52540971,1
52540984,1
52540987,1
52541085,1
52541222,3
52541228,1
52541587,1
52541651,2
52541702,1
52541763,5
52541989,1
52542258,1
52542637,1
52543234,5
52543892,1
52544196,1
52544286,1
52544415,1
52544461,2
52544548,3
52544674,1
52544693,2
52544774,1
52544872,1
52545325,1
52545389,1
52545638,1
52545690,1
52545721,3
52545981,3
52546188,1
52546756,1
52546776,1
52546996,1
52547179,1
52547402,23
52547508,1
52547679,6
52547797,1
52547971,32
52548576,1
52548648,3
52548919,1
52548928,1
52549261,1
52549690,1
52549852,1
52550228,1
52550413,1
52550426,1
52550479,1
52550503,1
52550802,1
52550862,1
52550949,1
52551558,2
52551592,1
52551733,1
52551846,1
52552069,2
52552227,1
52552296,1
52552399,2
52552479,1
52552766,1
52552835,2
52552860,1
52553101,1
52553647,2
52553818,2
52553945,1
52554113,1
52554413,1
52554591,1
52554735,1
52554789,1
52555618,11
52555833,3
52555839,2
52555976,1
52555980,1
52556035,3
52556076,1
52556133,1
52556265,1
52556594,1
52556605,1
52556886,1
52556936,1
52557253,1
52557653,3
52557915,2
52557933,1
52558063,1
52558305,1
52558434,1
52558601,1
52558611,1
52558729,1
52559022,4
52559237,3
52559327,1
52559361,1
52559927,1
52560046,1
52560064,1
52560111,1
52560287,1
52560542,1
52560671,1
52560940,4
52560942,1
52560953,1
52561126,1
52561131,1
52561384,2
52561734,2
52561795,1
52561871,1
52562548,11
52562969,1
52562994,2
52563000,1
52563108,1
52563264,1
52563492,1
52563726,1
52563832,1
52564253,1
52564442,2
52564468,22
52564732,4
52564747,3
52564945,1
52565015,1
52565083,2
52565267,3
52565271,1
52565282,2
52565727,1
52565754,1
52565910,1
52566026,1
52566195,1
52566802,1
52566943,1
52567299,1
52567412,4
52567495,1
52567536,1
52568176,1
52568246,1
52568274,1
52568368,1
52568512,1
52568857,1
52568889,1
52568904,1
52569457,3
52569479,1
52569639,1
52569998,1
52570130,1
52570282,1
52570529,1
52570566,1
52570645,1
52570825,1
52570950,2
52570977,1
52571030,1
52571130,1
52571193,1
52571382,2
52571463,3
52571645,1
52571724,1
52572139,2
52572417,1
52572580,2
52572719,1
52572731,1
52572969,1
52573608,2
52573778,1
52573969,2
52574190,3
52574502,1
52574537,1
52575220,1
52575286,1
52575421,1
52575528,2
52575605,1
52575672,1
52575869,1
52576054,1
52576329,1
52576381,1
52576523,1
52576765,2
52576904,2
52577058,1
52577090,1
52577300,1
52577474,1
52577492,1
52577589,1
52577968,1
52578015,6
52578665,1
52579284,1
52579570,1
52579677,1
52579728,1
52579806,1
52580110,1
52580299,1
52580463,1
52580638,1
52580839,1
52580842,4
52581286,1
52581380,1
52581462,1
52581672,1
52582053,3
52582180,1
52582267,1
52582314,5
52582451,3
52583002,2
52583022,4
52583522,1
52583555,1
52583630,1
52583656,2
52583689,1
52583728,2
52583860,14
52584172,3
52584176,1
52584545,1
52584562,1
52585099,6
52585226,4
52585760,1
52585939,1
52586190,1
52586234,1
52586270,1
52586526,7
52586539,3
52586644,2
52586678,6
52586811,1
52586814,3
52587011,1
52587019,1
52587120,1
52587413,1
52587547,1
52588017,1
52588130,1
52588209,1
52588412,2
52588643,1
52588841,1
52588860,1
52588918,1
52588989,1
52589038,1
52589045,1
52589065,1
52589189,1
52589302,1
52589396,4
52589535,1
52589640,2
52589678,1
52589994,1
52590119,11
52590451,16
52590485,1
52590589,1
52590615,1
52590635,1
52590833,4
52591109,1
52591148,1
52591197,1
52591390,1
52591779,1
52591831,1
52591915,1
52591974,1
52592698,1
52592750,3
52592764,2
52592930,1
52593146,1
52593169,1
52593236,1
52593398,1
52593420,1
52593485,1
52593540,1
52593641,2
52593886,1
52593963,1
52593985,1
52594051,1
52594070,1
52594468,1
52594779,1
52594903,1
52595036,1
52595259,1
52595290,1
52595293,1
52595298,1
52595538,1
52595971,2
52596155,1
52596199,1
52596555,1
52596864,1
52596884,1
52597562,1
52598027,1
52598589,1
52598713,1
52598796,1
52598819,1
52598897,1
52598904,1
52599121,1
52599416,1
52599457,1
52599775,1
52599863,1
52599910,1
52600100,2
52600125,1
52600228,2
52600234,1
52600267,2
52600621,1
52600635,1
52600693,1
52600734,1
52601094,1
52601178,2
52601470,1
52601725,1
52601926,1
52602024,1
52602239,1
52603189,1
52603370,1
52603539,1
52603669,2
52603707,1
52603813,1
52603840,3
52603847,1
52604002,2
52604003,1
52604136,1
52604221,5
52604317,1
52604397,2
52604589,1
52604641,2
52604954,1
52605091,2
52605213,2
52605508,1
52605589,1
52605616,1
52606122,2
52606287,1
52606302,1
52606460,1
52606461,2
52606607,2
52606647,2
52606671,1
52606675,8
52606747,1
52607638,1
52608062,1
52608153,1
52608189,1
52608265,1
52608278,1
52608318,1
52608393,5
52608511,1
52608781,2
52609215,2
52609586,1
52609661,1
52609911,1
52610216,1
52610383,1
52610914,1
52611061,1
52611306,1
52611467,1
52611489,1
52611759,1
52612108,1
52612117,1
52612775,1
52613129,7
52613159,1
52613529,1
52613761,1
52614098,1
52614164,1
52614284,1
52614417,1
52614561,1
52614639,2
52614996,1
52615093,1
52615285,2
52615458,3
52615641,1
52615922,4
52616005,1
52616145,1
52616162,1
52616188,1
52616482,1
52616566,1
52616573,1
52616579,6
52616656,1
52616810,1
52616831,1
52616885,3
52616930,2
52617192,4
52617445,15
52617453,1
52617464,1
52617515,4
52617678,1
52617771,1
52617976,1
52617977,1
52618204,1
52618560,1
52618608,1
52618685,1
52618716,14
52618968,1
52618991,1
52618996,1
52619179,1
52619202,1
52619363,1
52619438,1
52619627,1
52619723,1
52619764,1
52619852,1
52620171,1
52620199,2
52620353,2
52620408,1
52620735,1
52620822,1
52620911,1
52620958,1
52620964,1
52621347,1
52621556,1
52621593,1
52621820,1
52621885,1
52622033,1
52622210,1
52622557,1
52622837,1
52622873,1
52623080,2
52623178,1
52623368,1
52623460,1
52623573,1
52623587,1
52623599,1
52623833,1
52623903,1
52624080,1
52624155,4
52624194,1
52624336,1
52624467,1
52624694,1
52624826,2
52625356,1
52625508,2
52625834,2
52626273,1
52626777,1
52626788,1
52626855,1
52626879,1
52626966,5
52627096,1
52627388,2
52627396,1
52627646,1
52627868,2
52627915,1
52628068,1
52628319,1
52628325,1
52628465,1
52628531,1
52628624,1
52628783,1
52629078,5
52629547,1
52629713,1
52629815,1
52630031,2
52630482,1
52630494,1
52630509,1
52630726,1
52630819,2
52631049,1
52631219,1
52631241,1
52631653,1
52631742,2
52631777,1
52632186,3
52633471,1
52633473,1
52634400,1
52635223,1
52635732,1
52635851,1
52635904,1
52635965,1
52635977,1
52636003,1
52636460,2
52636499,1
52636519,1
52636560,1
52636800,1
52636973,1
52637173,2
52637468,3
52637577,1
52637592,1
52637640,1
52637766,1
52637767,2
52637822,2
52638365,1
52638563,4
52638915,1
52639274,1
52639358,2
52639653,1
52639822,1
52639845,1
52639959,1
52640059,1
52640105,2
52640407,1
52640434,1
52640669,1
52640850,1
52640935,1
52641103,1
52641269,1
52641328,1
52641444,1
52641551,1
52641615,2
52641734,1
52641745,1
52641963,1
52642030,3
52642082,1
52642144,1
52642469,1
52642546,4
52642750,3
52643745,4
52643778,1
52643786,1
52643909,1
52644251,1
52644258,3
52644574,1
52644875,2
52645027,1
52645068,3
52645073,1
52645430,1
52645493,1
52645690,1
52646168,1
52646189,2
52646515,1
52646955,1
52646969,2
52646970,1
52647030,1
52647145,1
52647250,2
52647488,1
52647855,1
52647894,1
52647925,2
52648067,1
52648229,1
52648466,3
52648518,2
52648807,1
52648887,3
52649209,1
52649318,3
52649541,2
52649561,1
52649724,1
52649945,1
52650373,1
52650490,1
52650640,1
52651118,1
52651127,1
52651357,1
52652084,1
52652177,1
52652288,1
52652324,1
52652463,1
52652587,1
52652664,2
52652845,1
52652907,1
52653535,1
52653848,1
52654113,1
52654281,1
52654311,1
52654356,1
52654475,1
52654742,1
52654773,1
52654823,1
52655144,1
52655351,1
52655364,1
52655381,1
52655409,1
52655579,1
52655711,3
52656062,1
52656457,1
52656758,1
52656910,1
52657098,1
52657160,1
52657479,1
52657537,1
52657617,1
52657690,2
52657744,1
52657892,2
52658135,1
52658227,3
52658240,1
52658418,2
52658528,1
52658563,5
52658579,2
52658789,1
52658994,1
52659054,11
52659226,1
52659269,1
52659286,1
52659630,1
52660168,2
52660197,1
52660871,3
52660888,1
52661076,1
52661151,19
52661393,1
52661430,1
52661734,1
52661868,1
52661878,1
52661941,1
52661942,2
52662138,1
52662224,1
52662311,1
52662375,1
52662574,1
52662609,1
52662685,1
52662784,1
52663214,1
52663323,1
52663580,1
52663896,1
52664350,1
52664703,1
52665115,1
52665467,1
52665584,1
52665919,1
52665965,1
52665974,2
52666246,1
52666327,1
52666336,1
52666375,1
52666382,1
52666702,3
52666707,1
52666711,1
52666760,2
52667313,1
52667440,1
52667587,2
52667719,1
52667816,4
52667890,2
52668465,1
52668601,1
52668631,1
52668697,1
52668740,1
52668780,2
52669021,1
52669132,3
52669145,1
52669185,1
52669238,3
52669371,1
52669385,1
52669633,1
52669818,1
52669849,1
52669866,1
52669937,1
52670589,1
52670691,1
52670704,1
52670764,2
52670980,1
52671104,1
52671163,3
52671183,2
52671377,1
52671386,1
52671780,2
52671821,1
52672026,1
52672123,1
52672354,1
52672557,1
52672687,1
52672983,1
52673158,1
52673534,1
52673628,1
52673736,1
52674410,3
52674740,2
52674813,1
52674826,2
52675098,1
52675193,1
52675218,1
52675244,3
52675325,1
52675621,1
52676032,1
52676128,1
52676371,2
52676813,1
52677130,1
52677309,1
52677495,3
52677558,1
52677600,2
52677668,2
52678096,1
52678190,1
52678239,1
52678288,2
52678441,12
52678596,1
52678905,1
52678968,1
52679121,1
52679315,1
52679477,1
52679556,1
52679936,1
52680248,1
52680257,1
52680326,1
52680486,1
52680499,2
52680532,4
52680559,2
52680570,1
52680593,4
52680699,1
52680709,1
52681045,2
52681187,3
52681197,1
52681262,2
52681410,1
52681476,1
52681575,5
52681853,1
52681893,1
52682334,1
52682410,1
52682413,1
52682515,2
52682855,1
52682946,1
52683190,1
52683195,6
52683521,1
52683862,1
52683897,1
52683904,1
52684067,1
52684523,2
52684830,1
52684835,24
52684953,1
52685033,1
52685240,1
52685517,1
52685625,4
52685675,1
52685963,1
52686001,1
52686464,1
52686609,1
52686616,1
52686626,6
52686668,1
52686716,1
52686734,1
52687049,1
52687180,1
52687412,21
52687453,1
52687478,3
52687532,1
52687679,2
52687741,1
52688114,2
52688197,1
52688373,8
52688591,1
52688627,2
52688746,1
52688987,1
52689485,1
52689795,1
52690077,1
52690320,2
52690552,1
52690740,1
52690863,3
52691362,1
52691468,1
52691483,14
52692114,1
52692259,1
52692819,1
52692952,4
52693011,1
52693154,2
52693160,1
52693711,1
52693801,7
52693926,1
52694009,1
52694029,1
52694213,1
52694215,1
52694385,2
52694682,1
52694696,1
52694743,1
52694889,1
52695075,1
52695100,1
52695297,1
52695405,1
52695470,1
52695519,1
52695717,1
52695961,1
52696010,1
52696013,1
52696028,2
52696381,1
52696769,1
52696949,1
52696955,3
52697300,1
52697368,1
52697604,1
52697747,1
52697814,1
52697888,1
52697963,2
52698053,1
52698137,1
52698212,2
52698213,1
52698397,1
52698567,1
52698724,3
52699009,2
52699095,1
52699106,1
52699163,1
52699457,1
52699673,1
52699933,2
52699966,1
52700195,1
52700220,1
52700359,26
52700387,1
52700538,2
52700733,1
52700768,1
52700972,1
52701626,3
52701637,1
52701856,1
52702105,1
52702217,2
52702566,1
52702588,1
52702662,1
52702886,1
52702946,1
52703067,1
52703096,1
52703152,1
52704152,1
52704400,1
52704407,3
52704569,2
52704912,1
52705209,31
52705399,2
52705563,1
52705570,1
52705602,1
52705635,1
52706204,1
52706760,1
52706798,1
52706897,1
52706904,1
52706980,1
52707041,1
52707049,1
52707081,4
52707424,1
52707520,1
52707602,1
52707618,2
52707736,1
52707967,1
52708044,7
52708076,1
52708585,1
52708626,1
52708684,1
52708838,1
52708907,5
52709010,1
52709024,5
52709061,1
52709329,6
52709697,5
52709854,2
52710072,2
52710128,1
52710250,4
52710547,1
52710548,1
52710717,1
52710806,1
52711341,1
52711522,10
52711559,1
52712351,1
52712489,1
52712643,2
52712893,1
52712951,2
52713184,1
52713207,1
52713418,1
52713453,2
52713493,1
52713828,1
52713978,2
52714024,2
52714294,1
52714560,1
52714619,1
52714863,3
52715000,1
52715070,1
52715112,1
52715155,1
52715424,3
52715590,1
52716026,1
52716075,1
52716082,1
52716083,1
52716234,1
52716632,1
52717005,1
52717496,2
52717735,1
52718000,1
52718029,1
52718384,1
52718416,1
52718580,1
52718671,1
52718695,3
52718824,1
52718976,1
52719164,1
52719253,1
52719264,2
52719294,1
52719342,1
52719467,1
52719490,8
52719531,1
52719730,2
52719784,2
52719824,3
52719868,1
52719980,3
52720072,1
52720603,1
52720779,1
52720884,2
52721288,1
52721489,1
52721728,1
52721805,1
52721958,1
52722691,1
52722755,3
52723757,2
52723760,1
52723954,2
52723959,1
52724091,2
52724134,1
52724227,2
52724246,1
52724688,1
52724761,1
52724960,1
52724972,2
52725151,1
52735131,1
52735321,1
52735478,1
52735485,1
52735693,1
52735879,2
52736051,1
52736121,1
52736199,1
52736219,1
52736376,1
52736748,2
52736752,18
52736786,1
52740208,1
52740211,1
52740274,1
52740419,1
52740494,8
52740723,1
52741068,1
52741128,1
52741188,1
52741198,1
52741358,1
52741508,1
52741812,1
52743076,1
52743228,1
52743267,1
52743407,2
52743479,3
52743839,1
52744080,1
52744222,1
52744332,2
52744347,1
52744693,1
52745032,1
52745216,1
52745342,1
52745409,1
52745454,1
52745524,1
52745624,4
52745874,3
52745935,1
52746047,1
52746438,1
52746583,1
52746777,3
52747004,3
52747451,1
52747591,1
52747833,1
52747883,1
52747889,1
52748267,12
52748427,1
52748601,1
52748978,5
52749120,1
52749229,1
52749326,1
52749419,1
52749483,1
52749585,2
52749611,2
52749696,1
52749717,1
52749744,1
52749811,1
52749917,1
52749996,1
52750419,1
52750431,1
52750704,1
52750791,1
52750892,1
52750957,2
52751062,1
52751545,1
52751549,1
52751680,1
52751770,1
52751867,1
52752093,1
52752366,2
52752492,2
52753101,1
52753153,1
52753349,1
52753467,18
52753694,1
52753766,1
52753837,1
52753847,1
52753875,2
52753926,1
52754337,1
52754418,1
52754566,1
52754587,1
52754660,2
52754940,10
52754983,1
52754993,1
52755178,5
52755302,1
52755551,1
52755607,1
52755952,5
52756334,1
52756816,3
52756915,2
52756951,1
52756977,1
52757191,1
52757212,1
52757321,1
52757515,1
52757542,1
52757657,1
52757670,1
52757695,2
52758012,1
52758163,1
52758166,1
52758178,2
52758349,1
52758426,1
52758474,1
52758482,1
52758716,3
52759107,1
52759271,10
52759280,2
52759305,1
52759466,1
52759722,1
52759733,1
52760251,1
52760346,1
52760617,3
52760719,1
52760737,1
52760989,2
52761040,1
52761182,2
52761243,1
52761292,2
52761417,1
52761568,2
52761618,1
52761660,1
52761737,3
52761901,1
52761970,1
52761995,1
52762095,1
52762232,1
52762376,1
52762503,1
52762646,1
52762649,1
52762749,2
52762863,1
52763064,1
52763240,1
52763506,2
52763589,1
52763604,1
52763645,1
52763660,1
52763694,13
52763869,1
52763915,1
52763977,1
52763992,1
52764111,1
52764345,6
52764462,1
52764508,1
52764559,1
52764665,1
52764709,1
52764809,1
52765165,1
52765339,1
52765421,1
52765447,8
52765608,1
52765634,1
52765693,2
52765756,2
52765801,1
52765837,1
52765978,1
52766226,1
52766437,1
52766603,1
52766649,1
52766680,1
52766741,1
52766742,1
52766908,1
52767303,1
52767342,1
52767532,1
52767536,1
52767555,1
52767660,2
52767684,1
52767750,1
52768000,1
52768083,1
52768249,2
52768510,2
52768674,1
52768704,1
52768753,1
52768824,1
52768922,23
52768983,1
52769069,1
52769109,1
52769267,1
52769473,1
52769874,1
52770020,1
52770049,3
52770098,1
52770104,3
52770146,2
52770490,1
52770663,2
52770733,1
52770861,7
52770893,3
52770979,1
52770986,1
52771021,1
52771029,1
52771103,1
52771336,1
52771415,1
52771647,1
52771773,2
52771800,4
52771852,3
52771970,1
52771984,1
52772255,1
52772293,1
52772380,2
52772472,17
52772593,1
52772708,1
52772857,1
52772958,1
52773028,2
52773214,1
52773322,1
52773349,2
52773398,1
52773460,1
52773463,1
52773739,1
52773945,1
52774136,1
52774242,1
52774290,1
52774469,3
52774471,2
52774492,1
52774529,1
52774553,1
52774562,2
52775005,1
52775095,1
52775168,1
52775326,1
52775477,1
52775542,1
52775658,1
52775694,1
52775911,1
52775986,1
52776043,6
52776132,1
52776159,1
52776423,2
52776495,21
52776646,1
52776660,2
52776909,2
52777213,1
52777456,1
52777522,1
52777533,2
52777612,1
52777732,1
52777752,2
52777890,1
52777898,2
52777961,1
52777977,1
52778209,27
52778299,1
52778445,1
52778489,1
52778580,1
52778663,1
52778713,1
52779134,2
52779172,1
52779289,2
52779416,1
52779553,1
52779732,1
52779759,1
52779799,3
52779847,4
52779968,1
52780014,2
52780317,1
52780348,2
52780355,1
52780371,1
52780454,2
52780455,2
52780624,1
52780754,1
52780855,1
52780872,1
52781136,1
52781289,1
52781302,1
52781312,1
52781338,1
52781385,8
52781466,1
52781530,1
52781948,1
52781978,1
52782037,1
52782150,1
52782194,1
52782239,1
52782250,1
52782264,1
52782330,1
52782381,1
52782563,4
52782784,2
52783104,1
52783217,1
52783272,1
52783335,33
52783434,2
52783548,1
52783629,1
52783653,1
52783716,1
52783828,1
52783997,1
52784204,2
52784519,1
52784699,1
52784748,1
52784843,3
52784884,1
52784897,3
52785058,1
52785074,2
52785254,1
52785307,1
52785346,1
52785372,1
52785519,1
52785550,1
52785637,1
52785908,1
52786178,1
52786270,2
52786845,1
52787072,1
52787197,2
52787413,1
52787503,1
52787564,1
52787619,2
52787765,1
52788069,1
52788118,1
52788246,1
52788321,1
52788360,1
52788507,1
52788546,1
52788662,1
52789130,2
52789195,2
52789282,2
52789383,1
52789532,1
52789617,1
52789626,1
52789648,1
52789817,1
52789983,1
52790059,1
52790105,1
52790186,1
52790254,1
52790302,1
52790591,6
52790723,1
52790774,1
52790898,3
52790960,1
52791132,1
52791197,1
52791209,1
52791259,1
52791374,1
52791392,1
52791584,1
52791651,1
52791670,2
52791740,2
52792117,1
52792501,2
52792513,1
52792589,20
52792631,1
52792782,1
52793280,2
52793578,2
52793658,1
52793662,1
52793694,1
52793920,1
52793955,2
52794100,1
52794414,1
52794444,1
52794464,1
52794603,2
52794912,1
52795216,2
52795236,1
52795254,1
52795497,1
52795569,2
52796207,1
52796337,2
52796382,1
52796427,1
52796448,1
52796808,1
52796842,2
52796864,1
52797109,1
52797175,1
52797356,1
52797475,1
52797799,1
52797914,1
52798194,1
52798197,1
52798198,1
52798256,2
52798402,1
52798471,1
52798475,1
52798603,2
52798707,1
52798708,1
52798864,1
52798977,1
52799028,5
52799092,2
52799135,1
52799270,1
52799318,1
52799571,1
52799625,1
52799701,1
52800060,2
52800149,1
52800163,1
52800384,1
52801041,1
52801087,1
52801228,1
52801489,9
52801569,3
52801866,1
52801881,1
52802293,1
52802505,1
52802870,1
52803220,1
52803292,1
52803353,1
52803612,1
52803821,1
52803908,1
52803924,1
52803961,1
52803978,1
52804123,1
52804220,1
52804326,1
52804390,1
52804453,2
52804520,1
52804777,3
52804842,1
52804902,1
52804914,2
52804975,1
52804986,1
52804998,1
52805028,6
52805142,1
52805173,1
52805202,1
52805245,1
52805553,1
52805628,1
52805679,1
52805702,1
52805785,1
52805895,3
52806200,1
52806238,3
52806265,1
52806685,1
52806856,1
52806973,1
52807025,1
52807201,2
52807358,2
52807405,3
52807539,1
52807576,1
52807707,1
52807782,1
52807852,1
52807957,1
52807969,1
52807984,3
52808110,1
52808146,1
52808429,1
52808562,1
52808630,1
52808640,1
52808685,1
52808688,1
52808940,1
52809057,15
52809461,1
52809529,1
52809531,2
52810142,1
52810233,1
52810306,1
52810315,1
52810417,1
52810516,1
52810540,1
52810730,2
52810750,1
52810792,2
52810875,1
52810918,1
52811295,1
52811948,11
52812089,1
52812129,2
52812345,2
52812730,1
52812751,33
52812931,1
52813000,1
52813034,1
52813073,1
52813369,1
52813436,1
52813453,2
52813512,1
52813540,1
52813571,2
52813574,1
52813759,1
52813813,2
52813897,1
52814117,1
52814391,5
52814435,1
52814548,1
52814803,1
52815215,1
52815300,2
52815316,3
52815321,1
52815497,1
52815725,1
52815892,1
52816088,3
52816490,2
52816499,1
52816578,1
52816649,2
52816817,1
52816844,2
52816846,1
52816871,1
52816994,1
52817063,1
52817547,1
52817607,1
52817621,1
52817643,1
52817781,2
52817814,1
52817901,1
52817915,1
52818013,1
52818079,1
52818204,1
52818354,1
52818429,1
52818699,1
52818802,1
52818819,1
52818840,2
52818846,1
52819085,1
52819189,1
52819308,1
52819341,2
52819443,1
52819502,2
52819694,1
52819925,1
52820093,2
52820388,1
52820591,1
52820651,1
52820743,1
52821152,2
52821243,1
52821302,4
52821596,1
52821635,1
52821690,1
52821731,1
52821872,1
52822195,1
52822523,1
52822589,1
52822617,2
52822894,1
52823165,1
52823380,1
52823391,1
52823431,1
52823505,1
52823573,1
52823665,1
52823766,1
52823816,1
52823828,1
52824002,15
52824018,1
52824044,2
52824180,7
52824412,2
52824642,1
52825022,4
52825125,1
52825247,1
52825275,1
52825358,1
52825504,1
52825526,2
52825654,7
52826003,3
52826046,1
52826052,1
52826153,1
52826210,2
52826331,1
52826820,1
52826914,2
52827233,6
52827271,2
52827319,1
52827517,4
52827550,2
52827576,1
52827703,1
52827707,1
52827892,2
52827935,1
52828112,1
52828588,1
52828620,1
52828642,1
52828754,1
52828888,1
52829121,14
52829328,2
52829608,1
52829988,1
52830248,1
52830319,1
52830333,1
52830337,1
52830426,2
52830518,1
52830584,1
52831010,1
52831327,5
52831560,3
52831609,1
52831952,1
52832064,1
52832284,1
52832364,1
52832386,1
52832509,1
52832511,1
52832582,1
52832617,1
52832734,1
52832932,3
52833260,3
52833549,1
52833585,3
52833606,1
52833710,1
52833738,1
52833859,1
52833886,1
52833923,2
52834019,1
52834165,1
52834203,1
52834732,1
52834741,1
52835093,1
52835163,1
52835188,1
52835259,1
52836124,1
52836170,1
52836189,1
52836342,1
52836431,8
52836572,1
52836712,1
52836785,1
52836875,2
52837293,1
52837294,1
52837442,1
52837740,1
52838015,1
52838140,1
52838371,2
52838452,1
52838651,1
52838680,2
52838758,1
52838912,4
52839050,1
52839319,1
52839348,1
52839532,2
52839851,1
52840090,1
52840378,1
52840451,1
52840478,3
52840808,2
52840923,1
52841111,1
52841207,1
52841278,1
52841361,1
52841630,1
52841701,1
52841891,1
52842026,3
52842094,1
52842396,1
52842729,2
52842850,1
52843002,1
52843294,2
52843302,1
52843373,2
52843374,1
52843542,1
52843722,2
52843914,1
52844004,6
52844254,1
52844310,1
52844348,1
52844360,1
52844418,2
52844803,1
52844947,1
52844969,1
52844978,1
52845004,1
52845057,1
52845490,2
52845727,70
52845819,1
52845868,3
52845910,1
52845912,2
52846218,2
52846367,1
52846431,1
52846496,1
52846689,1
52846883,1
52846971,44
52847116,1
52847274,1
52847339,1
52847433,1
52847438,1
52847649,1
52847804,1
52847821,4
52848088,1
52848164,2
52848206,1
52848239,2
52848595,4
52848666,1
52848743,1
52848876,1
52849304,1
52849492,2
52849571,1
52849652,5
52849782,3
52849843,1
52850052,1
52850687,3
52850962,1
52851050,1
52851112,1
52851144,1
52851405,1
52851523,2
52851583,4
52851837,1
52852140,1
52852175,1
52852438,1
52852963,1
52853530,2
52853556,1
52853825,1
52853852,1
52853884,1
52853925,1
52854233,1
52854370,2
52854374,1
52854383,1
52854428,1
52854430,1
52854467,1
52854678,1
52854699,2
52854717,1
52854795,1
52854866,10
52854879,1
52854949,1
52854996,1
52855018,1
52855060,1
52855076,1
52855120,1
52855221,1
52855360,2
52855442,1
52855658,1
52855750,1
52855875,3
52855911,1
52855915,1
52855957,2
52856015,1
52856263,1
52856440,1
52856541,2
52856575,1
52856748,1
52856851,1
52856940,1
52857023,2
52857034,1
52857187,1
52857309,2
52857394,1
52857409,1
52857431,2
52858201,3
52858205,1
52858225,2
52858543,1
52858593,3
52858907,1
52858938,1
52858943,1
52859072,1
52859210,1
52859430,1
52859635,1
52859742,1
52859935,23
52859991,2
52860054,1
52860329,1
52860379,2
52860543,1
52860588,1
52860597,2
52860742,1
52860965,1
52860982,1
52861064,7
52861083,2
52861090,1
52861121,1
52861378,3
52861459,1
52861841,3
52861880,1
52861911,1
52862030,1
52862047,4
52862099,1
52862141,1
52862166,1
52862195,1
52862297,1
52862365,2
52862483,1
52862683,39
52862689,1
52862716,1
52862723,1
52862754,1
52863227,1
52863369,1
52863662,1
52864170,1
52864197,1
52864319,1
52864449,1
52864495,1
52864580,1
52864778,1
52864953,1
52865057,1
52865216,3
52865222,1
52865225,1
52865256,1
52865583,2
52865632,1
52865741,1
52865758,1
52865759,1
52865862,3
52865898,2
52866001,2
52866190,1
52866266,1
52866816,1
52866984,1
52867206,1
52867281,1
52867396,1
52867451,1
52867576,2
52867593,1
52867603,1
52867634,1
52867919,1
52868060,1
52868156,15
52868410,1
52868418,1
52868428,1
52868608,1
52869053,1
52869074,1
52869320,1
52870057,1
52870087,2
52870116,1
52870126,2
52870140,1
52870188,1
52870233,3
52870261,1
52870505,1
52870671,1
52870674,1
52870696,1
52870829,1
52870939,1
52871103,1
52871201,1
52871221,1
52871296,1
52871328,1
52871665,1
52871684,1
52871993,1
52872081,1
52872209,1
52872292,1
52872304,1
52872442,1
52872537,2
52872622,2
52872681,1
52872872,1
52872939,2
52873014,10
52873139,1
52873174,1
52873241,1
52873266,1
52873329,1
52873624,1
52873822,1
52873851,1
52874092,1
52874104,1
52874236,1
52874517,1
52875027,1
52875061,3
52875073,1
52875146,1
52875163,1
52875198,1
52875614,1
52875704,3
52875721,1
52875788,1
52875803,1
52876068,4
52876134,1
52876143,1
52876289,1
52876523,1
52876624,2
52876955,1
52876983,1
52877110,1
52877543,1
52877618,3
52877637,1
52877716,1
52877721,2
52878395,2
52878470,2
52878564,1
52878584,1
52878657,10
52878731,1
52878742,1
52879109,1
52879152,1
52879225,1
52879237,1
52879316,1
52879365,1
52879409,1
52879746,2
52879836,2
52879960,2
52880006,1
52880072,1
52880160,1
52880161,2
52880222,1
52880444,1
52880592,2
52880752,1
52880758,1
52880903,4
52881153,1
52881163,1
52881376,1
52881433,1
52881516,1
52881550,4
52881745,1
52881839,1
52881881,1
52882049,1
52882387,1
52882449,1
52882573,5
52882582,1
52882642,1
52882696,1
52882802,1
52883009,1
52883012,2
52883018,1
52883098,5
52883583,1
52884032,1
52884069,1
52884128,1
52884180,1
52884261,1
52884387,1
52884430,1
52884462,1
52884539,1
52884791,2
52884910,1
52884931,3
52884976,2
52885019,2
52885393,1
52885414,1
52885425,1
52885442,1
52885646,1
52885758,1
52885917,1
52885918,1
52885976,1
52886028,1
52886105,1
52886116,1
52886157,1
52886182,1
52886403,2
52886440,1
52886468,1
52886595,1
52887084,1
52887143,1
52887399,2
52887508,1
52887661,1
52887704,1
52887729,1
52887906,1
52887938,1
52888327,1
52888416,1
52888597,2
52888820,1
52888830,1
52888922,1
52889106,1
52889258,4
52889419,2
52889477,3
52889913,1
52890005,1
52890097,1
52890125,1
52890693,1
52890812,1
52890952,1
52891000,1
52891048,1
52891206,2
52891217,1
52891566,1
52891863,3
52891865,1
52891880,1
52891974,1
52891983,1
52892187,1
52892261,1
52892411,1
52892437,1
52892616,1
52892898,1
52892915,2
52892947,1
52893255,1
52893263,2
52893388,1
52893727,1
52893989,1
52894086,1
52894131,1
52894207,1
52894376,6
52894384,12
52894408,1
52894493,1
52894624,1
52894663,2
52894753,1
52894853,3
52894934,1
52895145,1
52895175,1
52895256,1
52895404,1
52895748,1
52895803,2
52895956,1
52896273,2
52896279,3
52896323,1
52896660,1
52896682,1
52896755,1
52896837,1
52897119,1
52897180,1
52897438,1
52897783,5
52897925,1
52897948,1
52898033,1
52898099,1
52898179,1
52898208,1
52898324,1
52898343,1
52898405,1
52898473,1
52898587,1
52898867,1
52899311,1
52899339,1
52899340,2
52899342,1
52899514,2
52899613,1
52899638,1
52899665,1
52899858,1
52899907,9
52900257,3
52900595,1
52900835,1
52901049,1
52901057,3
52901678,1
52901827,1
52902170,2
52902190,3
52902201,1
52902273,1
52902397,2
52902520,1
52902574,1
52902581,1
52902599,3
52902685,1
52902795,7
52902820,1
52903053,1
52903232,1
52903343,1
52903393,1
52903426,1
52903773,2
52903920,1
52904011,1
52904025,3
52904163,1
52904356,1
52904359,1
52904413,1
52904466,2
52904471,1
52904625,1
52904679,1
52904747,1
52904839,2
52904843,1
52904882,1
52904888,1
52905127,1
52905146,1
52905395,3
52905449,2
52905536,1
52905643,2
52905664,1
52905726,1
52905739,1
52905832,7
52905861,1
52905875,1
52906127,2
52906303,2
52906369,1
52906909,2
52906949,1
52907141,3
52907216,1
52907262,1
52907263,1
52907573,2
52907732,1
52907916,2
52907998,2
52908353,1
52908405,1
52908418,1
52908429,1
52908442,1
52908444,1
52908454,3
52908537,1
52908596,6
52908670,1
52908749,1
52908821,1
52909181,1
52909445,1
52909546,1
52909601,1
52909611,4
52909630,1
52909661,2
52909771,1
52909801,2
52909810,4
52909896,1
52909949,1
52909994,2
52910025,2
52910042,1
52910185,1
52910402,1
52910516,1
52910533,1
52910753,1
52910789,1
52911252,1
52911348,1
52911389,1
52911415,1
52911428,1
52911441,1
52911490,1
52911604,1
52911735,1
52911925,1
52912008,1
52912074,1
52912082,1
52912096,1
52912201,1
52912331,2
52912499,2
52912563,1
52912692,3
52912769,2
52912774,1
52912879,4
52913038,2
52913049,1
52913369,1
52913530,1
52913558,1
52913578,1
52913901,1
52914149,1
52914256,1
52914351,1
52914399,1
52914452,1
52914644,2
52914964,1
52915016,1
52915070,2
52915166,1
52915177,1
52915329,1
52915331,1
52915391,1
52915891,1
52916025,1
52916067,1
52916281,1
52916387,1
52916707,1
52916935,1
52917028,2
52917102,1
52917272,2
52917292,1
52917614,1
52917680,1
52917699,2
52917713,1
52917766,1
52917941,5
52918060,1
52918062,1
52918265,18
52918308,1
52918312,1
52918360,1
52918402,1
52918543,1
52918735,5
52918876,1
52918970,1
52919074,1
52919263,2
52919280,2
52919509,2
52919731,1
52919916,1
52920162,1
52920203,1
52920239,2
52920426,1
52920600,1
52920622,1
52920787,3
52920799,1
52921118,2
52921132,1
52921261,1
52921386,1
52921440,1
52921992,1
52922095,1
52922130,1
52922303,2
52922389,1
52922397,1
52922559,1
52922848,1
52922865,1
52922966,3
52923014,1
52923335,1
52923369,6
52923476,2
52923654,16
52923690,2
52923696,1
52923832,1
52923995,1
52924315,1
52924422,1
52924502,2
52925279,1
52925519,1
52925663,1
52925708,1
52925848,1
52926109,1
52926264,3
52926436,2
52926481,1
52926513,1
52926577,2
52926604,1
52926621,3
52926660,2
52926683,2
52926736,2
52926939,1
52927116,1
52927196,2
52927263,2
52927295,1
52927350,1
52927440,1
52927446,1
52927944,2
52928057,1
52928166,1
52928181,2
52928405,1
52928496,1
52928785,1
52928878,1
52928962,1
52929094,2
52929132,3
52929149,1
52929187,1
52929358,1
52929429,1
52929536,5
52929642,1
52929961,1
52930107,1
52930308,1
52930504,1
52930594,1
52930769,3
52930812,1
52930874,1
52930996,5
52931094,1
52931190,2
52931493,1
52931691,1
52931692,1
52931782,1
52931855,1
52931861,1
52931879,1
52932028,1
52932051,1
52932081,4
52932106,2
52932206,1
52932560,1
52932768,1
52932843,1
52932935,1
52933156,1
52933179,1
52933223,1
52933275,1
52933544,1
52933676,1
52933850,1
52933905,1
52933982,2
52934304,1
52934614,4
52934617,1
52934674,1
52934862,1
52934870,6
52934881,1
52935011,1
52935104,1
52935401,1
52935474,1
52935760,2
52935811,1
52935957,1
52936085,2
52936120,1
52936124,1
52936732,1
52936812,1
52936876,1
52936903,1
52936936,1
52936986,2
52937101,2
52937179,1
52937387,1
52937492,1
52937875,1
52937908,1
52937968,2
52938128,1
52938286,1
52938313,1
52938651,1
52938698,1
52938723,1
52938742,1
52938774,1
52939284,2
52939625,1
52939762,1
52940028,1
52940313,3
52940344,1
52940618,4
52940638,1
52940688,1
52940809,1
52940881,2
52940961,1
52940965,1
52941138,1
52941340,2
52941625,1
52941710,2
52941965,1
52942065,1
52942141,1
52942174,3
52942222,1
52942403,1
52942424,1
52942492,1
52942855,2
52942899,1
52942976,1
52943025,1
52943047,1
52943278,1
52943281,2
52943404,2
52943561,1
52943580,1
52943715,1
52943884,1
52944364,1
52944384,2
52944398,1
52944537,1
52944556,2
52944730,1
52944777,2
52944831,4
52944877,3
52944895,6
52945081,6
52945191,1
52945470,1
52945781,1
52945808,1
52945830,1
52945835,1
52946005,1
52946171,1
52946449,1
52946455,1
52946491,1
52946631,1
52946714,1
52946754,1
52946840,5
52946853,1
52947077,3
52947130,3
52947165,1
52947290,2
52947323,1
52947352,1
52947427,1
52947575,3
52947680,1
52947693,1
52947759,1
52947792,1
52948167,1
52948237,1
52948313,1
52948334,1
52948400,1
52948582,1
52948588,1
52948604,2
52948611,1
52948645,1
52948654,2
52948725,3
52949171,1
52949189,1
52949290,1
52949371,1
52949533,2
52949562,1
52949638,1
52949707,1
52949912,1
52949925,2
52950136,1
52950185,1
52950273,1
52950414,4
52950505,1
52950514,1
52950563,2
52950576,1
52950592,1
52950632,8
52950637,2
52950684,1
52950958,2
52950981,2
52951261,1
52951431,1
52951518,1
52951713,1
52952027,1
52952079,1
52952280,1
52952298,1
52952315,1
52952506,12
52952626,1
52952701,1
52952950,1
52952954,1
52952975,1
52953056,1
52953347,1
52953416,3
52953475,1
52953635,3
52953649,1
52953670,1
52953714,11
52954151,1
52954198,1
52954394,8
52954483,2
52954486,1
52954520,1
52954858,1
52954941,1
52954943,2
52955014,1
52955073,1
52955153,2
52955280,1
52955288,1
52955528,1
52955612,1
52955758,1
52955780,1
52955838,1
52955941,2
52955959,2
52955994,1
52956044,1
52956079,1
52956092,1
52956117,1
52956171,1
52956387,1
52956536,1
52956610,1
52956670,1
52956721,1
52956978,1
52957057,1
52957078,1
52957093,1
52957125,1
52957343,2
52957376,1
52957377,1
52957574,1
52957646,5
52957730,1
52958253,3
52958717,1
52958809,1
52958826,9
52958930,2
52958960,5
52959001,1
52959099,1
52959253,1
52959298,1
52959559,1
52960055,1
52960087,1
52960147,1
52960177,1
52960264,4
52960317,2
52960507,2
52960570,1
52960608,3
52960643,1
52960735,1
52960761,1
52960881,1
52961325,1
52961367,1
52961407,1
52961554,1
52961626,1
52961699,1
52961870,1
52962154,1
52962424,1
52962451,1
52962490,1
52962642,2
52962750,1
52962764,2
52962801,2
52962967,2
52963109,2
52963126,2
52963216,1
52963266,1
52963273,2
52963427,1
52963458,1
52964024,1
52964278,2
52964281,2
52964361,1
52964410,1
52964433,2
52964454,2
52964472,3
52964547,2
52964625,1
52964696,1
52965438,1
52965464,1
52965580,1
52965622,2
52965652,1
52965670,1
52965877,1
52965942,1
52966063,1
52966064,1
52966114,2
52966194,1
52966366,1
52966385,2
52966420,1
52966526,3
52966698,10
52967007,1
52967151,1
52967276,1
52967561,3
52967644,1
52968038,1
52968175,1
52968208,1
52968413,1
52968631,1
52968828,1
52969293,2
52969620,4
52969653,1
52969673,1
52969751,1
52969812,2
52969877,1
52970337,1
52970532,1
52970616,1
52970979,1
52971035,2
52971092,2
52971105,1
52971159,1
52971184,3
52971209,1
52971318,1
52971389,1
52971393,1
52971405,1
52971427,2
52971484,7
52971517,1
52971533,1
52971554,1
52971585,1
52971751,1
52971869,1
52971890,7
52971986,3
52972008,1
52972029,1
52972043,1
52972098,3
52972104,1
52972323,2
52972406,1
52972653,1
52972965,1
52973008,1
52973086,2
52973150,1
52973179,1
52973204,2
52973340,1
52973458,2
52973526,3
52973682,1
52973720,1
52973722,2
52973775,1
52973878,1
52973907,3
52973919,3
52974208,1
52974219,2
52974224,2
52974429,1
52974877,3
52974912,1
52974988,1
52975023,1
52975132,2
52975599,1
52975767,1
52975800,1
52975958,1
52975974,1
52976065,1
52976087,3
52976459,1
52976460,1
52976465,1
52976583,8
52976711,2
52976762,1
52976937,1
52976994,1
52977059,1
52977212,1
52977256,1
52977322,1
52977337,1
52977415,13
52977461,1
52977633,7
52977725,2
52977867,1
52978182,1
52978287,2
52978460,1
52978489,1
52978540,2
52978549,1
52978559,1
52978604,3
52978736,1
52978794,21
52978816,1
52978849,17
52978863,2
52979022,1
52979175,1
52979213,1
52979440,1
52979450,1
52979458,5
52979532,1
52979629,2
52979637,3
52979643,1
52979764,1
52979866,1
52979884,2
52980051,1
52980439,1
52980662,1
52980694,1
52980697,2
52980767,1
52981140,1
52981158,1
52981167,1
52981264,1
52981300,5
52981311,1
52981330,1
52981387,1
52981421,1
52981441,1
52981470,19
52981496,1
52981608,1
52981697,1
52981730,2
52981745,1
52981752,1
52981783,1
52981938,1
52981974,6
52982062,1
52982067,1
52982114,3
52982184,2
52982196,4
52982362,1
52982409,1
52982479,2
52982584,1
52982754,1
52982817,1
52982842,1
52982855,2
52982874,3
52982932,1
52983051,1
52983085,2
52983138,3
52983240,1
52983726,1
52983757,1
52983994,1
52983999,1
52984261,1
52984525,2
52984550,1
52984573,1
52984696,3
52984834,1
52984838,1
52984850,2
52984951,1
52985032,1
52985411,1
52985470,1
52985547,2
52985619,3
52985620,1
52985753,1
52985879,1
52985956,1
52985973,1
52986004,3
52986109,1
52986253,1
52986263,1
52986303,1
52986509,1
52986515,1
52986549,1
52986557,1
52986567,1
52986646,1
52986713,1
52986839,1
52986914,1
52987266,1
52987292,2
52987300,1
52987415,8
52987557,1
52987589,1
52987609,1
52987692,1
52987747,1
52987852,1
52987921,1
52988072,1
52988079,2
52988221,1
52988404,1
52988643,1
52988665,1
52988732,25
52988851,1
52989034,1
52989182,14
52989251,1
52989430,1
52989456,1
52989519,1
52989529,1
52989706,1
52989851,2
52989994,1
52990059,1
52990313,1
52990663,1
52990889,1
52990904,1
52991018,5
52991278,1
52991301,1
52991318,1
52991359,1
52991798,1
52991810,1
52991930,1
52991933,4
52992200,1
52992217,1
52992248,1
52992447,1
52992486,4
52992552,1
52992589,2
52992712,1
52992760,1
52992885,1
52993098,1
52993099,1
52993242,1
52993525,1
52993992,1
52994048,1
52994060,1
52994143,1
52994200,1
52994221,1
52994232,2
52994238,1
52994342,2
52994640,1
52994647,1
52994893,1
52995064,2
52995581,1
52995604,1
52995787,1
52996094,1
52996105,1
52996107,1
52996207,56
52996254,1
52996300,1
52996362,1
52996391,1
52996499,2
52996633,2
52996991,2
52997168,1
52997378,9
52997427,1
52997522,1
52997588,1
52997665,1
52997734,1
52997799,1
52997807,1
52997931,2
52997975,2
52998019,1
52998241,1
52998304,1
52998452,1
52998492,1
52998631,3
52998676,1
52998748,1
52999249,1
52999410,1
52999638,1
52999667,1
52999750,1
52999769,1
52999835,1
52999851,3
52999925,1
52999944,1
53000042,1
53000124,4
53000188,1
53000427,13
53000514,2
53000614,2
53000722,1
53000821,1
53000857,2
53000915,2
53000933,1
53001136,1
53001150,1
53001416,1
53001635,4
53001689,6
53001772,1
53001784,3
53001930,1
53002255,1
53002301,1
53002351,1
53002352,1
53002376,1
53002412,2
53002453,3
53002494,1
53002520,1
53002561,1
53002620,6
53002654,1
53002754,1
53002916,1
53002933,1
53003016,1
53003050,1
53003093,1
53003325,1
53003360,1
53003426,1
53003499,1
53003531,1
53003552,1
53003637,1
53003640,1
53003729,1
53003781,3
53003814,1
53004031,1
53004057,1
53004104,1
53004162,9
53004179,2
53004190,1
53004309,1
53004380,1
53004432,1
53004456,1
53004573,1
53004600,1
53004652,1
53004775,1
53004889,1
53005008,4
53005063,1
53005113,4
53005163,1
53005222,1
53005520,1
53005672,1
53005721,1
53005765,2
53005981,1
53005995,10
53006126,1
53006145,1
53006154,1
53006195,1
53006222,1
53006420,1
53006514,1
53006654,3
53006837,1
53006923,3
53006953,1
53006967,1
53007050,1
53007245,2
53007574,1
53007639,1
53007767,1
53007804,2
53007978,2
53008057,1
53008152,2
53008344,2
53008472,1
53008585,1
53008607,3
53008774,1
53008844,1
53009202,1
53009403,3
53009435,2
53009543,1
53009577,1
53009698,1
53009722,1
53009736,5
53009757,4
53009859,1
53009961,2
53009997,2
53010113,1
53010149,1
53010343,1
53010391,2
53010816,1
53010900,1
53010919,1
53011016,1
53011051,2
53011152,1
53011382,6
53011555,2
53011630,7
53011650,2
53011783,1
53011953,1
53011997,1
53012067,1
53012321,1
53012345,4
53012407,1
53012425,1
53012605,1
53012715,1
53012921,1
53013056,1
53013357,2
53013507,15
53013564,1
53013629,1
53013760,1
53013775,1
53013926,1
53013959,1
53014033,1
53014052,8
53014072,1
53014147,1
53014166,1
53014169,1
53014245,1
53014472,1
53014532,1
53014582,1
53014589,4
53014623,1
53014852,1
53014906,1
53014955,1
53014999,1
53015040,1
53015128,1
53015318,1
53015331,1
53015353,1
53015356,1
53015406,1
53015479,2
53015499,1
53015754,1
53015758,1
53015767,1
53015768,10
53015774,1
53015877,1
53015944,1
53016000,1
53016017,1
53016106,1
53016171,1
53016467,1
53016584,1
53016588,2
53016604,1
53016682,1
53016748,1
53016770,2
53016865,2
53016876,3
53016938,1
53016962,13
53017133,1
53017154,1
53017359,1
53017367,1
53017419,2
53017500,1
53017567,1
53017573,1
53017806,8
53018042,1
53018058,1
53018065,1
53018118,1
53018199,1
53018261,2
53018336,1
53018352,1
53018444,12
53018480,1
53018656,2
53018700,1
53018709,1
53018773,1
53018793,1
53019160,1
53019180,1
53019222,3
53019309,7
53019374,1
53019488,1
53019504,1
53019527,1
53019773,1
53019850,1
53019917,1
53019941,1
53020130,2
53020162,1
53020186,2
53020253,3
53020273,4
53020325,1
53020370,3
53020552,1
53020817,1
53021112,1
53021115,2
53021293,1
53021327,1
53021447,4
53021469,1
53021546,1
53021767,1
53021862,2
53021926,1
53021964,2
53022008,1
53022182,1
53022309,1
53022328,1
53022477,2
53022502,11
53022730,1
53022924,1
53022963,2
53023049,1
53023080,1
53023206,2
53023209,1
53023428,4
53023518,1
53023544,1
53023614,1
53023788,1
53023869,1
53023891,1
53024037,1
53024075,1
53024299,1
53024367,1
53024372,1
53024515,8
53024574,1
53024789,1
53024864,1
53024931,1
53024988,3
53025000,1
53025011,1
53025044,1
53025072,1
53025086,1
53025187,1
53025222,8
53025265,1
53025267,1
53025303,1
53025311,1
53025331,1
53025391,1
53025525,1
53025590,1
53025652,1
53025994,2
53026016,1
53026316,2
53026373,1
53026404,1
53026514,2
53026676,1
53026739,1
53026745,1
53026841,7
53027036,8
53027116,1
53027334,1
53027338,1
53027341,1
53027381,1
53027487,1
53027524,1
53027526,2
53027535,1
53027581,1
53027653,1
53027654,1
53027749,1
53027832,2
53027920,1
53028179,2
53028268,1
53028429,2
53028497,1
53028537,1
53028686,1
53028830,1
53028868,1
53028907,3
53028913,1
53028975,4
53029048,5
53029061,1
53029433,1
53029545,1
53029677,1
53029750,1
53029805,1
53029815,3
53029931,1
53030023,2
53030231,1
53030311,2
53030349,1
53030380,1
53030475,1
53030594,9
53030613,1
53030634,2
53030745,1
53031004,1
53031005,2
53031161,1
53031179,1
53031180,1
53031354,1
53031416,15
53031450,1
53031582,1
53031589,1
53031601,4
53031666,1
53031684,1
53031820,3
53031879,1
53031927,1
53031960,1
53032084,22
53032232,1
53032386,1
53032579,1
53032696,1
53032752,2
53032847,1
53032853,1
53032937,1
53032953,3
53032970,1
53032975,2
53032982,1
53033020,3
53033035,1
53033066,1
53033214,1
53033327,1
53033339,1
53033353,1
53033377,1
53033397,1
53033437,4
53033443,8
53034003,1
53034091,2
53034136,1
53034280,1
53034357,1
53034800,1
53035096,1
53035173,1
53035335,2
53035384,1
53035549,2
53035577,1
53035616,2
53035829,1
53035927,1
53035967,1
53035979,1
53036077,1
53036176,1
53036312,1
53036324,1
53036365,2
53036423,6
53036448,2
53036520,14
53036698,4
53036715,1
53036857,1
53036936,2
53036962,1
53037007,1
53037065,1
53037069,3
53037070,1
53037159,2
53037175,3
53037203,1
53037358,1
53037373,1
53037398,1
53037432,1
53037433,1
53037444,1
53037466,2
53037469,1
53037635,1
53037767,1
53037934,1
53037935,1
53038000,2
53038029,1
53038131,2
53038479,1
53038666,1
53038688,1
53038826,1
53039081,1
53039103,1
53039248,1
53039274,1
53039549,3
53039564,1
53039573,2
53039601,1
53039812,1
53039858,3
53039876,2
53039928,1
53040300,1
53040346,1
53040372,7
53040467,2
53040910,1
53040972,1
53041029,1
53041101,1
53041144,3
53041168,2
53041254,1
53041309,11
53041456,1
53041466,2
53041468,1
53041594,1
53041693,1
53041812,1
53041814,1
53041816,12
53042071,1
53042129,1
53042152,1
53042234,1
53042258,2
53042372,2
53042438,1
53042508,1
53042563,1
53042603,2
53042712,1
53042871,2
53042902,2
53043025,1
53043083,1
53043211,1
53043247,1
53043287,2
53043343,2
53043384,1
53043609,2
53043719,1
53043804,1
53043907,1
53043961,3
53044094,1
53044122,2
53044180,1
53044261,1
53044314,1
53044328,1
53044391,1
53044678,6
53044770,1
53044809,1
53044914,1
53045091,1
53045101,2
53045180,1
53045213,1
53045223,11
53045578,1
53045820,1
53046254,1
53046340,1
53046687,1
53046831,1
53046850,1
53047248,1
53047293,1
53047315,1
53047329,2
53047461,1
53047465,2
53047693,1
53047856,2
53048017,1
53048104,1
53048108,1
53048121,3
53048235,1
53048405,1
53048470,3
53048538,1
53048570,2
53048597,1
53048641,1
53048688,1
53048737,1
53048769,1
53048778,1
53048853,1
53048914,1
53048915,1
53048959,3
53049146,1
53049325,1
53049341,1
53049453,5
53049480,3
53049521,1
53049551,1
53049564,1
53049686,1
53049736,1
53049953,1
53050096,4
53050110,1
53050320,2
53050330,1
53050336,1
53050350,1
53050395,1
53050439,1
53050572,2
53050646,3
53050653,2
53050660,1
53050679,1
53050732,2
53050787,1
53050818,1
53050964,1
53051013,1
53051161,1
53051169,10
53051268,1
53051299,7
53051393,1
53051503,1
53051533,1
53051607,1
53051715,1
53051790,2
53051876,1
53051954,1
53052001,3
53052055,1
53052142,1
53052230,2
53052369,1
53052373,1
53052415,1
53052490,1
53052516,1
53052530,1
53052834,1
53052943,5
53052945,11
53053083,13
53053156,1
53053199,3
53053313,1
53053405,1
53053468,1
53053674,1
53053891,2
53053997,1
53054062,4
53054102,1
53054122,2
53054170,1
53054236,1
53054240,1
53054283,2
53054493,24
53054548,1
53054657,1
53054742,1
53054818,1
53054904,1
53055047,1
53055158,1
53055213,1
53055219,1
53055396,1
53055455,1
53055636,1
53055754,1
53055757,1
53055793,1
53055843,1
53055891,2
53056025,1
53056034,1
53056150,1
53056233,1
53056254,1
53056445,1
53056611,2
53056677,2
53056743,1
53056838,1
53056877,3
53056920,1
53057034,3
53057119,1
53057327,1
53057362,1
53057371,2
53057410,21
53057515,1
53057520,1
53057633,2
53057646,1
53057662,2
53057681,1
53057722,1
53057763,1
53057884,1
53058008,3
53058030,1
53058097,4
53058159,1
53058368,1
53058664,4
53058677,3
53058712,1
53059081,1
53059128,1
53059307,1
53059327,1
53059406,1
53059447,1
53059480,1
53059658,1
53059755,1
53059845,1
53059897,5
53059915,1
53060114,1
53060147,1
53060152,1
53060215,1
53060311,1
53060475,1
53060582,1
53060790,6
53060876,1
53061025,1
53061079,1
53061159,1
53061196,1
53061322,1
53061336,1
53061361,1
53061387,3
53061452,1
53061548,2
53061645,2
53061662,2
53061709,1
53061813,1
53061934,1
53061962,1
53061981,1
53062213,1
53062749,1
53062907,1
53063029,1
53063040,1
53063042,1
53063048,1
53063102,1
53063107,1
53063127,1
53063310,1
53063519,1
53063725,1
53063886,3
53063910,1
53063925,1
53063978,3
53063985,1
53064010,10
53064024,1
53064055,1
53064075,1
53064090,1
53064169,4
53064226,1
53064270,1
53064286,1
53064352,1
53064366,1
53064437,1
53064714,2
53064915,1
53065195,2
53065289,1
53065306,1
53065311,1
53065422,1
53065439,3
53065472,2
53065530,2
53065582,1
53065656,3
53065657,1
53065761,1
53065990,1
53066076,1
53066130,1
53066264,18
53066437,3
53066477,1
53066521,1
53066587,5
53066621,1
53066622,1
53066672,1
53066730,1
53066804,1
53066807,1
53066846,2
53066943,1
53066976,2
53067024,1
53067239,1
53067316,1
53067320,6
53067344,1
53067421,1
53067526,1
53067610,1
53067698,1
53067898,1
53067930,12
53068094,1
53068231,1
53068307,1
53068509,1
53068554,1
53068644,2
53068686,1
53068844,3
53068867,1
53068885,1
53068972,1
53068987,6
53068994,1
53069054,1
53069064,1
53069205,1
53069244,1
53069291,1
53069519,2
53069544,2
53069573,2
53069595,2
53069778,1
53069821,1
53069830,1
53069833,1
53069864,2
53070123,1
53070250,1
53070279,1
53070308,1
53070409,2
53070450,1
53070484,1
53070486,2
53070547,3
53070662,12
53070681,1
53070738,1
53070892,1
53070928,1
53070948,1
53071068,1
53071131,6
53071174,2
53071190,1
53071330,2
53071417,1
53071529,1
53071580,1
53071944,4
53072101,1
53072155,3
53072201,1
53072270,1
53072584,7
53072783,1
53072811,1
53072853,2
53072883,1
53072892,1
53072931,1
53072950,1
53072961,5
53072972,2
53073083,2
53073369,1
53073420,2
53073745,1
53073784,1
53073850,1
53073868,1
53073892,1
53073911,5
53073935,2
53073968,1
53074135,1
53074152,1
53074186,1
53074331,1
53074447,1
53074452,1
53074461,1
53074536,1
53074765,2
53074803,3
53074962,1
53075024,1
53075035,2
53075067,2
53075086,20
53075191,1
53075343,3
53075614,1
53075699,2
53075748,2
53075795,4
53075809,1
53075893,1
53075995,1
53076053,1
53076062,1
53076297,1
53076346,2
53076489,1
53076508,2
53076521,1
53076642,1
53076763,1
53076774,1
53076853,1
53076972,22
53077042,1
53077101,1
53077330,2
53077420,2
53077508,1
53077580,2
53077676,1
53077713,1
53077806,2
53078046,3
53078052,3
53078103,1
53078155,1
53078177,1
53078196,1
53078243,1
53078306,1
53078327,5
53078380,2
53078477,1
53078498,1
53078522,1
53078546,1
53078741,2
53078751,1
53078823,1
53078847,2
53078872,1
53078906,1
53078960,2
53079085,1
53079129,1
53079248,7
53079394,1
53079423,1
53079517,3
53079579,2
53079720,1
53079953,1
53079955,1
53079960,1
53079967,7
53080078,1
53080159,3
53080269,1
53080354,1
53080434,1
53080473,2
53080497,1
53080622,2
53080901,2
53080931,2
53081038,1
53081041,1
53081139,1
53081148,1
53081231,2
53081376,1
53081413,1
53081466,1
53081535,1
53081557,1
53081593,1
53081714,1
53081724,1
53081825,4
53081912,8
53081941,1
53082016,1
53082030,1
53082166,9
53082220,1
53082243,1
53082335,1
53082402,3
53082448,1
53082595,8
53082637,1
53082666,1
53082701,1
53082851,2
53082868,1
53082913,1
53082946,29
53082962,1
53082980,1
53083027,1
53083171,10
53083207,1
53083505,1
53083558,1
53083594,1
53083792,3
53083796,2
53083839,1
53083923,1
53083938,2
53083989,1
53084107,59
53084198,1
53084210,1
53084319,1
53084492,2
53084538,1
53084641,1
53084713,1
53084718,10
53084735,1
53084812,1
53085007,1
53085157,1
53085207,1
53085251,1
53085350,1
53085424,1
53085456,1
53085636,1
53085836,1
53085896,1
53086054,1
53086173,4
53086220,3
53086263,2
53086609,1
53086667,1
53086711,1
53086753,1
53086757,1
53086771,1
53086778,1
53086933,2
53086968,1
53087013,1
53087061,3
53087100,1
53087149,4
53087330,1
53087372,5
53087436,1
53087437,2
53087597,1
53087610,1
53087807,1
53087856,2
53088099,1
53088101,2
53088112,1
53088134,2
53088139,1
53088187,1
53088279,2
53088289,1
53088331,1
53088371,2
53088547,1
53088646,1
53088746,2
53088753,1
53088840,1
53088945,1
53089089,1
53089108,3
53089202,1
53089225,1
53089251,1
53089262,1
53089390,1
53089424,1
53089451,1
53089469,1
53089571,1
53089647,2
53089649,2
53089819,2
53089838,14
53089971,1
53090202,1
53090229,2
53090327,1
53090345,2
53090372,18
53090578,1
53090584,1
53090608,1
53090612,1
53090757,1
53090874,1
53090941,1
53090979,1
53091015,1
53091084,1
53091133,1
53091185,1
53091199,1
53091254,2
53091328,1
53091356,1
53091377,11
53091438,3
53091467,1
53091597,1
53091625,1
53091658,1
53091706,1
53091793,1
53091796,1
53091862,2
53091898,2
53091902,1
53091944,1
53091947,2
53092024,2
53092032,1
53092072,1
53092134,1
53092219,1
53092296,1
53092367,12
53092390,1
53092405,1
53092422,2
53092452,1
53092463,1
53092503,1
53092630,1
53092709,5
53092796,1
53092805,2
53092816,2
53092869,1
53093081,1
53093124,8
53093166,1
53093245,1
53093357,1
53093414,1
53093430,2
53093608,2
53093650,2
53093674,1
53093818,1
53093922,1
53093962,1
53094089,1
53094103,1
53094106,2
53094129,1
53094181,3
53094192,1
53094396,1
53094425,1
53094439,1
53094487,1
53094646,2
53094649,2
53094755,1
53094792,1
53094795,2
53094833,1
53094880,1
53095019,3
53095106,1
53095165,1
53095257,1
53095389,1
53095418,1
53095438,1
53095499,1
53095519,1
53095601,2
53095626,1
53095663,2
53095754,2
53095824,1
53095976,3
53096020,1
53096112,1
53096155,1
53096194,2
53096271,1
53096363,1
53096366,1
53096389,6
53096456,1
53096466,1
53096538,2
53096567,1
