product_id,year_month,monthly_review_count
000105001X,2005-05,1
0001712896,2005-08,1
0001837397,2005-08,1
0002006995,2005-09,1
000215949X,2005-07,1
000216194X,2005-07,1
0002212269,2005-05,1
000221413X,2005-06,1
0002250357,2005-04,1
0002250381,2005-03,1
0002252015,2005-09,1
0002554755,2005-09,1
0002572168,2005-01,1
000322225X,2005-07,1
0004133455,2005-01,1
0004133595,2005-03,1
0004350162,2005-02,1
0004486870,2005-07,1
0004489799,2005-07,1
000470763X,2005-10,1
0006375219,2005-05,1
0006481558,2005-09,1
0006514006,2005-07,1
0006514642,2005-09,1
0006531202,2005-07,1
0006551386,2005-09,1
0007104065,2005-07,1
0007105584,2005-02,1
0007107927,2005-09,1
0007123477,2005-09,1
0007127596,2005-05,1
0007131844,2005-06,1
0007131844,2005-08,1
0007133103,2005-10,1
0007136129,2005-08,1
0007136471,2005-10,1
0007137346,2005-02,1
0007137508,2005-03,1
0007145160,2005-07,1
0007156588,2005-06,1
0007156588,2005-07,1
0007161026,2005-09,1
000716131X,2005-09,1
0007161506,2005-09,1
0007162200,2005-01,1
0007162200,2005-02,1
0007162200,2005-03,1
0007162200,2005-04,1
0007162200,2005-07,1
000716226X,2005-02,1
0007164653,2005-09,2
0007166761,2005-05,1
0007170580,2005-08,1
0007173415,2005-08,1
0007181418,2005-01,1
0007192932,2005-09,1
0007193440,2005-05,1
0007193602,2005-03,1
0007201869,2005-07,1
0007662394,2005-08,1
0007662394,2005-10,1
0020130961,2005-09,1
0020292651,2005-05,1
0020292651,2005-07,1
0020363613,2005-01,1
0020408811,2005-09,1
0020427859,2005-08,1
0020442807,2005-10,1
0020820852,2005-06,1
0023078103,2005-02,1
0023285192,2005-06,1
0023548568,2005-09,1
0023605103,2005-08,1
0023671300,2005-09,1
0023721103,2005-02,1
0023854502,2005-04,1
002427691X,2005-05,1
0024277800,2005-08,1
0025225804,2005-09,1
0025457950,2005-08,1
0025473905,2005-10,1
0026045702,2005-09,1
0026878577,2005-09,1
0027081400,2005-04,1
002717350X,2005-07,1
0027440702,2005-10,1
002761560X,2005-08,1
0027775305,2005-10,1
0028040503,2005-08,1
0028341759,2005-09,1
0028606884,2005-09,1
0028608208,2005-01,1
002860847X,2005-10,1
0028609980,2005-06,1
0028610105,2005-03,1
0028610105,2005-09,1
0028610105,2005-10,1
0028612345,2005-09,1
0028615441,2005-09,1
0028616820,2005-08,1
0028618483,2005-09,1
002861965X,2005-08,1
0028619757,2005-07,1
002862114X,2005-08,1
0028622618,2005-10,1
0028624513,2005-06,1
0028624513,2005-08,1
0028625048,2005-07,1
0028627385,2005-05,1
0028627717,2005-03,1
0028627717,2005-07,1
0028627717,2005-09,1
0028627717,2005-10,1
0028629035,2005-09,1
0028629299,2005-08,1
0028629299,2005-09,1
0028630238,2005-08,1
0028631226,2005-09,1
0028631528,2005-08,1
0028631900,2005-07,1
0028633504,2005-01,1
0028633784,2005-03,1
0028634063,2005-09,1
0028634691,2005-08,1
0028634713,2005-08,1
0028635264,2005-10,1
0028635299,2005-05,1
0028635299,2005-10,1
002863716X,2005-02,1
002863716X,2005-07,1
002863716X,2005-09,1
0028637623,2005-08,1
0028638425,2005-02,1
0028638662,2005-07,1
0028639073,2005-03,1
0028639332,2005-08,1
0028639421,2005-08,1
0028639839,2005-05,1
0028640004,2005-08,1
0028640004,2005-09,1
0028641418,2005-09,1
0028641515,2005-06,1
002864154X,2005-10,1
002864168X,2005-07,1
0028642104,2005-01,1
0028642279,2005-05,1
0028642279,2005-07,1
0028642279,2005-09,1
0028642384,2005-08,1
0028642414,2005-09,1
0028642643,2005-09,1
002864266X,2005-09,1
0028642759,2005-09,1
002864283X,2005-02,1
0028643143,2005-05,1
0028643275,2005-01,1
0028643518,2005-03,1
0028643747,2005-06,1
0028643771,2005-08,1
0028643801,2005-08,2
0028643992,2005-09,1
0028644190,2005-01,1
0028644417,2005-02,1
0028646851,2005-06,1
0028646851,2005-08,1
0028740912,2005-09,1
0028810813,2005-10,1
0028810988,2005-07,1
0029031400,2005-07,1
0029115744,2005-08,1
0029117062,2005-07,1
0029117062,2005-10,1
0029175518,2005-09,1
0029195551,2005-02,1
0029238374,2005-09,1
0029257506,2005-02,1
0029258502,2005-10,1
0029273722,2005-10,1
0029289386,2005-04,1
0030007194,2005-09,1
0030020786,2005-04,1
0030141710,2005-09,1
0030202868,2005-03,1
0030317169,2005-09,1
0030334888,2005-10,1
003033604X,2005-09,1
0030341795,2005-07,1
0030350840,2005-09,1
003041931X,2005-04,1
003051648X,2005-09,1
0030539498,2005-10,1
0030627737,2005-09,1
0030664810,2005-08,1
003069549X,2005-10,1
0030866154,2005-09,1
0030968356,2005-08,1
0030973694,2005-09,1
0030973694,2005-10,1
0044453817,2005-09,1
0049400320,2005-05,1
0060000651,2005-02,1
0060000708,2005-07,1
0060001496,2005-02,1
006000150X,2005-06,1
006000150X,2005-08,1
0060001534,2005-09,2
0060002050,2005-07,1
0060002050,2005-08,1
0060002069,2005-01,1
0060002077,2005-04,1
0060004339,2005-05,1
0060004533,2005-06,1
0060005688,2005-03,1
0060005696,2005-02,1
0060005696,2005-08,1
006000570X,2005-10,1
0060005726,2005-07,1
0060005777,2005-10,1
006000603X,2005-10,1
0060006366,2005-07,1
0060006617,2005-07,1
0060006641,2005-07,1
0060006641,2005-08,2
0060006773,2005-06,1
0060006781,2005-06,1
0060006927,2005-06,1
0060007192,2005-08,1
0060007737,2005-08,1
0060007737,2005-09,1
0060007753,2005-07,2
006000794X,2005-08,1
0060008024,2005-07,1
0060008032,2005-08,1
006000889X,2005-09,1
0060009241,2005-05,1
0060009241,2005-07,1
0060009268,2005-01,2
0060009268,2005-02,2
0060009268,2005-03,2
0060009764,2005-06,1
0060010088,2005-08,1
0060010266,2005-02,1
0060011564,2005-03,1
0060011602,2005-07,1
0060011939,2005-07,1
006001203X,2005-09,1
0060012358,2005-08,1
0060012358,2005-09,2
0060012382,2005-09,1
0060012781,2005-09,1
0060012854,2005-06,1
0060013125,2005-04,1
0060013133,2005-07,1
0060013168,2005-06,1
0060013508,2005-09,1
0060013788,2005-01,1
0060014016,2005-09,1
0060014091,2005-01,1
0060014342,2005-07,1
0060080957,2005-08,1
0060081570,2005-09,1
0060081716,2005-09,1
0060081961,2005-04,1
006008216X,2005-02,1
0060082216,2005-03,1
0060083298,2005-08,1
0060083816,2005-04,1
0060084480,2005-09,1
0060084499,2005-02,1
0060084537,2005-03,1
006008460X,2005-03,1
006008460X,2005-08,1
0060084669,2005-02,1
0060085460,2005-06,1
0060085460,2005-08,1
0060085495,2005-04,2
0060085495,2005-09,1
0060085630,2005-07,1
0060086246,2005-06,1
0060086270,2005-06,1
0060086645,2005-06,1
0060086645,2005-08,2
0060087439,2005-01,1
0060087641,2005-09,1
0060087706,2005-09,1
0060087714,2005-04,1
0060087722,2005-07,1
0060088664,2005-09,1
0060088834,2005-03,1
0060089466,2005-06,1
0060089466,2005-09,1
0060090251,2005-02,1
006009026X,2005-07,1
006009026X,2005-08,1
006009026X,2005-09,1
0060090324,2005-08,1
0060090367,2005-01,1
0060090367,2005-06,1
0060090367,2005-07,1
0060090375,2005-01,1
0060090375,2005-09,2
0060090383,2005-01,1
0060090383,2005-05,1
0060090383,2005-09,1
0060090731,2005-09,1
006009074X,2005-07,1
006009074X,2005-09,1
0060091290,2005-01,1
0060091290,2005-02,1
0060092645,2005-08,1
0060092785,2005-03,1
006009298X,2005-04,1
0060093021,2005-07,1
0060093625,2005-01,3
0060093625,2005-04,1
0060093684,2005-09,1
0060094338,2005-01,1
0060094710,2005-05,2
0060094710,2005-06,2
0060094710,2005-07,1
0060094710,2005-09,1
0060094869,2005-09,1
0060095563,2005-02,1
0060096098,2005-08,1
0060096128,2005-08,1
0060096136,2005-04,1
0060096195,2005-01,1
0060096594,2005-07,1
0060096861,2005-08,1
0060097728,2005-02,1
0060097884,2005-08,1
0060098902,2005-06,1
0060098910,2005-03,1
0060099186,2005-09,1
0060106387,2005-09,1
0060119713,2005-05,1
006012248X,2005-04,1
0060124121,2005-06,1
0060125985,2005-08,1
0060129425,2005-01,1
0060148454,2005-01,1
0060151544,2005-07,1
0060156805,2005-04,1
006015862X,2005-06,1
006015876X,2005-07,1
0060160012,2005-07,1
0060160667,2005-09,1
0060161922,2005-04,1
0060164026,2005-09,1
0060164549,2005-08,1
0060166037,2005-06,1
006016848X,2005-03,1
006016848X,2005-05,1
006016848X,2005-10,1
006017174X,2005-03,1
0060174099,2005-09,1
0060175869,2005-07,1
0060175966,2005-09,1
006018292X,2005-08,1
0060183721,2005-03,1
006018406X,2005-07,1
006018406X,2005-09,1
006018406X,2005-10,1
0060184728,2005-08,1
006018535X,2005-02,1
0060185481,2005-09,1
0060185511,2005-01,1
0060185511,2005-02,1
0060185511,2005-08,1
0060185759,2005-07,1
0060186631,2005-07,1
0060186682,2005-09,1
0060188766,2005-02,1
0060188782,2005-06,1
0060188820,2005-05,1
0060191279,2005-07,1
0060191449,2005-08,1
0060191449,2005-10,1
0060192267,2005-02,1
0060192372,2005-05,1
006019250X,2005-01,1
0060193298,2005-01,1
0060193395,2005-05,1
0060193395,2005-07,1
0060193395,2005-08,1
0060193395,2005-09,1
0060193611,2005-02,1
0060193611,2005-07,1
0060194111,2005-04,1
0060194332,2005-09,1
0060194464,2005-09,1
0060194863,2005-08,1
0060195223,2005-10,1
0060195347,2005-04,2
0060195347,2005-06,1
0060195347,2005-08,1
0060195398,2005-07,1
0060195584,2005-05,1
0060195681,2005-02,1
0060195878,2005-05,1
0060195916,2005-05,2
0060196483,2005-07,1
0060196742,2005-06,1
0060196807,2005-06,1
0060196823,2005-10,1
0060197358,2005-08,1
0060197862,2005-09,1
0060198028,2005-08,1
0060198214,2005-01,1
0060198257,2005-09,1
0060198273,2005-07,1
0060198281,2005-07,1
0060198311,2005-03,2
0060198311,2005-04,1
0060198311,2005-05,1
0060198311,2005-07,1
0060198400,2005-05,1
0060198524,2005-03,1
006019877X,2005-05,1
0060198796,2005-09,1
0060198834,2005-09,1
0060199709,2005-05,1
0060209305,2005-10,1
0060222883,2005-06,1
0060239638,2005-06,1
0060240792,2005-02,1
0060241187,2005-10,1
0060244054,2005-09,1
006024528X,2005-09,1
0060245603,2005-09,1
0060245867,2005-09,1
0060246103,2005-07,1
0060255005,2005-01,1
0060255005,2005-09,1
0060255234,2005-09,1
0060256532,2005-05,1
0060256532,2005-07,1
0060256532,2005-08,2
0060256532,2005-09,2
0060256656,2005-08,1
0060256656,2005-09,1
0060256710,2005-03,1
0060256710,2005-09,1
0060257148,2005-03,1
0060258144,2005-05,1
0060266686,2005-07,1
0060266864,2005-08,1
0060266864,2005-09,2
0060268905,2005-10,1
006027087X,2005-08,1
0060271396,2005-09,1
0060274751,2005-09,1
0060275103,2005-10,1
006027994X,2005-06,1
0060280603,2005-08,1
0060280921,2005-08,1
0060281375,2005-03,1
0060281375,2005-06,1
0060281375,2005-08,1
0060281375,2005-09,1
0060283181,2005-07,1
0060283262,2005-10,2
0060283289,2005-09,1
006028384X,2005-03,1
006028479X,2005-10,1
006028515X,2005-04,1
0060285494,2005-09,1
0060286229,2005-10,1
0060286857,2005-02,1
0060287209,2005-06,1
0060287616,2005-09,1
0060289007,2005-04,1
006028935X,2005-01,1
006028935X,2005-09,1
0060291613,2005-07,1
0060291702,2005-04,1
0060291702,2005-05,1
0060291702,2005-08,1
0060295864,2005-08,2
0060295988,2005-07,1
0060296054,2005-09,1
0060296240,2005-05,1
0060298855,2005-08,1
0060391448,2005-10,1
0060391626,2005-07,1
0060391685,2005-04,1
0060391685,2005-07,1
0060391685,2005-10,1
0060391693,2005-01,1
0060392185,2005-06,1
0060392320,2005-01,1
0060392495,2005-04,1
0060392991,2005-06,1
0060393114,2005-03,1
0060393238,2005-03,1
006039403X,2005-09,1
0060394056,2005-09,1
0060394412,2005-04,1
0060501553,2005-05,1
0060502436,2005-05,1
0060502436,2005-06,1
0060504153,2005-07,1
0060504153,2005-09,2
0060505109,2005-10,1
0060505257,2005-09,1
0060505346,2005-08,1
0060505389,2005-08,1
0060505516,2005-03,1
0060505540,2005-03,1
0060505540,2005-09,1
0060505621,2005-01,1
0060505826,2005-09,1
0060505826,2005-10,1
0060505877,2005-03,1
0060505877,2005-05,1
0060505915,2005-06,1
0060505915,2005-08,1
0060505982,2005-04,1
0060506083,2005-02,1
0060506083,2005-04,1
0060506083,2005-05,1
0060506679,2005-07,1
0060506717,2005-08,1
0060506725,2005-08,1
0060507004,2005-08,1
0060507020,2005-08,1
0060507225,2005-08,1
0060507330,2005-09,1
0060508205,2005-08,1
0060508221,2005-08,1
0060508248,2005-01,1
0060508957,2005-02,1
0060509058,2005-04,1
0060509309,2005-01,1
0060509406,2005-04,1
0060509406,2005-05,1
0060509406,2005-08,1
0060509414,2005-01,2
0060509414,2005-03,3
0060509414,2005-07,1
0060509554,2005-02,2
0060510242,2005-07,1
0060512806,2005-01,1
0060512822,2005-09,1
0060513314,2005-08,1
0060513632,2005-09,1
006051373X,2005-09,2
0060513810,2005-05,1
0060513926,2005-04,1
0060513926,2005-10,1
0060514337,2005-05,1
006051471X,2005-09,2
0060514965,2005-10,1
0060515066,2005-03,1
006051518X,2005-10,1
0060515597,2005-05,1
0060516054,2005-09,1
0060516291,2005-01,1
0060517573,2005-07,1
0060517573,2005-08,1
0060517638,2005-01,1
0060517670,2005-08,1
0060517808,2005-01,1
0060518243,2005-09,1
0060520108,2005-08,1
0060520221,2005-07,1
0060520221,2005-08,1
0060520469,2005-04,1
0060520515,2005-08,1
0060520736,2005-01,1
0060520752,2005-02,1
0060520841,2005-08,1
0060520868,2005-03,1
0060521546,2005-09,1
0060521600,2005-02,1
006052183X,2005-01,1
0060522275,2005-08,1
0060522593,2005-08,1
0060522755,2005-06,1
0060522852,2005-05,1
0060523395,2005-09,1
0060523506,2005-04,1
0060523867,2005-02,1
0060523867,2005-08,1
0060523867,2005-09,1
0060523875,2005-02,1
0060523875,2005-03,3
0060523875,2005-04,3
0060523875,2005-08,2
0060523875,2005-09,1
006052393X,2005-01,1
006052393X,2005-08,1
0060524014,2005-05,1
0060524073,2005-05,1
0060524073,2005-08,1
0060524111,2005-04,1
0060524111,2005-05,1
0060524235,2005-04,1
0060524308,2005-07,1
0060524421,2005-05,1
0060524448,2005-04,1
0060524448,2005-07,2
0060524448,2005-08,2
0060525045,2005-02,1
0060525355,2005-07,1
0060525509,2005-09,1
0060526122,2005-06,1
0060526556,2005-02,1
006052720X,2005-05,1
0060527242,2005-08,1
0060527250,2005-08,1
0060527269,2005-09,1
0060527293,2005-01,1
0060527587,2005-08,1
006052782X,2005-03,1
0060527870,2005-02,1
0060527978,2005-10,1
0060528079,2005-05,1
0060528192,2005-09,1
0060528370,2005-03,1
0060528370,2005-08,1
0060528370,2005-09,4
0060528524,2005-02,1
0060529148,2005-08,1
0060529164,2005-10,1
0060529385,2005-02,1
0060529385,2005-04,1
0060529709,2005-08,1
006052992X,2005-07,1
0060530340,2005-01,1
0060530340,2005-08,1
0060530383,2005-04,1
0060530405,2005-04,1
006053043X,2005-08,1
0060530472,2005-09,1
0060530499,2005-08,1
0060530510,2005-02,1
0060530510,2005-08,1
0060530510,2005-10,1
0060530693,2005-01,1
0060530758,2005-06,1
0060530790,2005-05,1
0060530790,2005-08,1
0060531126,2005-01,1
0060531177,2005-07,1
0060531231,2005-01,1
006053124X,2005-07,1
006053124X,2005-08,3
0060533072,2005-03,1
0060533226,2005-09,2
0060534214,2005-10,1
0060534249,2005-03,1
0060534249,2005-08,1
0060535377,2005-08,1
0060535547,2005-10,1
0060535571,2005-10,1
0060535679,2005-09,1
0060536659,2005-04,1
0060536713,2005-06,1
0060536799,2005-05,1
0060536934,2005-07,1
0060536993,2005-01,1
0060536993,2005-04,1
0060536993,2005-09,1
0060536993,2005-10,1
0060537183,2005-09,1
0060537361,2005-07,1
0060537388,2005-09,1
0060537906,2005-02,1
0060537906,2005-06,1
0060537906,2005-08,1
006053821X,2005-07,1
0060538252,2005-09,1
0060539054,2005-06,1
0060539054,2005-08,1
0060539097,2005-01,1
0060539097,2005-03,1
0060539097,2005-10,1
0060539283,2005-04,1
0060539577,2005-10,1
0060539801,2005-08,1
0060539836,2005-08,1
0060540176,2005-09,1
0060540222,2005-07,1
0060540451,2005-09,1
006054094X,2005-08,2
0060540974,2005-01,3
0060540974,2005-03,1
0060540974,2005-09,1
0060540990,2005-05,1
0060541490,2005-02,1
0060541490,2005-08,1
0060541644,2005-08,1
0060541644,2005-09,1
0060541695,2005-05,1
0060541709,2005-02,1
0060542330,2005-07,1
0060542357,2005-08,1
0060542683,2005-03,1
0060543108,2005-02,1
0060543108,2005-08,1
0060543116,2005-02,1
0060543116,2005-08,1
0060543256,2005-01,1
0060543256,2005-03,1
0060543256,2005-08,1
0060543469,2005-08,1
0060543965,2005-04,1
0060544244,2005-05,1
0060544244,2005-08,2
0060544333,2005-06,1
0060545607,2005-03,4
0060545607,2005-04,3
0060545607,2005-05,3
0060545607,2005-06,1
0060545607,2005-07,1
0060545607,2005-08,3
0060545607,2005-09,1
0060545607,2005-10,1
006054578X,2005-02,1
0060545801,2005-03,1
006054581X,2005-06,1
0060546344,2005-02,1
0060548258,2005-04,1
0060548932,2005-10,1
0060549300,2005-09,1
0060549424,2005-03,1
0060554363,2005-08,2
006055438X,2005-07,1
0060554738,2005-09,2
0060554738,2005-10,1
0060554789,2005-02,1
0060555017,2005-07,1
0060555483,2005-05,1
0060555661,2005-08,2
0060555661,2005-10,1
0060555890,2005-09,1
0060555971,2005-08,1
0060556056,2005-05,1
0060556099,2005-08,1
0060556579,2005-08,1
0060556587,2005-08,1
0060556935,2005-09,1
006055701X,2005-05,1
0060557125,2005-10,1
0060557257,2005-08,1
0060557559,2005-03,1
0060557559,2005-04,2
0060557559,2005-07,1
0060557559,2005-08,1
0060557559,2005-10,2
0060558199,2005-03,1
0060558288,2005-01,3
0060558288,2005-02,2
0060558288,2005-03,1
0060558288,2005-04,1
0060558288,2005-05,3
0060558288,2005-06,1
0060558288,2005-07,1
0060558288,2005-08,3
0060558288,2005-09,4
0060558881,2005-02,1
0060558881,2005-09,1
0060559128,2005-07,1
0060559349,2005-08,1
0060559713,2005-02,1
0060559918,2005-08,1
0060560126,2005-09,1
0060560126,2005-10,1
006056041X,2005-03,1
0060560452,2005-08,1
0060560525,2005-04,1
0060560789,2005-02,1
0060560886,2005-03,1
0060560894,2005-03,1
0060561610,2005-06,1
0060561688,2005-08,1
0060562072,2005-06,1
0060562366,2005-04,1
0060562773,2005-08,1
0060562994,2005-08,1
0060563419,2005-08,1
0060563443,2005-01,1
0060563443,2005-02,1
0060563443,2005-03,2
0060563443,2005-05,1
0060563443,2005-09,1
0060563486,2005-04,2
0060563486,2005-06,4
0060563486,2005-07,1
0060563486,2005-08,1
0060563486,2005-09,1
0060563907,2005-06,1
0060564067,2005-07,2
0060564067,2005-08,1
0060564091,2005-02,2
0060564091,2005-05,1
006056413X,2005-01,1
0060564148,2005-03,1
0060564164,2005-06,1
0060564482,2005-02,1
006056492X,2005-03,1
0060565144,2005-01,2
0060565160,2005-01,1
0060565241,2005-09,1
0060565241,2005-10,1
006056525X,2005-09,1
0060565276,2005-08,1
0060565411,2005-03,1
0060565411,2005-07,1
0060565721,2005-03,1
0060565721,2005-07,3
0060565721,2005-08,4
0060566108,2005-10,1
0060566175,2005-07,1
0060566485,2005-09,2
006056668X,2005-06,1
0060566728,2005-05,1
0060566752,2005-08,1
0060567031,2005-03,2
0060567031,2005-08,1
0060567031,2005-09,1
0060567074,2005-08,1
0060567120,2005-04,1
006056718X,2005-10,1
0060567201,2005-09,1
0060567228,2005-03,1
0060567309,2005-03,1
0060567643,2005-06,2
0060567716,2005-09,1
0060567724,2005-08,1
0060568062,2005-02,1
0060568399,2005-05,1
006056850X,2005-09,1
0060568526,2005-07,1
0060568526,2005-08,1
0060570040,2005-02,1
0060570040,2005-05,1
0060570202,2005-08,2
006057058X,2005-05,1
0060570687,2005-07,1
0060571314,2005-08,1
0060571446,2005-03,1
0060571462,2005-07,1
0060571462,2005-08,3
0060571462,2005-09,1
0060572159,2005-04,1
0060572639,2005-09,1
0060572965,2005-02,1
0060572965,2005-03,3
0060572965,2005-04,1
0060572965,2005-05,1
0060572965,2005-06,1
0060572965,2005-07,4
0060572965,2005-08,1
0060572965,2005-09,3
0060572965,2005-10,1
0060572973,2005-01,1
0060572973,2005-02,1
0060572973,2005-04,2
0060572973,2005-05,2
0060572973,2005-08,2
0060572973,2005-09,1
0060572973,2005-10,1
006057299X,2005-07,3
006057299X,2005-08,2
006057299X,2005-09,2
0060573112,2005-08,1
0060573813,2005-09,1
0060574216,2005-05,1
0060574216,2005-09,1
0060574534,2005-09,1
0060574569,2005-08,1
0060574593,2005-03,1
0060574623,2005-05,1
0060574623,2005-06,3
0060574623,2005-07,2
006057528X,2005-05,1
0060575298,2005-07,1
0060575298,2005-09,1
0060575301,2005-03,1
0060575328,2005-05,2
0060575336,2005-06,1
0060575840,2005-08,1
0060575905,2005-02,1
0060577037,2005-05,1
0060577320,2005-09,1
0060578084,2005-02,1
0060578084,2005-09,1
0060578416,2005-03,1
0060578734,2005-01,1
0060578734,2005-09,1
0060578785,2005-07,1
0060578793,2005-04,1
0060578793,2005-09,2
0060578955,2005-01,1
0060578955,2005-02,1
0060578955,2005-05,1
0060578955,2005-10,1
0060580208,2005-09,1
006058047X,2005-06,1
006058047X,2005-07,2
0060580518,2005-10,1
0060580534,2005-01,1
0060580534,2005-02,1
0060580534,2005-03,1
0060580534,2005-05,1
0060580593,2005-08,1
0060580666,2005-04,1
0060580666,2005-05,1
0060580666,2005-06,1
0060580666,2005-08,1
0060580666,2005-10,1
0060580674,2005-07,1
0060581050,2005-01,1
0060581069,2005-07,1
0060582006,2005-08,1
0060582294,2005-03,1
0060582294,2005-07,1
0060582723,2005-06,1
006058274X,2005-08,1
0060583932,2005-01,1
0060583975,2005-10,1
0060584009,2005-02,2
0060584009,2005-08,2
0060584696,2005-05,2
0060584696,2005-07,1
006058534X,2005-09,1
0060585366,2005-08,1
0060585439,2005-05,1
0060585609,2005-01,1
0060586168,2005-09,1
0060586222,2005-06,1
006058629X,2005-09,1
0060586311,2005-08,1
0060586370,2005-07,1
0060586370,2005-08,1
0060586605,2005-05,1
0060586850,2005-01,1
0060587059,2005-06,1
0060587156,2005-02,2
0060587156,2005-05,1
0060587245,2005-04,1
0060587245,2005-05,1
0060587245,2005-07,1
0060587296,2005-03,1
0060587296,2005-06,1
0060587385,2005-04,1
0060587504,2005-05,1
0060588284,2005-08,1
0060588284,2005-09,1
006058923X,2005-03,1
006058923X,2005-07,1
006058937X,2005-08,2
0060589450,2005-04,1
0060589957,2005-06,1
0060589957,2005-08,1
0060590076,2005-02,1
0060590165,2005-02,1
0060590254,2005-01,2
0060590254,2005-03,1
0060590254,2005-09,1
0060590548,2005-06,1
0060591102,2005-09,1
0060591234,2005-09,1
0060591579,2005-10,1
0060591781,2005-09,1
0060591889,2005-09,1
0060591927,2005-01,1
0060592060,2005-05,2
0060592885,2005-09,1
0060593083,2005-04,1
0060593199,2005-06,1
006059330X,2005-06,2
0060593660,2005-04,1
0060593717,2005-07,2
0060593717,2005-08,1
0060593768,2005-03,2
0060594187,2005-02,1
0060594187,2005-08,1
0060594241,2005-03,1
0060594446,2005-08,1
0060594861,2005-07,1
0060594861,2005-08,2
0060594888,2005-02,3
0060594888,2005-03,2
0060594888,2005-04,1
0060594888,2005-09,1
0060595035,2005-08,1
0060595329,2005-05,1
0060595469,2005-04,1
0060595620,2005-09,1
0060595833,2005-02,1
0060595833,2005-03,3
0060595957,2005-03,1
0060595965,2005-05,1
0060596155,2005-05,1
0060596309,2005-09,1
0060596341,2005-08,1
0060596341,2005-09,1
0060596708,2005-05,1
0060597283,2005-04,1
0060597283,2005-06,1
0060597615,2005-06,1
0060597615,2005-08,1
0060598247,2005-07,1
0060598247,2005-08,3
0060598247,2005-10,1
0060598611,2005-09,1
0060598840,2005-08,1
0060598859,2005-09,2
0060598891,2005-07,1
0060598964,2005-08,2
0060599235,2005-01,1
0060607343,2005-04,1
0060608528,2005-05,1
0060609125,2005-01,1
0060609125,2005-04,1
0060609176,2005-05,1
0060611626,2005-09,1
0060614803,2005-09,1
0060616342,2005-08,1
0060626453,2005-02,1
0060628332,2005-08,1
0060628529,2005-04,1
0060628626,2005-02,1
0060628626,2005-08,1
0060628626,2005-09,2
0060629185,2005-08,1
0060630043,2005-07,1
0060630175,2005-06,1
0060630353,2005-02,1
006063040X,2005-05,1
0060631317,2005-08,1
0060633158,2005-04,1
0060633166,2005-01,1
006063524X,2005-07,1
0060635541,2005-09,1
0060642149,2005-08,1
0060642165,2005-07,1
0060643617,2005-10,1
0060645741,2005-06,1
0060645873,2005-08,1
0060645873,2005-09,2
006064589X,2005-07,1
006064589X,2005-08,2
0060649232,2005-08,1
0060649232,2005-09,1
0060652381,2005-08,1
0060652926,2005-02,1
0060652926,2005-05,1
0060652926,2005-08,2
0060652926,2005-09,1
0060652934,2005-02,1
0060652934,2005-06,1
0060652942,2005-08,1
0060652950,2005-07,1
0060652950,2005-09,2
0060653027,2005-02,1
0060653043,2005-04,1
0060653191,2005-09,1
0060653205,2005-03,1
006065337X,2005-07,1
006065337X,2005-09,2
0060653469,2005-05,1
0060654171,2005-09,1
0060654651,2005-05,1
0060654988,2005-09,1
0060655186,2005-01,1
0060663308,2005-08,1
0060663553,2005-09,1
0060665033,2005-08,1
0060669667,2005-04,1
0060669667,2005-08,1
0060670843,2005-05,1
0060670991,2005-10,1
0060671084,2005-06,1
0060671084,2005-09,1
0060674407,2005-08,1
0060677015,2005-03,1
0060677015,2005-08,1
0060684127,2005-08,1
0060688246,2005-06,1
0060693339,2005-06,1
0060693339,2005-07,1
0060693339,2005-08,1
0060721480,2005-08,1
0060721502,2005-01,1
0060721502,2005-02,1
0060721561,2005-05,1
0060721561,2005-09,1
0060721561,2005-10,1
0060721790,2005-08,1
0060722282,2005-04,1
0060722290,2005-10,2
0060723513,2005-08,1
0060723947,2005-04,1
0060723947,2005-06,1
006072398X,2005-06,1
0060724226,2005-05,1
0060724226,2005-06,1
0060724226,2005-08,1
0060724307,2005-08,1
0060724331,2005-09,1
0060724331,2005-10,1
006072448X,2005-08,1
006072448X,2005-09,1
0060724501,2005-08,1
0060726172,2005-06,1
0060726571,2005-04,1
0060726571,2005-06,1
0060726571,2005-08,1
0060726571,2005-09,1
0060726571,2005-10,2
0060728922,2005-02,1
0060730315,2005-05,1
006073065X,2005-09,1
0060731133,2005-09,2
0060731192,2005-06,1
0060731192,2005-10,1
006073132X,2005-04,8
006073132X,2005-05,8
006073132X,2005-06,16
006073132X,2005-07,12
006073132X,2005-08,18
006073132X,2005-09,14
006073132X,2005-10,3
0060731419,2005-09,1
0060731583,2005-05,1
0060731583,2005-07,1
0060731664,2005-07,1
0060731931,2005-03,1
0060732067,2005-01,1
0060732067,2005-08,1
0060732113,2005-05,1
0060732466,2005-05,1
0060732466,2005-09,1
0060732482,2005-10,1
0060732989,2005-08,1
0060733357,2005-08,1
0060733810,2005-09,1
0060734272,2005-01,1
0060734426,2005-05,1
0060734434,2005-02,1
0060734434,2005-03,1
0060734434,2005-04,1
0060734434,2005-05,1
0060734450,2005-01,1
0060734558,2005-08,3
0060734558,2005-09,3
0060734922,2005-05,1
0060734922,2005-07,1
0060734922,2005-08,1
0060734973,2005-07,3
0060734973,2005-08,10
0060734973,2005-10,1
006073499X,2005-04,1
0060735023,2005-03,1
0060735023,2005-08,2
006073521X,2005-02,1
006073521X,2005-06,1
0060735368,2005-03,1
0060735368,2005-07,1
0060735376,2005-03,1
0060735414,2005-01,1
0060735872,2005-02,1
0060736054,2005-10,1
0060736267,2005-05,2
0060736267,2005-09,1
0060736682,2005-01,1
0060736682,2005-02,1
0060736682,2005-03,1
0060736704,2005-01,1
0060736704,2005-08,1
0060736771,2005-02,1
0060736771,2005-04,1
006073695X,2005-09,1
0060736976,2005-09,2
0060737298,2005-06,1
0060737298,2005-07,1
0060737298,2005-09,1
0060737379,2005-09,1
0060737808,2005-09,1
0060737875,2005-08,1
0060738057,2005-05,1
0060738251,2005-08,1
0060738251,2005-09,1
0060738316,2005-05,1
0060738316,2005-07,1
0060738383,2005-02,1
0060738456,2005-09,1
0060738766,2005-01,1
0060739096,2005-04,1
0060739894,2005-03,1
0060739932,2005-07,1
0060740450,2005-09,1
0060740485,2005-03,1
0060740574,2005-08,1
0060740647,2005-07,1
0060740647,2005-08,1
0060740752,2005-07,2
0060740752,2005-08,1
0060740957,2005-03,1
0060740957,2005-09,1
0060741570,2005-09,1
0060741635,2005-09,1
0060742046,2005-06,1
0060742305,2005-03,1
0060742305,2005-09,1
0060742313,2005-09,1
0060742445,2005-05,1
0060742550,2005-07,1
0060742569,2005-03,1
0060742844,2005-08,1
0060742844,2005-09,1
0060742860,2005-06,1
0060742860,2005-07,2
0060742860,2005-08,2
0060742860,2005-09,1
0060742887,2005-08,1
0060742925,2005-07,1
0060742925,2005-08,1
0060742925,2005-09,3
0060744499,2005-09,1
0060744529,2005-09,1
0060744928,2005-06,1
0060744979,2005-07,1
0060745649,2005-08,1
0060745657,2005-08,1
006074586X,2005-01,1
0060745908,2005-09,1
0060745924,2005-09,1
0060746408,2005-02,5
0060746408,2005-03,4
0060746408,2005-07,1
0060746408,2005-08,2
0060746408,2005-09,2
0060746408,2005-10,1
0060746874,2005-01,1
0060746874,2005-03,1
0060746874,2005-08,1
0060746874,2005-09,1
0060746890,2005-05,1
006074698X,2005-05,3
0060747137,2005-09,1
0060747439,2005-07,1
0060747439,2005-08,1
0060747439,2005-09,1
0060747528,2005-06,1
0060747587,2005-08,2
0060747625,2005-08,1
0060747730,2005-01,1
0060747730,2005-04,1
0060747730,2005-08,1
0060748389,2005-05,1
0060748664,2005-08,1
0060749849,2005-01,1
0060750235,2005-06,1
0060750235,2005-09,1
0060750235,2005-10,1
0060751487,2005-06,1
0060751517,2005-09,1
0060751606,2005-08,1
0060751878,2005-07,1
0060751967,2005-08,1
0060751967,2005-09,4
0060752998,2005-06,1
0060752998,2005-07,1
0060752998,2005-08,3
0060753234,2005-09,1
0060753617,2005-09,3
0060753617,2005-10,1
006075365X,2005-07,1
0060753943,2005-07,1
0060754591,2005-09,1
0060754729,2005-09,1
0060755342,2005-09,1
0060755350,2005-03,1
0060755350,2005-09,1
0060755504,2005-05,1
0060755512,2005-07,1
0060755598,2005-07,1
0060757302,2005-08,1
0060757345,2005-01,1
0060757345,2005-04,1
0060757345,2005-07,1
0060757345,2005-08,1
006075737X,2005-07,1
0060757515,2005-06,1
0060757620,2005-09,2
0060757949,2005-01,1
0060758376,2005-10,1
0060758740,2005-10,1
0060759402,2005-08,1
006075947X,2005-09,1
0060759593,2005-09,1
0060759607,2005-09,1
0060760052,2005-05,1
0060760443,2005-03,1
0060760443,2005-06,1
0060760443,2005-09,1
0060760958,2005-07,1
0060761288,2005-07,10
0060761288,2005-08,21
0060761288,2005-09,21
0060761288,2005-10,2
0060761326,2005-08,1
0060761393,2005-02,1
0060761393,2005-03,1
0060761393,2005-07,1
0060761393,2005-08,2
0060761555,2005-03,1
0060761563,2005-09,1
0060762055,2005-04,2
0060762055,2005-05,3
0060762055,2005-07,1
0060762055,2005-08,1
0060762055,2005-09,1
006076208X,2005-08,1
006076287X,2005-05,3
006076287X,2005-07,1
0060762993,2005-09,2
0060763280,2005-02,3
0060763280,2005-04,1
0060763280,2005-05,1
0060763280,2005-06,1
0060763280,2005-07,2
0060763280,2005-08,5
0060763280,2005-09,3
0060763280,2005-10,2
006076340X,2005-03,1
0060763418,2005-05,1
0060763418,2005-07,1
0060763876,2005-04,1
0060763876,2005-05,1
0060763876,2005-06,1
0060763876,2005-07,2
0060763876,2005-08,2
0060763876,2005-09,1
0060764864,2005-08,1
0060765313,2005-05,2
0060765313,2005-06,2
0060765313,2005-07,5
0060765313,2005-08,4
0060765313,2005-09,10
0060765313,2005-10,6
0060765402,2005-06,1
0060765402,2005-10,1
0060765410,2005-01,1
0060765704,2005-09,1
0060765992,2005-02,1
0060766123,2005-03,7
0060766123,2005-04,3
0060766123,2005-05,2
0060766123,2005-08,1
0060766867,2005-05,1
0060766867,2005-09,1
0060772921,2005-08,1
0060774207,2005-09,1
0060774614,2005-06,1
0060774614,2005-09,1
0060776137,2005-07,1
0060776137,2005-08,1
0060776137,2005-09,1
0060776226,2005-08,1
0060776706,2005-10,1
0060776811,2005-06,2
0060777516,2005-09,1
0060777540,2005-09,1
0060777591,2005-09,1
0060778776,2005-08,2
0060778970,2005-05,1
0060778970,2005-06,3
0060778970,2005-07,3
0060778970,2005-08,1
0060779012,2005-08,1
0060779721,2005-08,1
006078010X,2005-07,1
0060781173,2005-07,1
0060781181,2005-08,1
0060781181,2005-09,1
0060781556,2005-03,1
0060783389,2005-09,1
0060783710,2005-08,1
0060784156,2005-07,1
0060784237,2005-09,1
0060784571,2005-02,1
0060784660,2005-01,1
0060784660,2005-04,1
0060784660,2005-07,1
0060785683,2005-05,1
0060785683,2005-08,1
0060785977,2005-09,1
0060786019,2005-01,1
0060788828,2005-07,1
0060792175,2005-09,1
0060792299,2005-04,1
0060792299,2005-08,2
0060792299,2005-09,1
0060793260,2005-08,1
0060793260,2005-09,3
0060793554,2005-07,1
0060793554,2005-08,1
0060793554,2005-09,1
0060794364,2005-08,1
006079478X,2005-09,1
0060797460,2005-03,1
0060797460,2005-04,1
0060798750,2005-05,1
0060798750,2005-07,1
0060799250,2005-01,6
0060799250,2005-02,3
0060799250,2005-03,1
0060799889,2005-10,1
0060799919,2005-06,1
0060799919,2005-08,2
0060800712,2005-03,1
0060800984,2005-08,1
0060807717,2005-01,1
0060812451,2005-08,1
0060812451,2005-09,2
006081246X,2005-09,1
0060815043,2005-09,1
0060815205,2005-09,1
0060815221,2005-09,2
0060815221,2005-10,1
0060817402,2005-02,1
0060817402,2005-03,3
0060817402,2005-07,1
006081926X,2005-04,1
0060819286,2005-09,2
0060820985,2005-09,1
0060823836,2005-08,1
0060823836,2005-09,1
0060823836,2005-10,1
0060826231,2005-10,1
0060828250,2005-10,1
0060832894,2005-05,1
006083465X,2005-06,1
006083465X,2005-08,1
0060838574,2005-03,7
0060838574,2005-04,1
0060838574,2005-07,1
0060838574,2005-09,1
006083871X,2005-05,1
0060840978,2005-06,1
0060840978,2005-09,1
0060841699,2005-08,1
0060842423,2005-07,4
0060842423,2005-08,6
0060842423,2005-09,6
0060842423,2005-10,1
0060843438,2005-09,1
006085295X,2005-10,1
0060853379,2005-06,1
0060853379,2005-07,3
0060853379,2005-08,3
0060859202,2005-10,1
0060872675,2005-10,1
0060873396,2005-08,1
0060874252,2005-09,1
0060875410,2005-08,28
0060875410,2005-09,30
0060875410,2005-10,4
0060885319,2005-09,2
006090495X,2005-04,1
0060905611,2005-07,1
0060906111,2005-07,1
006090674X,2005-03,1
0060908548,2005-06,1
0060909196,2005-01,1
0060909196,2005-08,1
0060910305,2005-10,1
0060910666,2005-02,1
0060910666,2005-04,1
0060911514,2005-02,1
0060914289,2005-09,1
0060914947,2005-05,1
0060915358,2005-02,1
0060915439,2005-08,1
006091565X,2005-01,1
0060915870,2005-07,2
0060916575,2005-08,1
0060919698,2005-02,1
0060919833,2005-02,1
0060919833,2005-08,1
0060920084,2005-04,1
0060920718,2005-08,1
0060921293,2005-05,1
0060922249,2005-09,1
0060922583,2005-08,1
0060923032,2005-09,1
0060923091,2005-03,1
0060923202,2005-01,1
0060923210,2005-09,1
0060923288,2005-03,1
0060924705,2005-09,1
0060925000,2005-02,1
0060925779,2005-09,1
0060925949,2005-03,1
0060926198,2005-08,1
006092621X,2005-03,1
0060926341,2005-10,1
0060926430,2005-09,1
0060926716,2005-10,1
0060927488,2005-08,1
0060927615,2005-07,1
0060927801,2005-08,1
0060927933,2005-09,1
0060928832,2005-09,1
0060928883,2005-10,1
0060928921,2005-08,1
0060929227,2005-09,1
0060929448,2005-03,1
0060929510,2005-04,1
0060929588,2005-08,2
0060929596,2005-05,1
0060929871,2005-08,1
0060929871,2005-10,1
006092988X,2005-01,1
006092988X,2005-02,1
006092988X,2005-05,1
0060930055,2005-04,1
0060930144,2005-09,1
0060930497,2005-07,1
0060930500,2005-07,1
0060930683,2005-05,1
0060930861,2005-01,1
0060930888,2005-07,1
0060930934,2005-04,1
0060930942,2005-01,2
0060931027,2005-01,1
0060931027,2005-09,1
0060931027,2005-10,1
0060931116,2005-08,1
0060931159,2005-04,1
0060931159,2005-06,1
0060931175,2005-02,1
0060931175,2005-06,1
0060931175,2005-08,2
0060931175,2005-09,1
0060931175,2005-10,1
0060931280,2005-09,1
0060931418,2005-04,1
0060931566,2005-08,1
0060931671,2005-03,1
0060931671,2005-05,1
0060931809,2005-04,1
0060931841,2005-07,1
0060931930,2005-04,1
0060931973,2005-05,1
006093204X,2005-02,1
0060932139,2005-04,1
0060932384,2005-09,1
0060932597,2005-03,1
0060932597,2005-09,2
0060932724,2005-03,1
0060932740,2005-05,1
0060932740,2005-06,1
0060932813,2005-03,1
0060932929,2005-07,1
0060932929,2005-09,1
0060933178,2005-04,1
0060933798,2005-10,1
0060933852,2005-04,1
0060934239,2005-04,1
0060934352,2005-05,1
0060934360,2005-05,1
0060934360,2005-08,1
0060934417,2005-09,1
0060934417,2005-10,1
0060934557,2005-04,1
0060934573,2005-08,1
0060934719,2005-05,1
0060934719,2005-06,1
0060934794,2005-03,1
0060934794,2005-06,1
0060934808,2005-05,1
0060934808,2005-09,1
0060934867,2005-04,1
0060934891,2005-09,1
0060934905,2005-10,1
0060934913,2005-08,1
0060934999,2005-05,1
0060935502,2005-07,1
0060935561,2005-03,1
0060935618,2005-08,1
0060935936,2005-03,1
0060935936,2005-07,1
0060936045,2005-08,1
0060936142,2005-03,1
0060936193,2005-08,1
0060936312,2005-09,1
006093638X,2005-08,2
0060936460,2005-01,1
0060936460,2005-04,1
0060936649,2005-05,1
0060936649,2005-09,1
0060936770,2005-10,1
0060936827,2005-06,1
0060936975,2005-06,1
0060937092,2005-08,1
0060937122,2005-08,1
0060937254,2005-06,1
0060937319,2005-09,1
0060937351,2005-01,1
0060937351,2005-10,1
006093736X,2005-02,1
006093736X,2005-05,1
006093736X,2005-10,1
0060937386,2005-10,1
0060937548,2005-07,1
0060937610,2005-04,1
0060937645,2005-01,2
0060937645,2005-02,3
0060937645,2005-05,1
0060937645,2005-06,1
0060937645,2005-07,1
0060937645,2005-09,3
0060937645,2005-10,1
0060937653,2005-02,1
0060937653,2005-08,1
0060937793,2005-05,1
0060937939,2005-05,1
0060937939,2005-09,1
0060938110,2005-04,1
0060938455,2005-05,1
0060938455,2005-06,2
0060938455,2005-07,2
0060938455,2005-08,2
0060938455,2005-09,2
0060938463,2005-08,2
0060938463,2005-09,1
0060951184,2005-08,1
0060951273,2005-06,1
0060951311,2005-05,1
0060951311,2005-09,1
0060951974,2005-06,1
0060952709,2005-09,1
0060952733,2005-09,1
0060952733,2005-10,1
0060952768,2005-05,1
0060953497,2005-03,1
0060953632,2005-02,1
0060953748,2005-09,1
0060954876,2005-07,1
0060954930,2005-04,1
0060955333,2005-03,1
0060955376,2005-10,1
006095616X,2005-09,1
0060956232,2005-09,1
0060956348,2005-08,1
0060956429,2005-04,1
0060956445,2005-07,1
0060956496,2005-04,1
0060956828,2005-05,1
0060956860,2005-08,1
0060957174,2005-07,1
0060957239,2005-01,1
0060957301,2005-06,1
006095745X,2005-01,1
0060958022,2005-02,1
0060958030,2005-09,1
0060958111,2005-05,1
0060958286,2005-07,1
0060958332,2005-10,1
0060958340,2005-05,1
0060958340,2005-08,3
0060958502,2005-06,1
0060958928,2005-05,1
0060958960,2005-04,1
0060959126,2005-09,1
0060959193,2005-07,1
0060959193,2005-08,1
0060959207,2005-09,1
0060959371,2005-08,1
0060959517,2005-08,1
0060959576,2005-06,1
0060959819,2005-09,1
0060959843,2005-03,1
0060959843,2005-09,1
0060960388,2005-02,1
0060964197,2005-06,1
0060964316,2005-10,1
0060969598,2005-09,1
0060969741,2005-09,1
0060969911,2005-07,1
0060972610,2005-08,1
0060972815,2005-09,1
0060973617,2005-05,1
0060973897,2005-08,1
0060974680,2005-08,1
0060974990,2005-09,1
0060975008,2005-01,1
0060975830,2005-07,1
006097592X,2005-08,1
006097625X,2005-05,1
0060976357,2005-09,1
0060976721,2005-08,1
0060976780,2005-08,2
0060977094,2005-09,1
0060977108,2005-01,2
0060977477,2005-07,1
0060977493,2005-02,1
0060977574,2005-08,1
0060977582,2005-08,1
0060977744,2005-09,2
0060982047,2005-07,1
0060984406,2005-08,1
0060984422,2005-03,1
0060985089,2005-01,1
0060986085,2005-09,1
0060987103,2005-02,1
0060987103,2005-03,1
0060987103,2005-07,1
0060987103,2005-08,1
0060987103,2005-09,4
0060987103,2005-10,1
0060987359,2005-09,1
0060987405,2005-08,1
0060987464,2005-09,1
0060987510,2005-07,2
0060988258,2005-08,1
0060988479,2005-05,1
0060988576,2005-02,1
0060988649,2005-10,1
0060988657,2005-06,1
0060988673,2005-07,1
0060988924,2005-02,1
0060989157,2005-07,1
0060989157,2005-08,1
0060989157,2005-09,1
0060995068,2005-10,1
0061000043,2005-08,1
0061000299,2005-09,1
006100166X,2005-03,1
0061004138,2005-09,1
0061006580,2005-09,1
0061006629,2005-04,1
0061006629,2005-05,1
0061007226,2005-03,1
0061008079,2005-09,1
0061008737,2005-10,1
0061008893,2005-09,1
0061009504,2005-09,1
0061010901,2005-02,1
0061010901,2005-07,1
0061010901,2005-09,1
0061012270,2005-08,1
0061012351,2005-08,1
0061012696,2005-09,1
0061012882,2005-01,1
0061012890,2005-04,1
0061013307,2005-10,1
0061013382,2005-08,1
006101351X,2005-07,1
0061020052,2005-09,1
0061020257,2005-01,1
0061020265,2005-06,1
0061020397,2005-10,1
0061020400,2005-09,1
0061020699,2005-09,1
0061020710,2005-02,1
0061020842,2005-04,1
006103004X,2005-02,1
006103004X,2005-07,1
0061030449,2005-07,1
0061030635,2005-10,1
0061030864,2005-09,1
006103097X,2005-07,1
006103097X,2005-09,1
0061030988,2005-07,1
0061031151,2005-05,1
0061031550,2005-03,1
0061031763,2005-09,1
0061032069,2005-03,1
0061032085,2005-03,1
0061032204,2005-05,1
0061032212,2005-05,1
0061044539,2005-08,1
0061051403,2005-06,1
0061051438,2005-03,2
0061052515,2005-06,1
006105285X,2005-03,1
0061052949,2005-09,1
0061053104,2005-03,1
0061053147,2005-07,1
006105321X,2005-04,1
006105366X,2005-09,1
006105366X,2005-10,1
0061054186,2005-06,1
0061054275,2005-07,1
0061054682,2005-07,1
0061056219,2005-08,1
0061056480,2005-02,1
0061056618,2005-05,1
0061056693,2005-08,1
0061056944,2005-09,1
0061057894,2005-04,1
0061057940,2005-01,1
0061059900,2005-09,1
006107344X,2005-06,1
0061073628,2005-02,1
0061073628,2005-07,1
0061074292,2005-04,1
0061074292,2005-10,1
0061075531,2005-08,1
0061075582,2005-02,1
0061080004,2005-03,1
0061082007,2005-09,1
0061087114,2005-06,1
0061087130,2005-03,1
0061087130,2005-07,1
0061091316,2005-02,1
0061091480,2005-03,1
0061091502,2005-09,1
0061091790,2005-09,1
0061091944,2005-08,1
0061092568,2005-09,1
0061092614,2005-04,1
0061094536,2005-05,2
0061094757,2005-06,1
0061094943,2005-09,1
0061096237,2005-09,1
0061096253,2005-08,1
0061096865,2005-09,1
0061097268,2005-06,1
0061097314,2005-07,1
0061097314,2005-10,1
0061097950,2005-01,1
0061098000,2005-09,1
0061098280,2005-02,1
006109840X,2005-05,1
0061098779,2005-08,1
0061098787,2005-09,1
0061099325,2005-08,1
0061300047,2005-02,1
0061315451,2005-02,1
0061318442,2005-03,1
0061320684,2005-03,1
0061320714,2005-09,1
0062050842,2005-09,1
0062501151,2005-07,1
0062501151,2005-10,1
0062501356,2005-03,1
0062501496,2005-03,1
0062501526,2005-10,1
0062502182,2005-02,1
0062502182,2005-08,2
0062502190,2005-02,1
0062502239,2005-02,1
0062502239,2005-09,1
006250259X,2005-09,1
0062503073,2005-02,1
0062503359,2005-08,1
0062503421,2005-03,1
0062503642,2005-05,1
0062503790,2005-08,1
0062504975,2005-04,1
0062505890,2005-08,1
0062506552,2005-01,1
0062506595,2005-09,1
0062506838,2005-01,1
0062507702,2005-08,1
0062508768,2005-09,1
0062510266,2005-09,1
0062511327,2005-02,1
0062512234,2005-08,1
006251279X,2005-09,1
006251346X,2005-07,1
0062513540,2005-01,1
0062513710,2005-01,2
0062513710,2005-06,1
0062513710,2005-08,1
0062514121,2005-03,1
0062514245,2005-06,1
0062515144,2005-04,1
0062515292,2005-03,1
0062515519,2005-09,1
0062515675,2005-06,1
0062515845,2005-04,1
0062515918,2005-02,1
0062515934,2005-09,1
0062516140,2005-07,1
0062516264,2005-10,1
0062516302,2005-07,1
0062516450,2005-08,1
0062516760,2005-10,1
0062516795,2005-07,1
006251685X,2005-07,1
006251699X,2005-06,1
006251704X,2005-03,1
0062517147,2005-07,1
0062517325,2005-09,1
0062517392,2005-06,1
0062517392,2005-09,1
0062517740,2005-04,1
0062517767,2005-08,1
0062517805,2005-02,1
006251783X,2005-07,1
0062517864,2005-07,1
0062517864,2005-08,2
0062548476,2005-07,1
0062548549,2005-09,1
0062701398,2005-09,1
0062702319,2005-08,1
006271614X,2005-07,1
0062720058,2005-09,1
0062720694,2005-09,1
0062720724,2005-01,1
006273038X,2005-04,1
0062730428,2005-10,1
0062730487,2005-08,1
0062730991,2005-01,1
0062730991,2005-02,1
0062731025,2005-07,1
0062732439,2005-07,1
0062734091,2005-03,1
0062734091,2005-04,1
0062734091,2005-08,1
0062734172,2005-09,1
0062734318,2005-10,1
0062734342,2005-08,1
0062734431,2005-05,1
0062734571,2005-07,1
0062736485,2005-01,1
0062736744,2005-08,1
0062737341,2005-03,1
0062737511,2005-09,1
0062737554,2005-06,1
0062772805,2005-09,1
0064300269,2005-05,1
0064400018,2005-03,1
0064400069,2005-05,1
0064400409,2005-08,1
0064400808,2005-08,1
0064401847,2005-07,1
0064401847,2005-10,1
0064401871,2005-08,1
0064402010,2005-09,1
0064402096,2005-03,1
0064402967,2005-09,1
006440398X,2005-08,1
0064404862,2005-08,1
0064406016,2005-08,1
006440630X,2005-07,1
0064407365,2005-08,1
0064407667,2005-06,1
006440773X,2005-07,1
0064408639,2005-05,1
0064408655,2005-06,1
0064409392,2005-08,1
0064409597,2005-04,1
0064409945,2005-09,1
0064410137,2005-10,1
006441034X,2005-08,3
0064430111,2005-10,1
0064430170,2005-08,1
0064430561,2005-03,1
0064431436,2005-05,1
0064431452,2005-09,1
0064431789,2005-09,1
006443348X,2005-08,1
006443348X,2005-09,1
0064434168,2005-03,1
0064436225,2005-08,1
0064440133,2005-09,1
0064440214,2005-09,1
0064440346,2005-08,1
0064440451,2005-09,1
0064440508,2005-04,1
006444144X,2005-08,1
006444144X,2005-09,1
0064441970,2005-03,1
0064442640,2005-09,1
0064460908,2005-08,1
0064471195,2005-02,1
0064471195,2005-07,2
0064471195,2005-08,3
0064471195,2005-09,2
0064471195,2005-10,3
0064471748,2005-02,1
0064472590,2005-05,1
0064472701,2005-02,1
0064473368,2005-01,1
0064473457,2005-04,1
0064473457,2005-08,1
006460053X,2005-09,1
0064601609,2005-03,1
0064610195,2005-06,1
0064637220,2005-02,1
0064671070,2005-08,1
0064671682,2005-08,1
0066209447,2005-03,2
0066209579,2005-06,1
0066209676,2005-05,1
0066209692,2005-09,1
0066209862,2005-01,1
0066210704,2005-06,1
0066210720,2005-08,1
0066210860,2005-08,1
0066210860,2005-10,1
0066210879,2005-08,1
0066211077,2005-09,1
0066211115,2005-02,1
0066211182,2005-05,1
0066211247,2005-01,1
0066211735,2005-01,1
0066211735,2005-02,1
0066211735,2005-03,1
0066212340,2005-06,1
0066212340,2005-08,2
0066212499,2005-06,1
0066212715,2005-06,1
0066212715,2005-07,1
0066212960,2005-08,1
0066213304,2005-08,1
0066213355,2005-09,4
0066213355,2005-10,1
0066214130,2005-01,8
0066214130,2005-02,11
0066214130,2005-03,4
0066214130,2005-04,1
0066214130,2005-05,2
0066214130,2005-06,1
0066214130,2005-07,4
0066214130,2005-08,2
0066214130,2005-09,3
0066214416,2005-03,2
0066214416,2005-05,1
0066214416,2005-09,1
0066236010,2005-09,1
0066236223,2005-04,1
0066238412,2005-09,1
0066238501,2005-09,1
0066238544,2005-07,1
0066620104,2005-04,1
0066620112,2005-05,1
0066620422,2005-03,1
0066620422,2005-07,1
0066620422,2005-09,1
0066620481,2005-05,1
0066620732,2005-04,1
0066620821,2005-03,1
0066620821,2005-08,1
0066620856,2005-05,1
0066620996,2005-03,3
0066620996,2005-05,1
0066620996,2005-06,1
0066620996,2005-08,1
0066620996,2005-09,2
0066620996,2005-10,1
007001633X,2005-09,1
0070042802,2005-08,1
007004466X,2005-03,1
0070048509,2005-02,1
0070050732,2005-06,1
007005360X,2005-01,1
0070067066,2005-09,1
0070076944,2005-09,1
007008498X,2005-05,1
0070084998,2005-03,1
0070089418,2005-05,1
0070123535,2005-06,1
0070132356,2005-07,1
0070155577,2005-02,1
0070158061,2005-08,1
0070166315,2005-09,1
0070176744,2005-07,1
0070206473,2005-09,1
0070236232,2005-01,1
0070237956,2005-05,1
0070267456,2005-09,1
007026757X,2005-01,1
0070296596,2005-05,1
0070308314,2005-04,1
0070314292,2005-05,1
0070318476,2005-07,1
0070334846,2005-09,1
0070344361,2005-09,1
0070355193,2005-09,1
0070362408,2005-10,1
0070366497,2005-01,1
0070366764,2005-08,1
0070366950,2005-06,1
0070375933,2005-08,1
0070379882,2005-01,1
0070382387,2005-07,1
0070383014,2005-03,1
0070411026,2005-07,1
0070415234,2005-08,1
0070418780,2005-06,1
0070423660,2005-09,1
0070428077,2005-10,1
0070430233,2005-09,1
0070431744,2005-04,1
0070441669,2005-07,1
0070450986,2005-10,1
0070463638,2005-09,1
0070465134,2005-10,1
0070466173,2005-09,1
0070479046,2005-08,1
0070482462,2005-06,1
0070494762,2005-07,1
0070504776,2005-01,1
0070504776,2005-07,1
0070511136,2005-03,2
0070522359,2005-09,1
0070522367,2005-03,1
0070522367,2005-06,1
0070527261,2005-03,1
0070528357,2005-07,1
0070531811,2005-05,1
0070534489,2005-02,1
0070534489,2005-08,1
0070536805,2005-09,1
0070568243,2005-06,1
0070570256,2005-07,1
0070572356,2005-09,1
0070572615,2005-02,1
0070579326,2005-04,1
0070580995,2005-09,1
0070581045,2005-06,1
0070592187,2005-09,2
0070598711,2005-06,1
007060228X,2005-09,1
0070602301,2005-02,1
007060231X,2005-09,1
0070608393,2005-10,1
0070610479,2005-08,1
0070610479,2005-09,1
0070611750,2005-09,1
0070647216,2005-09,1
0070674531,2005-04,1
0070681619,2005-09,1
007069429X,2005-01,1
0070707693,2005-05,1
0070710910,2005-07,1
0070710945,2005-06,1
007072542X,2005-10,1
0070856133,2005-09,1
0071341927,2005-02,1
0071342087,2005-07,1
0071342559,2005-09,1
0071343261,2005-09,1
0071343296,2005-09,1
0071343369,2005-09,1
0071343547,2005-02,1
0071343814,2005-06,1
007134568X,2005-07,1
0071346074,2005-01,1
0071347860,2005-01,1
0071348484,2005-10,1
0071349820,2005-08,1
0071350993,2005-09,1
0071353267,2005-09,1
0071356185,2005-08,1
0071356711,2005-07,1
0071357459,2005-03,1
0071357548,2005-08,1
0071358714,2005-07,1
0071360506,2005-09,1
0071360573,2005-05,1
0071361340,2005-03,1
0071361693,2005-07,1
0071362363,2005-09,1
0071362363,2005-10,1
007136269X,2005-08,1
0071363092,2005-05,1
0071363483,2005-09,1
0071363629,2005-07,1
0071364315,2005-08,1
0071364730,2005-08,1
0071364935,2005-04,1
0071365168,2005-02,1
0071370676,2005-09,1
0071372199,2005-09,1
0071372342,2005-09,1
0071373187,2005-03,1
0071373225,2005-08,1
0071373586,2005-02,1
0071374175,2005-09,1
0071375686,2005-03,1
0071376429,2005-07,1
0071377948,2005-08,1
0071378359,2005-09,1
0071379444,2005-04,1
0071381392,2005-01,1
0071381392,2005-07,3
0071381392,2005-08,1
0071381392,2005-09,4
0071381392,2005-10,1
0071381562,2005-03,1
0071381562,2005-06,1
0071381635,2005-06,1
0071381635,2005-07,1
0071381643,2005-01,1
0071381643,2005-05,1
0071381643,2005-07,1
0071381651,2005-06,1
007138166X,2005-07,2
007138166X,2005-08,2
0071381678,2005-08,1
0071381678,2005-09,2
0071383131,2005-02,1
0071383301,2005-06,1
0071383840,2005-05,1
0071384049,2005-04,1
0071385290,2005-01,2
0071385290,2005-04,1
0071385290,2005-08,1
0071385657,2005-06,1
0071386262,2005-09,1
007138703X,2005-07,1
0071387056,2005-08,1
0071387072,2005-02,1
0071387285,2005-10,1
007138765X,2005-07,1
0071387684,2005-09,1
0071387730,2005-08,1
0071387765,2005-04,1
0071387765,2005-08,2
0071387765,2005-09,1
0071387765,2005-10,1
0071387927,2005-08,1
0071388672,2005-08,1
0071388885,2005-09,1
0071389180,2005-08,1
007139138X,2005-09,1
0071392319,2005-03,1
0071392319,2005-10,1
0071392378,2005-08,1
0071393943,2005-08,1
0071395199,2005-09,1
0071396578,2005-01,1
0071396810,2005-02,1
0071398856,2005-01,1
0071398856,2005-09,1
0071400354,2005-10,1
0071401946,2005-03,1
0071401946,2005-08,1
0071402233,2005-02,1
0071402519,2005-08,1
0071403159,2005-07,1
0071406123,2005-05,1
0071406387,2005-05,1
0071407359,2005-08,1
0071408096,2005-01,1
0071408118,2005-01,1
0071408258,2005-09,1
0071408878,2005-02,1
0071408959,2005-09,1
0071409351,2005-08,1
0071409726,2005-08,1
0071409920,2005-04,1
0071410155,2005-08,2
0071410155,2005-09,1
0071410228,2005-03,1
0071410449,2005-08,1
0071410678,2005-06,1
0071410732,2005-06,1
0071410775,2005-01,1
0071411453,2005-10,1
0071411828,2005-08,1
0071411925,2005-02,1
0071411976,2005-01,1
0071412158,2005-05,1
0071412603,2005-06,1
0071412719,2005-08,1
0071412719,2005-09,1
0071412743,2005-01,1
0071413014,2005-10,1
0071413200,2005-08,1
0071413685,2005-10,1
0071413863,2005-09,1
0071414088,2005-08,1
0071414126,2005-05,1
0071414177,2005-04,1
0071414177,2005-09,1
0071414347,2005-08,1
0071414363,2005-09,1
0071414606,2005-09,1
0071415130,2005-07,1
007141519X,2005-08,1
0071415297,2005-04,1
0071416358,2005-09,1
007141651X,2005-01,1
007141651X,2005-03,1
007141651X,2005-09,1
0071416706,2005-01,1
0071417141,2005-09,1
0071417419,2005-10,1
0071417532,2005-08,1
0071417583,2005-08,1
0071417729,2005-07,1
0071417869,2005-02,1
0071417885,2005-07,1
007141827X,2005-09,1
0071418288,2005-04,1
0071418539,2005-09,1
007141858X,2005-08,2
0071418717,2005-10,1
0071418806,2005-05,1
0071418962,2005-03,1
0071419675,2005-08,1
0071419845,2005-09,1
0071419861,2005-08,1
0071420215,2005-04,1
0071420894,2005-07,1
0071420894,2005-09,1
0071420894,2005-10,1
0071421033,2005-04,1
0071421386,2005-06,1
0071421459,2005-06,1
0071421890,2005-09,1
0071421890,2005-10,1
0071421920,2005-03,1
0071421920,2005-06,1
0071421920,2005-10,1
0071422196,2005-08,1
0071422676,2005-07,1
0071422749,2005-09,1
0071422773,2005-01,1
0071423125,2005-06,1
0071423265,2005-09,1
0071423729,2005-08,1
0071423826,2005-08,1
0071424008,2005-04,1
0071424105,2005-01,1
0071424105,2005-03,1
0071425292,2005-09,1
0071425489,2005-08,1
0071426094,2005-04,1
0071426442,2005-03,1
0071426574,2005-07,1
007142668X,2005-01,1
007142668X,2005-09,1
0071426825,2005-08,1
0071428062,2005-02,1
0071428062,2005-08,1
0071428062,2005-09,1
0071428097,2005-08,1
0071428488,2005-04,1
007142959X,2005-07,1
0071429700,2005-04,1
0071430091,2005-07,1
0071430105,2005-06,1
0071430105,2005-10,1
0071430113,2005-01,1
0071430237,2005-09,1
0071430334,2005-06,1
0071431918,2005-10,1
0071432175,2005-05,1
0071432205,2005-07,1
0071432299,2005-01,2
0071432299,2005-04,1
007143240X,2005-08,1
0071432450,2005-03,1
0071432450,2005-07,3
0071432450,2005-08,3
0071434283,2005-10,1
0071434801,2005-08,1
0071434828,2005-05,1
0071435069,2005-04,1
0071435123,2005-07,1
0071435263,2005-07,1
0071435360,2005-08,1
0071436820,2005-02,1
0071436820,2005-08,1
0071436928,2005-07,1
0071436928,2005-10,1
0071436936,2005-04,1
0071437126,2005-09,1
0071437177,2005-09,1
007143741X,2005-09,1
0071437967,2005-07,1
0071437967,2005-08,1
0071438289,2005-04,1
0071438866,2005-07,1
0071438866,2005-09,1
0071439293,2005-03,1
0071439609,2005-10,1
0071440259,2005-08,2
0071440291,2005-08,1
0071440380,2005-03,1
0071440402,2005-08,1
0071440402,2005-09,1
0071440496,2005-08,1
0071440593,2005-08,1
0071440682,2005-09,1
0071441158,2005-07,1
0071441638,2005-01,1
0071441638,2005-02,1
0071441883,2005-02,1
0071442995,2005-01,1
0071443169,2005-09,1
0071443266,2005-09,1
0071444718,2005-08,1
0071444912,2005-09,1
007144498X,2005-03,1
0071445587,2005-03,1
0071445692,2005-08,1
0071445765,2005-08,1
0071446370,2005-08,1
0071446370,2005-09,1
0071446435,2005-03,1
0071446435,2005-05,1
0071446435,2005-06,1
0071446435,2005-07,1
0071446435,2005-08,1
0071446435,2005-09,1
0071446435,2005-10,1
0071446494,2005-01,1
0071447296,2005-03,2
0071447296,2005-04,1
007144808X,2005-07,1
007144808X,2005-08,1
007144811X,2005-09,1
0071448136,2005-10,1
0071448446,2005-09,1
0071448721,2005-08,1
0071448799,2005-10,1
0071448837,2005-09,1
0071449027,2005-05,1
0071449027,2005-07,1
0071450912,2005-08,1
0071451277,2005-08,1
0071451420,2005-08,1
007145148X,2005-09,1
0071451498,2005-10,1
0071451641,2005-07,1
0071453350,2005-06,1
0071453350,2005-07,1
0071453393,2005-06,1
0071453393,2005-08,1
0071454012,2005-07,1
0071456260,2005-09,1
0071457895,2005-09,1
007145800X,2005-10,1
0071458999,2005-08,1
0071464220,2005-09,1
0071569146,2005-06,1
0071580085,2005-07,1
0071580085,2005-09,1
0071580131,2005-09,1
0072127309,2005-10,1
0072131640,2005-02,1
0072131772,2005-01,1
0072131780,2005-03,1
0072131896,2005-01,1
0072132736,2005-07,1
0072133708,2005-03,1
0072190469,2005-01,1
0072191473,2005-08,1
0072193336,2005-04,1
0072193360,2005-02,1
0072194030,2005-08,1
0072195142,2005-02,1
0072195231,2005-02,1
0072195584,2005-09,1
0072222611,2005-08,1
0072223049,2005-07,1
0072223847,2005-03,1
0072224738,2005-04,1
0072224738,2005-08,1
0072224746,2005-07,1
0072224770,2005-04,1
0072225238,2005-07,1
0072225238,2005-09,1
0072225661,2005-05,1
0072226625,2005-01,1
0072226625,2005-02,1
0072226846,2005-02,1
0072226846,2005-04,1
0072226846,2005-05,1
0072226846,2005-07,1
007222729X,2005-10,1
0072227877,2005-09,1
0072227907,2005-09,1
0072229020,2005-02,1
0072229020,2005-03,1
0072229144,2005-08,1
0072229144,2005-09,1
0072229349,2005-02,1
0072229349,2005-08,1
0072229462,2005-03,1
0072229497,2005-04,1
0072229586,2005-08,1
0072229667,2005-03,1
0072229667,2005-06,1
0072229713,2005-09,1
0072229918,2005-05,1
0072229918,2005-07,1
0072230126,2005-04,1
0072230622,2005-09,1
0072230657,2005-05,1
0072230665,2005-09,2
0072230738,2005-09,1
0072230789,2005-09,1
0072230924,2005-09,1
0072231270,2005-06,1
0072231327,2005-06,1
0072231378,2005-08,1
0072231394,2005-01,1
0072231459,2005-09,1
0072231726,2005-08,1
0072231742,2005-08,1
0072231955,2005-07,1
0072232021,2005-02,1
0072232161,2005-04,1
0072232161,2005-06,1
0072232277,2005-06,1
0072232277,2005-07,1
0072253541,2005-02,1
0072253657,2005-05,1
0072253657,2005-10,1
0072255404,2005-09,1
0072255595,2005-08,1
0072255595,2005-09,1
0072256591,2005-10,1
0072256710,2005-07,1
0072257032,2005-02,1
0072257083,2005-03,1
0072257873,2005-09,1
0072257946,2005-02,1
0072258543,2005-07,1
0072258586,2005-07,1
0072258616,2005-09,1
0072258624,2005-03,1
0072258691,2005-05,1
0072258691,2005-08,2
0072258705,2005-08,1
0072259612,2005-07,1
0072260815,2005-08,1
0072260912,2005-07,1
0072304936,2005-09,1
007231821X,2005-05,1
0072325690,2005-02,1
0072383550,2005-09,1
0072386495,2005-10,1
0072393602,2005-09,1
0072399090,2005-02,1
0072405007,2005-07,1
0072412208,2005-02,1
0072416467,2005-09,1
007242835X,2005-09,1
0072468009,2005-07,1
0072474173,2005-04,1
0072483938,2005-06,1
0072492910,2005-09,1
0072523425,2005-09,1
0072525363,2005-09,1
0072537728,2005-07,1
0072554819,2005-05,1
0072555491,2005-08,1
0072559136,2005-08,1
0072817976,2005-05,1
0072817976,2005-10,1
0072819359,2005-10,1
0072832258,2005-09,1
0072834692,2005-02,1
0072837365,2005-08,1
007284082X,2005-10,1
0072845074,2005-09,1
0072845538,2005-05,1
0072846119,2005-02,1
0072852607,2005-08,1
0072854871,2005-04,1
0072855223,2005-05,1
007286091X,2005-09,1
0072871199,2005-09,1
0072878568,2005-10,1
0072878770,2005-09,1
0072880252,2005-09,1
0072881380,2005-07,1
0072919248,2005-09,1
0072930330,2005-09,1
0072932260,2005-08,1
0072932619,2005-09,1
0072933569,2005-09,1
0072946601,2005-09,1
0072946970,2005-08,1
0072950684,2005-09,1
0072961805,2005-07,1
0072968796,2005-09,1
0072971215,2005-09,1
0072975318,2005-09,1
0072975687,2005-09,1
0072980788,2005-09,1
007298130X,2005-09,1
0072982713,2005-09,1
0072982721,2005-09,1
0072985356,2005-09,1
0073018767,2005-06,1
0073049212,2005-09,1
0073108405,2005-09,1
007365809X,2005-01,1
007553651X,2005-08,1
007554329X,2005-08,1
0075616343,2005-02,1
0078205409,2005-05,1
0078212588,2005-09,1
007822702X,2005-08,1
0078651131,2005-10,1
0078656605,2005-09,1
0078819520,2005-04,1
0078824761,2005-08,1
0078825075,2005-06,1
0079137261,2005-09,1
0080377963,2005-04,1
0090954602,2005-07,1
0091744482,2005-07,1
0091812747,2005-09,1
0091882338,2005-04,1
0091882338,2005-08,1
0091891140,2005-03,1
0091898234,2005-07,1
0091898234,2005-09,2
009190272X,2005-09,1
0094572704,2005-08,1
0099450259,2005-09,1
0099462486,2005-07,1
0099462494,2005-07,1
0099474425,2005-08,1
0099639017,2005-07,1
0120145839,2005-04,1
0120445654,2005-10,1
0120502577,2005-01,1
0120884070,2005-08,1
0120884070,2005-10,2
0120884828,2005-10,1
0120885107,2005-09,1
0120928612,2005-09,1
0121581640,2005-08,1
0121783561,2005-08,1
0121965406,2005-01,1
0122042204,2005-05,1
0122053516,2005-05,1
0123516668,2005-02,1
0123540100,2005-01,1
0124211801,2005-06,1
0124211828,2005-07,1
012446744X,2005-08,1
0124660517,2005-02,1
0124660517,2005-03,1
0124730701,2005-04,1
0125153929,2005-10,1
0125980558,2005-08,1
0126077657,2005-01,1
012625155X,2005-08,1
0126266301,2005-03,1
0126407304,2005-03,1
012697408X,2005-09,1
0127444823,2005-01,1
0130081167,2005-02,1
0130082767,2005-03,1
0130083968,2005-08,1
0130083968,2005-09,1
0130084514,2005-01,1
0130084646,2005-07,1
0130090565,2005-03,1
0130090565,2005-05,1
0130090565,2005-07,1
0130092290,2005-04,1
0130092290,2005-09,1
0130106496,2005-07,1
0130132977,2005-07,1
0130139386,2005-10,1
0130139424,2005-09,1
0130144002,2005-10,1
0130144606,2005-01,1
0130144932,2005-03,1
0130153907,2005-10,1
0130166294,2005-03,1
0130167630,2005-07,1
0130173452,2005-10,1
0130176974,2005-01,1
0130183784,2005-05,1
013019459X,2005-08,1
0130194662,2005-08,1
0130197343,2005-08,1
0130200719,2005-03,1
0130205451,2005-03,1
0130206016,2005-07,1
0130224189,2005-04,1
0130226165,2005-08,1
0130260363,2005-07,1
0130266728,2005-09,1
0130266922,2005-07,1
0130273635,2005-03,1
013027805X,2005-08,1
0130281859,2005-08,1
0130292842,2005-10,1
0130304573,2005-09,1
0130305189,2005-09,1
0130308528,2005-10,1
0130323934,2005-09,1
0130325627,2005-07,1
0130327158,2005-04,1
0130337161,2005-10,1
0130337854,2005-09,1
0130338516,2005-07,1
0130348465,2005-10,1
0130352802,2005-01,1
0130353329,2005-08,1
0130353892,2005-01,1
0130384801,2005-02,1
0130385603,2005-08,1
013040022X,2005-08,1
0130409774,2005-06,1
0130412074,2005-02,1
0130413313,2005-09,1
0130420611,2005-07,1
0130425850,2005-07,1
0130428981,2005-03,1
013044569X,2005-09,1
0130447579,2005-08,1
0130449164,2005-09,1
0130460192,2005-09,1
0130465534,2005-09,1
0130471100,2005-06,1
0130474886,2005-09,1
0130487015,2005-08,1
0130488240,2005-10,1
013049416X,2005-09,1
013049657X,2005-10,1
0130542547,2005-08,1
0130614661,2005-10,1
0130616443,2005-09,1
013061792X,2005-09,1
0130618640,2005-10,1
0130619787,2005-09,1
0130631361,2005-03,1
013065096X,2005-01,1
0130651990,2005-08,1
0130652466,2005-04,1
0130655678,2005-06,1
0130655775,2005-01,1
0130664634,2005-05,1
0130669970,2005-03,1
013067334X,2005-08,1
013067334X,2005-09,1
0130676349,2005-08,1
0130712744,2005-08,1
0130746894,2005-09,1
0130761257,2005-09,1
0130836990,2005-09,1
0130846775,2005-10,1
0130857319,2005-09,1
0130858501,2005-05,1
0130873047,2005-07,1
013089592X,2005-02,1
013089592X,2005-03,2
013089592X,2005-05,1
013089592X,2005-08,1
0130909963,2005-02,1
0130915424,2005-06,1
0130925691,2005-09,1
0130925721,2005-09,1
0130927384,2005-09,1
0130928585,2005-10,1
0130938912,2005-09,1
0130941174,2005-09,1
0130941808,2005-03,1
013094629X,2005-08,1
0130950696,2005-05,1
0130957011,2005-02,1
0130957011,2005-03,1
0130979430,2005-04,1
0130982814,2005-01,1
0130983403,2005-09,1
0130987964,2005-09,1
0130993336,2005-08,1
0131001175,2005-07,1
0131006819,2005-09,1
0131008471,2005-03,1
0131008528,2005-05,1
0131009419,2005-10,1
0131009435,2005-10,1
0131014056,2005-04,1
0131015494,2005-03,1
0131016210,2005-10,1
0131016458,2005-01,1
0131025716,2005-02,2
0131025716,2005-09,1
0131031104,2005-09,1
0131037919,2005-07,1
0131101005,2005-09,1
0131103628,2005-09,1
0131111558,2005-02,1
0131113380,2005-09,1
013111395X,2005-10,1
0131118927,2005-02,1
0131122746,2005-08,1
013112790X,2005-08,1
013112790X,2005-10,1
0131128744,2005-05,1
0131135910,2005-02,1
0131136399,2005-07,1
0131136828,2005-01,1
0131136828,2005-09,1
0131145495,2005-08,1
0131172611,2005-02,1
0131172611,2005-03,1
0131175920,2005-06,1
0131177052,2005-01,1
0131190733,2005-07,1
0131205447,2005-07,1
0131240714,2005-07,1
0131240714,2005-08,1
0131249339,2005-02,1
0131315099,2005-10,1
0131371916,2005-10,1
0131402641,2005-10,1
0131405462,2005-07,1
0131407376,2005-02,1
0131411322,2005-10,1
0131411543,2005-04,1
0131411675,2005-09,1
0131411764,2005-09,1
0131420232,2005-09,1
0131423304,2005-02,1
0131423932,2005-09,1
0131423983,2005-06,1
013142520X,2005-09,1
0131426419,2005-06,1
0131426435,2005-05,1
0131426435,2005-08,1
0131426443,2005-02,1
0131427911,2005-03,1
0131428489,2005-05,1
0131430181,2005-09,1
0131432745,2005-09,1
0131434780,2005-09,1
0131436260,2005-10,1
0131439871,2005-02,1
0131448536,2005-03,1
0131450654,2005-09,1
0131451642,2005-05,1
0131457578,2005-10,1
0131463055,2005-05,1
0131463055,2005-07,1
0131463292,2005-09,1
0131465740,2005-05,1
0131467484,2005-06,1
0131471481,2005-10,1
013147149X,2005-05,1
013147149X,2005-07,1
0131472208,2005-05,1
0131473816,2005-09,2
0131476548,2005-02,1
0131479024,2005-05,1
0131479407,2005-09,1
0131479725,2005-09,1
013147989X,2005-07,1
0131479903,2005-08,1
0131480103,2005-03,1
0131482025,2005-05,1
0131482114,2005-06,1
0131482114,2005-07,1
0131482874,2005-09,1
0131483986,2005-02,1
0131486039,2005-01,1
0131486454,2005-01,1
0131486861,2005-02,1
0131486861,2005-08,1
0131486861,2005-09,1
013148690X,2005-06,1
0131488724,2005-01,1
0131488724,2005-06,1
0131488724,2005-08,1
0131488724,2005-09,1
0131489062,2005-08,1
0131490478,2005-05,1
0131490478,2005-08,1
0131490508,2005-07,1
0131491202,2005-09,1
0131491687,2005-08,1
0131494198,2005-03,1
0131499084,2005-10,1
0131543695,2005-08,1
0131543695,2005-10,1
0131610198,2005-05,1
0131685929,2005-07,1
0131714902,2005-08,1
0131717111,2005-08,1
0131773380,2005-09,1
0131786865,2005-03,1
0131786865,2005-09,1
013179356X,2005-04,1
013179356X,2005-09,1
0131829203,2005-09,1
0131829610,2005-10,1
0131832964,2005-09,1
013183813X,2005-08,1
0131838474,2005-08,1
0131838520,2005-09,1
0131844938,2005-09,1
0131849107,2005-08,1
013185089X,2005-02,1
0131852159,2005-07,1
0131852922,2005-10,1
0131855166,2005-07,1
0131855174,2005-08,1
0131855867,2005-07,1
0131857576,2005-08,1
0131857576,2005-09,2
0131858386,2005-06,1
0131858386,2005-09,1
0131860828,2005-08,1
0131861506,2005-04,1
0131862618,2005-09,1
0131862669,2005-06,1
0131862669,2005-07,1
0131867164,2005-10,1
0131871358,2005-09,1
0131872788,2005-09,1
0131872842,2005-09,3
0131876201,2005-08,1
0131896148,2005-09,1
0131913646,2005-05,1
0131913646,2005-07,1
0131971379,2005-03,1
0131977490,2005-09,1
0132055767,2005-10,1
0132058812,2005-01,1
0132075318,2005-04,1
0132125897,2005-03,1
0132147505,2005-01,1
0132157578,2005-06,1
0132169878,2005-06,1
013218642X,2005-10,1
0132317133,2005-04,1
0132341700,2005-06,1
0132366789,2005-09,1
013242231X,2005-09,1
013242892X,2005-03,1
0132479257,2005-02,1
0132624788,2005-04,1
013288366X,2005-08,1
0132934248,2005-02,1
0133036030,2005-05,1
0133046435,2005-07,1
0133368505,2005-03,1
0134402723,2005-09,1
013476904X,2005-07,1
0135015456,2005-05,1
0135052157,2005-07,1
0135181925,2005-02,1
0135307678,2005-03,1
0135315182,2005-09,1
0135327482,2005-06,1
0135521580,2005-04,1
0135763800,2005-06,1
0135853982,2005-10,1
0135963052,2005-05,1
0136051626,2005-05,1
0136149340,2005-07,1
0136149340,2005-10,1
0136311024,2005-06,1
0136347835,2005-09,1
013651068X,2005-09,1
0136597076,2005-04,1
013673054X,2005-06,1
013674317X,2005-09,1
013737867X,2005-09,1
0137903952,2005-02,1
0138031630,2005-09,2
0138100101,2005-05,1
0138131635,2005-09,1
0138821925,2005-07,1
0138896011,2005-01,1
0139022473,2005-01,1
013919424X,2005-03,1
0139211640,2005-06,1
0139283005,2005-08,1
0139359257,2005-10,1
0139377891,2005-04,1
0139536396,2005-08,1
0139536396,2005-10,1
0139759964,2005-04,1
013979591X,2005-08,1
0139798099,2005-08,1
0140009949,2005-06,1
0140019421,2005-06,1
0140031456,2005-09,1
0140035044,2005-01,1
0140042598,2005-05,1
0140042598,2005-08,1
0140044469,2005-09,1
0140045279,2005-08,1
0140050426,2005-10,1
0140055932,2005-05,1
0140058508,2005-04,1
014005958X,2005-09,1
0140062238,2005-07,1
0140065172,2005-09,1
0140070206,2005-01,1
0140075623,2005-06,1
0140088911,2005-08,1
0140094296,2005-10,1
014009430X,2005-09,1
0140095144,2005-07,1
0140095144,2005-08,1
014009623X,2005-04,1
0140096493,2005-08,1
0140097058,2005-01,1
0140097058,2005-09,1
0140103740,2005-08,1
0140107479,2005-07,1
014011341X,2005-07,1
0140119906,2005-06,1
0140121846,2005-07,1
014012523X,2005-08,1
0140127615,2005-06,1
0140132287,2005-06,1
0140132503,2005-02,1
0140137327,2005-05,1
0140137572,2005-08,1
0140137637,2005-08,1
0140139451,2005-10,1
0140139753,2005-05,1
0140139966,2005-10,1
0140143459,2005-06,1
0140143459,2005-09,1
0140143955,2005-09,1
014014739X,2005-05,1
0140147551,2005-10,1
0140150978,2005-02,1
0140153179,2005-09,1
0140153519,2005-07,1
0140159703,2005-07,1
0140165215,2005-06,1
0140166548,2005-08,1
0140168222,2005-09,1
0140169539,2005-01,1
0140170413,2005-02,1
0140177396,2005-08,3
0140178139,2005-03,1
0140178244,2005-09,1
0140178406,2005-07,1
014017897X,2005-02,1
0140179836,2005-03,1
0140179836,2005-06,1
0140182748,2005-02,1
0140183507,2005-09,1
0140183523,2005-02,1
0140183884,2005-06,1
0140184937,2005-01,1
0140184953,2005-03,1
0140186247,2005-06,1
0140186409,2005-09,1
0140186573,2005-08,1
0140186956,2005-02,1
0140186956,2005-07,1
0140187723,2005-08,1
0140188169,2005-08,1
0140189416,2005-05,1
0140190600,2005-09,1
0140193375,2005-08,1
0140193588,2005-01,1
0140193626,2005-03,1
0140195017,2005-10,1
0140195335,2005-07,1
0140195815,2005-04,1
0140195831,2005-06,1
0140196072,2005-08,1
0140230270,2005-04,1
0140230270,2005-07,1
0140230270,2005-08,1
0140231196,2005-09,1
0140231706,2005-05,1
0140231706,2005-08,1
0140231706,2005-09,1
0140231757,2005-02,1
0140231994,2005-03,1
0140231994,2005-05,1
0140231994,2005-08,1
014023280X,2005-03,1
014023280X,2005-08,1
0140233903,2005-05,1
014023828X,2005-05,1
0140239375,2005-09,1
0140240845,2005-02,1
0140243194,2005-02,1
014024364X,2005-03,1
0140244328,2005-08,1
0140244611,2005-08,1
0140244611,2005-09,1
0140247017,2005-09,1
0140249168,2005-08,1
0140249192,2005-04,1
0140249281,2005-10,1
0140250913,2005-10,1
0140250948,2005-02,1
014025157X,2005-08,1
014025157X,2005-10,1
014025448X,2005-08,1
0140254587,2005-07,1
0140255788,2005-07,1
0140256369,2005-09,1
0140257314,2005-09,1
014025773X,2005-06,1
014025773X,2005-08,1
0140257934,2005-08,1
0140259988,2005-08,1
0140260234,2005-09,1
0140263322,2005-03,1
0140263489,2005-06,1
0140264450,2005-06,1
0140265686,2005-08,1
0140266348,2005-04,1
0140266909,2005-03,1
0140270531,2005-02,1
0140271457,2005-04,1
014027166X,2005-02,1
0140271694,2005-09,1
0140273891,2005-08,1
0140274367,2005-01,1
0140274731,2005-05,1
0140274766,2005-01,1
0140275363,2005-09,1
014027541X,2005-07,1
014027569X,2005-09,1
0140277447,2005-09,1
0140277633,2005-01,1
0140277633,2005-02,1
0140277714,2005-02,1
0140277722,2005-06,1
0140277722,2005-09,1
014027782X,2005-07,1
0140278796,2005-05,1
0140279482,2005-04,1
0140279482,2005-07,1
0140280197,2005-06,1
0140280197,2005-09,1
0140280243,2005-07,1
0140280243,2005-08,1
0140280464,2005-02,1
0140281916,2005-09,2
0140282025,2005-04,1
0140282025,2005-08,1
0140282025,2005-09,1
0140283617,2005-01,1
0140284087,2005-08,1
0140284583,2005-09,2
0140286527,2005-07,1
0140286780,2005-01,1
0140286780,2005-05,1
0140286829,2005-09,1
0140288503,2005-08,1
014028852X,2005-05,1
0140288600,2005-09,1
0140291784,2005-03,1
0140291962,2005-09,1
0140291962,2005-10,1
0140292012,2005-07,1
0140292608,2005-04,1
0140293248,2005-09,1
0140295399,2005-09,1
0140296166,2005-08,1
0140296271,2005-04,1
014029628X,2005-05,1
0140296409,2005-06,1
0140296476,2005-10,1
0140297952,2005-09,1
0140298479,2005-04,1
0140298517,2005-02,1
0140298533,2005-02,1
0140298533,2005-07,1
0140298614,2005-08,1
0140299874,2005-01,1
0140299874,2005-08,1
0140304452,2005-05,1
0140309268,2005-09,1
0140309578,2005-09,1
0140311254,2005-07,1
0140319298,2005-01,1
014032609X,2005-08,1
0140329455,2005-09,1
0140364854,2005-02,1
0140364854,2005-05,1
0140365494,2005-09,1
0140367063,2005-09,1
0140367136,2005-09,1
0140367454,2005-09,1
0140367462,2005-09,1
0140374493,2005-08,1
0140380531,2005-03,1
0140385061,2005-09,1
014038572X,2005-09,1
0140386351,2005-03,1
0140386645,2005-08,1
0140389024,2005-10,1
0140389660,2005-09,1
0140390871,2005-09,1
0140431330,2005-07,1
0140432078,2005-03,1
0140432159,2005-04,1
0140432159,2005-06,1
0140432191,2005-09,1
014043268X,2005-07,1
0140433163,2005-09,1
0140433309,2005-05,1
0140434119,2005-09,1
0140435387,2005-08,1
0140437509,2005-06,1
0140439218,2005-07,1
0140440046,2005-08,1
014044131X,2005-02,1
0140441638,2005-09,1
0140441697,2005-09,1
0140441824,2005-07,1
0140441859,2005-05,1
0140442081,2005-05,1
0140442286,2005-09,1
0140442898,2005-04,1
0140443215,2005-03,1
0140444270,2005-06,1
0140444343,2005-07,1
0140444424,2005-07,1
0140444742,2005-04,1
0140445307,2005-05,1
0140445684,2005-06,1
0140446451,2005-05,1
0140447385,2005-03,1
0140447636,2005-08,1
0140447644,2005-09,1
0140449086,2005-08,1
0140449213,2005-07,1
0140449213,2005-10,1
0140449272,2005-09,1
0140449302,2005-04,1
0140469303,2005-08,1
0140469303,2005-09,1
0140469907,2005-09,1
0140481346,2005-04,1
014048244X,2005-08,1
014050169X,2005-08,1
0140503099,2005-09,1
0140507566,2005-09,1
0140511512,2005-05,1
0140513280,2005-08,1
0140513299,2005-09,1
0140513299,2005-10,1
0140513310,2005-10,1
0140513353,2005-10,1
0140513485,2005-10,1
0140546685,2005-08,1
0140548203,2005-10,1
0140556737,2005-09,1
014055694X,2005-09,1
0140557741,2005-09,1
0140564349,2005-08,1
0140565019,2005-03,1
0140566368,2005-08,1
0140586512,2005-06,1
014058921X,2005-02,1
0141000589,2005-07,1
0141001615,2005-08,1
0141001682,2005-08,2
0141001895,2005-08,1
0141001925,2005-09,1
014100231X,2005-08,1
0141004606,2005-08,1
0141009438,2005-09,1
0141009810,2005-08,1
014101072X,2005-02,1
014101363X,2005-08,1
0141014164,2005-02,1
0141019395,2005-10,1
0141019646,2005-10,1
0141180307,2005-08,1
014118034X,2005-07,1
0141180390,2005-08,1
0141180765,2005-05,1
0141180781,2005-07,1
0141181265,2005-01,1
0141181265,2005-08,1
0141181559,2005-07,1
0141181656,2005-08,1
0141183268,2005-07,1
0141184221,2005-04,1
014118616X,2005-06,1
0141301058,2005-01,1
0141301066,2005-08,1
0141301104,2005-09,1
0141301120,2005-08,1
0141301120,2005-09,1
0141301155,2005-07,1
0141301155,2005-08,3
0141301155,2005-09,3
0141307048,2005-07,1
0141308109,2005-08,1
014131236X,2005-01,1
0141390581,2005-01,1
0141439505,2005-07,1
0141439513,2005-06,1
0141439556,2005-02,1
0141439564,2005-01,1
0141439564,2005-08,1
0141439637,2005-08,1
0141439637,2005-10,1
0141439750,2005-08,1
0141439971,2005-07,1
0141469048,2005-09,1
0141802871,2005-03,1
0141804467,2005-08,1
0142000078,2005-03,1
0142000159,2005-04,1
0142000159,2005-07,1
0142000159,2005-10,1
0142000221,2005-09,1
0142000280,2005-06,1
0142000280,2005-07,3
0142000280,2005-08,3
0142000280,2005-09,1
0142000345,2005-09,1
014200040X,2005-01,1
0142000558,2005-04,1
0142000663,2005-09,1
0142000701,2005-08,1
0142000809,2005-04,1
0142000809,2005-08,1
0142000868,2005-06,1
0142000892,2005-08,1
0142000906,2005-02,1
0142000906,2005-03,2
0142000906,2005-07,1
0142000957,2005-06,1
0142001090,2005-08,1
0142001198,2005-01,1
0142001198,2005-03,1
0142001198,2005-05,1
0142001198,2005-08,1
0142001198,2005-09,2
0142001325,2005-05,1
0142001325,2005-08,1
0142001430,2005-01,1
0142001430,2005-04,1
0142001430,2005-07,1
0142001430,2005-09,1
0142001430,2005-10,1
0142001562,2005-01,1
0142001619,2005-08,2
0142001619,2005-09,2
0142001686,2005-07,1
0142001716,2005-07,1
0142001740,2005-02,1
0142001740,2005-03,1
0142001740,2005-04,2
0142001740,2005-05,1
0142001740,2005-06,2
0142001740,2005-07,1
0142001740,2005-08,3
0142001740,2005-09,1
0142001740,2005-10,1
0142001805,2005-01,1
0142001805,2005-04,1
0142001805,2005-08,2
0142001805,2005-09,3
014200183X,2005-06,1
0142002011,2005-05,1
014200202X,2005-07,1
0142002178,2005-01,1
0142002240,2005-08,1
0142002399,2005-08,1
0142002429,2005-08,1
0142002577,2005-07,1
0142002623,2005-01,1
0142002623,2005-04,1
0142002623,2005-10,1
0142002631,2005-08,1
0142002968,2005-06,1
0142003018,2005-01,1
0142003050,2005-08,1
0142003182,2005-09,1
0142003190,2005-10,1
014200328X,2005-01,1
0142003425,2005-10,1
0142003697,2005-02,1
0142003697,2005-08,1
0142003727,2005-07,1
014200376X,2005-07,1
0142003808,2005-08,1
0142003840,2005-05,1
0142004030,2005-05,1
0142004030,2005-08,1
0142004030,2005-10,1
0142004170,2005-08,1
0142004197,2005-09,1
0142004308,2005-05,1
0142004308,2005-08,1
0142004332,2005-01,1
0142004332,2005-06,1
0142004332,2005-09,2
0142004359,2005-03,1
0142004421,2005-10,1
0142004596,2005-09,1
0142004693,2005-06,1
0142004812,2005-07,2
0142004812,2005-08,1
0142004820,2005-04,1
0142004839,2005-05,1
0142004898,2005-10,1
0142004928,2005-05,1
0142004928,2005-07,1
0142004952,2005-04,1
0142004952,2005-08,1
0142005053,2005-08,1
0142005053,2005-10,1
0142180009,2005-04,1
0142180106,2005-04,1
0142196002,2005-03,1
0142196037,2005-09,1
0142196096,2005-06,1
0142196096,2005-08,1
0142196126,2005-03,1
0142196126,2005-05,1
0142196177,2005-03,1
0142196223,2005-02,1
0142300276,2005-09,2
0142300276,2005-10,1
0142300586,2005-09,1
0142301892,2005-03,1
0142302236,2005-03,1
0142400777,2005-09,1
0142401013,2005-08,1
0142401021,2005-10,2
0142401641,2005-10,1
0142401668,2005-10,1
0142402761,2005-09,1
0142404209,2005-09,1
0142404330,2005-09,1
0142437204,2005-04,1
0142437344,2005-08,1
0142437522,2005-09,1
0142437557,2005-03,1
014243776X,2005-06,1
0142437905,2005-05,1
0142437905,2005-06,1
0142437921,2005-09,1
0142437964,2005-10,1
0142500178,2005-08,1
014250081X,2005-09,1
0142501115,2005-03,1
0142501263,2005-10,1
014280004X,2005-07,1
0142800376,2005-08,1
0142800430,2005-09,1
0142800449,2005-07,1
014280083X,2005-01,1
014300123X,2005-08,1
0143013742,2005-03,1
0143031732,2005-09,1
0143034405,2005-05,2
0143034413,2005-04,1
0143034413,2005-05,1
0143034413,2005-07,1
0143034413,2005-10,1
0143034502,2005-07,1
0143034588,2005-10,1
014303460X,2005-02,1
014303460X,2005-08,1
014303460X,2005-09,1
0143034669,2005-04,1
0143034669,2005-06,1
0143034669,2005-07,1
0143034669,2005-08,1
0143034693,2005-03,1
0143034715,2005-06,1
0143034758,2005-07,1
0143034758,2005-09,1
0143034774,2005-04,1
0143034790,2005-06,1
0143034871,2005-07,1
0143034901,2005-08,2
0143034901,2005-09,1
0143034901,2005-10,1
0143035002,2005-01,1
0143035002,2005-03,1
0143035002,2005-04,1
0143035002,2005-06,1
0143035002,2005-09,1
014303510X,2005-05,1
0143035290,2005-08,1
0143035320,2005-09,1
0143035363,2005-09,1
014303541X,2005-08,2
0143035495,2005-08,1
0143035657,2005-06,1
0143035657,2005-07,1
0143035908,2005-09,1
0143039024,2005-09,1
0143057014,2005-01,1
014305712X,2005-09,1
0143057189,2005-06,1
0143057189,2005-08,1
0143057367,2005-08,1
0143057693,2005-09,1
0151000972,2005-08,1
0151001146,2005-08,1
0151001634,2005-02,1
0151001634,2005-09,1
0151002592,2005-06,1
0151003130,2005-01,1
0151003386,2005-07,1
0151003769,2005-04,1
015100403X,2005-09,1
0151004218,2005-06,1
0151005567,2005-05,1
0151005958,2005-04,1
0151005958,2005-09,1
0151006598,2005-08,1
0151007152,2005-04,1
0151008116,2005-03,1
0151008116,2005-05,1
0151008418,2005-02,1
0151008418,2005-05,1
0151008787,2005-03,1
0151008787,2005-04,1
0151008787,2005-05,1
0151008892,2005-02,1
0151009082,2005-03,1
0151009430,2005-05,1
0151010153,2005-04,1
0151010196,2005-02,1
0151010196,2005-03,1
0151010420,2005-09,1
0151010498,2005-10,1
0151010579,2005-05,1
0151010668,2005-04,1
0151010668,2005-05,1
0151010722,2005-05,2
0151010722,2005-09,1
0151010749,2005-01,1
0151010749,2005-07,1
0151010749,2005-08,2
0151010749,2005-09,1
0151010765,2005-07,1
0151010846,2005-03,1
0151010854,2005-04,1
0151010943,2005-05,1
0151011354,2005-05,1
0151011400,2005-08,3
0151011400,2005-09,2
0151011621,2005-09,1
0151011834,2005-06,1
0151011834,2005-08,1
0151011834,2005-09,1
0151012164,2005-09,1
0151012164,2005-10,1
0151012490,2005-10,1
0151072558,2005-07,1
0151329168,2005-06,1
0151457700,2005-09,1
0151461546,2005-07,1
0151757054,2005-02,1
0151778701,2005-04,1
0151962960,2005-07,1
0151970874,2005-09,1
0152000410,2005-03,1
0152000534,2005-08,1
0152001034,2005-01,1
0152002227,2005-05,1
0152002464,2005-07,1
0152002472,2005-07,1
0152002669,2005-06,1
0152005390,2005-08,1
015200789X,2005-01,1
0152008705,2005-08,2
0152010041,2005-04,1
0152010149,2005-02,1
0152010599,2005-07,1
0152010661,2005-05,1
0152013040,2005-09,1
0152013067,2005-03,1
0152015450,2005-08,1
0152017372,2005-03,1
0152017682,2005-04,1
015201795X,2005-09,1
0152018484,2005-08,1
0152018484,2005-09,1
0152019243,2005-08,1
0152019774,2005-09,1
0152019901,2005-06,1
0152020136,2005-08,1
0152020683,2005-05,1
0152020853,2005-09,1
0152021280,2005-09,1
0152021639,2005-08,1
0152021728,2005-08,1
0152022260,2005-09,1
0152022988,2005-03,1
0152023402,2005-04,1
0152023402,2005-08,1
0152023984,2005-05,1
0152024263,2005-09,1
0152024409,2005-02,1
0152024433,2005-05,1
0152024883,2005-09,2
0152025286,2005-09,1
015202591X,2005-03,1
0152026312,2005-08,1
0152026320,2005-04,1
0152026320,2005-06,1
0152026320,2005-09,1
015202638X,2005-06,1
015202638X,2005-08,1
0152026762,2005-04,1
0152046097,2005-09,1
015204616X,2005-08,1
0152046399,2005-03,1
0152047204,2005-02,1
0152047344,2005-10,1
015204907X,2005-09,1
0152049290,2005-02,1
0152050175,2005-08,1
0152050841,2005-02,1
0152051600,2005-08,1
0152052070,2005-08,1
0152053042,2005-10,1
0152053409,2005-05,1
0152053409,2005-08,1
015205345X,2005-08,1
0152053573,2005-09,1
015205412X,2005-09,1
0152054456,2005-02,1
0152162356,2005-07,1
0152163077,2005-03,1
0152163867,2005-03,1
0152164138,2005-07,1
0152166696,2005-09,1
0152167110,2005-08,1
0152167315,2005-03,1
0152167366,2005-08,1
0152167900,2005-09,1
0152167919,2005-05,1
0152168192,2005-08,1
0152293809,2005-05,1
0152336788,2005-10,1
0152354050,2005-04,1
0152427309,2005-08,1
0152427325,2005-09,1
0152453008,2005-07,1
0152567089,2005-08,1
0152578099,2005-07,1
0152671404,2005-05,1
0152870008,2005-03,1
0152928634,2005-08,1
0153117354,2005-09,1
0153350946,2005-09,1
015500865X,2005-01,1
0155051784,2005-05,1
015505855X,2005-09,1
0156001268,2005-02,1
0156001314,2005-09,1
0156001454,2005-05,1
0156001942,2005-02,1
0156001942,2005-05,1
0156002531,2005-05,1
0156003287,2005-10,2
0156003686,2005-09,1
0156004801,2005-10,1
0156004976,2005-09,1
0156005050,2005-05,1
0156005697,2005-08,1
0156005832,2005-05,2
0156005891,2005-05,1
0156005891,2005-06,1
0156005980,2005-07,1
0156006308,2005-09,1
0156006898,2005-09,1
0156007037,2005-03,1
0156007460,2005-07,1
0156008726,2005-07,1
0156010623,2005-03,1
0156010755,2005-07,1
0156010860,2005-02,1
0156010879,2005-09,1
0156011603,2005-02,2
0156011603,2005-04,1
0156011603,2005-05,1
0156011603,2005-06,1
0156012197,2005-02,1
0156012197,2005-08,1
015601226X,2005-05,1
0156013363,2005-08,1
0156013614,2005-08,1
015602702X,2005-06,1
0156027100,2005-01,1
0156027100,2005-06,1
0156027321,2005-01,1
0156027321,2005-02,4
0156027321,2005-04,1
0156027321,2005-05,2
0156027321,2005-06,1
0156027321,2005-07,3
0156027321,2005-08,1
0156027321,2005-09,2
0156027321,2005-10,1
0156027518,2005-02,1
0156027526,2005-07,1
0156027577,2005-06,1
0156027631,2005-04,1
0156027631,2005-10,1
0156027690,2005-09,1
0156027747,2005-10,1
0156027852,2005-09,1
015602859X,2005-05,1
015602859X,2005-06,1
0156028778,2005-01,1
0156028778,2005-03,1
0156028778,2005-07,1
0156029030,2005-09,1
0156029049,2005-07,1
0156029057,2005-08,1
0156029073,2005-03,1
015602943X,2005-01,7
015602943X,2005-03,6
015602943X,2005-04,4
015602943X,2005-05,2
015602943X,2005-06,3
015602943X,2005-07,4
015602943X,2005-08,2
015602943X,2005-09,4
015602943X,2005-10,3
0156029588,2005-05,1
0156029588,2005-06,1
0156029588,2005-08,1
0156029685,2005-08,1
0156029693,2005-07,1
0156029782,2005-10,1
0156029790,2005-04,1
0156030055,2005-08,1
0156030098,2005-08,1
0156030098,2005-09,1
0156030225,2005-05,1
015603106X,2005-06,1
0156031426,2005-09,1
0156032023,2005-08,1
0156032325,2005-09,1
0156032570,2005-07,1
0156032937,2005-05,1
0156032937,2005-06,1
0156032937,2005-07,1
0156177358,2005-07,1
015623937X,2005-06,1
0156281007,2005-09,1
0156300001,2005-03,1
0156329301,2005-07,1
0156332256,2005-09,1
0156372088,2005-05,1
0156400804,2005-07,1
0156421178,2005-05,1
0156421178,2005-06,1
0156421178,2005-08,1
0156439611,2005-03,1
0156439611,2005-06,1
0156443562,2005-04,1
0156519925,2005-08,1
0156528207,2005-08,1
015661930X,2005-02,1
0156628708,2005-07,1
0156658992,2005-08,1
015670160X,2005-05,1
015679201X,2005-04,1
0156806819,2005-02,1
0156899825,2005-08,1
0156904365,2005-09,1
0156904586,2005-08,1
0156907399,2005-01,1
0156907399,2005-03,1
015693521X,2005-06,1
0156941767,2005-03,1
0156949601,2005-10,1
015696158X,2005-09,1
0159003172,2005-08,1
0159003172,2005-09,1
0160019559,2005-02,1
016003373X,2005-09,1
0160041465,2005-08,1
0191070505,2005-09,1
0191070580,2005-04,1
0191306010,2005-09,1
0192115499,2005-09,1
0192627724,2005-07,1
0192632736,2005-03,1
0192790846,2005-05,1
0192801333,2005-02,1
0192801376,2005-01,1
0192801554,2005-05,1
0192801961,2005-07,1
0192802038,2005-02,1
0192802062,2005-09,1
0192802089,2005-07,1
019280216X,2005-03,1
0192802399,2005-06,1
0192802399,2005-07,1
0192802399,2005-10,1
0192802542,2005-09,1
0192802836,2005-07,1
0192802836,2005-09,1
0192802933,2005-09,1
0192803255,2005-04,1
0192803352,2005-02,1
0192803875,2005-06,1
0192804111,2005-05,1
0192804383,2005-06,1
0192804634,2005-08,1
0192805460,2005-07,1
0192805487,2005-01,1
0192805487,2005-10,1
0192805649,2005-09,1
0192805851,2005-08,1
0192805991,2005-08,2
0192805991,2005-09,1
019280619X,2005-10,1
019281933X,2005-07,1
0192821474,2005-09,1
0192822381,2005-07,1
0192822500,2005-09,1
0192823078,2005-05,1
0192823205,2005-09,1
0192831348,2005-06,1
0192833723,2005-04,1
019283410X,2005-05,1
0192834118,2005-03,1
0192834622,2005-05,1
0192834703,2005-07,1
0192834851,2005-01,1
0192834975,2005-02,1
0192835726,2005-09,1
0192835769,2005-06,1
019283679X,2005-04,1
0192837079,2005-09,1
0192837133,2005-09,1
0192837222,2005-04,1
0192838423,2005-05,1
0192838563,2005-08,1
0192840754,2005-06,1
0192840797,2005-10,1
0192840940,2005-03,1
0192840940,2005-08,1
0192840991,2005-10,1
0192842072,2005-09,1
0192842218,2005-09,1
0192853449,2005-10,1
0192853465,2005-06,1
019285352X,2005-05,1
0192853619,2005-09,1
0192853813,2005-06,1
019285383X,2005-07,1
0192853848,2005-07,1
0192853856,2005-05,1
0192853961,2005-07,1
0192854119,2005-09,1
019285416X,2005-08,1
0192854216,2005-08,1
0192854585,2005-09,1
0192860925,2005-04,1
0192860925,2005-06,1
0192880098,2005-03,1
0192880713,2005-10,1
0192892452,2005-08,1
0192892495,2005-05,1
0193533227,2005-08,1
0194343553,2005-08,1
0194351912,2005-08,1
0194370003,2005-03,1
0194371891,2005-04,1
0194386074,2005-07,1
0195002105,2005-03,1
0195004566,2005-08,1
0195008030,2005-08,1
0195014324,2005-02,1
0195015630,2005-03,1
0195019091,2005-04,1
0195019199,2005-08,1
0195024028,2005-06,1
0195024028,2005-08,1
0195024176,2005-06,1
0195025636,2005-09,1
0195030214,2005-06,1
019504634X,2005-05,1
0195046455,2005-07,1
0195049837,2005-05,1
0195056868,2005-04,1
0195059247,2005-06,1
0195064720,2005-08,1
0195067142,2005-01,2
0195067142,2005-04,1
0195069056,2005-03,2
0195069056,2005-08,1
0195072200,2005-05,1
0195080408,2005-07,1
0195081900,2005-06,1
0195088085,2005-03,1
0195089030,2005-07,1
0195089200,2005-08,1
0195091000,2005-08,1
0195091957,2005-06,1
0195092627,2005-10,1
0195093712,2005-10,1
0195098315,2005-10,1
0195099710,2005-07,1
0195101138,2005-01,1
0195101332,2005-09,1
0195102290,2005-10,1
0195104471,2005-07,1
0195105052,2005-09,1
0195106695,2005-09,1
0195108094,2005-06,1
0195112075,2005-05,1
0195112075,2005-08,1
0195112687,2005-09,2
0195112768,2005-07,1
0195112768,2005-08,1
0195113918,2005-03,1
0195115392,2005-08,1
0195116038,2005-01,1
0195116739,2005-07,1
0195117263,2005-06,1
0195117492,2005-10,1
0195120000,2005-09,1
0195120647,2005-01,1
0195121236,2005-07,1
0195122364,2005-03,1
0195123115,2005-06,1
0195124359,2005-08,1
0195127501,2005-03,1
0195128435,2005-02,1
0195128869,2005-03,1
0195131983,2005-08,1
0195133536,2005-08,1
0195133730,2005-09,1
0195134168,2005-08,1
0195136292,2005-07,1
0195138058,2005-07,1
0195138422,2005-08,1
0195138651,2005-07,1
019513866X,2005-08,1
0195138996,2005-01,1
0195139240,2005-09,1
0195139844,2005-05,1
0195140826,2005-08,1
0195141628,2005-03,1
0195142365,2005-06,1
0195143264,2005-05,1
0195143663,2005-09,1
0195144139,2005-04,1
0195145305,2005-09,1
0195145402,2005-06,1
0195147073,2005-08,1
0195147081,2005-09,1
0195147103,2005-09,1
0195147359,2005-08,1
019514743X,2005-07,1
0195149416,2005-09,1
0195149726,2005-05,1
0195149726,2005-08,1
0195149874,2005-09,1
0195150015,2005-02,1
0195150708,2005-09,1
0195150996,2005-04,1
0195151062,2005-08,1
0195151291,2005-02,1
0195152166,2005-09,1
0195152441,2005-09,1
0195152603,2005-08,1
0195152956,2005-01,1
0195153383,2005-04,1
0195154088,2005-08,1
0195154207,2005-04,1
0195154371,2005-01,1
0195154975,2005-01,1
0195156099,2005-09,1
0195156684,2005-06,1
0195156811,2005-09,1
0195156862,2005-05,1
0195157133,2005-08,1
0195157338,2005-02,1
0195157427,2005-02,1
0195158334,2005-03,1
0195158350,2005-07,1
0195158350,2005-09,1
0195158679,2005-06,1
0195159241,2005-01,1
0195159594,2005-09,1
0195161211,2005-06,1
0195161912,2005-08,1
0195161998,2005-06,1
0195162064,2005-10,1
0195163435,2005-06,2
0195163494,2005-02,1
0195163494,2005-03,1
0195165993,2005-05,1
0195166302,2005-01,1
0195166418,2005-08,1
0195166787,2005-01,1
0195166876,2005-09,1
019516752X,2005-01,1
0195167716,2005-03,1
0195167716,2005-07,1
0195167716,2005-09,1
0195168402,2005-10,1
0195168682,2005-08,1
0195168739,2005-02,1
0195168844,2005-02,1
0195168887,2005-07,1
0195168887,2005-09,1
0195168917,2005-02,1
0195168917,2005-09,1
0195169182,2005-01,1
0195169433,2005-01,1
0195170253,2005-01,1
0195170253,2005-07,1
0195170342,2005-01,1
0195170342,2005-05,1
0195170342,2005-06,1
0195170342,2005-07,1
0195170342,2005-09,2
0195170342,2005-10,1
0195170431,2005-08,1
019517044X,2005-09,1
0195170776,2005-05,1
0195170776,2005-08,1
0195171489,2005-08,1
0195171934,2005-09,1
0195172728,2005-09,1
0195172892,2005-05,1
0195173384,2005-03,1
0195173384,2005-04,1
0195173384,2005-08,4
0195173384,2005-09,1
0195173430,2005-07,1
0195173597,2005-08,1
0195174402,2005-04,1
019517478X,2005-06,1
0195176081,2005-07,1
0195176081,2005-09,1
0195177584,2005-04,1
0195177622,2005-09,1
0195177827,2005-09,1
0195178130,2005-02,1
0195178238,2005-06,1
0195178343,2005-03,1
0195178343,2005-04,1
0195178793,2005-09,1
019518081X,2005-07,1
019518095X,2005-08,1
0195181093,2005-05,1
0195181387,2005-09,1
0195181409,2005-04,1
0195181409,2005-07,1
0195181409,2005-08,2
0195181409,2005-09,1
0195182685,2005-07,1
0195183010,2005-10,2
0195198212,2005-09,1
0195204697,2005-08,1
0195218396,2005-01,1
0195221311,2005-08,1
0195222040,2005-09,1
0195222172,2005-04,1
0195222180,2005-06,1
0195275276,2005-03,1
0195279255,2005-01,1
0195281799,2005-07,1
0195283805,2005-08,1
0195283945,2005-10,1
0195284852,2005-08,1
0195285085,2005-07,1
0195287150,2005-07,1
0195287150,2005-08,1
0195288149,2005-01,1
0195288181,2005-09,2
0195405986,2005-09,1
0195409361,2005-02,1
0195414543,2005-07,1
0195421167,2005-07,1
019551677X,2005-02,1
0195517709,2005-08,1
0195622553,2005-01,1
0195669819,2005-09,1
0195793870,2005-04,1
0198126379,2005-06,1
0198166400,2005-03,1
0198166508,2005-08,1
0198166559,2005-08,1
0198167296,2005-08,1
0198182643,2005-08,1
0198207662,2005-09,1
0198225253,2005-09,1
0198228635,2005-09,1
0198233922,2005-04,1
0198263325,2005-09,1
0198269544,2005-09,1
0198293763,2005-08,1
0198502443,2005-05,1
0198503326,2005-06,1
0198503466,2005-06,1
0198507925,2005-05,1
0198507925,2005-09,1
0198525206,2005-02,1
0198526938,2005-09,1
0198540124,2005-07,1
0198542437,2005-02,1
0198565488,2005-05,1
0198572247,2005-06,1
0198601727,2005-10,1
0198602537,2005-02,1
0198602588,2005-05,1
0198602588,2005-07,1
0198602774,2005-03,1
019860288X,2005-09,1
0198603177,2005-04,1
0198604025,2005-08,1
0198604521,2005-07,1
0198604572,2005-08,1
0198604572,2005-09,1
0198604750,2005-06,1
0198605080,2005-09,1
0198605129,2005-04,1
0198606419,2005-04,1
0198607083,2005-07,1
0198607423,2005-06,1
0198607822,2005-08,1
0198608640,2005-01,1
0198609426,2005-09,1
0198609434,2005-02,1
0198612508,2005-07,1
0198612583,2005-03,1
0198642261,2005-01,1
019864339X,2005-09,1
0198645287,2005-08,1
0198700369,2005-09,1
0198731744,2005-05,1
0198731922,2005-06,1
019875180X,2005-06,1
019888012X,2005-09,1
0199172420,2005-08,1
0199241597,2005-08,1
0199247374,2005-04,1
0199247595,2005-08,1
0199247595,2005-09,1
0199251010,2005-01,1
0199251142,2005-01,1
0199252939,2005-07,1
0199252939,2005-09,1
0199259933,2005-06,1
0199261083,2005-03,1
0199263086,2005-04,1
0199263094,2005-10,1
0199268851,2005-09,1
0199271267,2005-05,1
0199279349,2005-04,1
0199637768,2005-09,1
0200710990,2005-03,1
0200717006,2005-05,1
0201086239,2005-10,1
0201095289,2005-10,1
0201255928,2005-06,1
0201314517,2005-09,1
0201328194,2005-07,1
0201328399,2005-04,1
0201342758,2005-04,1
0201353679,2005-10,1
0201357542,2005-09,1
0201360764,2005-02,1
0201379260,2005-02,1
0201379376,2005-06,1
0201379376,2005-10,1
0201380277,2005-09,1
020138423X,2005-08,1
020138423X,2005-09,1
0201407221,2005-06,1
0201407221,2005-09,1
0201409925,2005-04,1
0201409941,2005-04,1
020140995X,2005-03,1
0201409968,2005-03,1
0201433362,2005-08,1
0201441934,2005-01,1
0201483378,2005-04,1
0201485362,2005-07,1
0201485672,2005-03,1
0201485672,2005-07,1
0201485672,2005-09,1
0201498413,2005-09,1
0201500647,2005-08,1
0201539292,2005-02,1
0201543613,2005-09,1
020155089X,2005-09,1
0201550911,2005-09,1
0201550911,2005-10,1
0201563568,2005-07,1
0201567636,2005-07,1
0201567636,2005-08,1
0201570769,2005-04,1
0201570947,2005-06,1
0201578999,2005-10,1
0201590441,2005-09,1
0201615835,2005-10,1
0201616165,2005-09,1
020161622X,2005-02,1
020161622X,2005-07,1
020161622X,2005-08,1
020161622X,2005-09,1
0201624672,2005-07,1
0201624672,2005-08,1
020162690X,2005-08,1
0201632217,2005-04,1
0201632780,2005-09,1
0201633469,2005-03,1
0201633612,2005-07,1
0201633612,2005-09,2
0201633612,2005-10,1
020163371X,2005-07,1
0201634481,2005-09,1
0201634694,2005-08,1
0201634988,2005-05,1
020169946X,2005-04,1
0201700441,2005-03,1
0201700468,2005-03,1
0201700476,2005-04,1
0201702096,2005-09,1
0201702452,2005-05,1
0201703092,2005-09,1
0201703106,2005-09,1
0201703106,2005-10,1
020170353X,2005-10,1
0201704315,2005-03,1
0201704315,2005-06,1
0201704331,2005-05,1
0201708507,2005-06,1
0201709708,2005-02,1
0201710382,2005-08,1
0201710382,2005-10,1
0201715945,2005-01,1
0201721481,2005-07,1
020172149X,2005-10,1
0201722089,2005-08,1
0201725835,2005-09,1
0201725932,2005-09,1
0201726149,2005-06,1
0201726343,2005-04,1
0201728281,2005-05,1
0201731142,2005-07,1
0201733560,2005-08,1
0201735687,2005-03,1
0201737930,2005-01,1
0201740958,2005-01,1
0201741288,2005-05,1
0201741571,2005-02,1
0201741571,2005-05,1
0201741628,2005-08,1
0201745682,2005-09,1
0201748835,2005-01,1
0201749629,2005-09,1
0201750805,2005-09,1
0201752840,2005-04,1
0201752840,2005-09,1
0201758482,2005-04,1
0201761769,2005-04,1
0201770377,2005-04,1
0201770598,2005-01,1
020177321X,2005-02,1
0201773406,2005-09,1
0201786958,2005-08,1
0201788934,2005-05,1
0201794810,2005-09,1
0201795353,2005-08,1
0201796198,2005-04,1
0201820544,2005-01,1
0201835959,2005-09,1
0201844451,2005-01,1
0201877562,2005-10,1
020189548X,2005-08,1
0201914654,2005-04,1
0202302601,2005-09,1
0202305848,2005-07,1
020230731X,2005-08,1
0205081363,2005-07,1
0205081363,2005-09,1
0205084230,2005-02,1
0205144349,2005-03,1
0205162991,2005-09,1
0205164579,2005-06,1
0205178669,2005-08,1
0205198392,2005-10,1
0205200222,2005-09,1
0205275532,2005-09,1
020527868X,2005-06,1
0205290302,2005-05,1
0205291198,2005-10,1
0205297692,2005-09,1
020530902X,2005-01,2
020530902X,2005-05,1
020530902X,2005-07,2
020530902X,2005-08,5
020530902X,2005-09,2
020530902X,2005-10,4
0205313426,2005-07,1
0205313426,2005-09,1
0205317421,2005-07,1
0205326447,2005-10,1
0205326854,2005-03,1
0205333516,2005-09,1
0205336590,2005-10,1
0205340962,2005-09,1
0205341950,2005-10,1
0205344216,2005-08,1
0205353118,2005-09,1
0205359035,2005-09,1
0205371426,2005-07,1
0205372910,2005-01,1
0205395090,2005-08,1
0205410308,2005-09,1
0205410391,2005-09,1
0205412564,2005-07,1
0205418481,2005-09,1
0205430716,2005-03,1
0205443273,2005-09,1
020545531X,2005-09,1
0207167389,2005-04,1
0207169969,2005-02,1
0223344354,2005-03,1
0224005103,2005-05,1
0226020452,2005-03,1
0226039331,2005-08,1
0226059782,2005-06,1
0226062465,2005-09,1
0226065685,2005-04,1
0226067459,2005-10,1
0226075923,2005-05,1
0226086658,2005-08,1
0226091910,2005-08,1
0226096262,2005-10,1
0226104036,2005-09,2
0226104036,2005-10,1
0226106330,2005-04,1
0226142272,2005-09,1
0226142698,2005-08,1
0226167798,2005-08,1
0226199991,2005-09,1
0226204014,2005-09,1
0226238040,2005-03,1
0226245322,2005-02,1
0226254518,2005-04,1
0226259420,2005-05,1
0226259870,2005-09,1
0226264017,2005-03,1
0226264211,2005-06,1
0226264211,2005-07,1
0226282449,2005-06,1
0226284158,2005-07,1
0226300412,2005-05,1
0226306569,2005-09,1
0226309118,2005-06,1
0226314480,2005-10,1
0226320618,2005-03,1
0226320618,2005-05,2
0226320669,2005-10,1
0226326799,2005-03,1
0226327825,2005-07,1
0226346838,2005-09,1
0226348601,2005-01,1
0226359948,2005-08,1
0226424197,2005-07,1
0226426165,2005-07,1
0226449319,2005-09,1
0226467627,2005-03,1
0226467716,2005-05,2
0226467716,2005-08,2
0226468011,2005-04,1
0226468011,2005-09,1
0226468011,2005-10,1
0226473716,2005-10,1
0226476766,2005-02,1
0226486990,2005-05,1
0226491900,2005-09,1
0226494071,2005-07,1
0226500446,2005-09,1
0226500667,2005-01,1
0226500667,2005-03,1
0226526313,2005-06,1
0226526313,2005-10,1
0226534219,2005-01,1
0226542335,2005-09,1
0226554090,2005-01,1
0226555925,2005-07,1
0226555925,2005-08,1
0226567362,2005-09,1
0226567702,2005-08,1
0226568288,2005-05,1
0226595560,2005-08,1
0226615960,2005-08,1
0226633071,2005-09,1
0226642011,2005-10,1
0226642054,2005-10,1
0226653714,2005-09,1
0226677141,2005-09,1
0226705943,2005-09,1
0226712842,2005-02,1
0226720632,2005-06,1
0226728129,2005-07,1
0226731278,2005-02,1
0226732169,2005-10,1
0226743497,2005-08,1
0226776247,2005-02,1
0226779998,2005-09,1
0226812243,2005-03,1
0226816273,2005-07,1
0226848663,2005-01,1
0226848787,2005-09,1
0226848795,2005-02,1
0226856712,2005-08,1
0226899152,2005-10,1
0226899462,2005-03,1
0226901033,2005-06,1
0226950077,2005-03,1
0227675509,2005-03,1
0231034555,2005-07,1
0231035314,2005-08,1
023103816X,2005-08,1
0231053479,2005-03,1
0231054777,2005-08,1
0231059787,2005-05,1
0231066678,2005-05,1
0231072376,2005-02,1
0231072376,2005-09,1
023107851X,2005-01,1
023108028X,2005-03,1
023108059X,2005-02,1
0231101910,2005-09,1
0231102291,2005-07,1
0231103174,2005-06,1
0231109652,2005-04,1
0231112297,2005-05,1
0231112718,2005-09,1
0231120125,2005-01,1
0231123663,2005-05,1
0231124767,2005-09,1
0231125437,2005-01,1
0231126921,2005-03,1
0231128657,2005-09,1
0231130562,2005-05,1
023113102X,2005-05,1
023113102X,2005-09,1
0231131062,2005-07,1
0231131860,2005-03,1
0231131860,2005-04,1
0231134177,2005-08,1
0231134177,2005-09,1
0231134940,2005-02,1
0231134940,2005-03,1
0231135149,2005-06,1
023150912X,2005-10,1
0240513924,2005-05,1
0240515811,2005-06,1
024051582X,2005-05,1
0240516575,2005-04,1
0240516591,2005-09,1
0240519159,2005-05,1
0240519159,2005-06,1
0240519426,2005-01,2
024051954X,2005-02,1
024051954X,2005-09,2
0240519582,2005-07,1
0240519817,2005-08,1
0240519817,2005-10,1
0240519841,2005-06,2
0240519841,2005-07,1
0240519841,2005-08,4
0240519841,2005-09,4
0240519841,2005-10,1
0240801083,2005-03,1
0240802942,2005-03,1
0240802950,2005-07,1
0240803280,2005-10,1
0240803752,2005-03,1
024080452X,2005-01,1
0240804643,2005-01,1
0240804678,2005-10,1
0240804740,2005-09,1
0240804791,2005-04,1
0240805100,2005-08,1
0240805100,2005-10,1
0240805119,2005-05,1
0240805348,2005-05,1
0240805593,2005-09,1
0240805615,2005-03,1
0240805674,2005-08,1
0240805984,2005-09,1
0240806417,2005-08,1
0240806476,2005-09,1
0240806492,2005-09,1
0240806689,2005-05,1
0240806697,2005-08,2
0240806697,2005-09,1
0240807391,2005-09,1
0240807855,2005-08,1
0241109876,2005-07,1
0241115426,2005-06,1
0252005201,2005-01,1
0252007743,2005-08,1
0252009886,2005-04,1
0252009886,2005-08,1
0252013689,2005-09,1
0252015592,2005-01,1
0252016750,2005-01,1
0252019350,2005-02,1
0252020375,2005-01,1
0252023471,2005-08,1
0252027523,2005-07,1
0252027701,2005-03,1
0252027973,2005-02,1
0252027973,2005-07,1
025202849X,2005-09,1
0252029429,2005-09,1
0252060598,2005-07,1
0252061632,2005-08,1
0252062000,2005-07,1
025206366X,2005-08,1
0252064372,2005-04,1
0252066707,2005-05,1
025206674X,2005-05,1
0252066944,2005-07,1
0252068238,2005-07,1
0252068297,2005-05,2
0252068971,2005-04,1
025207081X,2005-06,1
0252072154,2005-02,1
0252072235,2005-01,1
0253200016,2005-09,1
0253202604,2005-04,1
0253203120,2005-08,2
0253203317,2005-08,1
0253203635,2005-08,1
025320433X,2005-10,1
0253204461,2005-08,1
0253204577,2005-08,1
025320691X,2005-02,1
0253212340,2005-10,1
0253213150,2005-04,1
0253215021,2005-03,1
0253215749,2005-07,1
0253216338,2005-05,1
0253216958,2005-06,1
0253217725,2005-08,1
0253218381,2005-10,1
0253287049,2005-07,1
0253335485,2005-07,1
0253335914,2005-09,1
0253336120,2005-03,1
0253337348,2005-01,1
0253337348,2005-05,1
0253338220,2005-03,1
0253339286,2005-08,1
0253341388,2005-09,1
0253341639,2005-03,1
0253343747,2005-03,1
0253344522,2005-09,1
0253345324,2005-05,1
0253345472,2005-07,1
0253345472,2005-08,1
025335126X,2005-08,1
0256030081,2005-07,1
0261102214,2005-10,1
0262024829,2005-04,1
0262024926,2005-04,1
0262025396,2005-04,1
0262025485,2005-10,1
0262025728,2005-09,1
0262025795,2005-08,1
0262025922,2005-09,1
0262032937,2005-09,1
0262042193,2005-04,1
0262042258,2005-08,1
026205065X,2005-06,1
0262071045,2005-07,1
0262071460,2005-04,1
0262072203,2005-09,1
0262072440,2005-04,1
0262082527,2005-08,1
0262083329,2005-08,1
0262083388,2005-05,1
0262101076,2005-08,1
0262112361,2005-06,1
0262112868,2005-04,1
0262112868,2005-05,1
0262122731,2005-04,1
0262122731,2005-08,1
0262133784,2005-06,1
0262134462,2005-03,1
0262140888,2005-05,1
0262140918,2005-08,1
0262161974,2005-02,1
0262162091,2005-06,1
0262193388,2005-02,1
0262193981,2005-05,1
0262194767,2005-08,1
0262194945,2005-08,1
0262220725,2005-09,1
0262510871,2005-02,1
0262520044,2005-04,1
026252225X,2005-09,1
026253195X,2005-08,1
0262571277,2005-08,1
0262581620,2005-06,1
0262611384,2005-10,1
0262611465,2005-07,1
0262611538,2005-04,1
0262611635,2005-08,1
0262612089,2005-06,1
0262612089,2005-09,1
0262631857,2005-05,1
0262632055,2005-09,1
026263287X,2005-06,1
0262661160,2005-02,1
0262661659,2005-06,1
0262661748,2005-03,1
0262661829,2005-08,1
0262681501,2005-03,1
0262692112,2005-05,1
026269221X,2005-09,1
0262692767,2005-07,1
0262700824,2005-08,1
0262720353,2005-08,1
0262730081,2005-08,1
0262731541,2005-06,1
0262731622,2005-09,1
0263130959,2005-07,1
0263140393,2005-07,1
0263173720,2005-10,1
0268006113,2005-07,1
0268007357,2005-09,1
0268017522,2005-04,1
026801759X,2005-03,1
026801759X,2005-10,1
0271013214,2005-09,1
0271020563,2005-08,1
0271022507,2005-07,1
0271022620,2005-04,1
0271022841,2005-06,1
0271023562,2005-04,1
0273630962,2005-02,1
0273659782,2005-02,1
0273662953,2005-06,1
0275902358,2005-07,1
0275928543,2005-02,1
0275945219,2005-02,1
027595353X,2005-02,1
0275954013,2005-10,1
0275962962,2005-04,1
0275968995,2005-04,1
0275972046,2005-08,1
0275974413,2005-03,1
027597829X,2005-08,1
0275981010,2005-09,1
0275981797,2005-03,1
0275981924,2005-02,1
0275982572,2005-04,1
0275983609,2005-03,1
0275984877,2005-04,1
027598527X,2005-10,1
0281004501,2005-07,1
0281054703,2005-07,1
0281055858,2005-07,1
0281057222,2005-08,1
0283998539,2005-09,1
0285633961,2005-09,1
0285633961,2005-10,1
0285634119,2005-08,1
0292701640,2005-03,1
0292702590,2005-08,1
0292702736,2005-06,1
0292705379,2005-03,1
0292705662,2005-10,1
0292706014,2005-07,1
0292706138,2005-08,1
0292706383,2005-05,1
0292708408,2005-07,1
0292708602,2005-05,1
0292709900,2005-10,1
0292710607,2005-07,1
0292712359,2005-02,1
0292720912,2005-02,1
0292724314,2005-07,1
0292725353,2005-09,1
029273459X,2005-08,1
0292740557,2005-09,1
029274322X,2005-04,1
029274322X,2005-05,1
029274322X,2005-08,1
029274322X,2005-09,1
0292752423,2005-03,1
0292752741,2005-07,1
0292771045,2005-09,1
029277723X,2005-08,1
0292780788,2005-09,1
0292781644,2005-08,1
0292791364,2005-10,1
0295953195,2005-08,1
0295972599,2005-09,1
0295974486,2005-09,1
0295975628,2005-09,1
0295976373,2005-04,1
0295977051,2005-03,1
029597818X,2005-08,1
029597818X,2005-09,1
0295979437,2005-05,1
0295981466,2005-09,1
0295982551,2005-04,1
0295983639,2005-10,1
0295984775,2005-07,1
0297003453,2005-10,1
029764324X,2005-01,1
0297771574,2005-08,1
0297792970,2005-10,1
0297829661,2005-01,1
0297843710,2005-01,1
0297843877,2005-08,1
0297846094,2005-07,1
0297847139,2005-05,1
0299154947,2005-06,1
0299154947,2005-10,1
0299179400,2005-09,1
029919390X,2005-09,1
0299199606,2005-09,1
0299200841,2005-06,1
0299201600,2005-08,1
0299201902,2005-06,1
0299203603,2005-05,1
0299204308,2005-02,1
0299206149,2005-04,1
0299208109,2005-03,1
0299208109,2005-05,1
0300002300,2005-05,1
0300018460,2005-02,1
0300020589,2005-03,1
0300027028,2005-02,1
0300027605,2005-08,1
0300028849,2005-08,1
0300033605,2005-09,1
0300038348,2005-08,1
0300041888,2005-10,1
0300044909,2005-05,1
0300047002,2005-07,1
0300058233,2005-09,1
0300060467,2005-08,1
0300063172,2005-07,1
0300068794,2005-08,1
0300069030,2005-09,1
0300072422,2005-07,1
0300072430,2005-08,1
0300072724,2005-09,1
0300074190,2005-09,1
0300075790,2005-06,1
0300076614,2005-04,1
0300077521,2005-04,1
0300077688,2005-09,1
0300078064,2005-02,1
0300080778,2005-08,1
0300082401,2005-09,1
0300082533,2005-07,1
0300082703,2005-02,1
0300082703,2005-08,1
0300083580,2005-10,1
0300084633,2005-06,1
0300087284,2005-03,1
0300087446,2005-08,1
0300087764,2005-08,1
0300088329,2005-09,1
0300088981,2005-06,1
0300089023,2005-06,1
0300089791,2005-08,1
0300090889,2005-03,1
0300091222,2005-07,1
0300091656,2005-09,1
0300093578,2005-09,1
0300093985,2005-09,1
0300094256,2005-08,1
0300094477,2005-09,1
0300094736,2005-07,1
0300097433,2005-09,1
0300098065,2005-08,1
0300098227,2005-03,1
0300098227,2005-05,1
0300098227,2005-06,1
0300098839,2005-01,1
0300098839,2005-03,1
0300099215,2005-07,1
0300099525,2005-02,1
0300100213,2005-06,1
0300100825,2005-02,1
030010197X,2005-05,1
0300102526,2005-04,1
0300102526,2005-05,1
0300102526,2005-07,1
0300102682,2005-07,1
0300102852,2005-07,1
0300103050,2005-07,1
0300103239,2005-02,1
0300103913,2005-09,1
0300104022,2005-10,1
0300104111,2005-08,1
0300104154,2005-09,1
0300104189,2005-03,1
0300104227,2005-05,1
030010426X,2005-02,1
030010426X,2005-09,1
0300104367,2005-06,1
0300104480,2005-01,1
0300104480,2005-07,1
0300104677,2005-02,1
0300104685,2005-03,1
0300104685,2005-05,1
0300104685,2005-06,1
0300104685,2005-09,1
0300105088,2005-10,1
030010510X,2005-02,1
0300105142,2005-04,1
0300105967,2005-06,1
0300105983,2005-10,1
0300106149,2005-04,1
0300106149,2005-07,1
0300106173,2005-01,1
0300106572,2005-05,1
0300106629,2005-06,1
0300106688,2005-08,1
0300106920,2005-08,1
0300107862,2005-08,1
0300107900,2005-05,1
0300108834,2005-10,1
0300109067,2005-06,1
0300111460,2005-10,1
0304331449,2005-08,1
030435208X,2005-03,1
0304352802,2005-05,1
0304355291,2005-09,1
0304356409,2005-08,1
0304358622,2005-07,1
0304361437,2005-10,1
0304363243,2005-06,1
0304363634,2005-04,1
0304365645,2005-06,1
0304365785,2005-05,1
0304366315,2005-09,1
0304366420,2005-03,1
0306446189,2005-08,1
0306449412,2005-07,1
030645291X,2005-08,1
0306455552,2005-03,1
0306460149,2005-09,1
030646098X,2005-09,1
0306461676,2005-03,1
0306463253,2005-03,1
0306480689,2005-09,1
0306482339,2005-09,1
0306801574,2005-07,1
0306801787,2005-08,1
0306802619,2005-09,1
0306803232,2005-09,1
0306805057,2005-01,1
0306806525,2005-06,1
0306806983,2005-05,1
0306807386,2005-01,1
0306807416,2005-02,1
0306807645,2005-08,1
0306807858,2005-03,1
0306807858,2005-09,1
0306808609,2005-07,1
0306808641,2005-05,1
030680865X,2005-04,1
0306808668,2005-07,1
0306808749,2005-06,1
0306809095,2005-08,1
0306809117,2005-08,1
0306809907,2005-05,2
0306810123,2005-10,1
030681028X,2005-07,1
0306810506,2005-09,1
0306810557,2005-03,1
0306810700,2005-04,1
0306810743,2005-04,1
030681076X,2005-09,1
0306810883,2005-09,1
0306811200,2005-05,1
0306811316,2005-04,1
030681160X,2005-07,1
0306811693,2005-06,1
0306811693,2005-09,1
0306811766,2005-08,1
0306812096,2005-06,1
0306812339,2005-03,1
0306812401,2005-03,1
0306812479,2005-07,1
0306812525,2005-05,1
0306812525,2005-08,2
0306812657,2005-08,1
0306812789,2005-09,1
0306812940,2005-08,1
0306812983,2005-03,1
0306813041,2005-01,1
0306813041,2005-02,1
0306813149,2005-08,1
0306813203,2005-05,1
0306813351,2005-01,1
0306813351,2005-04,1
0306813467,2005-09,1
0306813548,2005-09,1
0306813548,2005-10,1
0306813602,2005-04,1
0306813610,2005-08,1
0306813866,2005-04,2
0306813912,2005-04,1
0306813920,2005-03,1
0306813920,2005-10,1
0306814013,2005-01,1
0306814013,2005-07,1
0306814013,2005-09,1
0306814072,2005-06,1
0306814072,2005-07,1
0306814285,2005-10,1
0306814315,2005-03,1
0306814315,2005-09,1
0306814323,2005-08,1
0307010856,2005-07,1
0307020487,2005-08,1
0307021068,2005-08,3
0307021688,2005-02,1
0307021750,2005-10,1
030709362X,2005-07,1
030709362X,2005-09,1
0307102343,2005-05,1
0307108775,2005-02,1
0307119416,2005-08,1
0307120007,2005-07,1
0307120007,2005-09,1
0307123871,2005-08,1
030712553X,2005-05,1
0307155102,2005-07,1
0307155102,2005-10,1
0307157857,2005-07,1
0307157857,2005-09,2
0307157857,2005-10,1
0307165205,2005-01,1
030717025X,2005-09,1
0307206270,2005-08,1
0307215903,2005-08,1
0307236072,2005-01,1
0307236714,2005-09,2
0307236714,2005-10,1
0307237419,2005-05,1
0307237419,2005-08,1
030723763X,2005-04,3
030723763X,2005-05,1
030723763X,2005-08,1
030723763X,2005-09,1
0307243230,2005-09,1
0307245160,2005-08,1
0307273903,2005-09,1
0307275329,2005-06,2
0307275329,2005-07,6
0307275329,2005-08,3
0307275329,2005-09,2
0307276902,2005-10,5
0307280721,2005-09,1
0307280721,2005-10,1
0307281620,2005-10,1
030728364X,2005-07,2
030728364X,2005-08,9
030728364X,2005-10,2
0307283658,2005-07,4
0307283658,2005-08,8
0307283658,2005-09,7
0307301354,2005-02,1
030733855X,2005-10,2
0307339807,2005-09,1
0307339807,2005-10,1
0307602877,2005-06,1
0307960080,2005-02,1
0307988724,2005-06,1
0309037395,2005-09,1
0309070368,2005-07,1
0309072697,2005-08,1
0309085497,2005-01,1
0309085497,2005-04,1
0309085497,2005-09,2
0309089050,2005-08,1
0309090504,2005-09,1
0309091969,2005-08,1
0309095077,2005-08,1
0310200164,2005-07,1
0310200172,2005-08,1
0310200180,2005-08,1
0310200261,2005-07,1
0310200342,2005-07,1
0310205719,2005-02,1
0310205719,2005-03,1
0310205719,2005-05,1
0310205719,2005-06,1
0310205719,2005-08,2
0310205719,2005-09,2
0310207487,2005-07,1
0310207754,2005-07,1
0310208068,2005-06,1
0310209072,2005-09,1
0310209145,2005-02,1
0310209145,2005-08,1
0310209145,2005-09,1
0310209307,2005-05,2
0310209307,2005-06,1
0310211883,2005-03,1
031021338X,2005-02,1
0310214351,2005-04,1
031021436X,2005-08,1
0310214653,2005-08,1
0310214696,2005-07,1
031021923X,2005-09,1
0310219787,2005-08,1
0310221447,2005-02,1
0310223520,2005-10,1
0310223903,2005-09,1
0310224586,2005-08,1
0310226368,2005-09,1
0310227550,2005-05,1
0310228328,2005-04,1
0310228328,2005-05,1
0310228638,2005-08,2
0310229936,2005-08,1
0310230055,2005-04,1
031023199X,2005-07,1
0310232686,2005-09,1
0310232783,2005-07,1
0310234697,2005-09,1
0310234840,2005-03,1
0310234859,2005-07,1
0310234859,2005-08,1
0310235332,2005-07,1
0310235391,2005-08,2
0310235936,2005-07,1
0310235944,2005-03,1
0310235952,2005-03,1
0310235952,2005-08,1
0310237017,2005-09,1
0310237602,2005-09,1
0310240069,2005-05,1
0310240085,2005-06,1
0310240697,2005-07,1
0310240867,2005-03,1
0310241448,2005-03,1
0310241448,2005-06,1
0310241448,2005-09,1
0310241979,2005-09,1
0310242363,2005-09,1
0310242460,2005-08,1
0310242606,2005-08,1
0310242827,2005-09,1
0310242843,2005-02,1
0310243033,2005-04,1
0310243130,2005-08,1
0310243130,2005-09,1
0310243238,2005-03,1
0310243394,2005-01,1
0310244072,2005-02,1
031024420X,2005-05,1
0310245648,2005-02,1
0310245648,2005-03,1
0310245656,2005-10,1
0310245966,2005-06,1
0310246040,2005-08,2
0310246040,2005-09,1
0310247039,2005-05,1
0310247071,2005-09,1
0310247101,2005-06,1
0310247454,2005-08,1
0310247454,2005-09,1
0310247489,2005-07,1
0310247497,2005-08,1
0310248124,2005-09,1
031024823X,2005-03,1
0310249716,2005-09,1
0310250161,2005-09,1
0310250617,2005-07,1
0310250862,2005-08,1
0310250862,2005-10,1
0310250870,2005-10,1
0310251036,2005-06,1
0310251052,2005-04,1
0310252199,2005-08,1
0310252202,2005-01,1
0310252385,2005-04,1
0310252385,2005-08,1
0310253497,2005-08,1
0310254078,2005-07,1
0310254396,2005-09,1
0310254876,2005-06,1
0310254922,2005-09,1
0310255007,2005-04,1
0310255007,2005-09,1
0310256445,2005-10,1
0310256577,2005-10,1
0310256593,2005-06,1
0310257379,2005-07,1
031025745X,2005-07,1
0310257476,2005-03,1
0310257476,2005-04,1
0310257476,2005-09,1
0310257662,2005-05,1
0310257719,2005-09,1
0310258979,2005-10,1
0310259339,2005-04,1
0310259479,2005-08,1
0310259479,2005-09,1
0310259711,2005-08,1
0310259878,2005-09,2
0310259886,2005-08,1
0310262127,2005-06,1
0310262658,2005-09,1
0310262860,2005-09,1
031026345X,2005-07,1
031026345X,2005-08,1
031026345X,2005-09,1
031026345X,2005-10,1
0310263638,2005-10,1
0310263905,2005-09,1
0310264510,2005-07,1
0310266637,2005-09,1
0310270677,2005-09,1
0310270677,2005-10,2
0310286700,2005-07,1
0310332613,2005-01,1
0310332818,2005-09,1
0310341515,2005-02,1
031035501X,2005-10,1
0310363810,2005-10,1
0310393809,2005-08,1
0310393809,2005-09,1
0310401607,2005-07,1
0310401704,2005-08,1
0310402204,2005-07,1
0310402204,2005-09,1
0310402301,2005-08,1
0310402301,2005-09,1
0310421411,2005-08,1
0310425220,2005-03,1
0310425220,2005-05,1
0310425220,2005-09,1
0310425220,2005-10,1
0310431913,2005-08,1
0310485517,2005-07,1
0310492408,2005-07,1
0310494818,2005-06,1
0310494915,2005-09,1
0310511119,2005-07,1
0310511615,2005-08,1
0310511917,2005-09,1
0310538211,2005-02,1
0310548012,2005-02,1
0310548012,2005-06,1
0310575729,2005-01,1
0310576113,2005-06,1
0310577519,2005-04,1
0310585902,2005-09,1
0310595606,2005-10,1
0310606314,2005-07,1
0310606314,2005-09,1
0310700787,2005-10,1
031070197X,2005-07,1
0310703816,2005-08,1
0310704413,2005-06,1
0310706572,2005-09,1
031070801X,2005-09,1
0310708214,2005-09,1
0310709628,2005-07,1
0310709709,2005-08,1
0310900956,2005-03,1
0310900956,2005-07,1
0310902150,2005-09,1
0310902711,2005-08,1
0310908795,2005-02,1
0310910927,2005-06,1
0310910927,2005-09,1
0310911486,2005-08,1
0310911605,2005-09,1
0310916321,2005-07,1
0310916534,2005-07,1
0310917263,2005-07,1
031091759X,2005-09,1
0310917964,2005-09,2
0310918367,2005-03,1
0310918367,2005-09,1
0310918634,2005-02,1
0310918634,2005-07,1
0310918634,2005-08,2
0310918634,2005-09,1
031092023X,2005-08,1
0310920922,2005-09,1
0310921287,2005-09,1
0310921813,2005-02,1
0310921856,2005-09,1
0310922623,2005-01,1
031092264X,2005-09,1
0310922690,2005-09,1
0310923603,2005-10,1
0310924057,2005-09,1
0310925592,2005-08,1
0310925614,2005-09,2
0310926572,2005-07,1
0310927587,2005-08,1
0310927587,2005-09,1
0310927846,2005-01,1
0310928044,2005-01,1
0310928044,2005-08,1
031092815X,2005-08,1
0310928893,2005-09,1
0310928907,2005-01,1
0310928907,2005-08,2
0310929555,2005-05,1
0310929555,2005-09,1
0310929601,2005-03,1
0310929601,2005-06,1
0310929601,2005-08,1
0310929776,2005-06,1
0310929946,2005-08,1
0310931894,2005-08,1
0310937329,2005-08,1
0310937337,2005-08,1
031093737X,2005-07,1
0310947561,2005-09,2
031094757X,2005-07,1
031094757X,2005-08,1
031094757X,2005-09,2
0310951410,2005-04,1
0310951852,2005-09,1
0310975573,2005-08,1
0310987857,2005-01,1
0312010443,2005-01,1
031202195X,2005-10,1
0312022565,2005-02,1
0312023227,2005-09,1
0312039069,2005-04,1
0312041225,2005-08,1
0312049404,2005-05,1
0312050798,2005-03,1
0312058691,2005-02,1
0312061811,2005-03,1
0312062931,2005-09,1
0312064942,2005-01,1
0312065302,2005-08,1
0312077688,2005-08,1
0312082991,2005-04,1
0312083440,2005-09,1
0312089244,2005-06,1
0312108192,2005-08,1
0312111282,2005-05,1
0312111282,2005-09,1
0312114141,2005-03,1
0312114826,2005-09,1
0312115946,2005-07,1
0312117337,2005-09,1
0312117469,2005-03,1
0312118295,2005-05,1
0312118600,2005-07,1
0312119003,2005-09,1
0312119011,2005-06,1
0312119267,2005-05,1
0312119267,2005-10,1
0312127340,2005-09,1
0312130252,2005-09,1
0312137435,2005-08,1
0312139322,2005-09,1
0312140398,2005-03,1
0312141084,2005-08,1
0312141122,2005-09,1
031214119X,2005-02,1
0312143044,2005-05,1
0312143044,2005-07,1
031214329X,2005-02,1
0312144016,2005-08,1
0312144075,2005-09,1
0312144369,2005-02,1
0312144776,2005-08,1
0312145330,2005-06,1
0312147058,2005-08,1
0312147325,2005-09,1
0312147449,2005-10,1
0312149786,2005-02,1
0312149786,2005-08,1
0312151802,2005-08,1
0312151810,2005-05,1
0312152272,2005-02,1
0312152272,2005-07,1
0312155301,2005-09,1
0312155700,2005-08,1
0312155859,2005-08,1
0312155859,2005-09,1
0312156014,2005-02,1
0312156081,2005-08,1
0312156480,2005-03,1
0312156707,2005-02,1
0312161387,2005-07,1
0312167636,2005-08,1
031216985X,2005-07,1
0312180667,2005-03,1
031218137X,2005-09,1
0312181531,2005-03,1
0312182023,2005-08,1
031218204X,2005-08,1
031218557X,2005-08,1
0312185774,2005-05,1
0312187106,2005-02,1
0312187149,2005-04,1
031218719X,2005-07,1
031218719X,2005-10,1
0312187238,2005-09,1
0312187351,2005-05,1
0312187459,2005-02,1
0312192363,2005-02,1
0312192614,2005-01,1
0312194390,2005-07,1
0312194390,2005-08,1
0312194390,2005-09,1
031219529X,2005-04,1
0312195516,2005-04,2
0312195516,2005-05,1
0312195516,2005-06,1
0312195516,2005-09,2
0312195516,2005-10,1
0312199368,2005-02,1
0312199430,2005-09,1
0312199570,2005-10,1
031220079X,2005-04,1
0312202318,2005-01,1
0312202318,2005-03,1
0312204078,2005-06,1
0312204280,2005-05,1
0312204280,2005-07,1
0312204345,2005-09,1
0312204914,2005-01,1
0312205171,2005-08,1
0312205651,2005-02,1
0312206356,2005-03,1
0312206488,2005-04,1
0312206631,2005-02,1
031220941X,2005-03,1
031220955X,2005-08,1
031220969X,2005-09,1
0312210604,2005-02,1
0312229437,2005-09,1
0312232462,2005-09,1
0312238266,2005-07,1
031223841X,2005-06,1
0312238630,2005-06,1
0312239548,2005-10,1
0312239580,2005-09,1
0312240473,2005-02,1
0312241240,2005-03,1
0312242506,2005-06,1
0312242646,2005-07,1
0312242646,2005-08,1
0312243359,2005-01,2
0312243359,2005-04,1
0312243359,2005-09,1
0312243359,2005-10,1
0312244428,2005-03,1
0312244428,2005-04,1
0312244967,2005-09,1
0312244975,2005-09,1
0312246587,2005-07,1
0312247206,2005-08,1
0312248733,2005-08,1
0312248806,2005-09,1
0312252110,2005-07,2
0312252145,2005-09,1
0312252439,2005-07,1
0312252773,2005-09,1
0312252919,2005-04,1
031225377X,2005-08,1
0312253990,2005-03,1
0312254040,2005-07,1
0312254164,2005-07,1
0312254407,2005-03,1
0312255012,2005-03,1
0312257376,2005-10,1
0312258968,2005-04,1
0312261357,2005-07,1
0312261551,2005-10,1
0312261845,2005-09,1
0312263031,2005-07,1
0312263031,2005-09,1
031226321X,2005-10,1
0312263686,2005-10,1
0312263740,2005-04,1
0312264100,2005-04,1
0312265077,2005-04,1
0312266944,2005-04,1
0312267290,2005-09,1
0312267584,2005-09,1
0312269099,2005-01,1
0312269463,2005-09,1
0312270178,2005-07,2
0312270267,2005-09,1
0312270798,2005-05,1
0312271204,2005-09,1
0312271417,2005-05,1
0312271808,2005-03,2
0312272057,2005-07,1
0312272227,2005-09,1
0312272618,2005-02,1
0312273053,2005-07,1
0312273193,2005-02,1
0312273193,2005-06,1
0312273193,2005-07,1
0312274742,2005-09,1
0312275188,2005-01,1
0312275188,2005-05,1
0312275188,2005-07,1
0312275390,2005-09,1
0312275420,2005-09,1
0312277016,2005-05,1
0312277105,2005-04,1
031227730X,2005-08,1
0312278446,2005-05,1
0312278594,2005-02,1
0312280033,2005-09,1
0312280750,2005-01,1
0312280750,2005-09,1
0312280777,2005-03,1
0312281730,2005-08,1
0312281943,2005-07,1
0312281943,2005-08,1
0312282036,2005-08,1
0312282311,2005-09,1
0312282567,2005-03,1
0312282664,2005-05,1
0312282761,2005-05,1
0312282761,2005-08,1
0312282826,2005-02,1
0312282990,2005-02,1
0312282990,2005-04,1
0312282990,2005-06,1
0312282990,2005-08,1
0312282990,2005-09,1
0312283121,2005-07,2
0312283121,2005-08,1
0312283229,2005-10,1
031228327X,2005-04,1
0312283571,2005-08,1
0312283628,2005-03,1
0312283652,2005-03,1
0312283709,2005-06,1
0312283784,2005-02,1
0312283792,2005-10,1
031228425X,2005-05,1
0312284314,2005-07,1
0312284446,2005-02,1
0312284667,2005-07,1
0312284853,2005-04,1
0312284934,2005-08,1
0312285485,2005-03,1
0312285485,2005-09,1
031228683X,2005-02,1
0312286988,2005-02,1
0312287097,2005-03,1
0312287348,2005-05,1
0312287690,2005-01,1
0312287712,2005-07,1
0312287771,2005-08,1
0312288077,2005-03,1
0312288123,2005-04,1
0312288220,2005-02,1
0312288352,2005-08,1
0312288573,2005-03,1
0312288611,2005-08,2
0312288611,2005-10,1
0312288646,2005-08,1
0312288948,2005-01,1
0312288972,2005-01,1
0312289723,2005-01,1
0312289723,2005-02,1
0312290578,2005-03,1
0312290608,2005-02,1
0312290608,2005-10,1
0312291051,2005-09,1
0312291191,2005-04,1
0312291191,2005-06,1
031229123X,2005-06,1
031229137X,2005-04,1
0312291450,2005-06,1
0312291450,2005-09,3
0312291639,2005-07,1
0312291639,2005-08,1
0312291647,2005-02,1
0312293194,2005-06,1
0312295111,2005-08,1
0312295278,2005-05,1
0312300867,2005-07,1
0312300913,2005-07,1
0312300964,2005-09,1
0312301146,2005-01,1
0312301146,2005-09,1
031230143X,2005-10,1
0312301588,2005-10,1
0312301928,2005-03,1
0312301928,2005-08,1
0312301995,2005-05,1
031230238X,2005-07,1
0312302541,2005-09,1
0312302584,2005-02,1
0312302584,2005-05,1
0312302592,2005-08,1
031230269X,2005-09,1
0312302762,2005-03,1
0312302762,2005-08,1
0312302800,2005-07,1
0312302819,2005-05,1
0312302894,2005-04,1
0312302967,2005-01,1
0312303017,2005-08,1
0312303033,2005-06,1
0312303076,2005-03,1
0312303254,2005-09,1
0312303351,2005-09,1
0312303408,2005-06,1
031230367X,2005-09,1
0312304064,2005-06,1
031230417X,2005-04,1
0312304188,2005-09,1
0312304269,2005-08,1
0312304366,2005-03,1
0312304439,2005-05,2
0312304439,2005-07,1
031230448X,2005-07,1
031230448X,2005-08,2
031230448X,2005-09,2
0312305281,2005-05,1
0312305303,2005-02,1
0312305354,2005-07,1
0312306113,2005-05,1
031230613X,2005-03,1
0312306172,2005-07,1
0312306199,2005-05,1
0312306237,2005-07,1
0312306245,2005-09,1
0312306261,2005-06,5
0312306261,2005-07,6
0312306261,2005-08,11
0312306261,2005-09,2
0312306288,2005-07,1
0312306407,2005-09,1
0312306792,2005-02,1
0312306830,2005-06,1
0312306830,2005-08,1
031230689X,2005-03,1
0312306962,2005-07,1
0312307357,2005-10,1
0312308132,2005-09,1
0312308639,2005-06,1
0312308922,2005-02,1
0312308922,2005-07,1
0312309112,2005-08,1
0312309112,2005-10,1
0312309155,2005-02,1
0312309287,2005-08,1
0312309325,2005-01,1
031230935X,2005-07,1
031230935X,2005-08,2
0312309376,2005-06,1
0312309384,2005-08,1
0312309384,2005-09,1
0312309821,2005-03,1
0312309848,2005-04,1
0312309899,2005-05,1
031231048X,2005-07,1
0312310846,2005-03,1
0312310846,2005-04,1
0312311044,2005-08,1
0312311109,2005-04,1
0312311354,2005-02,1
0312311508,2005-02,1
0312311508,2005-04,1
0312311737,2005-06,1
0312312601,2005-06,2
0312312601,2005-07,1
0312312601,2005-08,1
0312312601,2005-09,1
0312313047,2005-09,1
0312313128,2005-04,1
0312313144,2005-08,1
0312313225,2005-04,1
0312313640,2005-03,1
0312313675,2005-09,1
0312313810,2005-08,1
0312313829,2005-09,1
0312313918,2005-06,1
0312314183,2005-04,1
0312314302,2005-09,1
0312314523,2005-01,1
0312315023,2005-03,1
0312315023,2005-07,1
031231521X,2005-09,2
031231521X,2005-10,1
0312315244,2005-06,1
0312315600,2005-06,1
0312315716,2005-03,1
0312315716,2005-05,1
0312315716,2005-06,1
0312315732,2005-04,1
0312315783,2005-08,1
0312315945,2005-03,1
0312315945,2005-04,2
0312315945,2005-08,1
0312316089,2005-08,1
0312316224,2005-09,1
0312316259,2005-03,1
0312316259,2005-08,1
0312316283,2005-05,1
0312316364,2005-08,1
0312316801,2005-01,1
0312316801,2005-03,1
0312316801,2005-06,2
0312316801,2005-08,1
0312316836,2005-01,1
0312316860,2005-10,1
0312316933,2005-08,1
0312317611,2005-08,1
0312317611,2005-09,1
0312317719,2005-04,1
0312318103,2005-01,1
0312318103,2005-03,1
0312318251,2005-01,1
0312318324,2005-09,1
0312318405,2005-06,2
0312318871,2005-05,1
031231891X,2005-04,1
0312319002,2005-09,1
0312319061,2005-01,1
0312319169,2005-05,1
0312319320,2005-09,1
031231938X,2005-10,1
0312319444,2005-08,1
0312319517,2005-08,1
0312319517,2005-09,1
0312319533,2005-08,1
0312319738,2005-09,1
0312319754,2005-07,1
0312320213,2005-09,1
0312320248,2005-07,1
0312320272,2005-07,1
0312320299,2005-08,1
0312320299,2005-09,1
0312320302,2005-02,1
0312320302,2005-04,1
0312320302,2005-05,1
0312320302,2005-06,1
0312320647,2005-08,1
0312320647,2005-09,3
0312320779,2005-03,1
0312320906,2005-04,1
0312320906,2005-06,2
0312321155,2005-08,1
031232118X,2005-07,1
0312321198,2005-04,1
0312321198,2005-06,1
0312321198,2005-08,1
0312321597,2005-05,1
0312321635,2005-02,1
0312322186,2005-09,1
0312322216,2005-01,1
0312322216,2005-05,2
0312322216,2005-08,2
0312322224,2005-03,1
0312322224,2005-06,1
0312322321,2005-02,1
0312322321,2005-04,1
0312322496,2005-09,1
0312322968,2005-03,1
031232362X,2005-08,1
0312323859,2005-06,3
0312323859,2005-07,2
0312323859,2005-09,2
0312323921,2005-07,1
0312323999,2005-08,1
0312324081,2005-05,1
0312324081,2005-06,2
0312324138,2005-06,1
0312324219,2005-07,1
0312324235,2005-04,2
0312324235,2005-09,1
0312324316,2005-10,1
0312324669,2005-03,1
031232474X,2005-03,1
031232474X,2005-05,1
0312325274,2005-07,1
0312325630,2005-03,1
0312325630,2005-04,1
0312325940,2005-09,1
0312326092,2005-08,1
031232619X,2005-03,1
031232619X,2005-07,1
0312326440,2005-03,1
0312326440,2005-04,4
0312326440,2005-06,1
0312326440,2005-07,7
0312326440,2005-08,2
0312326742,2005-05,1
0312326971,2005-05,1
0312326998,2005-04,1
0312327005,2005-03,1
0312327005,2005-08,1
0312327005,2005-09,1
0312327102,2005-07,1
0312327188,2005-04,1
0312327757,2005-09,1
0312327773,2005-04,1
0312327773,2005-06,1
0312327773,2005-07,1
0312327943,2005-04,1
031232801X,2005-02,1
0312328028,2005-10,1
0312328079,2005-08,1
031232829X,2005-02,1
0312328346,2005-04,1
0312328494,2005-10,1
0312328575,2005-06,1
0312328796,2005-06,1
0312328796,2005-07,1
0312328796,2005-09,1
0312329032,2005-01,1
0312329199,2005-05,1
0312329296,2005-08,1
0312329318,2005-10,1
0312329385,2005-04,1
0312329385,2005-07,1
0312329385,2005-08,1
0312329385,2005-10,1
0312329490,2005-05,1
0312329644,2005-05,1
0312329938,2005-05,1
0312330154,2005-06,1
0312330154,2005-09,2
0312330235,2005-07,1
031233043X,2005-07,1
031233043X,2005-08,1
0312330529,2005-02,1
0312330529,2005-03,1
0312330529,2005-09,1
031233057X,2005-03,1
0312330804,2005-08,1
0312330987,2005-09,1
0312331037,2005-06,1
0312331061,2005-03,1
0312331215,2005-10,1
0312331460,2005-01,1
0312331460,2005-02,1
0312331460,2005-03,1
0312331460,2005-04,1
0312331770,2005-07,1
0312331770,2005-09,1
0312331916,2005-07,1
0312331916,2005-08,1
0312332068,2005-08,2
0312332068,2005-09,1
0312332181,2005-08,1
0312332211,2005-03,1
0312332211,2005-04,1
0312332343,2005-02,1
0312332459,2005-08,1
0312332521,2005-08,1
0312332629,2005-07,1
0312332629,2005-08,1
0312332645,2005-09,1
0312333013,2005-06,1
0312333080,2005-08,1
0312333110,2005-03,1
0312333307,2005-10,1
0312333609,2005-03,1
0312333927,2005-08,1
0312333927,2005-09,1
0312334176,2005-08,1
0312334230,2005-08,2
0312334230,2005-10,1
0312334354,2005-09,1
0312334486,2005-08,1
0312334613,2005-07,1
0312334850,2005-07,1
0312334850,2005-09,1
031233513X,2005-02,1
0312335539,2005-07,1
0312335555,2005-08,1
0312335563,2005-06,1
0312335679,2005-06,1
0312335687,2005-08,1
0312335695,2005-05,1
0312335776,2005-07,1
0312335776,2005-08,2
0312335814,2005-03,1
0312335814,2005-08,3
0312336187,2005-05,1
0312336225,2005-06,2
0312336225,2005-07,2
0312336225,2005-08,2
0312336462,2005-08,1
0312336578,2005-06,1
0312336608,2005-07,1
0312336608,2005-08,1
0312336810,2005-08,1
0312336853,2005-05,1
0312336853,2005-06,3
0312336853,2005-07,1
0312336853,2005-08,4
0312336853,2005-09,1
0312336853,2005-10,1
0312336926,2005-08,1
0312337035,2005-07,1
031233706X,2005-03,1
031233706X,2005-04,1
031233706X,2005-06,2
031233706X,2005-07,1
031233723X,2005-06,1
0312337329,2005-08,1
0312337361,2005-09,1
0312337396,2005-08,1
0312337485,2005-07,1
0312337787,2005-08,1
0312337825,2005-01,1
0312337868,2005-04,1
0312338031,2005-07,1
0312338031,2005-09,1
0312338058,2005-09,3
0312338058,2005-10,1
031233818X,2005-07,1
0312338325,2005-10,1
0312339135,2005-08,1
0312339194,2005-05,1
0312339194,2005-07,1
0312339631,2005-09,1
0312339739,2005-08,1
0312339798,2005-04,2
0312339798,2005-08,1
0312339798,2005-09,1
0312339798,2005-10,1
0312339860,2005-06,1
0312339860,2005-07,1
0312339879,2005-04,1
0312339925,2005-08,1
031233995X,2005-10,1
0312340192,2005-01,1
0312340192,2005-04,1
0312340281,2005-10,1
0312340508,2005-08,1
0312340788,2005-08,1
0312340788,2005-10,1
0312340885,2005-10,1
0312341156,2005-08,1
0312341350,2005-09,1
0312341946,2005-09,1
0312342144,2005-09,1
0312342179,2005-09,1
0312342519,2005-07,1
0312342519,2005-09,1
0312342721,2005-07,1
0312342985,2005-06,5
0312342985,2005-07,4
0312342985,2005-08,2
0312342985,2005-09,2
0312342985,2005-10,1
0312343337,2005-09,2
0312343337,2005-10,1
0312346344,2005-05,1
0312347308,2005-09,2
0312347308,2005-10,1
0312352050,2005-08,2
0312352050,2005-09,1
0312352743,2005-08,2
0312354991,2005-07,1
0312355033,2005-09,1
0312381859,2005-02,1
0312396988,2005-09,1
0312400047,2005-09,1
031240249X,2005-09,1
0312406851,2005-10,1
0312412622,2005-08,1
0312420234,2005-03,1
0312421230,2005-09,1
0312421265,2005-06,1
0312421273,2005-05,1
0312421273,2005-09,1
0312421710,2005-08,1
0312421958,2005-04,1
0312421958,2005-08,1
0312422156,2005-03,1
0312422156,2005-04,1
0312422156,2005-07,1
0312422156,2005-08,1
0312422156,2005-09,3
0312422180,2005-06,1
0312422199,2005-05,1
0312422199,2005-08,1
031242227X,2005-01,1
031242227X,2005-02,1
031242227X,2005-04,1
031242227X,2005-06,1
031242227X,2005-08,3
0312422288,2005-03,1
0312422288,2005-08,1
0312422288,2005-09,1
0312422520,2005-02,1
0312422520,2005-08,1
0312422571,2005-02,1
0312423055,2005-06,1
0312423268,2005-07,1
0312423268,2005-08,1
0312423586,2005-10,1
031242373X,2005-08,1
0312423799,2005-04,1
0312423799,2005-08,2
0312424094,2005-03,1
0312424094,2005-04,1
0312424094,2005-06,1
0312424094,2005-08,2
0312424094,2005-09,1
0312424124,2005-09,1
0312424183,2005-03,2
0312424183,2005-08,1
0312424582,2005-08,2
0312424620,2005-09,1
0312424671,2005-10,1
0312483716,2005-06,1
031249047X,2005-10,1
0312491506,2005-01,1
0312491506,2005-09,1
0312491506,2005-10,1
0312491840,2005-05,1
0312493886,2005-08,1
0312582293,2005-06,1
0312687974,2005-02,1
0312696574,2005-08,1
0312722753,2005-02,1
0312774842,2005-04,1
0312807473,2005-08,1
0312850093,2005-01,1
0312850093,2005-09,1
0312853025,2005-09,1
0312853165,2005-09,1
0312853378,2005-05,1
0312854285,2005-09,1
0312856334,2005-08,1
0312857489,2005-03,1
0312857586,2005-03,5
0312857586,2005-04,2
0312857586,2005-05,3
0312857586,2005-06,1
0312857586,2005-08,1
0312857586,2005-09,3
0312858000,2005-08,1
0312858442,2005-05,1
0312860951,2005-07,2
0312861400,2005-06,1
0312862172,2005-08,1
0312862199,2005-09,1
0312862202,2005-05,1
0312862202,2005-07,1
0312863071,2005-07,1
0312863543,2005-08,1
0312863942,2005-05,1
0312864035,2005-01,1
0312864213,2005-02,1
0312864213,2005-08,1
0312864590,2005-06,1
0312864728,2005-09,1
0312864744,2005-09,1
031286504X,2005-01,1
031286504X,2005-02,1
031286504X,2005-08,2
031286504X,2005-09,1
031286504X,2005-10,1
0312865252,2005-06,1
0312868480,2005-05,1
0312868553,2005-06,1
0312868855,2005-05,1
0312868855,2005-09,1
0312869290,2005-02,1
0312869495,2005-10,1
0312870361,2005-09,1
0312870469,2005-03,1
031287202X,2005-09,1
0312873077,2005-10,1
0312873115,2005-07,1
0312873646,2005-06,1
0312874251,2005-03,1
0312875150,2005-02,1
0312875290,2005-09,1
0312875444,2005-09,1
0312878095,2005-05,1
0312878370,2005-01,1
0312878370,2005-09,1
0312878621,2005-02,1
0312878621,2005-04,1
0312879237,2005-07,1
0312890001,2005-03,1
0312890028,2005-01,1
0312890176,2005-01,1
0312890176,2005-03,2
0312890184,2005-05,1
0312890206,2005-02,1
0312913850,2005-07,1
0312916108,2005-04,1
0312924585,2005-10,1
0312924801,2005-07,1
0312925883,2005-05,1
0312926022,2005-05,1
0312926022,2005-09,1
0312928017,2005-02,1
0312929773,2005-09,1
0312929870,2005-01,1
0312929870,2005-05,1
0312930445,2005-06,1
0312931158,2005-07,1
0312932456,2005-02,1
0312932979,2005-08,1
0312934106,2005-08,1
0312934300,2005-07,1
0312934327,2005-07,2
0312934327,2005-08,3
0312934327,2005-09,2
0312934793,2005-09,1
0312935080,2005-10,1
031293615X,2005-09,1
0312936222,2005-08,5
0312936222,2005-09,3
0312936958,2005-10,1
0312937652,2005-06,1
0312941072,2005-06,1
0312941102,2005-06,1
0312950446,2005-01,1
0312950446,2005-07,1
0312950837,2005-09,1
0312953984,2005-05,1
0312955421,2005-09,1
0312956738,2005-04,1
0312956738,2005-07,1
0312956894,2005-10,1
0312957572,2005-04,1
0312958153,2005-04,1
0312958781,2005-04,1
0312959230,2005-04,1
0312960875,2005-10,1
0312960891,2005-08,1
0312960999,2005-02,1
0312961731,2005-07,1
0312962258,2005-07,1
0312962576,2005-04,1
0312963270,2005-08,1
0312963297,2005-08,1
0312963408,2005-01,1
0312963599,2005-08,1
0312965338,2005-01,1
0312965338,2005-04,1
0312965338,2005-10,1
0312965680,2005-09,1
0312965966,2005-01,1
0312965966,2005-07,1
0312966024,2005-09,1
0312966091,2005-09,1
0312966199,2005-10,1
0312966482,2005-07,1
0312966717,2005-08,1
0312966970,2005-09,2
0312968191,2005-06,1
0312968205,2005-05,1
0312968892,2005-10,1
0312969414,2005-03,1
0312970005,2005-02,1
0312970129,2005-02,1
0312970633,2005-03,1
0312970633,2005-04,1
0312970633,2005-08,1
0312971346,2005-05,1
0312974256,2005-02,1
0312974256,2005-08,1
0312975066,2005-04,1
0312975570,2005-06,1
0312975740,2005-04,1
0312975856,2005-01,1
0312976305,2005-06,1
0312977042,2005-06,1
0312977670,2005-09,1
0312977689,2005-09,1
0312978383,2005-04,1
0312978863,2005-07,1
0312978928,2005-09,1
0312979096,2005-09,1
0312979231,2005-09,1
0312979479,2005-08,1
0312979479,2005-09,1
0312979649,2005-09,1
0312979975,2005-02,1
0312979975,2005-03,1
0312979975,2005-08,1
0312979975,2005-09,1
0312979983,2005-02,1
0312979983,2005-06,1
0312979983,2005-09,1
0312980043,2005-08,1
0312980086,2005-08,1
0312980124,2005-07,1
0312980124,2005-08,1
0312980140,2005-05,1
0312980159,2005-07,1
0312980175,2005-04,1
0312980191,2005-03,1
0312980264,2005-01,1
0312980264,2005-02,1
0312980329,2005-03,1
0312980388,2005-08,1
0312981260,2005-08,1
0312981309,2005-07,1
0312981546,2005-07,1
0312982143,2005-06,1
0312982240,2005-08,1
0312982526,2005-08,1
0312982593,2005-08,1
0312982623,2005-09,1
0312982631,2005-09,1
0312983271,2005-07,1
0312983301,2005-01,1
0312983395,2005-09,1
0312983603,2005-06,1
0312983743,2005-05,1
0312983778,2005-10,1
0312983786,2005-02,1
0312983867,2005-02,1
0312983867,2005-06,1
0312983867,2005-10,1
0312983875,2005-02,1
0312984235,2005-06,1
0312984243,2005-08,1
0312984618,2005-08,1
0312984626,2005-06,1
0312984685,2005-05,1
0312984839,2005-03,1
0312984936,2005-03,1
0312984979,2005-08,1
0312985231,2005-02,1
0312985649,2005-09,1
0312985940,2005-01,1
0312985940,2005-06,1
031298605X,2005-08,1
0312986092,2005-09,1
0312986319,2005-09,1
031298636X,2005-09,1
031298667X,2005-07,1
0312986769,2005-01,1
0312986777,2005-02,1
0312986777,2005-09,1
0312986785,2005-03,1
0312987625,2005-03,1
0312987854,2005-03,1
0312988249,2005-02,1
0312988257,2005-07,1
0312989423,2005-01,1
0312989474,2005-09,1
0312989768,2005-07,1
0312989873,2005-09,1
0312989989,2005-04,2
0312990278,2005-09,1
0312990456,2005-06,1
0312990456,2005-07,1
0312990871,2005-06,2
0312990871,2005-08,1
0312991347,2005-01,2
0312991347,2005-06,1
0312991347,2005-08,1
0312991355,2005-08,1
0312991363,2005-06,1
031299138X,2005-09,1
0312991460,2005-06,2
0312992289,2005-05,1
0312992319,2005-06,1
0312992327,2005-05,2
0312992335,2005-04,1
0312992335,2005-05,1
0312992335,2005-06,1
0312992335,2005-07,1
0312992335,2005-08,1
0312992335,2005-09,1
0312992416,2005-08,1
0312992424,2005-03,2
0312992424,2005-07,1
0312992432,2005-02,1
0312992432,2005-03,1
0312992432,2005-04,1
0312992564,2005-08,1
0312992823,2005-03,1
031299284X,2005-03,1
031299284X,2005-04,1
0312993099,2005-08,1
0312994036,2005-02,1
0312994036,2005-05,1
0312995156,2005-10,1
0312995377,2005-06,1
0312995423,2005-03,1
0312995423,2005-07,1
0312995423,2005-08,1
031299544X,2005-06,1
0312995857,2005-01,1
0312996195,2005-04,1
0312996195,2005-06,1
0312996764,2005-05,1
0312997159,2005-07,1
0312997175,2005-08,1
0312997191,2005-09,1
0312997272,2005-10,1
0312998031,2005-06,1
0312998538,2005-09,1
0312998562,2005-02,1
0312999712,2005-08,1
0312999712,2005-10,1
0313247501,2005-08,1
0313299617,2005-09,1
0313325863,2005-05,1
0313326940,2005-09,1
0313330573,2005-06,1
0313332150,2005-07,1
031333305X,2005-09,2
0314152733,2005-01,1
0314152865,2005-07,1
0314153292,2005-09,1
0314160183,2005-07,2
0314161287,2005-09,1
0314232362,2005-09,1
0314253939,2005-08,1
0314257918,2005-09,1
0314258205,2005-09,1
0314258590,2005-03,1
0314261435,2005-07,1
031426180X,2005-07,1
031426180X,2005-08,1
0314263578,2005-07,1
0314567682,2005-07,1
0314930000,2005-02,1
031600023X,2005-06,1
031600023X,2005-07,1
0316000647,2005-09,1
0316001015,2005-08,1
0316004138,2005-10,1
0316009989,2005-04,2
0316009989,2005-05,2
0316009989,2005-06,1
0316009989,2005-07,2
0316010456,2005-08,1
0316010790,2005-08,1
0316010812,2005-08,1
0316010928,2005-10,1
0316011770,2005-06,8
0316011770,2005-07,24
0316011770,2005-08,28
0316011770,2005-09,20
0316011770,2005-10,3
0316039179,2005-03,1
0316051098,2005-03,1
0316057339,2005-08,1
0316057851,2005-08,5
0316057851,2005-09,2
0316057851,2005-10,1
0316058432,2005-01,1
0316071676,2005-03,1
0316071706,2005-03,1
0316073024,2005-10,2
0316073032,2005-08,1
0316088668,2005-08,1
0316091243,2005-03,1
0316093440,2005-01,1
0316095567,2005-10,1
0316095656,2005-02,1
0316095656,2005-10,1
0316099066,2005-06,1
0316099066,2005-08,2
0316099066,2005-09,3
0316099066,2005-10,1
0316102849,2005-05,1
0316102873,2005-09,1
0316105996,2005-02,1
031610910X,2005-06,1
031610969X,2005-09,3
0316110280,2005-07,1
0316110353,2005-10,1
0316120693,2005-09,2
0316127981,2005-04,1
0316132128,2005-09,1
0316135089,2005-01,1
0316143464,2005-01,1
0316143464,2005-04,3
0316143464,2005-08,1
031615556X,2005-08,2
0316155705,2005-01,1
0316155705,2005-08,1
0316156108,2005-02,2
0316156108,2005-03,1
0316156108,2005-04,1
0316156108,2005-06,1
0316156108,2005-08,2
0316156264,2005-08,2
031615881X,2005-09,1
0316159182,2005-05,1
0316159352,2005-05,1
0316159360,2005-08,1
0316159379,2005-02,1
0316159417,2005-04,1
0316159417,2005-10,1
0316159727,2005-08,1
0316159727,2005-09,1
0316159948,2005-10,1
0316160172,2005-09,1
0316160172,2005-10,1
0316160695,2005-07,1
0316168815,2005-04,1
0316168815,2005-07,1
0316172294,2005-01,1
0316172324,2005-01,5
0316172324,2005-02,4
0316172324,2005-03,2
0316172324,2005-04,2
0316172324,2005-05,4
0316172324,2005-06,2
0316172324,2005-07,1
0316172324,2005-08,4
0316172324,2005-09,4
0316177652,2005-04,1
0316233196,2005-09,1
0316234753,2005-08,1
0316236551,2005-08,1
0316284955,2005-09,1
0316286168,2005-02,1
0316286168,2005-04,1
0316286850,2005-03,1
0316294527,2005-08,1
0316328197,2005-04,1
0316328499,2005-04,1
0316330116,2005-02,1
0316341517,2005-09,1
0316346624,2005-01,3
0316346624,2005-02,3
0316346624,2005-04,1
0316346624,2005-05,2
0316346624,2005-06,1
0316346624,2005-07,7
0316346624,2005-08,3
0316346624,2005-09,2
0316346624,2005-10,4
0316353167,2005-05,1
0316353299,2005-10,1
0316355569,2005-08,1
0316358142,2005-10,1
0316358312,2005-07,1
0316358339,2005-07,1
0316358371,2005-02,1
0316359408,2005-09,1
0316359424,2005-08,1
0316359424,2005-09,1
0316359440,2005-09,1
0316377945,2005-10,1
0316432385,2005-01,1
0316441791,2005-05,1
0316441791,2005-08,1
0316479977,2005-08,1
0316488399,2005-05,1
0316496618,2005-01,1
0316511390,2005-03,1
0316516716,2005-08,1
0316519332,2005-08,1
0316525057,2005-09,1
0316545031,2005-08,1
0316545562,2005-03,1
0316545562,2005-06,1
0316553409,2005-04,1
0316554553,2005-07,1
0316554553,2005-09,1
0316557161,2005-09,1
0316578398,2005-08,1
0316578398,2005-09,4
0316584789,2005-02,1
0316592366,2005-08,1
0316592366,2005-09,1
0316600806,2005-08,1
0316600806,2005-09,3
0316600806,2005-10,1
0316601012,2005-09,1
0316603953,2005-01,1
0316604429,2005-07,1
0316605964,2005-01,1
0316606081,2005-01,1
0316606847,2005-01,1
0316608211,2005-07,1
0316608513,2005-07,1
0316610003,2005-07,1
0316610003,2005-09,2
0316614564,2005-10,1
0316666033,2005-09,1
0316666343,2005-02,2
0316692123,2005-06,1
0316693243,2005-05,1
0316702056,2005-09,1
0316702706,2005-09,1
0316702706,2005-10,1
0316710571,2005-08,1
0316710598,2005-02,1
0316710598,2005-03,1
0316710598,2005-07,1
0316710601,2005-05,2
0316710601,2005-07,3
0316710601,2005-08,1
0316710601,2005-09,1
0316710628,2005-02,1
0316710628,2005-03,2
0316710628,2005-04,1
0316710628,2005-05,1
0316710628,2005-07,1
0316710628,2005-08,1
0316710709,2005-09,1
0316732214,2005-02,1
0316733695,2005-08,1
0316734519,2005-09,1
0316734934,2005-10,1
0316734942,2005-05,2
0316734942,2005-06,3
0316734942,2005-07,2
0316734942,2005-08,2
0316734942,2005-09,2
0316735027,2005-03,1
0316735485,2005-03,1
0316735493,2005-05,1
0316735507,2005-07,1
0316735507,2005-08,1
0316735507,2005-10,1
0316735647,2005-04,1
0316735671,2005-03,1
0316735698,2005-06,1
0316735698,2005-07,1
0316735922,2005-07,1
0316735930,2005-07,1
0316736465,2005-08,1
0316737844,2005-08,1
0316738093,2005-09,1
0316738220,2005-02,1
0316738239,2005-03,1
0316738239,2005-08,1
0316738263,2005-08,1
0316738263,2005-09,1
0316738573,2005-05,1
0316738964,2005-09,1
0316739081,2005-10,1
0316739111,2005-10,1
0316739928,2005-08,1
0316740403,2005-01,1
0316740403,2005-02,2
0316740403,2005-03,1
0316740403,2005-05,1
0316740403,2005-07,1
0316741116,2005-09,1
0316743003,2005-01,1
0316745464,2005-09,2
0316746711,2005-04,1
0316761133,2005-10,1
0316763810,2005-03,1
0316769487,2005-01,1
0316769487,2005-04,1
0316769487,2005-06,1
0316769487,2005-07,1
0316769487,2005-08,3
0316769487,2005-09,1
0316769495,2005-03,1
0316769509,2005-03,1
0316776963,2005-07,1
0316777153,2005-10,1
0316777498,2005-07,1
0316777730,2005-04,1
0316777730,2005-08,1
0316778001,2005-04,1
0316778001,2005-08,1
0316778001,2005-09,2
0316778508,2005-07,1
0316779032,2005-10,1
0316779075,2005-02,1
0316779075,2005-03,1
0316779075,2005-05,1
0316779148,2005-03,1
0316779148,2005-08,1
0316779237,2005-04,1
0316779237,2005-08,1
0316779245,2005-08,1
0316779245,2005-09,1
0316779423,2005-03,1
0316779423,2005-04,1
0316780375,2005-04,1
0316787086,2005-05,1
0316788287,2005-08,1
0316789674,2005-08,1
0316789844,2005-04,1
0316796883,2005-09,2
0316806315,2005-03,1
0316811874,2005-10,1
0316812552,2005-05,1
0316816795,2005-08,1
0316817333,2005-08,1
0316817457,2005-08,1
0316822566,2005-01,1
0316829455,2005-01,1
0316829455,2005-07,1
0316829455,2005-10,1
0316845132,2005-09,1
0316845183,2005-03,1
0316871125,2005-04,1
0316880655,2005-08,1
0316880655,2005-09,1
0316897469,2005-04,1
0316903353,2005-05,1
0316905747,2005-01,1
0316908452,2005-01,2
0316908452,2005-02,1
0316909726,2005-10,1
0316917303,2005-07,1
0316919160,2005-08,1
0316926051,2005-01,1
0316926051,2005-05,1
0316926302,2005-01,1
0316930911,2005-05,1
0316940062,2005-07,1
0316940089,2005-07,1
0316948551,2005-06,1
0316952664,2005-08,1
0316954411,2005-09,1
0316954993,2005-07,1
0316955108,2005-06,1
0316955124,2005-06,1
0316955175,2005-05,1
0316987921,2005-06,1
0316988944,2005-03,1
0316990426,2005-07,1
0317530011,2005-07,1
0318021447,2005-10,1
0321011473,2005-04,1
0321025865,2005-07,1
0321036638,2005-10,1
0321050312,2005-10,1
0321079167,2005-03,1
0321079922,2005-08,1
0321080874,2005-04,1
0321087976,2005-02,1
0321095170,2005-01,1
0321103505,2005-08,1
0321112040,2005-07,1
0321112059,2005-09,1
0321112296,2005-06,1
0321112555,2005-08,1
0321112717,2005-02,1
0321113519,2005-01,1
0321113551,2005-01,1
0321113586,2005-03,1
0321113586,2005-07,1
032111549X,2005-08,1
0321115627,2005-09,1
0321116208,2005-04,1
0321117956,2005-09,1
0321118898,2005-10,1
032112183X,2005-04,1
0321123972,2005-05,1
0321123980,2005-04,1
0321125169,2005-09,1
0321127110,2005-07,1
0321127307,2005-04,1
0321127307,2005-09,1
0321127315,2005-04,1
0321127420,2005-09,1
0321130006,2005-02,1
0321130073,2005-09,1
0321150783,2005-08,1
0321154894,2005-07,1
0321154894,2005-08,1
0321154916,2005-08,1
0321154967,2005-05,1
0321160770,2005-02,1
0321162234,2005-08,1
0321166809,2005-04,1
0321168917,2005-01,1
0321168917,2005-07,2
0321168917,2005-10,1
0321169514,2005-03,1
0321172388,2005-04,1
0321180615,2005-08,1
0321180623,2005-02,1
0321180860,2005-01,1
0321186125,2005-09,1
0321186486,2005-02,1
0321186486,2005-07,1
0321186486,2005-08,1
0321193121,2005-05,1
0321193121,2005-08,1
0321193687,2005-08,1
032119375X,2005-07,1
0321193776,2005-08,1
0321193776,2005-09,1
0321193806,2005-02,1
0321193806,2005-08,1
0321193806,2005-10,1
0321193857,2005-08,2
0321193857,2005-09,2
0321197259,2005-08,1
0321197844,2005-08,1
0321199561,2005-07,1
0321199596,2005-01,1
0321200497,2005-02,1
032120297X,2005-06,1
0321202988,2005-10,1
0321203038,2005-02,1
0321205677,2005-07,1
0321205685,2005-08,1
0321205685,2005-10,1
0321210255,2005-09,1
0321213149,2005-08,1
0321213149,2005-09,3
0321213394,2005-07,1
0321213408,2005-02,1
0321213408,2005-07,2
0321213416,2005-06,1
0321213440,2005-07,1
0321213440,2005-08,1
0321213521,2005-06,1
0321219198,2005-07,1
0321219198,2005-09,1
0321220528,2005-09,1
0321220544,2005-02,1
0321223659,2005-01,1
0321223659,2005-08,1
0321223667,2005-02,1
0321223675,2005-09,1
0321227220,2005-07,1
0321227255,2005-01,1
0321227360,2005-09,1
0321227999,2005-02,1
0321227999,2005-03,1
0321227999,2005-06,1
0321227999,2005-08,2
0321228103,2005-03,1
0321228359,2005-08,1
0321228472,2005-04,1
0321238346,2005-05,1
0321241576,2005-03,1
0321241576,2005-04,1
0321242521,2005-01,1
0321243331,2005-10,1
0321245652,2005-07,1
0321245660,2005-08,2
0321245784,2005-03,2
0321245830,2005-02,1
0321246780,2005-07,1
0321246969,2005-08,1
0321247124,2005-07,1
0321247140,2005-09,1
0321255666,2005-09,1
0321256077,2005-07,1
0321256077,2005-09,1
032125614X,2005-07,1
032125614X,2005-09,1
0321257278,2005-09,1
0321257804,2005-09,1
0321262506,2005-08,1
0321262506,2005-09,1
0321267222,2005-05,1
0321267230,2005-07,1
0321267907,2005-07,1
0321268172,2005-09,1
0321268172,2005-10,1
0321268199,2005-03,1
0321268199,2005-06,1
0321268288,2005-10,1
0321268458,2005-07,1
0321268458,2005-10,1
0321269055,2005-01,3
0321269055,2005-02,1
0321269055,2005-03,1
0321269055,2005-05,2
0321269055,2005-07,1
0321269055,2005-08,2
0321269055,2005-09,2
0321269101,2005-09,1
0321269136,2005-09,1
0321269373,2005-07,1
0321270797,2005-03,1
032127640X,2005-05,1
0321278356,2005-02,1
0321278356,2005-04,1
0321278496,2005-03,1
0321278534,2005-09,1
032127878X,2005-03,2
032127878X,2005-08,2
0321278917,2005-10,1
0321287827,2005-06,1
0321287851,2005-02,1
0321290542,2005-10,1
0321290968,2005-08,1
0321293924,2005-09,1
0321293983,2005-07,1
0321293983,2005-09,1
0321293991,2005-01,1
0321293991,2005-07,1
0321294009,2005-04,1
0321294009,2005-08,1
0321294475,2005-06,1
032130330X,2005-09,1
032130344X,2005-01,1
0321303474,2005-03,1
0321303474,2005-04,2
0321303474,2005-05,1
0321303474,2005-09,2
0321303474,2005-10,1
0321304292,2005-09,1
0321304543,2005-03,1
0321304543,2005-08,1
0321304594,2005-07,1
0321304594,2005-08,1
0321304772,2005-09,1
0321305256,2005-05,1
0321305256,2005-07,2
0321305264,2005-08,1
0321306147,2005-06,1
0321306147,2005-08,1
0321316207,2005-06,1
0321316207,2005-09,1
0321316886,2005-10,1
0321321146,2005-07,3
0321321146,2005-08,1
0321321235,2005-09,1
0321321782,2005-02,1
0321321782,2005-04,1
0321321839,2005-07,1
0321321847,2005-08,2
0321321847,2005-09,1
0321321898,2005-09,1
0321321898,2005-10,1
0321321928,2005-06,1
0321330110,2005-08,2
0321330188,2005-06,1
0321330196,2005-08,1
0321330307,2005-08,1
0321330625,2005-05,2
0321330625,2005-07,5
0321330625,2005-08,4
0321330625,2005-09,5
0321330625,2005-10,1
0321331702,2005-01,2
0321331702,2005-05,1
0321331702,2005-06,1
0321331702,2005-08,2
0321331702,2005-10,1
0321334094,2005-06,2
0321334094,2005-07,1
0321334094,2005-08,3
0321334094,2005-09,6
0321334094,2005-10,1
0321334132,2005-09,1
0321334280,2005-10,1
0321334876,2005-06,1
0321335341,2005-08,1
0321335341,2005-09,1
0321335376,2005-08,1
0321335414,2005-08,1
0321335414,2005-09,1
0321335422,2005-08,1
0321335902,2005-08,1
0321336550,2005-10,1
0321336569,2005-10,1
0321336747,2005-03,2
0321336747,2005-08,1
0321346939,2005-08,1
0321346939,2005-09,7
0321348109,2005-10,1
0321350251,2005-08,1
032135026X,2005-04,1
0321356403,2005-09,2
032135673X,2005-07,1
032135673X,2005-08,1
0321356780,2005-09,2
0321356780,2005-10,1
0321357469,2005-09,1
0323001505,2005-09,1
0323007562,2005-09,1
0323007848,2005-05,1
0323011276,2005-08,1
0323011985,2005-08,1
0323014380,2005-09,1
0323016049,2005-08,1
0323016227,2005-08,1
0323017029,2005-10,1
0323017223,2005-09,1
032301738X,2005-05,1
0323017452,2005-03,1
0323019102,2005-09,1
0323022316,2005-09,1
032302310X,2005-07,1
032302310X,2005-09,1
0323023894,2005-09,1
0323023932,2005-09,1
0323023975,2005-08,1
0323024033,2005-09,1
0323024092,2005-09,1
0323025331,2005-01,1
032302551X,2005-06,1
0323025862,2005-09,1
0323029175,2005-10,1
0323030009,2005-07,1
0323033539,2005-08,1
0323033954,2005-07,1
0323034160,2005-09,1
0323034446,2005-10,1
0324068573,2005-08,1
0324110790,2005-02,1
0324171897,2005-06,1
0324174616,2005-10,1
0324178824,2005-09,1
0324180675,2005-09,1
0324184050,2005-09,1
0324187149,2005-10,1
0324187181,2005-02,1
0324200005,2005-09,1
032420082X,2005-08,1
0324203977,2005-10,1
0324258720,2005-09,1
0324260393,2005-02,1
0324288999,2005-09,1
0325001359,2005-09,1
0325003106,2005-08,1
0325005435,2005-09,1
0325005907,2005-07,1
0325006717,2005-08,1
0325007829,2005-08,1
0325007861,2005-08,1
0325070768,2005-02,1
0330241699,2005-09,1
0330305026,2005-09,1
0330331590,2005-05,1
0330342673,2005-08,1
0330391356,2005-09,1
0330396633,2005-08,1
0330480650,2005-10,1
0330481673,2005-09,1
0330482203,2005-03,1
0330483285,2005-08,1
0330484508,2005-04,1
0330488813,2005-07,1
033049032X,2005-02,1
0333516516,2005-09,1
0333558812,2005-01,1
0333710932,2005-09,1
0333735420,2005-07,1
033377499X,2005-05,1
0333781511,2005-09,1
0333900936,2005-05,1
0333945050,2005-06,1
0333947312,2005-07,1
0333949293,2005-10,1
0333950798,2005-09,1
0334027403,2005-09,1
033402840X,2005-07,1
0334029147,2005-10,1
033520290X,2005-06,1
0340157011,2005-07,1
034016784X,2005-07,1
0340409126,2005-10,1
0340581247,2005-09,1
0340597704,2005-02,1
0340625287,2005-04,1
034066049X,2005-03,1
0340672099,2005-09,1
0340690011,2005-10,1
0340708646,2005-01,1
0340739142,2005-05,1
0340746629,2005-08,1
0340764236,2005-07,1
0340767723,2005-05,1
0340770155,2005-08,1
034077035X,2005-06,1
0340806907,2005-02,1
0340809760,2005-02,1
0340816325,2005-07,1
0340820748,2005-08,1
034082400X,2005-04,1
0340826258,2005-04,1
034083028X,2005-09,1
0340887036,2005-09,1
034502513X,2005-08,1
034525001X,2005-06,1
0345260120,2005-09,1
0345278941,2005-10,1
0345285549,2005-08,1
0345295234,2005-07,1
0345298349,2005-08,1
0345301110,2005-09,1
0345304314,2005-09,1
0345308042,2005-08,1
0345308255,2005-10,1
0345310160,2005-06,1
0345311485,2005-04,1
0345311809,2005-08,1
034531252X,2005-05,1
0345314255,2005-08,1
0345314603,2005-08,1
0345323580,2005-08,1
0345326490,2005-08,1
0345327349,2005-08,1
0345327411,2005-05,1
0345328671,2005-04,1
0345328698,2005-05,1
0345330994,2005-05,1
0345331001,2005-09,1
0345333322,2005-01,1
0345333322,2005-07,1
0345335686,2005-10,1
0345337042,2005-05,1
0345337050,2005-06,1
0345337069,2005-07,1
0345337662,2005-02,1
0345337662,2005-08,1
0345338545,2005-01,1
0345339258,2005-09,1
0345341848,2005-03,1
0345342763,2005-01,1
0345342968,2005-05,1
0345342968,2005-06,1
0345342968,2005-09,1
0345345037,2005-05,1
0345345061,2005-08,1
0345345886,2005-02,1
0345345940,2005-08,1
0345347730,2005-09,1
0345348036,2005-06,1
0345348109,2005-05,1
0345348109,2005-09,1
0345348656,2005-01,1
0345348656,2005-03,1
0345348656,2005-09,1
0345350804,2005-04,1
0345352912,2005-02,1
0345353129,2005-07,1
0345353145,2005-08,1
0345353749,2005-08,1
0345353943,2005-09,1
0345356748,2005-01,1
0345357116,2005-08,1
034535866X,2005-09,1
0345359372,2005-01,1
0345361792,2005-02,1
0345361792,2005-04,1
0345361792,2005-05,1
0345362276,2005-08,1
034536239X,2005-06,1
034536239X,2005-09,1
0345362799,2005-03,1
0345363582,2005-08,1
0345365917,2005-09,1
0345366239,2005-03,1
0345366239,2005-05,1
0345366239,2005-08,1
0345368754,2005-04,1
0345368754,2005-09,1
0345371135,2005-05,1
0345371976,2005-08,1
0345372794,2005-02,1
0345373421,2005-09,1
0345373537,2005-09,1
0345374657,2005-04,1
0345374657,2005-05,1
0345375157,2005-06,1
0345375211,2005-09,1
0345377966,2005-02,1
0345379012,2005-04,1
0345379063,2005-02,1
0345379063,2005-05,1
0345379829,2005-08,1
0345382846,2005-08,1
0345384229,2005-10,1
0345384385,2005-07,1
0345384563,2005-07,1
0345384563,2005-10,1
034538623X,2005-04,1
0345386825,2005-06,1
0345386892,2005-10,1
0345388526,2005-04,1
0345389417,2005-08,1
0345391241,2005-10,1
0345391608,2005-03,1
0345391691,2005-07,1
0345391802,2005-01,1
0345391802,2005-03,2
0345391802,2005-08,2
0345391810,2005-03,2
0345391829,2005-03,1
0345392825,2005-10,1
0345395301,2005-09,1
0345395662,2005-01,1
0345395662,2005-05,1
0345397266,2005-09,1
034539769X,2005-09,1
0345397819,2005-03,1
0345400046,2005-02,1
0345402405,2005-05,1
0345404335,2005-09,1
0345404483,2005-07,1
0345404777,2005-08,1
0345405013,2005-09,1
0345405617,2005-07,1
0345405633,2005-07,1
0345405668,2005-07,1
0345405668,2005-10,1
0345405730,2005-01,1
0345406044,2005-08,1
0345406222,2005-06,1
0345406230,2005-07,1
0345409388,2005-08,1
0345409469,2005-05,1
0345409469,2005-06,1
0345409469,2005-08,1
0345409817,2005-08,1
0345409876,2005-05,1
0345409906,2005-02,1
0345410025,2005-07,1
0345410025,2005-08,1
0345410033,2005-08,1
034541005X,2005-04,1
0345410122,2005-07,1
0345410122,2005-09,1
0345410432,2005-10,1
0345412087,2005-06,1
0345412354,2005-09,1
0345413830,2005-05,1
0345413873,2005-08,1
0345414365,2005-04,1
0345416260,2005-08,1
0345416597,2005-04,1
0345416899,2005-07,2
0345416899,2005-09,1
0345417623,2005-01,1
0345417623,2005-04,1
0345418018,2005-02,1
0345418913,2005-04,1
0345419677,2005-09,1
0345419987,2005-09,1
034542039X,2005-09,1
0345421094,2005-04,1
0345421558,2005-09,1
0345422473,2005-07,1
0345422570,2005-09,1
0345422805,2005-02,1
0345423135,2005-10,1
0345423402,2005-04,1
0345423402,2005-05,1
0345423429,2005-02,1
0345423429,2005-04,1
0345423615,2005-01,1
0345423631,2005-01,1
0345423631,2005-07,1
0345423658,2005-07,1
0345424476,2005-08,1
034542462X,2005-06,1
0345424719,2005-06,1
034542526X,2005-08,1
0345425278,2005-08,1
0345425707,2005-10,1
0345425871,2005-02,1
0345426029,2005-04,1
0345426053,2005-09,1
0345426061,2005-09,1
0345426274,2005-06,1
034542705X,2005-06,1
034542753X,2005-08,1
034542753X,2005-09,1
0345427580,2005-05,1
0345428285,2005-08,1
0345428307,2005-08,1
0345428544,2005-08,1
0345428560,2005-08,1
0345428838,2005-04,8
0345428838,2005-05,5
0345428838,2005-06,3
0345428838,2005-07,1
0345428838,2005-08,1
0345428838,2005-09,1
0345428897,2005-01,1
0345429036,2005-08,1
0345429206,2005-08,3
0345430220,2005-06,1
0345430239,2005-07,1
0345430247,2005-08,1
0345430352,2005-02,1
0345430352,2005-07,1
0345430379,2005-07,1
0345430786,2005-08,1
0345430808,2005-10,1
0345431286,2005-07,1
0345431359,2005-04,1
0345431359,2005-05,1
0345431359,2005-09,1
0345431383,2005-04,1
0345432657,2005-04,1
0345433319,2005-10,1
0345433726,2005-08,1
0345433742,2005-09,1
0345434110,2005-05,1
0345434110,2005-06,1
0345434471,2005-03,1
0345434498,2005-03,1
0345434498,2005-07,1
0345434587,2005-08,1
0345434765,2005-04,1
0345434854,2005-08,1
0345434854,2005-10,1
0345434900,2005-08,1
0345435168,2005-08,1
0345435176,2005-07,1
0345435400,2005-06,1
0345435400,2005-08,1
0345435737,2005-07,1
0345435745,2005-08,1
0345435745,2005-09,1
0345435915,2005-09,1
0345435923,2005-09,1
034543739X,2005-06,1
0345437969,2005-08,1
0345437969,2005-09,2
0345438310,2005-06,1
0345438566,2005-05,1
0345439104,2005-01,1
0345439171,2005-09,1
0345439813,2005-07,1
0345439945,2005-04,1
0345440331,2005-09,1
034544034X,2005-02,1
0345440463,2005-02,1
0345440706,2005-03,1
0345440897,2005-08,1
0345440900,2005-03,1
0345440900,2005-08,1
0345440900,2005-09,2
034544096X,2005-03,1
0345441249,2005-01,1
0345441249,2005-02,1
0345441249,2005-03,1
0345441249,2005-05,1
0345441249,2005-06,1
0345441249,2005-07,1
0345441249,2005-08,1
0345441249,2005-09,1
0345441400,2005-07,1
0345441400,2005-09,1
0345441419,2005-03,1
0345441788,2005-07,1
0345442113,2005-08,1
0345442121,2005-05,1
034544227X,2005-06,1
034544230X,2005-04,1
034544230X,2005-09,1
0345442725,2005-09,1
0345442822,2005-01,1
0345442822,2005-08,1
0345442822,2005-10,1
0345442865,2005-09,1
0345442970,2005-03,1
0345443276,2005-05,1
0345443403,2005-08,1
0345443578,2005-04,15
0345443578,2005-05,5
0345443578,2005-06,1
0345443578,2005-07,1
0345443578,2005-08,1
0345443578,2005-09,1
0345443578,2005-10,1
0345443594,2005-04,2
0345443683,2005-01,1
0345443683,2005-03,1
0345443691,2005-06,1
0345443713,2005-09,1
0345443721,2005-09,1
034544373X,2005-09,1
0345444388,2005-03,1
0345444388,2005-06,1
0345445694,2005-09,1
0345445872,2005-06,1
0345445872,2005-09,1
0345446593,2005-08,1
0345446666,2005-01,1
034544678X,2005-02,1
034544678X,2005-03,1
034544678X,2005-06,1
034544678X,2005-08,2
034544678X,2005-09,1
0345446798,2005-02,1
0345446798,2005-09,1
0345446860,2005-07,1
0345446992,2005-02,1
0345447549,2005-04,1
0345447549,2005-08,1
0345447581,2005-01,1
0345447581,2005-03,1
034544759X,2005-10,1
0345447867,2005-08,1
034544826X,2005-09,1
0345448936,2005-05,1
0345448944,2005-05,1
0345449126,2005-06,1
0345449169,2005-02,1
0345449347,2005-07,1
0345449762,2005-03,1
0345449975,2005-10,1
0345450000,2005-01,1
0345450051,2005-05,1
0345450124,2005-08,1
0345450191,2005-01,1
0345450191,2005-03,2
0345450191,2005-06,1
0345450191,2005-07,1
0345450191,2005-08,1
0345450264,2005-01,1
0345450299,2005-04,1
034545040X,2005-09,1
0345450698,2005-05,1
0345450892,2005-04,1
0345451104,2005-07,1
0345451325,2005-01,1
0345451325,2005-09,1
0345451872,2005-06,1
0345452003,2005-03,1
0345452038,2005-08,1
034545250X,2005-04,3
034545250X,2005-08,1
0345452569,2005-09,1
0345452593,2005-02,1
0345453301,2005-05,1
0345453395,2005-07,1
0345453425,2005-04,1
0345453441,2005-04,1
0345453441,2005-06,1
0345453441,2005-07,1
034545345X,2005-06,2
034545345X,2005-07,2
034545345X,2005-08,3
034545345X,2005-09,1
0345453743,2005-06,1
0345453743,2005-07,1
0345453743,2005-08,1
0345453743,2005-09,1
0345453794,2005-09,1
0345453832,2005-03,1
0345453832,2005-09,1
0345453840,2005-09,2
0345453840,2005-10,1
034545409X,2005-07,1
0345455282,2005-03,1
0345455282,2005-10,1
0345455428,2005-01,1
0345455428,2005-07,1
0345455738,2005-01,1
0345455746,2005-09,1
0345456068,2005-04,1
0345456092,2005-06,1
0345456092,2005-07,1
0345456297,2005-07,1
0345456319,2005-09,1
0345456327,2005-09,1
0345456351,2005-08,1
0345456351,2005-10,1
0345456564,2005-09,1
0345457110,2005-08,1
0345457129,2005-01,2
0345457129,2005-02,1
0345457129,2005-03,1
0345457129,2005-05,1
0345457129,2005-06,2
0345457129,2005-08,1
0345457234,2005-06,1
0345457242,2005-08,5
0345457242,2005-09,4
0345457609,2005-04,1
0345457684,2005-04,2
0345457684,2005-06,1
0345457684,2005-07,2
0345457684,2005-09,2
0345457714,2005-01,1
0345457714,2005-02,1
0345457714,2005-03,1
0345457714,2005-07,1
0345457714,2005-10,1
0345457749,2005-03,1
0345457749,2005-05,1
0345457749,2005-06,1
0345457749,2005-08,2
0345457749,2005-09,1
0345457749,2005-10,2
0345457854,2005-04,1
0345457889,2005-02,1
0345458354,2005-10,1
0345458397,2005-10,1
034545846X,2005-01,3
034545846X,2005-02,1
034545846X,2005-04,1
034545846X,2005-08,1
034545846X,2005-09,1
0345458923,2005-02,1
0345458982,2005-09,1
0345459148,2005-09,1
0345459164,2005-04,1
0345459180,2005-01,1
034545930X,2005-08,1
0345459407,2005-01,1
0345459407,2005-05,1
0345459407,2005-06,1
0345459407,2005-09,1
0345459946,2005-02,1
0345459954,2005-04,1
0345460030,2005-08,1
0345460057,2005-03,1
0345460057,2005-08,1
0345460111,2005-07,1
0345460529,2005-02,1
0345460529,2005-10,1
0345460685,2005-10,1
0345460693,2005-05,1
0345460871,2005-04,1
0345460944,2005-08,1
0345460987,2005-07,1
0345461142,2005-03,1
0345461150,2005-06,1
0345461215,2005-07,1
0345461215,2005-09,1
0345461274,2005-08,1
0345461347,2005-02,1
0345461347,2005-07,1
0345461347,2005-09,1
0345461509,2005-02,1
0345461525,2005-02,1
0345461541,2005-09,2
0345461622,2005-08,1
034546169X,2005-04,1
0345461738,2005-01,1
0345461738,2005-02,1
0345461754,2005-05,1
0345461827,2005-08,1
0345461924,2005-08,1
0345462009,2005-02,1
0345462114,2005-07,1
0345462351,2005-01,1
0345462882,2005-09,1
0345462904,2005-09,1
034546303X,2005-10,1
0345463048,2005-08,1
0345463048,2005-09,1
0345463099,2005-01,2
0345463099,2005-05,1
0345463099,2005-07,2
0345463099,2005-08,1
0345463269,2005-04,1
0345463331,2005-09,1
0345463447,2005-04,1
0345463447,2005-05,1
0345463838,2005-05,1
0345464028,2005-05,1
0345464028,2005-06,2
0345464087,2005-01,1
0345464621,2005-01,1
0345464710,2005-03,1
0345464729,2005-08,1
0345464788,2005-09,3
0345464788,2005-10,1
0345464796,2005-09,2
0345464826,2005-07,1
0345464869,2005-04,7
0345464869,2005-09,1
0345465180,2005-09,1
0345465202,2005-02,1
0345465253,2005-01,1
0345465253,2005-04,1
0345465296,2005-01,1
0345465415,2005-09,1
0345465466,2005-08,1
0345465490,2005-10,1
0345465547,2005-04,1
0345465679,2005-05,2
0345465679,2005-06,2
0345465679,2005-07,1
0345465679,2005-08,1
0345466128,2005-06,1
0345466357,2005-02,1
0345466616,2005-08,1
0345466632,2005-08,1
034546706X,2005-05,1
034546706X,2005-06,1
034546706X,2005-07,1
034546706X,2005-08,2
0345467337,2005-06,1
0345467515,2005-09,1
0345467574,2005-07,1
0345467779,2005-01,1
0345467868,2005-09,1
0345467930,2005-01,3
0345467930,2005-02,2
0345467930,2005-03,1
0345467949,2005-09,1
034546821X,2005-02,1
034546849X,2005-09,1
0345468570,2005-03,1
0345468589,2005-08,2
0345468589,2005-09,1
0345468597,2005-08,2
034547015X,2005-02,1
034547046X,2005-06,1
0345470540,2005-05,1
0345470826,2005-07,2
0345470958,2005-04,1
0345471202,2005-06,1
0345471253,2005-09,1
0345471806,2005-06,1
0345472314,2005-06,1
0345472314,2005-07,2
0345473043,2005-02,1
0345473043,2005-08,1
0345475445,2005-03,1
0345475445,2005-04,1
0345475445,2005-05,2
0345475674,2005-04,1
0345475720,2005-01,1
0345475720,2005-02,1
0345475720,2005-04,1
0345475720,2005-07,2
0345475755,2005-05,1
0345475801,2005-10,1
0345476077,2005-09,1
0345476131,2005-07,2
0345476131,2005-08,2
0345476255,2005-01,5
0345476255,2005-03,1
0345476255,2005-07,1
0345476255,2005-09,1
0345476425,2005-07,1
0345476425,2005-08,2
0345476581,2005-09,2
0345476832,2005-05,1
0345476972,2005-09,1
0345477200,2005-04,1
0345477200,2005-06,1
0345477219,2005-02,2
0345477219,2005-04,1
0345477219,2005-07,1
0345477219,2005-08,1
0345477219,2005-09,1
0345477847,2005-03,1
0345477847,2005-06,1
0345477855,2005-06,1
0345477863,2005-06,1
0345477871,2005-10,2
0345477898,2005-06,1
0345477936,2005-08,1
0345477936,2005-09,1
0345478010,2005-01,1
0345478061,2005-02,1
0345478061,2005-03,1
0345478061,2005-04,2
0345478061,2005-08,2
0345478061,2005-09,2
0345478274,2005-02,1
0345478274,2005-07,1
0345478843,2005-05,1
0345479211,2005-08,1
0345479351,2005-06,1
0345479467,2005-08,1
0345480090,2005-06,3
0345480120,2005-07,2
0345480120,2005-09,1
0345480902,2005-06,1
0345481259,2005-06,1
0345481259,2005-07,1
0345481259,2005-08,1
0345481259,2005-09,1
0345481720,2005-07,1
0345482476,2005-06,1
0345483375,2005-09,1
0345483863,2005-09,1
0345483871,2005-09,1
0345484320,2005-09,1
0345485939,2005-10,1
0349100136,2005-02,1
0349101752,2005-04,1
0349107688,2005-09,1
034911580X,2005-03,1
0352335491,2005-07,1
035233696X,2005-09,1
0352337788,2005-06,1
0352338008,2005-05,1
0352339047,2005-05,1
0352339926,2005-09,1
0356102440,2005-03,1
0370011015,2005-09,1
0373029942,2005-01,1
0373075367,2005-03,1
0373079680,2005-03,1
0373119615,2005-06,1
0373122195,2005-07,1
0373122713,2005-09,1
0373123019,2005-08,1
0373123647,2005-08,1
0373123795,2005-10,1
0373123914,2005-08,1
0373124457,2005-01,1
0373124554,2005-03,1
0373165994,2005-09,1
0373217331,2005-06,1
0373218338,2005-02,1
0373218575,2005-05,1
0373218575,2005-08,1
0373218761,2005-02,1
0373220065,2005-06,1
0373226209,2005-09,1
0373228279,2005-07,1
0373230311,2005-08,1
037323032X,2005-08,1
0373230338,2005-08,1
0373242816,2005-03,1
0373244916,2005-04,1
0373246293,2005-03,1
0373246749,2005-06,1
0373246978,2005-07,1
0373250223,2005-05,1
0373250290,2005-04,1
0373250304,2005-08,1
0373250371,2005-02,1
037325038X,2005-06,1
0373250452,2005-04,1
0373250525,2005-02,1
0373250592,2005-03,1
0373250622,2005-06,1
0373250630,2005-07,1
0373250703,2005-02,1
0373250703,2005-08,1
0373250703,2005-10,1
0373250711,2005-03,1
037325072X,2005-03,1
0373250746,2005-09,1
0373250746,2005-10,1
0373250754,2005-06,1
0373250762,2005-03,1
0373250797,2005-09,1
0373263856,2005-03,1
0373271484,2005-04,1
0373272812,2005-01,1
0373273878,2005-08,1
0373285124,2005-09,1
0373285167,2005-09,1
0373288638,2005-02,1
0373290519,2005-01,1
0373292120,2005-04,1
0373292643,2005-02,1
0373293461,2005-04,1
037329350X,2005-04,1
0373293615,2005-09,1
037330112X,2005-05,1
0373311850,2005-03,1
0373388136,2005-08,1
0373442084,2005-04,1
0373484801,2005-09,1
0373512120,2005-06,1
0373513151,2005-08,1
0373513194,2005-08,1
0373513216,2005-07,1
0373513224,2005-03,1
0373513259,2005-08,1
0373513356,2005-04,1
0373513445,2005-03,1
0373513496,2005-09,1
0373513607,2005-08,1
0373513674,2005-09,1
0373612893,2005-09,1
0373613563,2005-09,1
0373619332,2005-09,1
037361960X,2005-09,1
0373625804,2005-07,1
0373632479,2005-02,1
0373632487,2005-04,1
0373632495,2005-06,1
0373632517,2005-07,1
0373632525,2005-06,1
0373632541,2005-07,1
0373632541,2005-08,1
0373691521,2005-07,1
0373691807,2005-06,1
0373691807,2005-07,1
0373692285,2005-05,1
0373704089,2005-08,1
0373704585,2005-08,1
0373705921,2005-09,1
0373707363,2005-06,1
0373707924,2005-09,1
037370805X,2005-08,1
0373708084,2005-07,1
0373709692,2005-08,1
0373710275,2005-09,1
0373710402,2005-05,1
0373710690,2005-08,1
037371162X,2005-06,1
0373712286,2005-05,1
0373712553,2005-04,1
0373712588,2005-07,1
037371288X,2005-08,1
0373712898,2005-07,1
0373712936,2005-09,1
0373720092,2005-03,1
037376331X,2005-07,1
0373765614,2005-06,1
0373765673,2005-06,1
037376572X,2005-03,1
037376636X,2005-05,1
0373766483,2005-06,1
0373766645,2005-08,1
0373770049,2005-07,1
0373770073,2005-04,1
0373770243,2005-01,1
037377026X,2005-06,1
037377026X,2005-07,2
0373770278,2005-07,1
0373770294,2005-07,1
0373770294,2005-08,2
0373770316,2005-03,2
0373770340,2005-10,1
0373770413,2005-09,1
0373770456,2005-07,1
0373770464,2005-10,1
0373770553,2005-09,1
037377057X,2005-09,3
0373770588,2005-08,1
0373770588,2005-09,1
037377060X,2005-09,1
0373770642,2005-09,1
0373785097,2005-05,1
0373785127,2005-04,1
0373785151,2005-02,1
0373785291,2005-02,1
0373785321,2005-04,1
0373785402,2005-07,1
0373785402,2005-08,1
0373785437,2005-09,1
0373790600,2005-09,1
0373791291,2005-04,1
0373791933,2005-09,1
037380203X,2005-02,1
0373802072,2005-07,1
0373802099,2005-08,1
0373802110,2005-03,1
0373802129,2005-08,1
0373802137,2005-02,1
0373802137,2005-08,1
0373802153,2005-05,1
0373802226,2005-08,1
0373802234,2005-07,1
0373802234,2005-08,2
0373802234,2005-09,4
0373802234,2005-10,1
0373802277,2005-08,1
0373802307,2005-09,1
0373802307,2005-10,1
0373802455,2005-08,1
0373823452,2005-06,1
037383604X,2005-01,1
0373836112,2005-04,1
0373836414,2005-02,1
0373836414,2005-08,1
0373836457,2005-05,1
0373836457,2005-07,1
037383649X,2005-05,1
0373836511,2005-09,1
0373836538,2005-09,1
0373836562,2005-09,1
0373836783,2005-07,1
0373836783,2005-08,2
0373872151,2005-09,1
0373872364,2005-09,1
0373872410,2005-09,1
037387247X,2005-09,1
0373872534,2005-09,1
0373872569,2005-09,1
0373872607,2005-02,1
0373872682,2005-09,1
0373872801,2005-09,1
037387281X,2005-06,1
0373872828,2005-09,1
0373872976,2005-07,1
0373872992,2005-07,1
0373873131,2005-08,1
037387328X,2005-09,1
0373880545,2005-08,1
0373895100,2005-01,1
0373895100,2005-04,1
0373895119,2005-03,1
0373895127,2005-03,1
0373895194,2005-04,1
0373895356,2005-10,1
0374100179,2005-05,1
0374103828,2005-06,1
0374104433,2005-01,1
0374104433,2005-02,1
0374113149,2005-05,1
0374114323,2005-07,1
0374115184,2005-01,1
0374115591,2005-10,1
0374115710,2005-06,1
0374120773,2005-08,1
0374128715,2005-04,1
0374128731,2005-09,1
0374128839,2005-09,1
0374128855,2005-08,1
0374133468,2005-05,1
0374135770,2005-09,1
0374138257,2005-02,1
0374153892,2005-01,1
0374153892,2005-04,1
0374153892,2005-06,3
0374153892,2005-07,3
0374153892,2005-08,4
0374153892,2005-10,1
0374161380,2005-07,1
0374175268,2005-07,1
0374175268,2005-09,1
0374175284,2005-07,1
0374175284,2005-09,1
0374175284,2005-10,1
0374175578,2005-05,1
0374177376,2005-07,1
0374179956,2005-08,1
0374185468,2005-08,1
0374186871,2005-07,1
0374191654,2005-09,1
0374199736,2005-01,1
0374201781,2005-04,1
0374202346,2005-03,1
0374205183,2005-10,1
0374216932,2005-08,1
0374219737,2005-09,1
0374221790,2005-03,1
0374225907,2005-04,1
0374236755,2005-04,1
0374237271,2005-05,1
0374247420,2005-01,1
0374249032,2005-06,1
0374253854,2005-03,1
0374256802,2005-10,1
0374256985,2005-09,1
0374261873,2005-06,1
0374261873,2005-08,2
0374261903,2005-06,1
0374269734,2005-10,1
0374270082,2005-09,1
0374270325,2005-09,1
0374272271,2005-03,1
0374281319,2005-08,1
0374281394,2005-05,1
0374281394,2005-07,1
0374281416,2005-01,1
0374281580,2005-01,6
0374281580,2005-02,4
0374281580,2005-03,2
0374281580,2005-05,3
0374281580,2005-08,2
0374281580,2005-09,1
0374281580,2005-10,1
0374281688,2005-08,1
0374292884,2005-04,2
0374292884,2005-05,3
0374292884,2005-06,5
0374292884,2005-07,5
0374292884,2005-08,6
0374292884,2005-09,12
0374292884,2005-10,1
0374299625,2005-06,2
0374299625,2005-07,2
0374299625,2005-09,1
0374299625,2005-10,1
0374309221,2005-10,1
0374313822,2005-07,1
0374316627,2005-02,1
0374324859,2005-10,1
0374328528,2005-09,1
0374329494,2005-09,1
0374336970,2005-03,1
0374350159,2005-04,1
0374351147,2005-09,1
0374354855,2005-04,1
0374356386,2005-08,1
0374361649,2005-09,1
0374372365,2005-09,1
0374378061,2005-09,1
0374380252,2005-08,1
0374380503,2005-09,1
0374380708,2005-08,1
0374386714,2005-09,1
0374392234,2005-02,1
0374399506,2005-10,1
0374399689,2005-03,1
0374416117,2005-09,1
0374423075,2005-08,1
0374425906,2005-01,1
0374456283,2005-10,1
0374460310,2005-10,1
0374468680,2005-10,1
0374506523,2005-08,1
0374508844,2005-06,1
0374514313,2005-09,1
0374514429,2005-10,1
0374514968,2005-07,1
0374521042,2005-09,1
0374521409,2005-08,1
0374521964,2005-04,1
0374522871,2005-08,1
0374522995,2005-08,1
0374524688,2005-02,1
0374524955,2005-08,1
0374524971,2005-08,1
0374525080,2005-08,1
0374525102,2005-09,1
0374525609,2005-09,1
0374525641,2005-09,1
0374525870,2005-04,1
0374526230,2005-08,1
0374527350,2005-08,1
0374527350,2005-09,1
0374527776,2005-05,1
0374528373,2005-10,1
0374528403,2005-09,1
0374528535,2005-07,1
0374528535,2005-09,1
0374528659,2005-10,1
0374529388,2005-03,1
0374529647,2005-08,1
0374701245,2005-07,1
0375400125,2005-02,1
0375400354,2005-07,1
0375400532,2005-07,1
0375401377,2005-05,1
0375401466,2005-06,1
037540175X,2005-09,1
0375402179,2005-04,1
0375402322,2005-06,1
0375403558,2005-05,1
0375403728,2005-01,1
0375403728,2005-07,1
0375404031,2005-08,1
0375404031,2005-09,1
0375404546,2005-03,1
037540466X,2005-05,1
0375405062,2005-03,1
0375405062,2005-08,1
0375405852,2005-03,1
0375406107,2005-07,1
0375406255,2005-10,1
0375406298,2005-07,1
0375406778,2005-07,4
0375406778,2005-08,9
0375406778,2005-09,8
0375406778,2005-10,5
0375406972,2005-02,1
0375406972,2005-03,1
0375406972,2005-04,1
0375406972,2005-06,1
0375406972,2005-08,1
0375406972,2005-09,1
0375407006,2005-08,1
0375407219,2005-01,1
0375407545,2005-09,1
0375407650,2005-05,1
0375408479,2005-05,1
0375408908,2005-01,1
0375408908,2005-04,1
0375408908,2005-08,1
0375408983,2005-03,2
0375409009,2005-10,1
0375409017,2005-03,1
0375409432,2005-07,1
0375410309,2005-05,1
0375410856,2005-04,1
0375410902,2005-06,1
0375411089,2005-01,1
0375411089,2005-04,1
0375411089,2005-05,1
0375411518,2005-09,2
0375411550,2005-07,1
0375411585,2005-06,1
0375411607,2005-02,1
0375411666,2005-07,1
0375411887,2005-06,1
0375411887,2005-09,1
0375411925,2005-10,1
0375411968,2005-09,1
0375411976,2005-04,1
0375411976,2005-09,1
0375412026,2005-04,2
0375412026,2005-06,1
0375412026,2005-09,1
0375412336,2005-05,1
0375412425,2005-02,1
0375412425,2005-08,1
0375412549,2005-02,1
0375412883,2005-01,1
0375412883,2005-04,1
0375412883,2005-06,1
0375412913,2005-09,2
037541293X,2005-03,1
0375413189,2005-02,1
0375413189,2005-04,1
0375413375,2005-06,1
0375413553,2005-06,1
0375413987,2005-10,1
0375414002,2005-05,1
0375414002,2005-06,1
0375414002,2005-09,1
0375414126,2005-10,1
0375414339,2005-01,1
0375414339,2005-02,1
0375414339,2005-03,2
0375414339,2005-08,2
0375414339,2005-09,1
0375414398,2005-09,1
0375414576,2005-03,1
0375414576,2005-05,1
0375414576,2005-08,1
0375414614,2005-03,1
0375414657,2005-07,1
037541469X,2005-03,2
037541469X,2005-04,1
037541469X,2005-07,1
0375415017,2005-04,1
0375415033,2005-06,1
0375415041,2005-09,1
0375415246,2005-06,1
0375415319,2005-01,1
0375415327,2005-03,1
0375415467,2005-06,1
0375419918,2005-09,1
037542072X,2005-01,2
0375420843,2005-04,2
0375420843,2005-05,1
0375421033,2005-07,1
0375421262,2005-05,1
0375421300,2005-05,1
037542136X,2005-07,1
037542136X,2005-08,1
0375421610,2005-01,1
037542167X,2005-02,1
0375421882,2005-05,1
0375421904,2005-01,1
0375421904,2005-05,1
0375421904,2005-08,1
0375422048,2005-04,1
0375422188,2005-07,1
037542220X,2005-02,1
037542220X,2005-03,1
0375422307,2005-09,1
0375422382,2005-03,1
0375422390,2005-01,1
0375422404,2005-01,1
0375422404,2005-07,1
0375422404,2005-08,1
0375422439,2005-07,1
0375422587,2005-07,1
0375422587,2005-09,1
0375422641,2005-02,1
0375422692,2005-08,1
0375422714,2005-04,2
0375422714,2005-05,1
0375422714,2005-07,1
0375422714,2005-08,2
0375422714,2005-09,1
0375422765,2005-01,2
0375422765,2005-09,1
0375422811,2005-09,2
0375422986,2005-04,1
0375422986,2005-05,1
0375422986,2005-07,1
0375422994,2005-09,1
0375423044,2005-08,1
0375423052,2005-09,1
0375423052,2005-10,1
0375423079,2005-01,1
0375423079,2005-02,1
0375423079,2005-05,1
0375423079,2005-08,1
0375423125,2005-05,1
0375423133,2005-10,1
037542315X,2005-04,1
0375423214,2005-01,1
0375423214,2005-02,1
0375423214,2005-04,1
0375423214,2005-08,1
0375423257,2005-09,1
0375423281,2005-08,1
0375423362,2005-09,1
0375423508,2005-09,3
0375423524,2005-05,1
0375423524,2005-08,1
0375423524,2005-09,1
0375423559,2005-09,1
0375423737,2005-06,1
0375431454,2005-08,1
0375432329,2005-09,1
0375434704,2005-08,1
0375435190,2005-03,1
0375500324,2005-05,1
0375500332,2005-09,1
0375500626,2005-04,1
0375500944,2005-06,1
0375501568,2005-09,1
0375501584,2005-07,1
0375501843,2005-02,1
0375501843,2005-03,1
0375501843,2005-07,1
0375501843,2005-08,1
0375501916,2005-09,1
0375502440,2005-10,1
0375503587,2005-10,1
0375503617,2005-08,1
0375503773,2005-06,1
0375504176,2005-01,1
0375504257,2005-09,1
0375504419,2005-05,1
0375504494,2005-08,1
0375504540,2005-07,1
037550477X,2005-04,1
037550477X,2005-07,1
0375505075,2005-08,1
0375505245,2005-04,1
0375505466,2005-04,1
0375505490,2005-06,1
0375506098,2005-03,1
0375506152,2005-09,1
0375506152,2005-10,1
0375506187,2005-09,1
0375506233,2005-09,1
0375506322,2005-05,1
0375506500,2005-02,1
0375506500,2005-08,1
0375507108,2005-04,9
0375507108,2005-05,4
0375507108,2005-07,3
0375507108,2005-08,2
0375507108,2005-09,1
0375507191,2005-09,1
0375507256,2005-02,1
0375507256,2005-04,1
0375507256,2005-05,1
0375507256,2005-08,1
0375507531,2005-09,1
0375507604,2005-05,1
0375507612,2005-09,1
0375507817,2005-10,1
0375507833,2005-08,2
037550785X,2005-01,1
037550785X,2005-02,2
037550785X,2005-10,1
0375507973,2005-02,1
0375508147,2005-01,1
037550821X,2005-08,1
037550821X,2005-09,1
0375508368,2005-07,1
0375508465,2005-04,1
0375508465,2005-07,1
0375508465,2005-08,1
0375508473,2005-07,1
0375508473,2005-08,3
0375508473,2005-09,1
0375508589,2005-01,1
0375508589,2005-02,1
0375508589,2005-03,1
0375508589,2005-04,2
0375508589,2005-06,1
0375508589,2005-07,1
0375508589,2005-08,1
0375508589,2005-09,1
0375508589,2005-10,1
0375508775,2005-05,1
0375508775,2005-09,1
0375508791,2005-05,1
0375508961,2005-07,1
0375508961,2005-08,1
0375509100,2005-09,1
0375509127,2005-03,2
037550916X,2005-04,1
0375700129,2005-07,1
0375700137,2005-09,1
0375700331,2005-01,1
0375700730,2005-08,1
0375700994,2005-05,1
0375700994,2005-09,1
0375701079,2005-04,1
0375701079,2005-07,1
0375701214,2005-08,1
0375701303,2005-07,1
0375701427,2005-04,1
037570146X,2005-09,1
0375701478,2005-09,1
0375701710,2005-04,1
0375702245,2005-05,1
0375702482,2005-02,1
037570261X,2005-03,1
0375702628,2005-10,1
0375703233,2005-06,1
0375703373,2005-09,1
0375703381,2005-07,1
0375703713,2005-08,1
0375703764,2005-04,1
0375703764,2005-05,1
0375703764,2005-10,2
0375703829,2005-03,1
0375703934,2005-09,1
0375703993,2005-03,1
0375704027,2005-06,1
037570406X,2005-10,1
0375704248,2005-07,1
0375704426,2005-05,1
0375704434,2005-03,1
037570485X,2005-03,1
0375705023,2005-06,1
0375705090,2005-02,1
0375705244,2005-06,1
0375705465,2005-07,1
0375705511,2005-09,1
0375705635,2005-05,1
0375705759,2005-08,1
0375705767,2005-04,1
0375705856,2005-06,1
0375705856,2005-07,1
0375706062,2005-02,1
0375706062,2005-08,1
0375706135,2005-07,1
0375706216,2005-09,1
0375706364,2005-05,1
0375706364,2005-08,1
0375706410,2005-01,1
0375706429,2005-03,1
0375706534,2005-09,1
0375706860,2005-09,1
0375707212,2005-02,1
0375707336,2005-08,1
0375707409,2005-09,1
0375707425,2005-04,1
037570759X,2005-04,1
0375708111,2005-01,1
0375708111,2005-02,1
0375708111,2005-04,1
0375708111,2005-06,1
0375708111,2005-07,1
0375708111,2005-08,2
0375708200,2005-04,1
0375708278,2005-07,1
0375708308,2005-05,1
0375708707,2005-06,1
0375708731,2005-07,1
0375708731,2005-10,1
037570910X,2005-01,1
037570910X,2005-03,1
0375709150,2005-05,1
0375710027,2005-10,1
0375710477,2005-04,1
0375710760,2005-10,1
037571300X,2005-10,1
0375713247,2005-07,1
0375713271,2005-09,1
0375713301,2005-09,1
0375713425,2005-08,1
0375713425,2005-09,1
0375713751,2005-03,1
0375713751,2005-04,1
0375714111,2005-10,1
0375714340,2005-03,1
0375714499,2005-07,1
0375714529,2005-09,1
0375718982,2005-09,1
0375719202,2005-05,1
0375719296,2005-09,1
0375719350,2005-04,1
037571944X,2005-08,1
0375720812,2005-07,1
0375720952,2005-04,1
0375721002,2005-08,1
037572107X,2005-06,1
037572107X,2005-09,1
0375724389,2005-04,1
0375724389,2005-05,1
0375724389,2005-09,1
0375724397,2005-07,1
0375724400,2005-06,1
0375724508,2005-03,1
0375724591,2005-03,1
0375724850,2005-10,1
0375725024,2005-06,1
0375725172,2005-01,1
0375725466,2005-02,1
0375725601,2005-01,1
0375725601,2005-02,1
0375725601,2005-04,1
0375725601,2005-05,1
0375725601,2005-07,2
0375725601,2005-08,3
0375725601,2005-09,1
0375725601,2005-10,1
0375725784,2005-07,1
0375725784,2005-08,1
0375725784,2005-09,1
0375725792,2005-04,1
0375725806,2005-04,1
0375725849,2005-01,1
0375725849,2005-04,1
0375725849,2005-07,1
0375725873,2005-08,1
0375726276,2005-10,1
0375726349,2005-03,1
0375726373,2005-08,1
0375726403,2005-03,1
0375726403,2005-04,1
0375726403,2005-08,1
0375726403,2005-09,1
037572656X,2005-06,1
0375726624,2005-07,1
0375726799,2005-10,1
0375726810,2005-10,1
0375727019,2005-04,1
0375727051,2005-09,1
0375727124,2005-08,1
0375727205,2005-04,1
0375727205,2005-07,1
0375727361,2005-02,1
0375727388,2005-05,1
0375727434,2005-03,1
0375727752,2005-08,1
0375727787,2005-06,1
0375751114,2005-07,1
0375751432,2005-09,1
0375751513,2005-05,1
0375752250,2005-03,1
0375752250,2005-05,1
0375752250,2005-06,1
0375752285,2005-01,1
0375752285,2005-08,1
037575251X,2005-04,1
0375753702,2005-02,1
0375753834,2005-07,1
0375753974,2005-01,1
0375754458,2005-09,1
0375754784,2005-09,1
0375755586,2005-09,1
0375756485,2005-06,1
0375756566,2005-08,1
0375756752,2005-07,1
0375757090,2005-07,1
0375757309,2005-06,1
0375757325,2005-01,1
0375757341,2005-09,1
0375757449,2005-03,1
0375757511,2005-09,1
0375757945,2005-04,1
0375758070,2005-07,1
0375758119,2005-10,1
0375758216,2005-03,1
0375758259,2005-04,1
0375758259,2005-07,1
0375758364,2005-08,1
0375758453,2005-09,1
0375758550,2005-09,1
0375758623,2005-07,1
037575864X,2005-09,1
0375758771,2005-08,1
0375758984,2005-05,1
0375758984,2005-07,1
0375759069,2005-03,1
0375759174,2005-09,1
037575945X,2005-08,1
0375759484,2005-07,1
0375759816,2005-03,1
0375759832,2005-01,1
0375759921,2005-09,1
0375760008,2005-03,1
0375760393,2005-01,1
0375760393,2005-02,1
0375760393,2005-08,1
0375760520,2005-07,1
0375760881,2005-09,1
0375760903,2005-06,1
0375760903,2005-08,1
0375760911,2005-07,1
0375760911,2005-08,1
0375760946,2005-10,1
0375760989,2005-08,2
0375760989,2005-09,1
0375761152,2005-09,1
0375761284,2005-05,1
037576206X,2005-09,1
0375762590,2005-09,1
0375762639,2005-07,2
0375762671,2005-04,1
0375762671,2005-09,1
0375763023,2005-09,1
0375763244,2005-08,1
0375763333,2005-08,1
0375763805,2005-08,1
0375763910,2005-09,1
0375764011,2005-08,1
0375764054,2005-04,1
0375764089,2005-04,1
0375764291,2005-03,1
0375764291,2005-08,1
0375764526,2005-06,1
0375764623,2005-10,1
0375764631,2005-10,1
0375764771,2005-09,1
0375764836,2005-09,1
0375800425,2005-07,1
0375801383,2005-08,1
0375801537,2005-06,1
037580322X,2005-06,1
0375803319,2005-08,1
0375803319,2005-10,1
0375804137,2005-04,1
0375804137,2005-08,1
0375805613,2005-08,2
0375806148,2005-09,1
0375806350,2005-09,1
0375810455,2005-03,1
0375810455,2005-04,1
0375810455,2005-05,1
0375810455,2005-07,2
0375810455,2005-08,2
0375810455,2005-09,3
0375810455,2005-10,1
0375810617,2005-08,1
0375810617,2005-09,1
037581082X,2005-08,1
0375812636,2005-03,1
0375813659,2005-08,2
0375813926,2005-09,1
0375814965,2005-10,1
0375815120,2005-01,1
0375815120,2005-07,1
0375815260,2005-09,1
0375815376,2005-01,1
0375821821,2005-10,1
037582233X,2005-01,1
037582233X,2005-09,2
0375822658,2005-08,1
0375822658,2005-09,1
0375822666,2005-08,1
0375822704,2005-08,1
0375822747,2005-06,1
0375822747,2005-08,1
0375823492,2005-01,1
0375823522,2005-10,1
0375823611,2005-08,1
0375824006,2005-01,1
0375824294,2005-08,1
0375824308,2005-07,1
0375824863,2005-02,1
0375825037,2005-09,1
0375825193,2005-09,1
0375825274,2005-05,1
0375825444,2005-07,1
0375825533,2005-08,1
0375825770,2005-03,1
0375825819,2005-07,1
0375825924,2005-08,1
0375826122,2005-05,1
0375826211,2005-07,1
0375826432,2005-07,1
0375826432,2005-08,1
0375826432,2005-10,1
0375826440,2005-09,1
0375826688,2005-03,1
0375826688,2005-05,2
0375826688,2005-06,1
0375826688,2005-08,1
0375826688,2005-09,1
0375826696,2005-07,1
0375826696,2005-09,3
0375826696,2005-10,1
037582670X,2005-09,21
037582670X,2005-10,5
0375826904,2005-01,1
0375826904,2005-05,1
0375826904,2005-09,1
0375827439,2005-01,1
0375827439,2005-09,1
0375827781,2005-07,1
0375828052,2005-08,1
0375828443,2005-08,1
037582877X,2005-01,1
0375829555,2005-08,1
0375830316,2005-09,1
0375830499,2005-05,1
0375830499,2005-10,1
0375830715,2005-03,1
0375830715,2005-04,1
0375830995,2005-08,1
0375831207,2005-10,1
0375831231,2005-10,1
0375831274,2005-06,1
0375831681,2005-03,1
037583186X,2005-10,1
0375832254,2005-10,1
0375832793,2005-06,1
0375832793,2005-08,1
0375833072,2005-08,1
0375836586,2005-09,1
0375836586,2005-10,1
0375910697,2005-06,1
0375925333,2005-09,1
0376010614,2005-09,1
0376011084,2005-09,1
0376013761,2005-08,1
0376015144,2005-07,1
0376015144,2005-09,1
0376017392,2005-04,1
0376020466,2005-02,1
0376020466,2005-07,1
0376020466,2005-09,2
0376037539,2005-09,1
0376037776,2005-09,1
0376038756,2005-09,1
0376038772,2005-08,1
0376061324,2005-09,1
037609057X,2005-09,1
0380000369,2005-05,1
0380001373,2005-08,1
0380001381,2005-06,1
0380001519,2005-06,1
0380002450,2005-07,1
0380002930,2005-03,1
0380005492,2005-02,2
0380012863,2005-05,1
0380012863,2005-07,1
0380013924,2005-03,1
0380014033,2005-08,1
0380015390,2005-03,2
0380018179,2005-10,1
0380400480,2005-05,1
0380433230,2005-08,1
0380450623,2005-08,1
0380578859,2005-07,1
0380579278,2005-04,1
0380603926,2005-01,1
0380633132,2005-04,1
0380633132,2005-08,1
0380652277,2005-08,1
0380701022,2005-03,1
0380703475,2005-08,1
0380703882,2005-03,1
0380707527,2005-01,1
0380708213,2005-08,1
0380709120,2005-01,1
0380709538,2005-08,1
0380709570,2005-08,1
0380710838,2005-04,1
0380711117,2005-09,1
0380711346,2005-04,1
0380713055,2005-07,1
0380713055,2005-08,1
0380713055,2005-10,1
0380713608,2005-09,1
0380713799,2005-03,1
0380713802,2005-09,1
0380714000,2005-09,1
0380715775,2005-09,1
0380717581,2005-09,1
0380717638,2005-02,1
0380717638,2005-04,1
0380718332,2005-08,1
0380718340,2005-08,1
0380718758,2005-05,1
0380718960,2005-06,1
0380719991,2005-04,1
0380723336,2005-06,1
0380723336,2005-07,1
0380725231,2005-03,1
0380725703,2005-09,1
0380725711,2005-09,1
038072572X,2005-08,1
0380726297,2005-04,1
0380727501,2005-09,1
0380728133,2005-01,1
038072846X,2005-04,1
0380728524,2005-08,1
0380728532,2005-02,1
0380728729,2005-02,1
0380728729,2005-07,1
0380728818,2005-06,1
0380729105,2005-10,1
0380729342,2005-06,1
0380729687,2005-05,1
0380731452,2005-08,1
0380731479,2005-09,1
0380731509,2005-10,1
0380731762,2005-04,1
0380731800,2005-03,1
0380731851,2005-08,1
038073186X,2005-04,1
0380731916,2005-09,1
0380731959,2005-09,1
0380732661,2005-08,1
038073267X,2005-09,1
0380732696,2005-08,1
0380750872,2005-03,1
0380751925,2005-02,1
0380751925,2005-09,1
0380756072,2005-01,1
0380756250,2005-08,1
0380756269,2005-09,1
0380757354,2005-07,1
0380758741,2005-02,1
0380758881,2005-01,1
0380759632,2005-05,1
0380759632,2005-08,1
0380762587,2005-08,1
0380764008,2005-03,1
0380766485,2005-07,1
0380766892,2005-09,1
0380769530,2005-09,1
038077013X,2005-08,1
0380770237,2005-03,1
038077030X,2005-09,1
0380770563,2005-04,1
0380772574,2005-06,1
0380773384,2005-04,1
0380773384,2005-08,1
0380773384,2005-09,2
0380773406,2005-08,1
0380775484,2005-08,1
0380775735,2005-09,1
0380776162,2005-01,1
0380776170,2005-02,1
0380776170,2005-09,1
0380777045,2005-02,1
0380777398,2005-02,1
0380777606,2005-01,1
0380778556,2005-07,1
0380778556,2005-08,1
0380778874,2005-05,1
0380779625,2005-08,1
0380780763,2005-08,1
0380781956,2005-09,1
0380782065,2005-08,1
0380782847,2005-09,1
0380787458,2005-03,1
0380788411,2005-03,1
0380788624,2005-05,1
0380788683,2005-01,1
0380789019,2005-06,1
0380789019,2005-08,1
0380789035,2005-06,1
0380789884,2005-04,1
0380792273,2005-02,1
0380795523,2005-01,1
0380797038,2005-09,1
0380797038,2005-10,1
038079747X,2005-08,1
0380797631,2005-06,2
0380798360,2005-01,1
0380798476,2005-08,1
0380798581,2005-02,1
0380798654,2005-02,1
0380799006,2005-01,1
0380799006,2005-02,1
0380799006,2005-09,1
0380799103,2005-07,1
0380799154,2005-08,1
0380800160,2005-07,1
0380802325,2005-04,1
0380802325,2005-08,1
0380802600,2005-09,1
0380802805,2005-02,1
0380803291,2005-08,1
0380803941,2005-08,1
0380804433,2005-09,1
0380804557,2005-02,1
038080493X,2005-04,1
0380805413,2005-09,1
0380805421,2005-04,1
0380806347,2005-02,1
0380806460,2005-06,1
0380807319,2005-10,1
0380807343,2005-04,1
0380807920,2005-06,1
0380807971,2005-08,1
038080798X,2005-03,1
0380808986,2005-05,1
0380809044,2005-09,1
0380809052,2005-08,1
0380809052,2005-10,1
0380809060,2005-02,1
0380809060,2005-05,1
0380809060,2005-08,3
0380809362,2005-09,2
0380810336,2005-03,1
0380810336,2005-07,1
0380810336,2005-08,1
0380810336,2005-09,4
0380810336,2005-10,1
038081093X,2005-08,1
0380811073,2005-04,1
0380811960,2005-05,1
0380811960,2005-08,1
0380812525,2005-03,1
0380812525,2005-09,1
0380812924,2005-09,1
0380812975,2005-07,1
0380813300,2005-03,1
0380813785,2005-10,1
0380813793,2005-10,1
0380813815,2005-01,2
0380813815,2005-05,1
0380813815,2005-06,2
0380813815,2005-08,1
0380813815,2005-09,1
0380814137,2005-02,1
0380814676,2005-05,1
0380815346,2005-04,1
0380815575,2005-08,1
0380815575,2005-09,1
0380815923,2005-10,1
0380815931,2005-03,1
0380815931,2005-09,1
0380816547,2005-03,1
0380816857,2005-08,1
0380817152,2005-08,1
0380817160,2005-08,1
0380817209,2005-08,1
0380817853,2005-06,1
0380817918,2005-06,1
0380817926,2005-08,1
0380817934,2005-07,1
0380818248,2005-08,1
0380818477,2005-08,1
0380818507,2005-01,1
0380818590,2005-04,1
0380818604,2005-07,1
0380818604,2005-08,1
0380818612,2005-08,1
0380818647,2005-01,1
0380818884,2005-03,1
0380819597,2005-01,1
0380819627,2005-04,1
0380819635,2005-02,1
0380819651,2005-05,1
038082020X,2005-08,1
0380820218,2005-09,1
0380820234,2005-10,1
0380820439,2005-02,1
038082101X,2005-07,1
0380822237,2005-05,1
0380822237,2005-09,1
0380822253,2005-07,1
0380844001,2005-04,1
0380973103,2005-01,1
0380973103,2005-08,1
0380973464,2005-05,1
0380973510,2005-08,1
0380974916,2005-07,1
0380976706,2005-08,1
0380977427,2005-07,1
0380977427,2005-09,1
0380977788,2005-03,1
0380978555,2005-09,1
0380978938,2005-02,1
0380978938,2005-08,1
0380978946,2005-07,6
0380978946,2005-08,6
0380978946,2005-09,1
0380979020,2005-04,1
0380979020,2005-07,1
0382066421,2005-08,1
0383037719,2005-06,1
0385006896,2005-10,1
0385008619,2005-08,1
038500995X,2005-01,1
0385015836,2005-08,1
0385020767,2005-09,1
0385029306,2005-08,1
0385030975,2005-10,1
0385031386,2005-04,1
0385036434,2005-02,1
0385036434,2005-09,1
0385038550,2005-09,2
0385044518,2005-04,1
0385047932,2005-10,1
0385051077,2005-01,1
0385051085,2005-03,1
0385055498,2005-08,1
0385058985,2005-06,1
0385062133,2005-01,1
038506277X,2005-03,1
0385062885,2005-07,1
0385074131,2005-08,1
0385074344,2005-06,1
0385076967,2005-09,1
0385077254,2005-06,1
0385080190,2005-07,1
0385093306,2005-07,1
0385096356,2005-01,1
0385096682,2005-08,1
0385113595,2005-03,1
0385121229,2005-05,1
0385121679,2005-06,1
0385122764,2005-03,1
0385122772,2005-03,1
0385131127,2005-02,1
0385135947,2005-08,1
0385142633,2005-07,1
0385142641,2005-09,2
0385147775,2005-04,1
0385148070,2005-10,1
0385157894,2005-09,1
0385159676,2005-09,1
0385174934,2005-04,1
0385178743,2005-07,1
0385179049,2005-10,1
0385180802,2005-05,1
0385188188,2005-10,1
0385189494,2005-07,1
0385192509,2005-03,1
0385192681,2005-07,1
038519577X,2005-08,1
0385198671,2005-05,1
0385232799,2005-08,1
0385232799,2005-09,1
038523869X,2005-03,1
0385246366,2005-08,1
0385247125,2005-10,1
0385247672,2005-09,1
0385247745,2005-09,1
0385249373,2005-04,1
0385249373,2005-05,2
038526349X,2005-04,1
0385264666,2005-03,1
0385264666,2005-04,1
0385264682,2005-05,1
0385264704,2005-06,1
0385265204,2005-01,1
0385265212,2005-10,1
0385266707,2005-01,1
0385279213,2005-06,1
0385281889,2005-05,1
0385285019,2005-02,1
0385285019,2005-09,1
0385296940,2005-05,1
0385297300,2005-05,1
0385302304,2005-03,1
0385302304,2005-08,1
0385311575,2005-02,1
0385311575,2005-04,1
0385311575,2005-06,1
0385312113,2005-05,1
0385312202,2005-07,1
038531258X,2005-03,1
038531258X,2005-07,1
0385314280,2005-08,1
0385314388,2005-01,1
0385314388,2005-02,1
0385314388,2005-09,1
0385315147,2005-07,1
0385315228,2005-05,1
0385315279,2005-05,1
0385315279,2005-06,1
0385318219,2005-02,1
0385318790,2005-08,1
0385318944,2005-06,1
038531986X,2005-04,1
038531986X,2005-09,1
0385320000,2005-04,1
0385321759,2005-10,1
0385324162,2005-09,1
0385324162,2005-10,5
038533348X,2005-08,1
0385333501,2005-10,1
0385333781,2005-08,1
038533379X,2005-09,1
0385334141,2005-09,1
0385334206,2005-02,1
0385334206,2005-08,1
0385334230,2005-02,1
0385334516,2005-10,1
0385335156,2005-09,1
0385335482,2005-06,1
0385335482,2005-10,1
0385335687,2005-04,1
0385335814,2005-03,1
0385335822,2005-09,1
0385335830,2005-06,1
0385335970,2005-09,1
0385335997,2005-10,1
0385336039,2005-08,1
0385336373,2005-07,1
0385336373,2005-09,1
0385336497,2005-07,1
0385336497,2005-08,1
0385336497,2005-09,1
0385336535,2005-05,1
0385336535,2005-09,2
0385336608,2005-08,1
0385336624,2005-01,1
0385336675,2005-02,1
0385336675,2005-06,1
0385336683,2005-06,4
0385336683,2005-07,4
0385336683,2005-08,3
0385336683,2005-09,3
0385336748,2005-05,1
0385336780,2005-07,1
0385336810,2005-01,2
0385336810,2005-06,1
0385336829,2005-10,1
0385337116,2005-03,1
0385337116,2005-04,1
0385337116,2005-05,1
0385337116,2005-07,1
0385337116,2005-09,1
0385337116,2005-10,1
0385337140,2005-04,1
038533723X,2005-01,1
0385337345,2005-07,1
0385337418,2005-01,1
0385337418,2005-05,1
0385337477,2005-01,1
0385337655,2005-09,1
0385337957,2005-07,2
0385338015,2005-07,2
0385338074,2005-04,1
0385338074,2005-10,1
0385338082,2005-07,1
0385338090,2005-08,1
0385338104,2005-07,1
0385338112,2005-02,1
0385338171,2005-05,1
0385338171,2005-08,1
0385338228,2005-04,1
0385338252,2005-01,1
0385338252,2005-03,1
0385338252,2005-08,1
0385338260,2005-05,1
0385338260,2005-06,1
0385338333,2005-01,1
0385338465,2005-09,1
0385338473,2005-07,1
0385338473,2005-08,1
0385338511,2005-06,1
0385338597,2005-06,1
0385338686,2005-07,3
0385338686,2005-08,5
0385338686,2005-09,1
0385338686,2005-10,1
0385338783,2005-10,1
0385339143,2005-09,5
0385410956,2005-08,1
0385411499,2005-03,1
0385413726,2005-01,1
0385413726,2005-07,1
0385416679,2005-05,1
0385418485,2005-07,1
0385418493,2005-09,1
0385420536,2005-05,1
0385421141,2005-09,1
0385421311,2005-05,1
0385422431,2005-09,1
0385423756,2005-07,1
0385424302,2005-07,1
0385425309,2005-02,1
038546777X,2005-08,1
0385467974,2005-09,2
0385467990,2005-09,1
0385468059,2005-03,1
0385468431,2005-09,1
0385468741,2005-04,1
0385468938,2005-09,1
0385469624,2005-07,1
0385471106,2005-10,1
0385473079,2005-08,1
0385474210,2005-08,1
0385474237,2005-09,1
0385474326,2005-08,1
0385474547,2005-05,1
0385474903,2005-07,1
0385475195,2005-04,1
0385475772,2005-03,1
0385475772,2005-04,1
0385475772,2005-09,1
0385475918,2005-01,1
0385476957,2005-04,1
0385477317,2005-10,1
0385478348,2005-07,1
0385479425,2005-04,1
0385479549,2005-03,1
0385479662,2005-09,1
0385479670,2005-05,1
0385479670,2005-09,1
0385480016,2005-02,1
0385480016,2005-03,2
0385480016,2005-04,1
0385480016,2005-09,1
038548044X,2005-09,1
0385481179,2005-09,1
0385481861,2005-07,1
0385481969,2005-10,1
0385482361,2005-09,1
038548254X,2005-08,1
0385482698,2005-09,1
0385483481,2005-05,1
0385483481,2005-10,1
0385483627,2005-04,1
0385483627,2005-07,1
0385483813,2005-06,1
0385484194,2005-02,1
0385484488,2005-03,1
0385484518,2005-09,1
0385484577,2005-08,1
0385485107,2005-10,1
038548562X,2005-04,1
038548562X,2005-06,1
038548562X,2005-09,1
0385486677,2005-07,1
0385486804,2005-07,1
0385486804,2005-10,1
038548707X,2005-03,1
038548755X,2005-10,1
0385487622,2005-05,1
0385488181,2005-08,1
0385488416,2005-05,1
0385488416,2005-08,1
0385488963,2005-01,1
0385489846,2005-08,1
038549064X,2005-08,1
0385491034,2005-06,1
0385491050,2005-07,1
0385491174,2005-05,1
0385491670,2005-01,2
0385491743,2005-01,1
0385492162,2005-08,1
0385492243,2005-05,1
0385492286,2005-09,1
0385492510,2005-06,1
0385492510,2005-07,1
0385492510,2005-08,1
0385492715,2005-02,1
0385493207,2005-07,1
0385493711,2005-08,1
0385494149,2005-08,1
0385494246,2005-03,1
0385494335,2005-08,1
0385494602,2005-08,1
0385494785,2005-05,1
0385494785,2005-09,1
0385495048,2005-02,1
0385495048,2005-07,1
0385495048,2005-10,1
0385495323,2005-08,1
0385495412,2005-08,1
0385495536,2005-05,1
0385495536,2005-07,1
0385495641,2005-09,2
038549565X,2005-08,1
038549565X,2005-09,1
0385495757,2005-05,2
0385496095,2005-07,1
0385496583,2005-04,1
0385496591,2005-01,1
0385496591,2005-05,1
0385496591,2005-06,1
0385496826,2005-04,1
0385496958,2005-05,1
038549730X,2005-06,1
038549730X,2005-09,1
038549744X,2005-06,1
0385497547,2005-07,1
0385497903,2005-02,1
0385497911,2005-05,1
0385497911,2005-09,1
0385497946,2005-09,1
0385497954,2005-04,1
0385498187,2005-02,1
0385498276,2005-07,1
0385498411,2005-09,1
0385498802,2005-04,1
0385498926,2005-09,1
0385499345,2005-07,1
0385499817,2005-03,1
0385499841,2005-08,1
0385499841,2005-09,1
0385500246,2005-08,1
0385500696,2005-02,1
0385500920,2005-08,1
0385500998,2005-02,2
0385500998,2005-05,1
0385500998,2005-08,1
0385501137,2005-09,1
0385501625,2005-08,2
0385501625,2005-09,1
0385501684,2005-05,1
0385501684,2005-07,1
0385502486,2005-02,1
0385502648,2005-05,1
0385502753,2005-08,1
0385502753,2005-09,1
0385502982,2005-01,1
0385503024,2005-07,1
0385503121,2005-01,1
0385503121,2005-02,1
0385503245,2005-01,1
0385503245,2005-10,1
0385503393,2005-02,1
0385503490,2005-01,1
0385503792,2005-09,1
0385503865,2005-01,1
0385503865,2005-02,2
0385503865,2005-03,1
0385503865,2005-09,1
0385503865,2005-10,1
0385503954,2005-04,1
0385503954,2005-07,1
0385504209,2005-01,1
0385504284,2005-02,4
0385504284,2005-03,6
0385504284,2005-04,1
0385504284,2005-07,1
0385504284,2005-08,1
0385504454,2005-08,1
0385504462,2005-06,1
0385504489,2005-03,1
0385504535,2005-04,2
0385504535,2005-09,1
0385504543,2005-01,1
0385504616,2005-06,1
0385505094,2005-07,1
0385505663,2005-09,2
0385505663,2005-10,1
0385505833,2005-01,1
0385506031,2005-03,1
0385506031,2005-05,1
0385506031,2005-07,1
0385506708,2005-02,1
0385507399,2005-06,1
0385507577,2005-09,1
0385507615,2005-03,1
0385507690,2005-03,1
0385507690,2005-07,1
0385507755,2005-10,1
0385507941,2005-04,1
0385507976,2005-08,1
0385508565,2005-01,1
0385508581,2005-10,1
038550926X,2005-07,1
0385509278,2005-08,1
0385509286,2005-06,1
0385509294,2005-06,1
0385509480,2005-05,2
0385509480,2005-06,2
0385509480,2005-07,1
0385509480,2005-09,1
0385509537,2005-03,1
0385509650,2005-06,1
0385509650,2005-07,1
0385509774,2005-02,1
0385509774,2005-05,1
0385509863,2005-02,2
0385509863,2005-05,2
0385509863,2005-08,1
0385509863,2005-09,1
038550988X,2005-07,1
0385510039,2005-07,1
0385510187,2005-08,1
0385510217,2005-03,1
0385510306,2005-09,1
0385510349,2005-07,1
0385510365,2005-10,1
0385510411,2005-05,2
0385510438,2005-01,1
0385510454,2005-01,3
0385510454,2005-02,5
0385510454,2005-03,1
0385510454,2005-04,1
0385510454,2005-05,2
0385510454,2005-07,1
0385510454,2005-08,2
038551073X,2005-02,1
038551073X,2005-03,2
038551073X,2005-06,1
038551073X,2005-08,1
0385510748,2005-03,1
0385510799,2005-06,1
0385510837,2005-08,1
0385510926,2005-09,4
0385510926,2005-10,2
038551123X,2005-01,1
038551123X,2005-03,1
038551123X,2005-04,3
0385511248,2005-08,1
0385511248,2005-10,1
038551140X,2005-09,2
0385511477,2005-08,1
0385511809,2005-04,5
0385511809,2005-05,4
0385511809,2005-06,1
0385511809,2005-07,1
0385511809,2005-08,2
0385511809,2005-09,1
0385511868,2005-09,2
0385511892,2005-01,1
0385511892,2005-04,1
0385511892,2005-06,1
0385511906,2005-10,1
0385511922,2005-05,1
0385512058,2005-02,2
0385512058,2005-04,2
0385512058,2005-08,1
0385512058,2005-09,2
0385512058,2005-10,1
0385512104,2005-09,1
0385512171,2005-04,1
0385512171,2005-05,1
0385512198,2005-01,1
0385512198,2005-02,1
0385512198,2005-08,1
0385512236,2005-01,3
0385512236,2005-02,1
0385512236,2005-03,1
0385512236,2005-08,1
0385512236,2005-09,1
0385512317,2005-07,1
0385512481,2005-06,2
0385512481,2005-07,1
0385512821,2005-03,1
0385512864,2005-06,1
0385513283,2005-06,1
0385513488,2005-07,1
0385513518,2005-05,1
0385513518,2005-08,1
0385513518,2005-09,1
0385513755,2005-01,2
0385513755,2005-04,2
0385513755,2005-07,2
0385513755,2005-08,2
0385513755,2005-09,3
0385513755,2005-10,1
0385513763,2005-03,1
0385513771,2005-07,1
0385513836,2005-08,1
0385514263,2005-04,1
038551428X,2005-07,2
038551428X,2005-08,2
0385514565,2005-09,1
0385514840,2005-02,1
0385515316,2005-05,1
0385515316,2005-06,1
0385515359,2005-07,1
0385515359,2005-08,4
0385515359,2005-10,1
038551624X,2005-08,1
0385603428,2005-01,1
0385605145,2005-02,1
0385606990,2005-08,1
0385607776,2005-04,1
0385720149,2005-08,1
0385720327,2005-09,1
0385720386,2005-02,1
0385720386,2005-08,1
0385720408,2005-04,1
0385720408,2005-07,1
0385720521,2005-03,1
0385720807,2005-04,1
0385720955,2005-06,1
038572098X,2005-03,1
0385721412,2005-08,1
0385721420,2005-04,1
0385721420,2005-06,1
0385721544,2005-09,1
038572179X,2005-05,1
0385721870,2005-03,1
0385722206,2005-05,1
0385722206,2005-09,1
0385722222,2005-08,1
0385729332,2005-07,1
0385729340,2005-03,1
0385729340,2005-07,1
0385729340,2005-08,1
0385729359,2005-06,1
0385729359,2005-08,1
0385730292,2005-09,1
0385730586,2005-07,1
0385730586,2005-08,2
0385730586,2005-09,1
0385731051,2005-07,1
0385731329,2005-08,1
0385731817,2005-02,1
0385732325,2005-10,1
0385732414,2005-09,1
0385732740,2005-06,1
0385746474,2005-08,1
0385746741,2005-08,1
0385746776,2005-07,1
0385750293,2005-08,1
0385750684,2005-01,1
0385750706,2005-01,1
0385750722,2005-01,1
0385750722,2005-09,1
0385750765,2005-04,1
0385750781,2005-06,1
0385750781,2005-08,1
0385902336,2005-06,1
038700436X,2005-01,1
0387004513,2005-07,1
0387005927,2005-05,1
0387065032,2005-09,1
0387201564,2005-08,1
0387209751,2005-08,1
0387516646,2005-09,1
0387901485,2005-09,1
0387908390,2005-09,1
0387912533,2005-08,1
0387916075,2005-01,1
0387940014,2005-01,1
0387941150,2005-09,1
0387943811,2005-07,1
0387945199,2005-08,1
0387945873,2005-08,1
0387946144,2005-09,1
0387947914,2005-02,1
0387948392,2005-09,1
0387948414,2005-07,1
0387948600,2005-07,1
0387949372,2005-10,1
0387950109,2005-03,1
038795256X,2005-08,1
0387952691,2005-09,1
038795273X,2005-05,1
038795273X,2005-08,1
0387952772,2005-05,1
0387952845,2005-09,1
0387952896,2005-05,1
0387953647,2005-08,1
0387954686,2005-08,1
0387954759,2005-08,1
0387955011,2005-03,1
0387955658,2005-05,1
0387955763,2005-06,1
0387960481,2005-08,1
0387971270,2005-03,1
0387972455,2005-09,1
0387975861,2005-07,1
0387976558,2005-03,1
0387977104,2005-05,1
038797993X,2005-03,1
0387985867,2005-08,1
0387986154,2005-08,1
0393000257,2005-04,1
0393003884,2005-08,1
0393005437,2005-09,1
0393010872,2005-02,1
0393011836,2005-05,1
0393019551,2005-03,1
0393019551,2005-07,1
0393019624,2005-03,1
0393020223,2005-09,1
0393020304,2005-04,1
0393020304,2005-08,1
0393020398,2005-03,1
0393020436,2005-07,1
0393023869,2005-07,1
0393025187,2005-05,1
0393028860,2005-05,1
0393033988,2005-01,1
0393035158,2005-01,4
0393035158,2005-03,4
0393035158,2005-04,2
0393035158,2005-05,5
0393035158,2005-06,3
0393035158,2005-07,2
0393035158,2005-08,2
0393035158,2005-09,2
0393035158,2005-10,2
0393037975,2005-06,1
0393038297,2005-02,1
0393038572,2005-08,1
0393039838,2005-02,1
0393041530,2005-03,1
0393042065,2005-09,1
0393045250,2005-03,1
0393046710,2005-10,1
0393046869,2005-09,1
0393046974,2005-09,1
0393047199,2005-08,1
0393047601,2005-09,1
0393047644,2005-03,1
0393047865,2005-07,1
0393048004,2005-03,1
0393048322,2005-08,1
0393049116,2005-07,1
0393049116,2005-10,1
0393049167,2005-10,1
0393049248,2005-09,1
0393049507,2005-07,1
039304985X,2005-07,1
0393049922,2005-04,1
0393050572,2005-01,2
0393050572,2005-02,1
0393050572,2005-03,1
0393050572,2005-04,2
0393050572,2005-05,1
0393050572,2005-07,1
0393050572,2005-08,1
0393050572,2005-09,1
0393050572,2005-10,1
0393050823,2005-03,1
0393050858,2005-05,1
0393050890,2005-05,1
0393050890,2005-08,2
0393050890,2005-09,1
0393050890,2005-10,1
0393050939,2005-01,1
0393050939,2005-07,1
0393050939,2005-08,1
0393050971,2005-10,1
039305103X,2005-05,1
0393051358,2005-07,1
0393051358,2005-09,1
0393051374,2005-05,1
0393051374,2005-09,1
0393051447,2005-01,1
0393051552,2005-07,1
0393051633,2005-04,1
0393051684,2005-08,1
0393051692,2005-02,1
0393051692,2005-06,2
0393051692,2005-08,1
0393051773,2005-07,1
0393052117,2005-09,1
0393052133,2005-09,1
0393052176,2005-08,1
0393052176,2005-09,1
0393052303,2005-03,1
0393052303,2005-08,1
0393052303,2005-09,1
0393052303,2005-10,1
0393052338,2005-01,1
0393052338,2005-06,2
0393052761,2005-05,1
0393052761,2005-08,1
039305280X,2005-07,1
0393057488,2005-02,1
039305764X,2005-01,1
0393057712,2005-01,1
0393057755,2005-02,1
0393057968,2005-03,1
0393058174,2005-01,1
0393058174,2005-03,1
0393058174,2005-04,1
0393058174,2005-09,1
0393058271,2005-10,1
0393058336,2005-06,1
0393058336,2005-10,1
0393058484,2005-08,1
0393058522,2005-01,1
0393058530,2005-01,1
0393058573,2005-05,1
0393058611,2005-09,1
0393058646,2005-08,1
0393058689,2005-02,1
0393058697,2005-05,2
0393058700,2005-01,1
039305876X,2005-01,1
0393058832,2005-01,1
0393058832,2005-03,1
0393058832,2005-04,1
0393058875,2005-05,1
0393059022,2005-05,1
0393059022,2005-07,1
0393059022,2005-08,1
0393059022,2005-09,1
0393059030,2005-09,1
039305912X,2005-06,1
0393059219,2005-09,1
0393059243,2005-02,1
0393059278,2005-07,1
0393059278,2005-09,1
0393059316,2005-08,1
0393059332,2005-08,1
0393059448,2005-04,1
0393059448,2005-05,1
0393059448,2005-06,1
0393059448,2005-08,2
0393059472,2005-07,1
0393059677,2005-09,1
0393059820,2005-08,1
0393059820,2005-09,1
0393059820,2005-10,1
0393059944,2005-03,1
039306011X,2005-07,1
039306011X,2005-09,1
0393060152,2005-09,1
0393060160,2005-07,1
0393060195,2005-06,1
039306025X,2005-07,1
0393060349,2005-05,1
0393060349,2005-06,2
0393060349,2005-08,2
0393060349,2005-09,3
0393060454,2005-08,1
0393060500,2005-04,1
0393060918,2005-06,1
0393060918,2005-07,3
0393060918,2005-09,1
0393060985,2005-08,3
0393060985,2005-09,2
0393061418,2005-07,1
0393063089,2005-03,1
0393090094,2005-08,1
0393090949,2005-09,1
0393091945,2005-09,1
0393302199,2005-03,1
0393302199,2005-04,1
0393304051,2005-04,1
0393305333,2005-10,1
0393306763,2005-05,1
0393307050,2005-07,1
0393307050,2005-09,1
0393307069,2005-02,1
0393307158,2005-07,1
0393307573,2005-01,1
0393308650,2005-09,1
0393308804,2005-10,1
0393309053,2005-08,1
0393309339,2005-08,1
0393309649,2005-07,1
0393310213,2005-07,1
0393310329,2005-03,1
0393310353,2005-08,1
039331071X,2005-09,1
0393310728,2005-01,1
0393310728,2005-05,1
0393310728,2005-07,1
0393310728,2005-08,1
0393311333,2005-03,1
0393311503,2005-09,1
0393312364,2005-08,1
0393312402,2005-04,1
0393312763,2005-03,1
0393313484,2005-08,1
0393314251,2005-08,1
0393314529,2005-07,1
039331457X,2005-07,1
0393314693,2005-10,2
0393314766,2005-09,1
039331524X,2005-04,1
039331524X,2005-08,1
0393315444,2005-03,1
0393315444,2005-06,1
0393315703,2005-09,1
0393316009,2005-04,1
0393316041,2005-08,1
0393316394,2005-09,1
0393316548,2005-07,1
039331670X,2005-10,1
0393316831,2005-09,1
0393316920,2005-02,1
0393317188,2005-01,1
0393317552,2005-04,1
0393317552,2005-06,1
0393317552,2005-08,3
0393317552,2005-09,2
0393317552,2005-10,4
0393317595,2005-10,1
0393317943,2005-05,1
0393317951,2005-04,1
0393317951,2005-05,1
0393318095,2005-06,1
0393318346,2005-08,1
0393318486,2005-06,1
0393318486,2005-08,1
0393318613,2005-09,1
039331863X,2005-05,1
0393318796,2005-06,1
0393318885,2005-10,1
0393319164,2005-09,1
0393319288,2005-08,1
0393319296,2005-03,1
0393319296,2005-08,1
0393319857,2005-03,1
0393320197,2005-05,1
0393320561,2005-08,1
0393320944,2005-07,1
0393320979,2005-07,1
0393321126,2005-06,1
0393321282,2005-02,1
0393322238,2005-07,1
0393322254,2005-09,1
0393322564,2005-09,1
039332270X,2005-10,1
0393322785,2005-03,1
0393322920,2005-04,1
039332298X,2005-04,1
0393323080,2005-10,1
0393323145,2005-09,1
0393323803,2005-05,1
0393323838,2005-04,1
0393324141,2005-01,1
039332429X,2005-08,1
0393324397,2005-03,1
0393324397,2005-08,1
0393324680,2005-08,1
0393324818,2005-05,2
0393324818,2005-06,2
0393324826,2005-05,1
0393324826,2005-06,1
0393324826,2005-07,2
0393324826,2005-08,1
0393324826,2005-09,1
0393324869,2005-02,1
0393324869,2005-09,1
0393324931,2005-09,1
039332494X,2005-04,1
0393325105,2005-09,1
0393325482,2005-01,1
0393325512,2005-05,1
0393325512,2005-06,1
0393325547,2005-03,1
0393325555,2005-09,1
0393325776,2005-08,1
0393325814,2005-05,1
039332639X,2005-01,1
0393326551,2005-07,1
0393326586,2005-01,1
0393326586,2005-03,1
0393326896,2005-08,1
0393327086,2005-09,1
039332723X,2005-09,1
039332723X,2005-10,1
0393329402,2005-09,1
039370095X,2005-03,1
0393700984,2005-02,1
0393704505,2005-02,1
0393704505,2005-04,1
0393704505,2005-07,1
0393730182,2005-08,1
0393730425,2005-07,1
039373076X,2005-10,1
0393730808,2005-01,1
0393731464,2005-09,1
0393952452,2005-03,1
039395286X,2005-08,1
0393957497,2005-08,1
0393959465,2005-08,1
0393967980,2005-09,1
0393968235,2005-09,1
0393974944,2005-04,1
0393975657,2005-10,1
0393977773,2005-09,1
0393977862,2005-05,1
0394176049,2005-06,1
0394341783,2005-07,1
0394403924,2005-09,1
0394404289,2005-10,1
0394407962,2005-08,1
0394410963,2005-03,1
0394420489,2005-06,1
0394427335,2005-07,1
0394430441,2005-09,1
039443532X,2005-09,1
039446141X,2005-09,1
0394465121,2005-07,1
0394465822,2005-08,1
0394470249,2005-09,1
0394482980,2005-06,1
0394494032,2005-01,1
0394495179,2005-08,1
0394499735,2005-02,1
0394499840,2005-03,1
0394502698,2005-09,1
0394503813,2005-10,1
039450710X,2005-09,1
0394507606,2005-10,1
0394507630,2005-09,1
0394509358,2005-05,1
0394516516,2005-08,2
0394518586,2005-09,1
0394524969,2005-09,1
0394528352,2005-02,1
0394528360,2005-06,1
039453199X,2005-08,1
0394532473,2005-09,1
0394532643,2005-04,1
039453512X,2005-07,1
0394535960,2005-01,1
0394544579,2005-09,1
0394549848,2005-03,1
0394551907,2005-08,1
0394554337,2005-03,1
0394558928,2005-05,1
0394560884,2005-06,1
0394564170,2005-05,1
0394564170,2005-09,1
0394565258,2005-06,1
0394569164,2005-04,1
0394572351,2005-05,1
039457348X,2005-02,1
0394574699,2005-06,1
039458080X,2005-03,1
039458404X,2005-02,1
039458404X,2005-03,1
039458404X,2005-07,1
039458404X,2005-09,1
0394585380,2005-09,1
0394585852,2005-09,1
0394586042,2005-09,1
0394587936,2005-06,1
0394588991,2005-05,1
0394589122,2005-10,1
0394589556,2005-01,1
0394622634,2005-03,1
0394700139,2005-05,1
0394701003,2005-03,1
0394702107,2005-07,1
0394702468,2005-07,1
0394703901,2005-09,1
0394704371,2005-08,1
039470780X,2005-08,1
039470780X,2005-10,1
0394709411,2005-09,1
0394709411,2005-10,1
0394710061,2005-08,1
0394714393,2005-04,1
0394714393,2005-10,1
0394714601,2005-02,1
0394716345,2005-09,1
0394717643,2005-04,1
0394720288,2005-07,1
0394720954,2005-03,1
0394721179,2005-08,1
0394725808,2005-05,1
0394730887,2005-07,1
0394731263,2005-09,1
0394732154,2005-08,1
0394734092,2005-07,1
0394734262,2005-09,1
0394739698,2005-09,1
0394742354,2005-03,1
0394742354,2005-04,1
0394743091,2005-05,1
0394746228,2005-09,1
0394747003,2005-03,1
0394749138,2005-06,1
0394749138,2005-08,1
0394749138,2005-09,1
0394749138,2005-10,1
0394749189,2005-01,1
0394752090,2005-08,1
0394755111,2005-01,2
0394755111,2005-09,1
0394755189,2005-04,1
039475526X,2005-07,1
0394756940,2005-07,1
0394757785,2005-05,1
0394757793,2005-03,1
0394758188,2005-06,1
0394758439,2005-03,1
0394759893,2005-07,1
0394800133,2005-09,1
0394800168,2005-09,1
0394800176,2005-10,1
0394800206,2005-08,1
0394800869,2005-08,1
0394800877,2005-09,1
0394800915,2005-08,1
0394805720,2005-03,1
0394805720,2005-09,2
0394806220,2005-10,1
0394818237,2005-10,1
0394819675,2005-04,1
0394820371,2005-07,1
0394823370,2005-08,1
0394823370,2005-09,1
0394823958,2005-07,1
0394826205,2005-02,1
0394826698,2005-04,1
0394826744,2005-02,1
0394837363,2005-09,1
0394850106,2005-09,1
0394860519,2005-02,1
0394862546,2005-03,1
0394869451,2005-10,1
0394871839,2005-05,1
0394873742,2005-07,1
0394875796,2005-06,1
0394888669,2005-09,1
0394890493,2005-03,1
0394896955,2005-08,1
0394929365,2005-02,1
0395067928,2005-03,1
0395071763,2005-01,1
0395150825,2005-02,1
0395150825,2005-08,1
0395160332,2005-05,1
0395177111,2005-08,2
0395193958,2005-02,1
0395248302,2005-02,1
0395253799,2005-09,1
0395259398,2005-08,1
0395272718,2005-09,1
0395325021,2005-05,1
0395353939,2005-09,1
0395369126,2005-07,1
0395389496,2005-10,1
0395393914,2005-10,1
0395401461,2005-10,1
0395410568,2005-04,1
039541685X,2005-05,1
0395436087,2005-09,1
0395453569,2005-03,1
0395489326,2005-02,1
0395510066,2005-09,1
0395530075,2005-07,1
039553349X,2005-10,1
0395539579,2005-03,1
0395557011,2005-09,1
039556008X,2005-10,1
0395562333,2005-09,1
0395570026,2005-08,1
0395595118,2005-01,2
0395606497,2005-10,1
0395629519,2005-10,1
0395629772,2005-08,1
039563119X,2005-02,1
0395631270,2005-09,1
0395651654,2005-08,1
0395652375,2005-07,1
0395652375,2005-08,1
0395652375,2005-09,1
0395683963,2005-06,1
0395694272,2005-01,1
0395699428,2005-09,1
0395701325,2005-07,1
0395727677,2005-01,1
0395735297,2005-10,1
0395750474,2005-08,1
039575514X,2005-04,1
039575531X,2005-04,1
0395775175,2005-09,1
0395775205,2005-08,1
0395792908,2005-07,1
0395798671,2005-08,1
0395822661,2005-08,1
0395822920,2005-08,1
0395825105,2005-09,1
0395825172,2005-01,1
0395848261,2005-10,1
0395850851,2005-09,1
0395854024,2005-08,1
0395858143,2005-08,1
039586786X,2005-09,1
0395873312,2005-08,1
0395900239,2005-07,1
0395901464,2005-03,1
0395904536,2005-09,1
0395904552,2005-07,1
0395904943,2005-08,1
0395906253,2005-07,1
0395906660,2005-03,1
0395911516,2005-08,1
0395911702,2005-10,1
0395915376,2005-04,1
0395922917,2005-03,1
0395924987,2005-01,1
0395925002,2005-07,1
0395925002,2005-09,1
0395925037,2005-01,1
039592622X,2005-09,1
039592720X,2005-02,1
039592720X,2005-09,1
0395936098,2005-08,1
0395957737,2005-09,1
0395957869,2005-06,1
0395957907,2005-06,1
0395957907,2005-07,1
0395961025,2005-05,1
0395967015,2005-03,1
0395967163,2005-03,1
0395968917,2005-09,1
0395970970,2005-06,1
0395971756,2005-04,1
0395977274,2005-03,1
0395988144,2005-08,1
0396077110,2005-10,1
0396080901,2005-05,1
0396081754,2005-05,1
0396086551,2005-06,1
0396089283,2005-09,1
0397300069,2005-08,1
039751624X,2005-04,1
0398063664,2005-07,1
0398075301,2005-05,1
0398075301,2005-09,1
0399105972,2005-05,1
0399110224,2005-05,1
0399125809,2005-07,1
0399126635,2005-09,1
0399127216,2005-04,1
0399135944,2005-09,1
0399138633,2005-09,1
0399140913,2005-04,1
0399140972,2005-04,1
0399141146,2005-09,1
039914255X,2005-04,1
039914255X,2005-05,1
039914255X,2005-08,1
0399142703,2005-02,1
0399142789,2005-01,1
0399142789,2005-05,1
0399142789,2005-06,1
0399142789,2005-07,1
0399142789,2005-09,2
0399142789,2005-10,1
0399143424,2005-03,1
0399143971,2005-03,1
039914420X,2005-03,1
0399144382,2005-08,1
0399144463,2005-04,2
0399144463,2005-09,1
0399144986,2005-02,1
0399146113,2005-08,1
0399146733,2005-02,1
0399148167,2005-09,1
0399148418,2005-04,1
0399148442,2005-06,1
0399148914,2005-09,1
0399149368,2005-09,1
0399149759,2005-04,1
0399149910,2005-04,1
039915034X,2005-07,1
0399150374,2005-09,1
0399150528,2005-06,1
0399150609,2005-04,1
0399150773,2005-05,1
039915079X,2005-09,1
0399150811,2005-08,2
0399150838,2005-02,1
0399150838,2005-03,1
0399150897,2005-02,1
0399150897,2005-03,1
0399150927,2005-08,3
0399150927,2005-09,2
0399150978,2005-06,1
0399150986,2005-07,1
0399151117,2005-01,1
0399151346,2005-02,1
0399151346,2005-08,1
0399151435,2005-04,1
0399151443,2005-05,1
0399151451,2005-09,1
0399151613,2005-02,1
0399151613,2005-06,1
0399151648,2005-03,1
0399151753,2005-01,1
0399151753,2005-02,1
0399151753,2005-03,1
0399151753,2005-05,1
0399151753,2005-08,1
039915177X,2005-09,1
039915180X,2005-06,1
0399151907,2005-06,1
0399151923,2005-03,1
0399151923,2005-07,1
0399151923,2005-08,1
0399151931,2005-01,1
0399151931,2005-04,1
0399151931,2005-08,1
0399151931,2005-09,2
039915194X,2005-08,1
039915194X,2005-09,1
0399151974,2005-10,1
0399151982,2005-09,1
0399152016,2005-03,1
0399152016,2005-04,1
0399152059,2005-01,1
0399152075,2005-01,3
0399152075,2005-03,2
0399152075,2005-04,1
0399152083,2005-02,2
0399152083,2005-04,1
0399152083,2005-07,1
0399152113,2005-05,1
0399152148,2005-01,1
0399152199,2005-01,1
0399152199,2005-07,1
0399152199,2005-08,1
0399152202,2005-09,1
0399152229,2005-06,1
0399152245,2005-01,1
0399152245,2005-02,1
0399152245,2005-03,1
0399152245,2005-04,1
0399152288,2005-02,1
0399152288,2005-09,1
0399152296,2005-08,2
0399152296,2005-09,6
039915230X,2005-03,1
039915230X,2005-06,1
0399152326,2005-01,1
0399152326,2005-02,2
0399152326,2005-04,1
0399152326,2005-05,1
0399152326,2005-08,1
0399152326,2005-09,2
0399152326,2005-10,1
0399152350,2005-03,1
0399152393,2005-01,1
0399152393,2005-03,2
0399152393,2005-07,1
0399152407,2005-05,2
0399152407,2005-06,2
0399152407,2005-09,1
0399152415,2005-03,1
0399152415,2005-04,2
0399152415,2005-05,1
0399152415,2005-08,1
0399152415,2005-09,3
0399152423,2005-05,1
0399152423,2005-08,1
0399152423,2005-10,1
0399152431,2005-02,1
0399152431,2005-03,2
039915244X,2005-03,1
039915244X,2005-04,2
039915244X,2005-06,1
0399152458,2005-09,1
0399152466,2005-04,1
0399152466,2005-06,1
0399152466,2005-08,1
0399152490,2005-05,2
0399152490,2005-07,2
0399152555,2005-06,1
0399152555,2005-08,1
0399152555,2005-09,1
0399152563,2005-04,2
0399152563,2005-08,1
0399152598,2005-02,1
0399152598,2005-07,1
0399152601,2005-07,1
0399152601,2005-10,1
0399152636,2005-08,1
0399152652,2005-08,1
0399152687,2005-07,1
0399152687,2005-09,1
0399152695,2005-06,1
0399152695,2005-07,1
0399152717,2005-09,1
0399152717,2005-10,1
0399152725,2005-05,3
0399152725,2005-06,3
0399152725,2005-07,3
0399152725,2005-08,3
039915275X,2005-07,1
0399152776,2005-07,2
0399152776,2005-08,2
0399152776,2005-09,1
0399152776,2005-10,1
0399152806,2005-06,1
0399152814,2005-06,1
0399152849,2005-07,2
0399152849,2005-08,1
0399152849,2005-09,1
0399152857,2005-05,1
0399152857,2005-07,1
0399152873,2005-08,2
0399152873,2005-09,1
0399152881,2005-08,1
039915289X,2005-07,6
039915289X,2005-08,4
039915289X,2005-09,1
039915289X,2005-10,1
0399152911,2005-05,1
039915292X,2005-08,1
039915292X,2005-09,1
0399152938,2005-07,1
0399152962,2005-10,1
0399153039,2005-09,1
0399153063,2005-10,1
0399153152,2005-09,4
0399153233,2005-10,2
039915325X,2005-10,1
0399153276,2005-09,1
0399153276,2005-10,3
0399199934,2005-03,1
0399205551,2005-07,1
0399207589,2005-09,1
0399208941,2005-07,1
0399209964,2005-10,1
0399212922,2005-08,1
0399212973,2005-06,1
0399213368,2005-01,1
0399219250,2005-10,1
0399222200,2005-08,1
039922419X,2005-04,1
0399226168,2005-09,1
0399226524,2005-09,1
0399226710,2005-09,1
0399226907,2005-09,2
0399226907,2005-10,1
039922727X,2005-07,1
0399230033,2005-07,1
0399230033,2005-08,1
0399231161,2005-08,1
0399231668,2005-02,1
0399231935,2005-09,1
039923196X,2005-07,1
0399233814,2005-10,1
0399233881,2005-08,1
039923392X,2005-01,1
0399234160,2005-04,1
0399234160,2005-09,1
0399236058,2005-07,1
0399237259,2005-03,1
0399237259,2005-10,1
0399237720,2005-08,1
0399237801,2005-07,1
0399238611,2005-08,1
0399238859,2005-06,1
0399239782,2005-09,1
0399239855,2005-01,1
0399239901,2005-02,1
039923991X,2005-06,1
0399240160,2005-03,1
0399241620,2005-07,1
0399242864,2005-08,1
039924302X,2005-06,1
0399243496,2005-08,1
0399243879,2005-08,1
0399244549,2005-06,1
0399501487,2005-06,1
0399501487,2005-07,1
0399501487,2005-08,1
0399504427,2005-03,1
0399504427,2005-07,1
0399507914,2005-07,1
0399507914,2005-08,1
0399508023,2005-09,1
0399508066,2005-09,1
0399510028,2005-04,1
0399513221,2005-06,1
039951323X,2005-04,1
0399513477,2005-05,1
039951516X,2005-10,1
0399516344,2005-08,1
0399518991,2005-01,1
0399519009,2005-03,1
039951936X,2005-07,1
0399521348,2005-01,1
0399522115,2005-08,1
0399522352,2005-08,1
039952276X,2005-08,1
039952293X,2005-08,1
0399523758,2005-04,1
0399523820,2005-05,1
0399524150,2005-05,1
0399524150,2005-08,1
0399524150,2005-10,1
0399524819,2005-03,1
0399524819,2005-07,1
0399524819,2005-08,1
0399525173,2005-10,1
0399525548,2005-08,1
039952584X,2005-10,1
0399526293,2005-09,1
0399526544,2005-07,1
0399527109,2005-06,1
0399527354,2005-08,1
0399527834,2005-10,1
0399528431,2005-01,1
0399528458,2005-06,1
0399528458,2005-08,2
0399528539,2005-09,1
0399528849,2005-08,1
0399528938,2005-08,1
0399528946,2005-01,1
0399528970,2005-01,1
0399529063,2005-09,1
0399529144,2005-06,1
0399529209,2005-09,1
0399529454,2005-03,1
0399529535,2005-08,1
0399530231,2005-08,1
039953024X,2005-09,1
0399530274,2005-10,1
039953041X,2005-07,1
0399530657,2005-01,3
0399530657,2005-08,1
0399530657,2005-09,3
0399530665,2005-04,1
0399530703,2005-03,1
0399530770,2005-05,1
0399530894,2005-08,1
0399530894,2005-09,1
0399530967,2005-06,1
0399530967,2005-08,1
0399531521,2005-09,1
0399531548,2005-06,1
0399531653,2005-09,1
0399531653,2005-10,1
0399608621,2005-07,1
0404190677,2005-06,1
0404190723,2005-06,1
0405044887,2005-05,1
0405123612,2005-06,1
0405137893,2005-09,1
0413748308,2005-05,1
0413773078,2005-04,1
0415002281,2005-03,1
0415018609,2005-09,1
0415032199,2005-08,1
0415056632,2005-08,1
0415064422,2005-10,1
0415078105,2005-08,1
0415110874,2005-01,1
0415118425,2005-04,1
0415120969,2005-05,1
0415138582,2005-05,1
0415139805,2005-08,1
0415149665,2005-01,1
0415151562,2005-10,1
041515281X,2005-09,1
0415156602,2005-10,1
0415171164,2005-01,1
0415178924,2005-10,1
0415183189,2005-01,1
0415193982,2005-02,1
0415199069,2005-09,1
0415207010,2005-09,1
0415207088,2005-06,1
0415226147,2005-01,1
0415226732,2005-08,1
0415226759,2005-09,1
0415241707,2005-09,1
0415248000,2005-03,1
0415250048,2005-03,1
0415260256,2005-09,1
0415260981,2005-02,1
0415261236,2005-10,1
0415277434,2005-08,1
0415278449,2005-09,1
0415280788,2005-02,1
0415280796,2005-02,1
0415281172,2005-08,1
0415281504,2005-07,1
0415286417,2005-09,1
0415288606,2005-01,1
0415288606,2005-05,1
0415289793,2005-02,1
0415301335,2005-03,1
0415307635,2005-08,1
0415312612,2005-01,1
0415312612,2005-08,1
041531271X,2005-01,1
0415314518,2005-09,1
0415314917,2005-05,1
0415324955,2005-07,1
0415341558,2005-09,1
0415343062,2005-09,1
041535112X,2005-07,1
0415404924,2005-05,1
0415906873,2005-06,1
0415910471,2005-01,1
0415914019,2005-03,1
0415918375,2005-02,1
0415920868,2005-06,1
0415922313,2005-08,1
0415926548,2005-05,1
041592801X,2005-07,1
0415930170,2005-05,1
0415931029,2005-08,1
0415931053,2005-09,1
0415932955,2005-07,1
0415933196,2005-03,1
0415933676,2005-09,3
0415933684,2005-08,1
0415934826,2005-09,1
0415935369,2005-02,1
0415935369,2005-08,1
0415935512,2005-09,1
041593589X,2005-07,1
0415937647,2005-02,1
0415946670,2005-09,1
041595049X,2005-08,1
0415965586,2005-09,1
0415966329,2005-04,1
0415968623,2005-06,1
0415970695,2005-02,1
0425037398,2005-02,1
0425050289,2005-04,1
0425053059,2005-05,1
0425059375,2005-09,1
0425098478,2005-01,1
0425098648,2005-02,1
0425098826,2005-08,1
0425103552,2005-08,2
0425105709,2005-09,1
0425109720,2005-01,1
0425114511,2005-10,1
042511774X,2005-01,1
0425119653,2005-02,1
0425119688,2005-08,1
0425121259,2005-04,1
0425126064,2005-09,1
0425132889,2005-09,1
042513301X,2005-09,1
042513525X,2005-04,1
0425137562,2005-07,1
0425142442,2005-08,1
0425143325,2005-08,1
0425143708,2005-06,1
0425144070,2005-08,1
0425148297,2005-09,4
0425150984,2005-01,1
0425152251,2005-07,1
0425158497,2005-09,1
0425160130,2005-03,1
0425163407,2005-08,1
0425163709,2005-09,1
0425163717,2005-09,1
042516375X,2005-04,1
042516408X,2005-04,1
0425165183,2005-05,1
0425166805,2005-02,1
0425166864,2005-05,2
0425167356,2005-06,1
0425167720,2005-06,1
0425167720,2005-10,1
042516814X,2005-10,1
0425168964,2005-05,1
0425169863,2005-04,1
0425169863,2005-08,1
0425171205,2005-09,1
042517140X,2005-07,1
0425172287,2005-09,1
0425173739,2005-09,1
0425174166,2005-04,1
0425174166,2005-10,1
0425174484,2005-05,1
0425175111,2005-07,1
0425175235,2005-08,1
0425175405,2005-09,1
0425176002,2005-09,1
0425176304,2005-09,1
0425176584,2005-04,1
0425176606,2005-07,1
0425177750,2005-01,1
0425179451,2005-08,1
0425179605,2005-06,1
0425179613,2005-07,2
0425179613,2005-08,1
0425179613,2005-09,3
0425180336,2005-03,1
0425180638,2005-09,1
0425181103,2005-01,1
0425181103,2005-05,1
0425181448,2005-05,1
0425181448,2005-06,1
0425181642,2005-09,1
0425182908,2005-09,1
0425183009,2005-07,1
0425183092,2005-01,1
0425183092,2005-09,1
0425183203,2005-10,1
0425183262,2005-09,1
0425183270,2005-01,1
0425183270,2005-07,1
0425183270,2005-08,2
0425183289,2005-09,1
0425183491,2005-01,1
042518384X,2005-09,1
0425184056,2005-09,1
0425184501,2005-06,1
042518465X,2005-02,1
0425184757,2005-07,1
0425185168,2005-09,1
042518546X,2005-08,1
0425185729,2005-05,1
0425186180,2005-07,1
042518689X,2005-09,1
0425187012,2005-08,1
0425187012,2005-09,1
0425187217,2005-03,1
0425187721,2005-05,1
0425188787,2005-05,1
0425188809,2005-09,1
0425188841,2005-10,1
0425188876,2005-10,1
0425188884,2005-03,1
0425189171,2005-07,1
0425189988,2005-06,1
0425189996,2005-04,1
0425190722,2005-04,2
0425190854,2005-01,1
0425191028,2005-09,1
0425191281,2005-01,1
0425191656,2005-03,1
0425191656,2005-08,1
0425191656,2005-09,1
0425191656,2005-10,1
0425191788,2005-02,2
0425191788,2005-05,1
0425191788,2005-09,1
0425191885,2005-02,1
0425191931,2005-02,1
0425191974,2005-08,1
0425192024,2005-09,1
0425192075,2005-07,1
042519213X,2005-01,1
042519213X,2005-09,1
0425192792,2005-06,1
0425192830,2005-02,1
0425193039,2005-10,1
0425193373,2005-09,1
0425193713,2005-07,1
0425193772,2005-08,1
0425193985,2005-09,1
0425194124,2005-03,1
0425194515,2005-08,1
0425194574,2005-08,1
0425194582,2005-01,1
0425194604,2005-01,1
0425194604,2005-04,1
0425194795,2005-01,1
0425194809,2005-04,1
042519485X,2005-01,1
042519485X,2005-02,3
042519485X,2005-05,1
042519485X,2005-07,5
042519485X,2005-08,2
042519485X,2005-09,3
0425194906,2005-05,1
042519521X,2005-01,1
0425195228,2005-06,1
0425195244,2005-01,1
0425195252,2005-08,1
0425195287,2005-07,1
0425195457,2005-10,1
0425195953,2005-06,1
042519597X,2005-07,1
0425196097,2005-04,1
0425196097,2005-05,2
0425196097,2005-06,2
0425196097,2005-07,2
0425196097,2005-08,2
0425196097,2005-09,1
0425196216,2005-01,1
0425196348,2005-08,1
042519650X,2005-04,1
0425196585,2005-04,1
042519678X,2005-08,1
0425196844,2005-07,1
0425196844,2005-08,1
0425196879,2005-01,1
0425196879,2005-05,1
0425196941,2005-02,1
0425197085,2005-09,1
042519714X,2005-01,1
042519714X,2005-07,1
042519714X,2005-08,1
0425197484,2005-01,1
0425197484,2005-07,2
0425197484,2005-08,3
0425197492,2005-06,1
0425197999,2005-03,1
0425198030,2005-03,1
0425198138,2005-07,1
0425198197,2005-08,1
0425198219,2005-02,1
0425198219,2005-07,2
0425198243,2005-01,5
0425198243,2005-02,5
0425198243,2005-03,3
0425198243,2005-04,4
0425198243,2005-05,1
0425198243,2005-06,1
0425198243,2005-07,2
0425198243,2005-08,1
0425198243,2005-09,4
0425198243,2005-10,1
042519826X,2005-09,1
0425198324,2005-09,1
0425198456,2005-07,1
042519874X,2005-02,1
0425198782,2005-03,1
0425198782,2005-08,1
0425198790,2005-06,1
0425198790,2005-08,1
0425198804,2005-07,1
0425198804,2005-08,1
0425198820,2005-04,1
0425199096,2005-10,1
0425199150,2005-02,1
0425199177,2005-01,1
0425199185,2005-02,1
0425199339,2005-08,1
0425199355,2005-05,1
0425199398,2005-06,1
042519941X,2005-06,1
0425199428,2005-08,1
0425199444,2005-09,1
0425199452,2005-07,1
0425199797,2005-10,1
0425199800,2005-02,1
0425199959,2005-06,1
0425199975,2005-02,2
0425199975,2005-03,1
0425199975,2005-08,1
0425199975,2005-10,1
0425199991,2005-01,1
0425200000,2005-08,1
0425200027,2005-02,2
0425200132,2005-08,1
0425200248,2005-03,1
0425200248,2005-04,1
0425200248,2005-09,1
0425200329,2005-04,1
0425200329,2005-06,1
0425200345,2005-07,1
042520037X,2005-08,1
0425200388,2005-09,1
042520135X,2005-01,1
0425201376,2005-03,1
0425201376,2005-09,1
0425201430,2005-03,1
0425201503,2005-08,1
042520152X,2005-03,1
042520152X,2005-05,1
0425201686,2005-04,1
0425201686,2005-09,1
0425201759,2005-03,1
0425201945,2005-08,2
0425201961,2005-04,1
0425201961,2005-09,1
0425202011,2005-06,1
0425202429,2005-08,1
0425202445,2005-05,1
0425202488,2005-07,1
0425202496,2005-05,1
0425202496,2005-08,1
042520250X,2005-09,1
0425202518,2005-08,2
0425202526,2005-07,1
0425202526,2005-08,1
0425202526,2005-10,1
0425202542,2005-08,1
0425202593,2005-06,1
0425202593,2005-07,1
0425202593,2005-08,1
0425202682,2005-07,1
0425202682,2005-08,1
0425202682,2005-09,1
0425202712,2005-06,1
0425202720,2005-09,1
0425202739,2005-09,1
0425202747,2005-09,1
0425202755,2005-08,1
0425202836,2005-08,1
0425202836,2005-09,2
0425202844,2005-10,1
0425202860,2005-06,1
0425202895,2005-05,1
0425202895,2005-07,2
0425202917,2005-07,1
042520295X,2005-05,1
0425203018,2005-07,1
0425203018,2005-08,3
0425203034,2005-08,2
0425203468,2005-03,2
0425203506,2005-06,1
0425203530,2005-07,1
0425203573,2005-05,3
0425203573,2005-08,1
042520359X,2005-06,1
042520359X,2005-07,2
042520359X,2005-08,2
0425203956,2005-07,1
0425203956,2005-10,1
0425203972,2005-07,1
0425203972,2005-08,1
0425203972,2005-09,3
0425203972,2005-10,2
0425204103,2005-03,2
0425204103,2005-04,2
0425204103,2005-07,1
0425204138,2005-08,1
0425204138,2005-09,2
0425204189,2005-09,1
0425204189,2005-10,1
0425204200,2005-08,4
0425204332,2005-07,4
0425204332,2005-08,8
0425204332,2005-09,3
0425204421,2005-08,1
0425204456,2005-09,2
0425204456,2005-10,1
0425205282,2005-08,1
0425205282,2005-09,1
0425205649,2005-09,1
0425205800,2005-08,1
0425206165,2005-09,1
0425206335,2005-08,1
0425208672,2005-08,1
0434012246,2005-07,1
0434603570,2005-07,1
0435670050,2005-07,1
0439042445,2005-08,1
0439043883,2005-08,1
0439050103,2005-09,1
0439051770,2005-10,1
0439051797,2005-03,1
0439059216,2005-09,1
0439064864,2005-01,1
0439064864,2005-05,1
0439064864,2005-07,3
0439064864,2005-09,1
0439064864,2005-10,3
0439064872,2005-04,1
0439070325,2005-03,1
0439070333,2005-03,1
0439070341,2005-03,1
043908069X,2005-03,1
043908069X,2005-09,1
0439096960,2005-09,1
0439104319,2005-09,1
0439104661,2005-08,1
043910677X,2005-03,1
0439106796,2005-03,1
0439110157,2005-04,1
0439110165,2005-05,1
0439110165,2005-07,1
0439110173,2005-06,1
0439114969,2005-08,1
0439115159,2005-03,1
0439116392,2005-09,1
0439121981,2005-08,1
0439121981,2005-09,1
0439134994,2005-01,1
0439136369,2005-05,1
0439139597,2005-05,1
0439139597,2005-07,1
0439139597,2005-08,1
0439139597,2005-09,1
0439139597,2005-10,2
0439139600,2005-02,1
0439139600,2005-09,4
0439141346,2005-02,1
0439145449,2005-01,1
0439145449,2005-02,1
0439145449,2005-08,1
0439145457,2005-05,1
0439146852,2005-08,1
0439152852,2005-08,1
0439153891,2005-08,1
0439153913,2005-09,1
0439154057,2005-04,1
0439154278,2005-03,1
0439154316,2005-04,1
0439159784,2005-06,1
0439162629,2005-09,1
0439163552,2005-09,1
0439164133,2005-07,1
0439170338,2005-08,1
0439172187,2005-09,1
0439173078,2005-03,1
0439176794,2005-02,1
0439176840,2005-09,1
0439176859,2005-09,1
0439176867,2005-09,1
0439199964,2005-09,3
0439201071,2005-03,1
0439203538,2005-07,1
0439206375,2005-09,1
0439209994,2005-09,1
0439216753,2005-02,1
0439221617,2005-05,1
0439222478,2005-09,1
0439224209,2005-08,1
0439229057,2005-09,1
0439241022,2005-08,1
0439248787,2005-08,1
0439249546,2005-01,1
0439266785,2005-02,1
0439266785,2005-09,1
0439280389,2005-09,1
0439280389,2005-10,1
0439280435,2005-07,1
043928323X,2005-09,1
0439287197,2005-09,1
0439293049,2005-06,1
043930301X,2005-09,1
0439309107,2005-04,1
0439309409,2005-09,1
0439309611,2005-08,1
0439314550,2005-07,1
0439317916,2005-09,1
0439321093,2005-09,1
043932162X,2005-08,4
043932162X,2005-09,4
043932162X,2005-10,2
0439324599,2005-05,1
043933165X,2005-08,1
0439332087,2005-03,1
0439332087,2005-08,1
043933814X,2005-03,1
0439338921,2005-07,1
043933909X,2005-09,1
0439339111,2005-03,1
0439339111,2005-06,1
0439339111,2005-08,3
0439339111,2005-09,1
0439339308,2005-08,1
0439352266,2005-07,1
0439353254,2005-09,1
043935806X,2005-02,2
043935806X,2005-05,1
043935806X,2005-07,1
043935806X,2005-08,2
043935806X,2005-09,1
043935806X,2005-10,1
0439358078,2005-01,1
0439358078,2005-07,1
0439358078,2005-09,2
0439358078,2005-10,1
0439365627,2005-05,1
0439365627,2005-09,1
0439365635,2005-10,1
0439374650,2005-09,1
0439380758,2005-08,1
043938849X,2005-09,1
0439390842,2005-03,1
0439395097,2005-09,1
0439403839,2005-02,1
0439404371,2005-03,1
0439407885,2005-05,1
0439425190,2005-06,1
0439429145,2005-08,1
0439433983,2005-08,1
0439434025,2005-08,1
0439435366,2005-10,1
0439439930,2005-03,1
0439440033,2005-08,1
0439443121,2005-05,1
0439444071,2005-02,1
0439453992,2005-08,1
0439456959,2005-02,1
0439456959,2005-04,1
0439456967,2005-10,1
0439457475,2005-02,1
0439458765,2005-04,1
0439458935,2005-08,1
0439458951,2005-03,1
0439485878,2005-08,1
0439485932,2005-08,1
0439490251,2005-05,1
0439490251,2005-09,1
0439495245,2005-05,1
0439518962,2005-08,1
0439530644,2005-05,1
0439531640,2005-07,1
0439537711,2005-01,1
0439540208,2005-08,1
0439548365,2005-04,1
0439551056,2005-08,1
0439554004,2005-09,1
0439554802,2005-04,1
0439554802,2005-05,1
0439555965,2005-08,1
0439585600,2005-09,1
043960995X,2005-03,1
0439625580,2005-09,1
0439625602,2005-09,1
0439625629,2005-09,1
0439627923,2005-09,1
043962794X,2005-08,1
0439629047,2005-07,1
0439629055,2005-10,1
0439634695,2005-08,1
0439636183,2005-10,1
0439636485,2005-01,1
0439638984,2005-08,1
0439649498,2005-08,1
0439649498,2005-09,1
0439649501,2005-08,1
0439650755,2005-09,2
0439650860,2005-01,1
0439656230,2005-07,1
0439656230,2005-08,1
0439656230,2005-10,1
0439664780,2005-03,1
0439670195,2005-03,1
0439670195,2005-05,1
0439672376,2005-01,1
0439672562,2005-08,1
0439673631,2005-03,1
043967753X,2005-05,1
0439678137,2005-06,1
0439678137,2005-09,1
0439679958,2005-08,1
0439679958,2005-09,1
0439680239,2005-05,1
0439680662,2005-06,1
0439681308,2005-08,1
0439681359,2005-09,1
0439682584,2005-04,1
0439682584,2005-07,3
0439682584,2005-08,17
0439682584,2005-09,9
0439682584,2005-10,2
0439690544,2005-09,1
0439691443,2005-08,1
0439693454,2005-08,1
0439693462,2005-08,1
0439694523,2005-07,1
0439696275,2005-07,1
0439700868,2005-03,1
0439700868,2005-08,1
0439700930,2005-06,1
0439702305,2005-09,1
0439705525,2005-08,2
0439705525,2005-09,2
043970913X,2005-07,1
0439722128,2005-02,1
043972421X,2005-06,1
0439727820,2005-08,1
043973861X,2005-08,1
0439739500,2005-09,1
0439744652,2005-08,1
0439763126,2005-09,1
0439779480,2005-10,1
0439784549,2005-07,141
0439784549,2005-08,80
0439784549,2005-09,35
0439786770,2005-07,2
0439791324,2005-07,11
0439791324,2005-09,3
0439978149,2005-07,1
0440010047,2005-03,1
0440042232,2005-09,1
0440107350,2005-09,1
0440108489,2005-07,1
0440120144,2005-08,1
044012087X,2005-04,1
0440121701,2005-03,1
0440122090,2005-08,1
044012820X,2005-08,1
0440136482,2005-08,1
0440136482,2005-09,1
0440136482,2005-10,1
0440145465,2005-03,1
0440162645,2005-05,1
0440164931,2005-10,1
0440171970,2005-09,1
0440173922,2005-05,1
0440177049,2005-08,1
0440178002,2005-02,1
0440178002,2005-09,1
0440180295,2005-01,1
0440180295,2005-04,1
0440180295,2005-09,1
0440182611,2005-01,1
0440184622,2005-10,1
0440201322,2005-08,1
0440201977,2005-06,1
044020352X,2005-01,1
0440204321,2005-08,1
0440204690,2005-03,1
0440204887,2005-08,2
0440204925,2005-08,1
044020609X,2005-09,1
044020612X,2005-06,1
0440206154,2005-02,1
0440206154,2005-10,1
0440206235,2005-08,1
0440206251,2005-06,1
0440207533,2005-08,1
0440207711,2005-09,1
044020805X,2005-07,1
0440208297,2005-04,1
0440209633,2005-09,1
0440209862,2005-05,1
044021145X,2005-05,1
0440211697,2005-02,1
0440211697,2005-03,1
0440211697,2005-04,2
0440211697,2005-05,1
0440211697,2005-07,1
0440211727,2005-05,1
0440212561,2005-09,1
0440213835,2005-08,1
0440214920,2005-05,1
0440216648,2005-07,1
0440218802,2005-06,1
0440219760,2005-08,1
0440220440,2005-05,1
0440220467,2005-08,1
0440220750,2005-08,1
044022165X,2005-06,1
044022179X,2005-04,1
0440221838,2005-04,1
0440221862,2005-04,1
0440221919,2005-01,1
0440221986,2005-09,1
044022232X,2005-04,1
0440223733,2005-05,1
044022389X,2005-07,1
044022389X,2005-08,1
0440224489,2005-01,1
0440224608,2005-09,1
0440224675,2005-10,1
0440224764,2005-09,1
0440225299,2005-09,1
0440225442,2005-09,1
0440225647,2005-09,1
0440226104,2005-02,1
0440226198,2005-03,1
0440226198,2005-07,1
0440226198,2005-08,2
0440226198,2005-09,1
0440226317,2005-08,1
0440226325,2005-08,1
0440226686,2005-09,1
0440227674,2005-09,1
0440228190,2005-08,1
0440228611,2005-09,1
0440229774,2005-09,1
0440234689,2005-01,1
0440234735,2005-03,1
0440234808,2005-02,1
0440234816,2005-01,1
0440235170,2005-03,1
0440235189,2005-03,1
0440235200,2005-04,1
0440235219,2005-01,1
0440235596,2005-10,1
0440235677,2005-09,1
0440236169,2005-04,1
0440236274,2005-05,1
044023638X,2005-08,1
044023655X,2005-03,1
0440236630,2005-01,1
0440236630,2005-03,1
0440236703,2005-01,1
0440237033,2005-01,1
0440237084,2005-04,1
0440237084,2005-08,1
0440237084,2005-09,1
0440237432,2005-09,1
0440237483,2005-06,1
0440237491,2005-06,1
0440237556,2005-04,1
0440237629,2005-01,1
0440237688,2005-03,1
0440237971,2005-07,1
0440237971,2005-08,1
0440238609,2005-03,3
0440238609,2005-05,1
0440238609,2005-07,1
0440240875,2005-09,1
0440241014,2005-08,1
0440241162,2005-01,1
0440241308,2005-05,1
0440241308,2005-06,1
0440241308,2005-09,1
0440241316,2005-02,1
0440241359,2005-08,2
0440241359,2005-10,1
0440241537,2005-03,1
044024157X,2005-02,1
0440241758,2005-07,1
044024188X,2005-06,1
0440241944,2005-06,1
0440242088,2005-06,1
0440242274,2005-08,1
044024241X,2005-08,1
0440242673,2005-03,1
0440400929,2005-06,1
0440406978,2005-08,1
0440411394,2005-08,1
0440415632,2005-06,1
0440415632,2005-08,1
0440415942,2005-09,1
0440417325,2005-03,1
0440417643,2005-02,1
0440418321,2005-07,1
0440419506,2005-08,1
0440420229,2005-09,1
0440435749,2005-02,1
0440444381,2005-07,1
0440471478,2005-09,1
0440481538,2005-01,1
0440498058,2005-02,1
0440498058,2005-04,1
0440498058,2005-07,1
0440498058,2005-08,1
0440498058,2005-09,1
0440500893,2005-05,1
0440503396,2005-10,1
0440503744,2005-06,1
0440503744,2005-08,1
0440505003,2005-07,1
0440505003,2005-08,1
0440505658,2005-02,1
0440505984,2005-08,1
0440506123,2005-05,1
0440506255,2005-08,1
0440506492,2005-09,1
0440507189,2005-05,1
0440507561,2005-08,1
044050757X,2005-02,1
0440508274,2005-01,1
0440508274,2005-09,1
044050838X,2005-06,1
0440509092,2005-01,1
0440539811,2005-01,1
0440539811,2005-03,1
0440576474,2005-10,1
0440804922,2005-09,1
0440917409,2005-03,1
0440932211,2005-08,1
0440940605,2005-09,1
0440944597,2005-09,1
0440972329,2005-01,1
0440975344,2005-09,1
0440978505,2005-09,1
0440993717,2005-05,1
0440993717,2005-09,1
0441003257,2005-02,1
0441003257,2005-03,1
0441003257,2005-08,1
0441003257,2005-09,2
0441003389,2005-01,1
0441005489,2005-04,1
0441005748,2005-02,1
0441005780,2005-02,1
0441005837,2005-06,1
0441005845,2005-02,1
0441006116,2005-05,1
0441006159,2005-07,1
0441006159,2005-08,1
0441006191,2005-07,1
0441006876,2005-04,1
0441007554,2005-08,1
0441007732,2005-05,1
0441007902,2005-05,1
0441008038,2005-09,1
0441008291,2005-08,1
0441008321,2005-01,1
0441008364,2005-08,1
0441008534,2005-07,1
0441008534,2005-09,1
0441008534,2005-10,1
0441008755,2005-09,1
0441008763,2005-06,1
0441008968,2005-04,1
0441009166,2005-02,1
0441009239,2005-01,1
0441009239,2005-06,1
0441009239,2005-08,1
0441009239,2005-10,1
0441009336,2005-04,1
0441009425,2005-01,1
0441009425,2005-09,2
0441009425,2005-10,1
0441009891,2005-01,1
0441010067,2005-08,1
0441010113,2005-02,1
0441010156,2005-01,1
0441010156,2005-05,1
044101030X,2005-05,1
0441010377,2005-05,1
0441010547,2005-05,1
0441010547,2005-08,1
044101061X,2005-09,1
0441010644,2005-09,1
0441010652,2005-04,1
0441010652,2005-06,1
0441010652,2005-07,1
0441011020,2005-02,1
0441011160,2005-02,1
0441011268,2005-08,1
0441011306,2005-06,1
044101142X,2005-07,1
0441011527,2005-05,1
0441011586,2005-08,1
0441011594,2005-08,1
0441011616,2005-06,1
0441011616,2005-07,1
0441011624,2005-08,1
0441011675,2005-05,1
044101173X,2005-08,1
0441011764,2005-01,1
0441011799,2005-07,1
0441011799,2005-09,1
044101187X,2005-08,1
0441011977,2005-08,1
0441011993,2005-03,1
0441011993,2005-08,1
0441011993,2005-09,1
0441012183,2005-06,2
0441012213,2005-01,1
0441012213,2005-07,1
0441012272,2005-01,1
0441012280,2005-08,1
0441012418,2005-06,1
0441012450,2005-02,1
0441012485,2005-07,1
0441012523,2005-09,1
0441012612,2005-03,1
0441012612,2005-07,1
0441012655,2005-01,1
0441012698,2005-03,1
0441012698,2005-09,2
0441012795,2005-05,12
0441012795,2005-06,1
0441012795,2005-08,1
0441012795,2005-09,1
0441012809,2005-06,1
0441012817,2005-06,1
0441012817,2005-08,6
0441012833,2005-07,3
0441012833,2005-08,1
0441012841,2005-07,1
0441012841,2005-09,1
044101285X,2005-07,1
0441012868,2005-08,1
0441012906,2005-10,1
0441012930,2005-06,1
0441012965,2005-07,1
0441012965,2005-10,1
0441013198,2005-09,2
0441013236,2005-09,1
0441013236,2005-10,1
0441081223,2005-09,1
0441094996,2005-04,1
0441098592,2005-06,1
0441104029,2005-08,1
0441104029,2005-09,1
0441172695,2005-08,1
0441172717,2005-01,1
0441216013,2005-03,1
0441346634,2005-09,1
0441373747,2005-03,1
0441385702,2005-08,1
0441478123,2005-09,1
0441569595,2005-03,1
0441569595,2005-10,1
0441574572,2005-07,1
0441639135,2005-02,1
044164449X,2005-08,1
0441769772,2005-07,1
0441777767,2005-01,1
0441783589,2005-01,1
0441783589,2005-05,1
0441783589,2005-10,1
0441790348,2005-04,1
0441790348,2005-06,1
0442201796,2005-02,1
0442216157,2005-06,1
0442219466,2005-10,1
0442280912,2005-10,1
0443057443,2005-10,1
044305827X,2005-08,1
0443066183,2005-03,1
0443066485,2005-03,1
0443071039,2005-09,1
0443071705,2005-09,1
0443071713,2005-01,1
0443071942,2005-03,1
0443100187,2005-01,1
0444505946,2005-03,1
0445207124,2005-09,1
0445406879,2005-06,1
0445407778,2005-07,1
0446300101,2005-08,1
0446300152,2005-02,1
0446300152,2005-08,1
0446300578,2005-03,1
0446301582,2005-01,1
0446301582,2005-04,1
0446306533,2005-05,1
0446310786,2005-01,1
0446310786,2005-08,1
0446325899,2005-04,1
0446327972,2005-03,1
0446343455,2005-09,1
0446352764,2005-07,1
0446353205,2005-09,1
0446353507,2005-01,1
0446355321,2005-08,1
0446356379,2005-09,1
0446357251,2005-03,1
0446357693,2005-07,1
0446358576,2005-01,1
0446358576,2005-09,1
0446358584,2005-02,1
0446358592,2005-08,1
0446359408,2005-03,1
0446360856,2005-05,1
0446360856,2005-06,1
0446360856,2005-07,1
0446360856,2005-09,1
0446361739,2005-08,1
0446363022,2005-07,1
0446364193,2005-07,1
0446364401,2005-07,1
0446364754,2005-03,1
0446365386,2005-09,1
0446370290,2005-09,1
0446383198,2005-03,1
0446385344,2005-08,1
0446386367,2005-04,1
0446389358,2005-09,1
0446390380,2005-09,1
0446390895,2005-07,1
0446391174,2005-07,1
0446391387,2005-09,1
0446391948,2005-08,1
0446392308,2005-01,1
0446392308,2005-04,1
0446392308,2005-05,1
0446392308,2005-06,1
0446392308,2005-08,1
0446392308,2005-09,1
0446393665,2005-06,1
0446394009,2005-01,1
0446394009,2005-07,1
0446395315,2005-06,1
0446400998,2005-07,1
0446404748,2005-08,1
044650016X,2005-04,1
044650016X,2005-08,1
044650016X,2005-09,2
044651232X,2005-03,1
0446513393,2005-09,1
0446515442,2005-04,1
0446515469,2005-08,1
0446516317,2005-09,1
044651652X,2005-08,1
0446516759,2005-02,1
0446520802,2005-08,1
0446521515,2005-08,1
0446521884,2005-09,1
044652252X,2005-01,4
044652252X,2005-02,8
044652252X,2005-03,3
044652252X,2005-04,2
044652252X,2005-06,1
044652252X,2005-07,1
0446523143,2005-08,1
0446523585,2005-03,1
0446524190,2005-04,3
0446524190,2005-05,1
0446524190,2005-07,2
0446525537,2005-09,1
0446525936,2005-05,1
0446525936,2005-07,1
0446526126,2005-06,1
0446526126,2005-09,1
0446526401,2005-09,1
0446527084,2005-05,1
044652770X,2005-07,1
0446528382,2005-04,1
0446529311,2005-09,1
0446529672,2005-04,2
0446529672,2005-07,1
0446529737,2005-09,1
0446530409,2005-08,2
0446530441,2005-10,1
0446530573,2005-07,1
0446530743,2005-07,1
0446530840,2005-03,1
0446530921,2005-06,1
0446531081,2005-03,1
0446531081,2005-04,1
0446531081,2005-07,1
0446531081,2005-09,1
0446531243,2005-09,1
0446531251,2005-01,1
044653126X,2005-08,1
0446531278,2005-08,1
0446531278,2005-09,1
0446531324,2005-05,1
044653143X,2005-02,1
044653143X,2005-05,1
044653143X,2005-08,2
0446531456,2005-08,3
0446531782,2005-03,1
0446531820,2005-09,1
0446531855,2005-03,1
0446531855,2005-08,1
044653191X,2005-03,1
0446531952,2005-05,1
0446532053,2005-05,1
0446532274,2005-09,1
0446532436,2005-04,1
0446532436,2005-06,2
0446532436,2005-07,1
0446532444,2005-07,2
0446532444,2005-09,2
0446532452,2005-01,1
0446532452,2005-02,1
0446532460,2005-04,1
0446532525,2005-07,1
0446532649,2005-01,1
0446532649,2005-05,1
0446532665,2005-06,1
0446532681,2005-01,1
0446532681,2005-02,2
0446532681,2005-03,1
0446532681,2005-04,2
0446532681,2005-05,1
0446532681,2005-06,1
0446532681,2005-07,2
0446532681,2005-08,3
0446532681,2005-09,2
0446532754,2005-01,3
0446532754,2005-04,1
0446532754,2005-07,1
0446532754,2005-08,1
0446532754,2005-09,8
0446532754,2005-10,4
0446533033,2005-02,1
0446533033,2005-03,1
0446533041,2005-01,1
0446533041,2005-03,1
0446533041,2005-06,2
0446533173,2005-08,1
0446533297,2005-02,1
0446533297,2005-03,1
0446533467,2005-09,1
0446533688,2005-03,1
0446576565,2005-05,1
0446576565,2005-07,1
0446576573,2005-01,1
0446576611,2005-03,1
0446576638,2005-02,1
0446576638,2005-03,2
0446576638,2005-04,1
0446576638,2005-07,1
0446576638,2005-08,2
0446576638,2005-09,1
0446576670,2005-02,2
0446576670,2005-03,2
0446576670,2005-06,1
0446576670,2005-08,3
0446576700,2005-07,1
0446576859,2005-03,1
0446576883,2005-08,2
0446576972,2005-06,1
0446576972,2005-07,5
0446576972,2005-08,5
0446577006,2005-01,1
0446577006,2005-08,1
0446577081,2005-02,1
0446577081,2005-09,1
0446577170,2005-07,1
0446577170,2005-09,2
0446577227,2005-05,2
0446577227,2005-06,1
0446577227,2005-08,1
0446577227,2005-09,3
0446577367,2005-06,1
0446577367,2005-09,1
0446577693,2005-07,1
0446577693,2005-08,1
0446577693,2005-09,1
0446577723,2005-08,1
0446577855,2005-04,1
0446577855,2005-06,1
0446577855,2005-07,2
0446577855,2005-08,2
0446577855,2005-09,2
0446578061,2005-09,1
0446578576,2005-05,1
0446578576,2005-09,1
0446600342,2005-04,1
0446600997,2005-05,1
0446601977,2005-01,1
0446602523,2005-04,1
0446602612,2005-07,1
0446602612,2005-09,1
0446602620,2005-09,1
0446602744,2005-03,2
0446602744,2005-04,1
0446602868,2005-05,1
0446603422,2005-01,1
0446603422,2005-05,1
0446604046,2005-05,1
0446604534,2005-02,1
0446604666,2005-04,1
0446604666,2005-06,2
0446604666,2005-09,1
0446604690,2005-03,1
0446604984,2005-03,1
0446605107,2005-04,1
0446605166,2005-02,1
0446605166,2005-07,1
0446605174,2005-07,1
0446605174,2005-08,1
0446605239,2005-06,1
0446605514,2005-05,1
0446605980,2005-02,1
0446606812,2005-09,1
0446607134,2005-04,1
0446607134,2005-06,1
0446607177,2005-07,1
0446607177,2005-09,2
0446607258,2005-02,1
0446607274,2005-09,1
0446607711,2005-07,1
0446608319,2005-02,1
0446608378,2005-06,1
0446608378,2005-08,1
0446608378,2005-09,1
0446608564,2005-06,1
0446608904,2005-06,1
0446609129,2005-05,1
0446610038,2005-02,1
0446610038,2005-07,1
0446610038,2005-09,1
0446610356,2005-03,2
0446610593,2005-08,1
0446611085,2005-01,1
0446611239,2005-03,2
0446611239,2005-04,1
0446611239,2005-05,1
0446611239,2005-08,2
0446611239,2005-09,1
0446611328,2005-05,1
0446611514,2005-03,1
0446611565,2005-07,1
044661162X,2005-03,1
044661162X,2005-05,1
0446611646,2005-04,1
044661176X,2005-04,1
0446611816,2005-09,1
0446611832,2005-09,1
0446611867,2005-08,1
0446611867,2005-09,1
0446611913,2005-04,1
044661193X,2005-08,1
0446611956,2005-05,1
0446611956,2005-08,1
0446612103,2005-04,1
0446612103,2005-06,1
0446612103,2005-09,1
0446612111,2005-03,1
0446612219,2005-01,1
0446612294,2005-07,1
0446612308,2005-02,1
0446612332,2005-06,1
0446612537,2005-07,1
044661257X,2005-07,1
044661257X,2005-08,1
0446612758,2005-08,1
0446612758,2005-09,1
0446612766,2005-05,2
0446612766,2005-08,1
0446612790,2005-05,1
0446612804,2005-08,1
0446612812,2005-10,1
0446612952,2005-07,1
0446612960,2005-07,1
0446613274,2005-03,1
0446613274,2005-07,2
0446613274,2005-09,1
0446613290,2005-03,1
0446613290,2005-09,1
0446613797,2005-08,1
0446613827,2005-06,1
0446613843,2005-03,1
0446613843,2005-06,1
0446613983,2005-08,1
0446614017,2005-08,1
0446614157,2005-05,1
0446614157,2005-08,1
0446614211,2005-08,1
0446614262,2005-06,1
0446614300,2005-08,1
0446614300,2005-09,1
0446614386,2005-09,1
0446614483,2005-09,1
0446614505,2005-04,1
0446614548,2005-09,1
0446614831,2005-06,1
0446614874,2005-07,1
0446614920,2005-08,1
0446614955,2005-07,1
0446614955,2005-08,1
0446615080,2005-05,1
0446615390,2005-09,1
0446615390,2005-10,1
0446615811,2005-08,1
0446615943,2005-07,1
0446616095,2005-10,1
0446616265,2005-09,1
0446616265,2005-10,1
0446667900,2005-01,1
0446670030,2005-01,1
0446670030,2005-02,1
0446670162,2005-09,1
0446670235,2005-08,1
0446670251,2005-07,1
0446670642,2005-07,1
0446671002,2005-01,1
0446671002,2005-07,1
0446671096,2005-08,1
0446671274,2005-01,2
0446671274,2005-07,1
0446671940,2005-07,1
0446672211,2005-09,1
0446672483,2005-09,1
0446672599,2005-09,1
0446672882,2005-09,1
0446673471,2005-10,1
0446673544,2005-05,2
0446673544,2005-08,1
0446673706,2005-09,1
0446673730,2005-08,1
0446673803,2005-09,1
0446673870,2005-08,1
0446673919,2005-01,1
0446673986,2005-06,1
0446674168,2005-04,1
0446674265,2005-03,1
0446674559,2005-08,1
0446675121,2005-09,1
0446675156,2005-09,1
0446675385,2005-08,2
0446675385,2005-09,2
0446675385,2005-10,1
0446675628,2005-08,1
0446675776,2005-03,1
0446675784,2005-03,1
0446675865,2005-09,1
0446676098,2005-02,1
0446676098,2005-04,1
0446676098,2005-07,2
0446676098,2005-08,1
0446676438,2005-08,1
0446676632,2005-04,1
0446676675,2005-08,1
0446676683,2005-01,1
0446676926,2005-01,1
0446676926,2005-08,1
0446677043,2005-10,1
0446677221,2005-05,1
0446677450,2005-02,1
0446677450,2005-03,2
0446677450,2005-05,3
0446677450,2005-06,1
0446677450,2005-08,6
0446677450,2005-09,2
0446677450,2005-10,2
0446677469,2005-03,1
0446677469,2005-07,1
0446677469,2005-08,1
0446677469,2005-09,2
0446677477,2005-08,2
0446677477,2005-09,1
0446677671,2005-07,1
0446677752,2005-08,1
0446677760,2005-06,1
0446678198,2005-05,1
0446678198,2005-09,1
0446678333,2005-08,1
0446678503,2005-08,1
0446678538,2005-06,1
0446678619,2005-08,1
0446678619,2005-09,1
0446678791,2005-04,1
0446679143,2005-02,1
0446679143,2005-07,1
0446679496,2005-02,1
0446679496,2005-08,2
0446679496,2005-09,1
0446679518,2005-08,1
0446679585,2005-07,1
0446679666,2005-08,1
0446679720,2005-05,1
0446679763,2005-08,1
0446679771,2005-05,1
0446679771,2005-08,1
0446679992,2005-04,1
0446690279,2005-07,1
0446690368,2005-01,1
0446690368,2005-08,1
044669049X,2005-08,1
044669049X,2005-09,1
0446690546,2005-08,1
0446690589,2005-02,1
0446690694,2005-06,1
0446690740,2005-03,1
0446690740,2005-04,1
0446690740,2005-08,2
0446690813,2005-09,1
044669083X,2005-09,1
0446691097,2005-06,1
0446691097,2005-07,2
0446691143,2005-09,1
0446691348,2005-08,1
0446691437,2005-02,1
0446691518,2005-07,1
0446691828,2005-07,1
0446691852,2005-08,1
0446692271,2005-07,1
0446692514,2005-05,1
0446692972,2005-08,1
0446693294,2005-10,1
0446693332,2005-07,1
0446693332,2005-08,1
0446693340,2005-03,1
0446693626,2005-09,1
0446694061,2005-09,1
0446694312,2005-06,1
0446694835,2005-09,1
0446694843,2005-05,1
0446694843,2005-08,1
0446694878,2005-08,1
0446694916,2005-09,1
0446695564,2005-06,1
0446695564,2005-08,3
0446695602,2005-09,1
0446696374,2005-10,1
0446696501,2005-05,1
0446696501,2005-09,2
0446699837,2005-07,1
0446895989,2005-06,1
0446899763,2005-04,1
044694467X,2005-05,1
0448006391,2005-01,1
0448022583,2005-02,1
0448031469,2005-08,1
0448092786,2005-03,1
0448095076,2005-08,2
0448095084,2005-08,1
0448095092,2005-08,1
0448116065,2005-10,1
0448173077,2005-07,1
0448191792,2005-04,1
0448403145,2005-10,1
0448405202,2005-06,1
0448405474,2005-04,1
0448411326,2005-08,1
0448413078,2005-10,1
0448413388,2005-09,1
0448416735,2005-07,1
0448417359,2005-09,1
0448417499,2005-09,1
0448425009,2005-09,1
0448425211,2005-06,1
0448425858,2005-05,1
0448426536,2005-10,1
0448431084,2005-10,1
0448431459,2005-08,1
0448431777,2005-07,1
0448431882,2005-09,1
0448434199,2005-08,1
0448435187,2005-08,1
0448436019,2005-08,1
0448436124,2005-09,1
0448436167,2005-02,1
0448438208,2005-08,1
0449000184,2005-02,1
0449000265,2005-03,1
0449001032,2005-08,1
0449001830,2005-04,1
0449002136,2005-02,1
0449002632,2005-08,1
044900273X,2005-02,1
0449002985,2005-09,1
0449003418,2005-04,1
0449003701,2005-09,1
044900371X,2005-04,1
0449004023,2005-01,1
0449004023,2005-02,1
0449004023,2005-03,1
0449004023,2005-04,1
0449004023,2005-05,3
0449004023,2005-06,3
0449004023,2005-07,2
0449004023,2005-08,5
0449004023,2005-09,2
0449004228,2005-02,1
044900516X,2005-03,1
0449005410,2005-08,1
0449005615,2005-08,1
0449005909,2005-08,1
0449006360,2005-09,1
0449006905,2005-06,1
0449136914,2005-03,1
0449147339,2005-09,1
0449150011,2005-06,1
0449206238,2005-03,1
0449206246,2005-04,1
0449206246,2005-08,1
0449206610,2005-04,1
0449207668,2005-05,1
0449207862,2005-01,1
0449208133,2005-05,1
044920832X,2005-04,1
0449208672,2005-04,1
044920880X,2005-08,1
0449210677,2005-05,1
0449210952,2005-08,1
0449211649,2005-04,1
0449212505,2005-04,1
0449212793,2005-04,1
0449212858,2005-06,1
0449213013,2005-06,1
0449213013,2005-09,1
0449214141,2005-04,1
0449214362,2005-02,1
0449214362,2005-05,1
0449214923,2005-05,1
0449214923,2005-08,1
0449214923,2005-09,1
0449216136,2005-05,1
0449216861,2005-09,1
0449217027,2005-04,1
0449217264,2005-07,1
0449220591,2005-03,1
0449220788,2005-04,1
0449220818,2005-06,1
0449221873,2005-02,1
0449222489,2005-08,1
0449223345,2005-05,1
0449224813,2005-07,1
0449225100,2005-04,1
0449228304,2005-01,1
0449232638,2005-07,1
0449242730,2005-03,1
0449243168,2005-07,1
0449244717,2005-07,1
0449502783,2005-09,1
0449901696,2005-07,1
0449902013,2005-02,1
0449902676,2005-09,1
0449902870,2005-02,1
0449902927,2005-04,1
0449903370,2005-03,1
0449906647,2005-09,1
0449907635,2005-08,1
0449908070,2005-09,1
0449908100,2005-09,1
0449908143,2005-03,1
0449908399,2005-07,1
0449908585,2005-08,1
044990878X,2005-10,1
0449909522,2005-08,1
0449909565,2005-05,1
0449909719,2005-04,1
0449909743,2005-03,1
0449909913,2005-07,1
0449911160,2005-01,1
0449911462,2005-09,1
0449911640,2005-04,1
0449912558,2005-08,2
0449983676,2005-07,1
0451033965,2005-02,1
0451078187,2005-09,1
0451111281,2005-08,1
0451139127,2005-04,1
0451147952,2005-08,1
0451149602,2005-08,1
0451157508,2005-06,1
0451157591,2005-09,1
0451158636,2005-10,1
0451159411,2005-08,1
0451159594,2005-01,1
0451159993,2005-07,1
0451161343,2005-01,1
0451161351,2005-09,1
0451162455,2005-01,1
0451163192,2005-09,1
0451163214,2005-01,1
0451166876,2005-04,1
0451166876,2005-05,1
0451166892,2005-03,1
0451166892,2005-08,1
0451167228,2005-04,1
0451168216,2005-09,1
0451168372,2005-08,1
0451169514,2005-10,1
0451169530,2005-02,1
0451169549,2005-08,1
0451170911,2005-04,1
0451171667,2005-09,1
0451172000,2005-03,1
0451172515,2005-09,1
0451172817,2005-09,1
0451173228,2005-09,1
0451174194,2005-07,1
0451178688,2005-04,1
0451178734,2005-03,1
0451179188,2005-09,1
0451179528,2005-03,1
0451180232,2005-03,1
0451182960,2005-02,1
0451184386,2005-09,1
0451184777,2005-08,1
0451184793,2005-09,1
0451184963,2005-07,1
0451185110,2005-07,1
0451185196,2005-03,1
0451186311,2005-09,1
0451187431,2005-07,1
0451187431,2005-08,1
0451188918,2005-02,1
0451190149,2005-10,1
0451190157,2005-08,1
0451190246,2005-09,1
0451191013,2005-01,1
0451191137,2005-09,1
0451191137,2005-10,1
0451191145,2005-01,1
0451191145,2005-05,1
0451191145,2005-08,1
0451191153,2005-02,1
0451191153,2005-08,1
0451191153,2005-09,1
0451191447,2005-04,1
0451191722,2005-09,1
0451192184,2005-10,1
0451192192,2005-05,1
0451192524,2005-02,1
0451192575,2005-10,1
0451193016,2005-02,1
0451194721,2005-03,1
0451195086,2005-04,1
0451196716,2005-06,1
0451196805,2005-07,1
0451197011,2005-08,1
0451197224,2005-09,1
0451197461,2005-09,1
0451198425,2005-09,1
0451198506,2005-09,1
0451199898,2005-09,1
0451200489,2005-08,1
0451201345,2005-06,1
0451201515,2005-08,2
0451201566,2005-08,1
0451202430,2005-05,1
0451203070,2005-02,1
0451203267,2005-02,1
0451203968,2005-03,1
0451204158,2005-08,1
0451205367,2005-07,1
0451205480,2005-08,1
0451205545,2005-05,1
0451205561,2005-01,1
0451205928,2005-03,1
0451206452,2005-10,1
0451206525,2005-03,1
0451206878,2005-09,1
0451206959,2005-06,1
0451207149,2005-03,1
0451208498,2005-08,1
0451208633,2005-08,1
0451208803,2005-05,1
0451208862,2005-08,1
045120915X,2005-02,2
045120915X,2005-07,1
0451209273,2005-05,1
0451209303,2005-09,1
0451209338,2005-02,1
0451209486,2005-05,1
0451209699,2005-07,1
0451209710,2005-08,1
045120994X,2005-06,1
0451209974,2005-03,1
0451210204,2005-05,1
045121031X,2005-08,1
0451210328,2005-01,1
0451210328,2005-08,1
0451210506,2005-07,1
0451210530,2005-05,1
0451210530,2005-08,1
0451210530,2005-10,1
0451210654,2005-03,1
0451210662,2005-08,1
0451210719,2005-05,1
0451210727,2005-07,1
0451210743,2005-08,1
0451210794,2005-01,1
0451210840,2005-03,1
0451210921,2005-01,1
0451210980,2005-01,1
0451210980,2005-04,1
045121109X,2005-08,1
0451211197,2005-08,1
0451211243,2005-03,1
0451211243,2005-10,1
0451211480,2005-03,1
0451211502,2005-03,1
0451211510,2005-08,1
045121157X,2005-06,1
0451211596,2005-07,1
045121174X,2005-02,1
0451211820,2005-07,1
0451211820,2005-09,1
045121191X,2005-08,1
0451211960,2005-05,1
0451212037,2005-08,1
045121210X,2005-07,1
045121241X,2005-07,1
0451212460,2005-02,1
0451212525,2005-06,1
0451212525,2005-08,1
0451212622,2005-08,1
0451212622,2005-09,1
0451212657,2005-09,1
0451212665,2005-09,1
0451212703,2005-05,1
0451212800,2005-01,1
0451212940,2005-04,1
0451213033,2005-09,1
0451213076,2005-01,1
0451213114,2005-08,1
0451213157,2005-02,1
0451213181,2005-04,1
0451213181,2005-08,1
0451213327,2005-01,2
0451213351,2005-01,1
0451213467,2005-06,1
0451213467,2005-08,1
0451213483,2005-02,1
0451213505,2005-02,1
0451213580,2005-07,1
0451213580,2005-08,1
0451213637,2005-01,1
0451213637,2005-08,1
0451213645,2005-01,1
0451213866,2005-03,1
0451213866,2005-08,1
0451213890,2005-04,1
0451213955,2005-04,1
0451213998,2005-01,1
0451213998,2005-05,1
045121403X,2005-02,1
0451214056,2005-03,1
0451214102,2005-03,1
0451214153,2005-08,1
0451214188,2005-09,1
0451214234,2005-01,1
0451214463,2005-09,1
045121448X,2005-02,1
0451214595,2005-09,1
0451214668,2005-06,1
0451214684,2005-06,1
0451214684,2005-08,1
0451214730,2005-04,1
0451214730,2005-05,1
0451214773,2005-06,1
0451214897,2005-07,1
0451214927,2005-07,1
0451214927,2005-09,1
0451214935,2005-05,1
0451214943,2005-05,3
0451214943,2005-08,1
0451214943,2005-09,1
0451215095,2005-05,1
0451215095,2005-07,1
0451215095,2005-08,2
0451215109,2005-06,1
0451215109,2005-08,1
0451215109,2005-09,2
0451215109,2005-10,1
0451215133,2005-07,1
045121515X,2005-08,1
0451215214,2005-08,1
0451215583,2005-06,1
0451215583,2005-09,2
0451215648,2005-06,1
0451215648,2005-07,1
0451215656,2005-08,2
0451215796,2005-08,1
0451215818,2005-08,1
0451215818,2005-09,1
0451215842,2005-07,1
0451215842,2005-09,1
0451215850,2005-09,1
0451216091,2005-08,1
0451216091,2005-09,1
0451216164,2005-09,2
045121627X,2005-08,1
045121627X,2005-10,1
0451216342,2005-10,1
0451216407,2005-09,1
0451216423,2005-10,1
0451216482,2005-01,1
0451216482,2005-09,1
0451216490,2005-10,1
0451216954,2005-09,1
0451216954,2005-10,1
0451217381,2005-03,1
0451401824,2005-07,1
0451402367,2005-02,1
0451403703,2005-08,1
0451403878,2005-06,1
0451403878,2005-10,1
0451403991,2005-01,1
0451404432,2005-06,1
0451405153,2005-06,1
0451405668,2005-03,1
0451406036,2005-08,1
0451406621,2005-01,1
0451407733,2005-06,1
0451408195,2005-08,1
0451410025,2005-06,1
0451410319,2005-06,1
0451410653,2005-04,1
0451410777,2005-08,1
0451410785,2005-02,1
0451410785,2005-04,1
0451410807,2005-05,1
0451410904,2005-03,1
0451410955,2005-07,1
0451411188,2005-04,1
0451411412,2005-06,1
0451411528,2005-01,1
0451411528,2005-03,3
0451411773,2005-04,1
0451411781,2005-03,1
0451411897,2005-08,1
0451411951,2005-09,1
0451450264,2005-05,1
0451450914,2005-05,1
0451450965,2005-09,1
0451451112,2005-02,1
0451451430,2005-09,1
0451451554,2005-05,1
0451452739,2005-10,1
0451453433,2005-05,1
0451453808,2005-02,1
0451454243,2005-09,1
0451456483,2005-01,1
0451457269,2005-03,1
0451457560,2005-01,1
0451457765,2005-06,1
0451457765,2005-09,1
0451457811,2005-01,1
0451457811,2005-02,1
0451457811,2005-04,1
0451457811,2005-06,1
0451457811,2005-07,2
0451457811,2005-08,1
0451457811,2005-09,1
0451457854,2005-09,1
0451457951,2005-10,1
0451458222,2005-09,1
0451458435,2005-01,1
0451458443,2005-09,1
0451458478,2005-09,1
0451458923,2005-06,1
0451458923,2005-08,1
0451459067,2005-07,1
0451459202,2005-05,1
0451459229,2005-06,1
0451459245,2005-06,1
0451459261,2005-09,1
0451459334,2005-05,1
0451459334,2005-07,1
0451459520,2005-01,1
0451459520,2005-08,1
0451459520,2005-09,1
0451459520,2005-10,1
0451459539,2005-04,1
0451459539,2005-08,1
0451459547,2005-01,1
0451459598,2005-09,1
0451459628,2005-03,2
0451459741,2005-05,1
0451459741,2005-06,1
0451459792,2005-02,1
0451459792,2005-04,2
0451459792,2005-08,1
0451459792,2005-09,1
0451459806,2005-02,1
0451459806,2005-05,2
0451459806,2005-08,2
0451459830,2005-04,1
0451459873,2005-03,1
0451459873,2005-04,1
0451459946,2005-07,1
0451459962,2005-01,1
0451460006,2005-03,1
0451460081,2005-10,1
045146009X,2005-02,1
045146009X,2005-03,1
045146009X,2005-05,1
0451460103,2005-01,1
0451460103,2005-05,1
0451460111,2005-02,1
045146012X,2005-04,1
0451460138,2005-03,1
0451460138,2005-04,1
0451460138,2005-05,1
0451460189,2005-03,1
0451460278,2005-05,2
0451460278,2005-06,1
0451460278,2005-09,1
0451460294,2005-08,2
0451460294,2005-09,1
0451460332,2005-06,1
0451460340,2005-08,1
0451460383,2005-07,2
0451460383,2005-08,2
0451460383,2005-09,2
0451460405,2005-09,1
0451460413,2005-09,1
0451460464,2005-09,5
0451460464,2005-10,2
0451523989,2005-05,1
0451524071,2005-09,1
0451524934,2005-01,1
0451524934,2005-05,1
0451524934,2005-06,1
0451524934,2005-07,1
0451525264,2005-09,2
0451525302,2005-01,1
0451525302,2005-08,1
0451525620,2005-08,1
0451526015,2005-03,1
0451526554,2005-03,1
0451526554,2005-09,2
0451526821,2005-09,1
0451527046,2005-06,1
0451527100,2005-08,1
0451527534,2005-09,1
0451527542,2005-10,1
0451527577,2005-04,1
0451527607,2005-08,1
0451527747,2005-08,1
0451528115,2005-08,1
0451528212,2005-03,1
0451528328,2005-08,1
0451528816,2005-08,1
0451528816,2005-09,1
0451529014,2005-03,1
0451529014,2005-09,1
0451529022,2005-09,1
0451529596,2005-08,1
0451627156,2005-03,1
0451627210,2005-09,1
0451822196,2005-06,1
0452008255,2005-06,1
0452011019,2005-03,1
0452011175,2005-07,1
0452011604,2005-07,1
0452011698,2005-06,1
0452011876,2005-01,2
0452011876,2005-06,1
0452254485,2005-10,1
0452261910,2005-03,1
0452262801,2005-02,1
0452264537,2005-09,1
0452265681,2005-03,1
0452266556,2005-06,1
0452266602,2005-03,2
0452266696,2005-07,1
0452267099,2005-08,1
0452267560,2005-03,1
0452269830,2005-04,1
0452270782,2005-08,1
0452270839,2005-07,1
0452271878,2005-06,1
0452271878,2005-07,2
0452271878,2005-08,1
0452271878,2005-09,1
0452272580,2005-08,1
0452272955,2005-05,1
0452273226,2005-07,1
0452273404,2005-08,1
0452273803,2005-05,1
0452273803,2005-07,1
0452274648,2005-07,1
0452274893,2005-05,1
0452275652,2005-04,1
0452275717,2005-10,1
0452276594,2005-03,1
0452276594,2005-07,1
0452277248,2005-03,1
0452277701,2005-03,1
0452279070,2005-06,1
0452279577,2005-09,1
0452279887,2005-04,1
0452280524,2005-03,1
0452280524,2005-07,1
0452280680,2005-05,1
0452280826,2005-02,1
0452281229,2005-07,1
0452281296,2005-01,1
0452281296,2005-04,1
0452281377,2005-10,1
0452281423,2005-03,1
0452281431,2005-09,1
0452281458,2005-09,1
0452281482,2005-07,1
0452281547,2005-09,1
0452281636,2005-07,1
0452281768,2005-05,1
0452281806,2005-04,1
0452281903,2005-09,1
0452282128,2005-04,1
0452282136,2005-07,1
0452282152,2005-02,2
0452282195,2005-08,1
0452282276,2005-09,1
0452282772,2005-01,1
0452282772,2005-10,1
0452282780,2005-08,1
0452282810,2005-10,1
0452282829,2005-09,1
0452282950,2005-10,1
0452283167,2005-04,1
0452283205,2005-06,2
0452283205,2005-08,1
0452283442,2005-09,1
0452283485,2005-02,1
0452283671,2005-07,1
0452283779,2005-08,1
0452283795,2005-06,1
0452283833,2005-07,1
0452283841,2005-01,1
0452284007,2005-01,1
0452284023,2005-07,1
0452284058,2005-03,1
0452284201,2005-02,1
0452284252,2005-01,1
0452284260,2005-02,1
0452284260,2005-03,1
0452284449,2005-02,1
0452284449,2005-06,1
0452284449,2005-09,1
0452284570,2005-04,1
0452284686,2005-08,1
0452284716,2005-08,1
0452284732,2005-09,1
0452284902,2005-05,1
0452285011,2005-04,1
0452285038,2005-05,1
0452285143,2005-08,1
0452285216,2005-04,1
0452285216,2005-05,1
0452285410,2005-03,1
0452285488,2005-06,1
0452285755,2005-02,1
0452285801,2005-08,2
0452285895,2005-05,1
0452285925,2005-02,1
0452285933,2005-04,1
0452285933,2005-05,1
0452285933,2005-06,1
0452285933,2005-08,1
0452285984,2005-07,1
0452286034,2005-02,1
0452286034,2005-05,1
0452286034,2005-08,1
0452286204,2005-04,2
0452286204,2005-10,1
0452286239,2005-08,1
0452286239,2005-09,1
0452286239,2005-10,1
0452286352,2005-07,1
0452286409,2005-03,1
0452286409,2005-06,1
0452286514,2005-09,1
0452286530,2005-05,1
0452286662,2005-08,1
0452286662,2005-10,1
0452287200,2005-09,1
0453007740,2005-04,1
0453007856,2005-05,1
0453008046,2005-10,1
0458921009,2005-03,1
0460876163,2005-05,1
0465000711,2005-07,1
0465000924,2005-02,1
0465005527,2005-09,1
0465006965,2005-04,1
0465006965,2005-07,2
046500721X,2005-06,1
046500721X,2005-09,2
0465007856,2005-04,1
0465008003,2005-08,1
046500802X,2005-06,1
0465009689,2005-01,1
0465009689,2005-04,1
0465009689,2005-06,1
0465009689,2005-08,1
0465011012,2005-07,1
0465011020,2005-08,3
0465011020,2005-09,1
0465013775,2005-06,1
0465013775,2005-08,1
0465014232,2005-09,1
0465014909,2005-01,1
0465014909,2005-06,1
0465016154,2005-02,1
0465016154,2005-07,1
0465016901,2005-08,1
0465017193,2005-05,1
0465017193,2005-07,1
0465017193,2005-08,1
0465017304,2005-06,1
0465017304,2005-07,1
0465017681,2005-09,1
046501769X,2005-01,1
0465017746,2005-03,1
0465018548,2005-10,1
0465020909,2005-01,1
0465020941,2005-08,1
0465021530,2005-09,1
0465022723,2005-05,1
0465022812,2005-04,1
0465022820,2005-02,1
0465023290,2005-01,1
0465023770,2005-02,1
0465024777,2005-01,1
0465024777,2005-06,1
0465024777,2005-08,1
0465025358,2005-03,1
0465025676,2005-07,1
0465026087,2005-08,1
0465026222,2005-08,1
0465027261,2005-08,1
0465027458,2005-06,1
0465027458,2005-07,2
0465027571,2005-08,1
0465030823,2005-08,1
0465030912,2005-05,1
0465031161,2005-02,2
0465031161,2005-09,1
0465031161,2005-10,1
0465032818,2005-03,1
0465036562,2005-01,1
0465036562,2005-03,1
0465036961,2005-05,1
0465037283,2005-09,1
046503828X,2005-06,2
0465042260,2005-02,1
0465043011,2005-10,1
0465043089,2005-03,1
0465043550,2005-04,2
0465043674,2005-04,1
0465043704,2005-09,1
0465044263,2005-09,2
0465046754,2005-08,1
0465046754,2005-10,3
0465047238,2005-09,1
0465047327,2005-02,1
0465051359,2005-04,1
0465054811,2005-02,1
0465054862,2005-06,1
0465054862,2005-10,1
0465057128,2005-08,1
0465057918,2005-10,1
0465062695,2005-03,1
0465062695,2005-08,1
0465062806,2005-07,1
0465062814,2005-06,3
0465062814,2005-07,1
0465062814,2005-08,1
0465062814,2005-09,2
0465062873,2005-03,1
0465067107,2005-10,1
0465068855,2005-08,1
0465069908,2005-09,1
0465070736,2005-09,1
046507135X,2005-05,1
0465073158,2005-08,1
0465073514,2005-08,1
0465078362,2005-02,1
0465078443,2005-06,1
0465081436,2005-03,1
0465081436,2005-07,1
0465081452,2005-01,1
0465082270,2005-08,1
0465083269,2005-09,1
046508348X,2005-07,1
046508561X,2005-05,1
0465087302,2005-09,1
0465087922,2005-04,1
046508995X,2005-07,1
046508995X,2005-08,1
0465090826,2005-01,1
0465090826,2005-03,1
0465091121,2005-04,1
0465091261,2005-10,1
0465092624,2005-05,1
0465092667,2005-06,1
0465092667,2005-07,3
0465092667,2005-08,1
0465092667,2005-09,1
0465092810,2005-09,1
0465092934,2005-06,1
0465097200,2005-08,1
046509838X,2005-03,1
0470001887,2005-09,1
0470012188,2005-05,1
0470018925,2005-09,1
0470018925,2005-10,1
0470020059,2005-04,1
0470021306,2005-08,1
0470023686,2005-02,1
0470092238,2005-04,1
0470821027,2005-04,1
0470821310,2005-08,1
0470821701,2005-06,1
0470821701,2005-07,1
0470821701,2005-08,1
0470821701,2005-09,1
047083398X,2005-04,1
0470834870,2005-01,1
0470836091,2005-09,1
0470843802,2005-01,1
047084406X,2005-08,1
0470846844,2005-06,1
0470846909,2005-07,1
0470848359,2005-08,1
0470848391,2005-02,1
0470848960,2005-03,1
047086088X,2005-04,1
047086088X,2005-07,1
0470862777,2005-01,1
0470871563,2005-05,1
0471017078,2005-04,1
0471017078,2005-08,1
0471021520,2005-08,1
0471023264,2005-09,1
0471023299,2005-05,1
0471027294,2005-08,1
047103620X,2005-01,1
0471036269,2005-01,1
0471037397,2005-09,1
0471042226,2005-01,1
0471044091,2005-01,1
0471045217,2005-09,1
0471057002,2005-09,1
0471059684,2005-06,1
0471059706,2005-07,1
0471059706,2005-09,1
0471063177,2005-08,1
0471064289,2005-07,1
0471081302,2005-08,1
0471081868,2005-06,1
0471089702,2005-08,1
0471093157,2005-03,1
0471095702,2005-09,1
0471099554,2005-08,1
0471099805,2005-08,1
0471117099,2005-07,1
0471120294,2005-08,1
0471120901,2005-10,1
0471121045,2005-07,1
0471121207,2005-06,1
0471121460,2005-03,1
0471121754,2005-09,1
0471123005,2005-05,1
0471123498,2005-07,1
0471130478,2005-03,1
0471133302,2005-01,1
0471134333,2005-06,1
0471134481,2005-03,1
0471135712,2005-10,1
0471143146,2005-10,1
0471143642,2005-04,1
0471143642,2005-05,1
0471146099,2005-08,1
0471147494,2005-02,1
0471148792,2005-03,1
0471149209,2005-01,1
0471152099,2005-07,1
0471152099,2005-09,1
047115279X,2005-02,1
0471154105,2005-05,1
0471154962,2005-08,1
0471155144,2005-06,1
0471156965,2005-02,1
0471156965,2005-09,1
0471160652,2005-09,1
0471164259,2005-09,1
0471168572,2005-04,1
0471168572,2005-05,1
0471168572,2005-08,2
0471168572,2005-10,1
047117663X,2005-05,1
0471180009,2005-04,1
0471180009,2005-10,1
047118117X,2005-01,1
0471183490,2005-09,1
0471189529,2005-09,1
0471193372,2005-08,1
047119350X,2005-09,1
0471193771,2005-08,1
0471200239,2005-06,1
0471200247,2005-08,1
0471202088,2005-07,1
0471202495,2005-06,1
0471202495,2005-07,1
0471202576,2005-09,1
0471204013,2005-09,1
0471204560,2005-07,1
0471207683,2005-07,3
0471212644,2005-07,1
0471212644,2005-09,1
0471214620,2005-01,1
0471214620,2005-02,1
0471214620,2005-06,1
0471214620,2005-08,1
0471215511,2005-07,1
0471219630,2005-10,1
047121972X,2005-04,1
0471222860,2005-05,1
0471223778,2005-10,1
0471226408,2005-08,1
0471226416,2005-08,1
0471226483,2005-08,1
0471227285,2005-08,1
0471227293,2005-07,1
0471228796,2005-08,1
0471228958,2005-03,1
0471229172,2005-09,1
0471230650,2005-03,1
0471232920,2005-07,1
0471235172,2005-09,1
047123592X,2005-04,1
0471236403,2005-09,1
0471237345,2005-03,1
0471237345,2005-04,1
0471237620,2005-09,1
0471242098,2005-08,1
0471245305,2005-09,1
0471247014,2005-09,1
0471248363,2005-08,1
047125049X,2005-09,1
0471250600,2005-03,1
0471250902,2005-02,1
0471251658,2005-02,1
0471252522,2005-08,1
047126122X,2005-10,1
0471262927,2005-09,1
0471263761,2005-04,1
0471265691,2005-03,1
0471265721,2005-09,1
0471266086,2005-05,1
0471266094,2005-04,1
0471267554,2005-08,1
0471268089,2005-01,1
047126914X,2005-05,1
0471271233,2005-02,1
0471272353,2005-04,1
0471272353,2005-07,1
0471272353,2005-09,1
0471272426,2005-04,1
0471272736,2005-03,1
0471273430,2005-07,1
0471273473,2005-05,1
0471273511,2005-06,1
0471274046,2005-01,1
0471274046,2005-09,1
0471274232,2005-09,1
0471281085,2005-08,1
0471282952,2005-03,1
0471283622,2005-03,1
0471283622,2005-07,1
0471283908,2005-09,1
0471285196,2005-09,1
0471286168,2005-10,1
0471286222,2005-09,1
0471287857,2005-05,1
0471287857,2005-10,1
0471290165,2005-09,1
0471291862,2005-08,1
0471292753,2005-05,1
0471292753,2005-09,1
0471294284,2005-08,1
0471295426,2005-02,1
0471295809,2005-01,1
0471306827,2005-09,1
0471315850,2005-09,1
0471316490,2005-01,1
0471316989,2005-04,1
0471318787,2005-03,1
047132339X,2005-08,3
0471323632,2005-02,1
0471323632,2005-03,1
0471323659,2005-03,1
0471323675,2005-07,1
0471325465,2005-09,1
0471326933,2005-03,1
0471330019,2005-09,1
0471331767,2005-03,1
0471345547,2005-09,1
0471346985,2005-07,1
0471346985,2005-08,1
0471347418,2005-08,1
0471347477,2005-02,1
0471347477,2005-08,1
0471347574,2005-04,1
0471348066,2005-08,1
0471348104,2005-08,1
0471348163,2005-02,1
0471349623,2005-04,1
0471349976,2005-06,1
0471351679,2005-09,1
0471352616,2005-09,1
0471353124,2005-05,1
0471353485,2005-07,1
0471357316,2005-10,1
0471357642,2005-04,1
0471358460,2005-07,1
0471358983,2005-07,1
0471359254,2005-07,1
0471359254,2005-08,2
047136178X,2005-10,1
0471363448,2005-09,1
0471363499,2005-02,1
0471375233,2005-02,1
0471380229,2005-10,1
0471380237,2005-06,1
0471380237,2005-07,1
047138254X,2005-05,1
0471382574,2005-09,3
0471383562,2005-05,1
0471383562,2005-10,1
0471389455,2005-09,1
0471390879,2005-01,1
0471392286,2005-05,1
0471393266,2005-08,1
0471394203,2005-01,2
0471394203,2005-02,1
0471394203,2005-05,2
0471394203,2005-06,1
0471394327,2005-03,1
0471394327,2005-05,1
0471394475,2005-03,1
0471395056,2005-09,1
0471398101,2005-03,1
0471398586,2005-08,1
0471399183,2005-10,1
0471400688,2005-07,1
0471402737,2005-01,1
0471405450,2005-10,1
0471406724,2005-09,1
0471409766,2005-07,1
0471412937,2005-02,1
0471414069,2005-09,1
0471414115,2005-07,1
0471414883,2005-03,1
0471414883,2005-07,1
0471415014,2005-06,1
0471415138,2005-08,1
0471415715,2005-09,1
0471418064,2005-01,1
0471419796,2005-08,1
047141980X,2005-02,1
047141980X,2005-09,1
0471421197,2005-10,1
0471423270,2005-08,1
0471426245,2005-01,1
0471426245,2005-07,1
0471428078,2005-09,1
0471428078,2005-10,1
0471429570,2005-09,1
0471429589,2005-04,1
0471430005,2005-02,1
0471432210,2005-08,1
0471432458,2005-09,1
0471432571,2005-03,1
0471433381,2005-10,1
0471433403,2005-10,1
0471439975,2005-09,1
047144118X,2005-05,1
0471441562,2005-01,1
0471442615,2005-09,1
0471442763,2005-05,1
0471442763,2005-06,1
0471443999,2005-02,1
0471444936,2005-09,1
0471445509,2005-06,1
0471445509,2005-08,1
0471445940,2005-09,1
0471450111,2005-02,1
0471450553,2005-04,1
0471451401,2005-05,1
0471453803,2005-04,1
0471453900,2005-03,1
0471454036,2005-01,1
047145415X,2005-08,1
0471454400,2005-09,1
0471457078,2005-03,1
0471457329,2005-10,1
0471458368,2005-06,1
0471459445,2005-06,1
0471462071,2005-01,1
0471462071,2005-08,1
0471462314,2005-07,2
047146256X,2005-02,1
0471463310,2005-06,1
0471463310,2005-08,1
0471463396,2005-04,1
0471463396,2005-08,1
0471463612,2005-09,1
0471464260,2005-02,1
0471467634,2005-09,1
0471468495,2005-09,1
0471468525,2005-02,1
0471469181,2005-09,1
0471469513,2005-10,1
0471470643,2005-09,1
0471472565,2005-03,1
047147357X,2005-01,1
0471479616,2005-04,1
0471479616,2005-08,1
0471479632,2005-07,1
0471482056,2005-09,1
0471484857,2005-04,1
0471484857,2005-05,2
0471484857,2005-10,1
047148654X,2005-04,1
0471487783,2005-09,1
0471488526,2005-03,1
0471489255,2005-04,1
0471489441,2005-10,1
0471490881,2005-08,1
0471491195,2005-08,1
0471491195,2005-10,1
0471497592,2005-03,1
0471498629,2005-08,1
047152218X,2005-06,1
0471529125,2005-07,1
0471530123,2005-09,2
0471548340,2005-09,1
0471548685,2005-09,1
0471559563,2005-09,1
0471566551,2005-01,1
0471566551,2005-05,1
0471566551,2005-08,1
0471566551,2005-09,1
0471567043,2005-05,1
0471569488,2005-06,1
0471571660,2005-08,1
0471572705,2005-09,1
0471578142,2005-07,1
0471581267,2005-01,1
0471590991,2005-03,1
0471592242,2005-08,1
0471594237,2005-03,1
0471601500,2005-04,1
0471602450,2005-09,1
0471603856,2005-09,1
0471606952,2005-04,1
0471612804,2005-08,1
0471619108,2005-10,1
0471619124,2005-09,1
0471641383,2005-05,1
0471647128,2005-05,1
0471647144,2005-06,1
0471647144,2005-09,1
0471647756,2005-01,1
0471648116,2005-06,1
0471648116,2005-07,1
0471648825,2005-02,1
0471649848,2005-09,1
0471650919,2005-05,1
0471651133,2005-05,1
0471652830,2005-08,1
0471654647,2005-07,1
0471654655,2005-02,1
0471654655,2005-05,1
0471654655,2005-09,1
0471654671,2005-09,1
0471655295,2005-05,1
0471655333,2005-01,1
0471655783,2005-03,1
0471655848,2005-03,1
0471656836,2005-03,1
047165938X,2005-03,1
0471660469,2005-06,1
0471660485,2005-07,1
0471662712,2005-07,1
047166782X,2005-08,1
0471668540,2005-09,1
0471671584,2005-03,1
0471675016,2005-02,1
0471675024,2005-05,1
0471677884,2005-02,1
0471678465,2005-09,1
0471678716,2005-09,1
0471678783,2005-10,1
0471679526,2005-09,1
0471679984,2005-03,1
0471681954,2005-01,1
0471681954,2005-04,1
0471683345,2005-05,1
0471683469,2005-02,1
0471684058,2005-07,1
0471684201,2005-09,1
0471686158,2005-01,1
0471686174,2005-08,1
0471686174,2005-10,1
0471686832,2005-10,1
0471687243,2005-09,1
0471689807,2005-01,1
0471690988,2005-07,1
0471691887,2005-05,1
0471692646,2005-01,1
0471692794,2005-01,1
0471692794,2005-06,1
0471692794,2005-09,2
0471692794,2005-10,1
0471692840,2005-04,1
0471692840,2005-09,1
0471692867,2005-05,1
0471694665,2005-09,1
0471694797,2005-08,3
0471694827,2005-05,1
0471697036,2005-09,2
0471697206,2005-06,1
0471697710,2005-05,1
0471703974,2005-08,1
0471703974,2005-10,1
0471705284,2005-09,1
0471706043,2005-03,1
0471706043,2005-04,3
0471706043,2005-05,1
0471706043,2005-06,2
0471706043,2005-07,3
0471706043,2005-08,2
0471706043,2005-09,2
0471706043,2005-10,2
0471708755,2005-07,1
0471710253,2005-04,1
047171027X,2005-03,1
047171027X,2005-04,3
047171027X,2005-05,1
0471710326,2005-06,1
0471710326,2005-09,3
0471710326,2005-10,1
0471710490,2005-02,1
0471711543,2005-05,1
0471711721,2005-09,1
0471711799,2005-07,1
0471711802,2005-09,1
0471712167,2005-05,1
0471712167,2005-06,1
0471712345,2005-09,1
0471713929,2005-03,1
0471713929,2005-08,1
0471714399,2005-09,2
0471715255,2005-10,1
0471718351,2005-04,2
0471718351,2005-06,1
0471718378,2005-07,1
047171853X,2005-08,1
0471718556,2005-08,1
0471718556,2005-10,1
0471718564,2005-08,2
0471718637,2005-07,1
047171870X,2005-06,2
0471719838,2005-07,3
0471719838,2005-08,1
0471719838,2005-09,1
047171996X,2005-09,1
0471720267,2005-04,1
0471720631,2005-08,1
0471720836,2005-07,1
0471720836,2005-08,1
0471720836,2005-09,2
0471720836,2005-10,1
0471721115,2005-09,1
0471728314,2005-10,1
0471730440,2005-09,2
0471731110,2005-10,1
0471733873,2005-09,1
0471735388,2005-08,1
047173876X,2005-08,2
047173876X,2005-09,2
0471741256,2005-09,1
0471741256,2005-10,1
0471743178,2005-10,1
0471745650,2005-10,1
0471746010,2005-08,1
0471746010,2005-09,11
0471862061,2005-08,1
0471874388,2005-08,1
0471877387,2005-07,1
0471890847,2005-10,1
0471899755,2005-01,1
0471899755,2005-03,1
0471941867,2005-06,1
0471958697,2005-07,1
0471977497,2005-08,1
0471978442,2005-02,1
0471979589,2005-09,1
0472012207,2005-04,1
0472030663,2005-08,1
0472031198,2005-09,1
0472061003,2005-02,1
047206889X,2005-07,1
0472083341,2005-05,1
047208447X,2005-09,1
0472087835,2005-09,1
0472098187,2005-03,1
0472114379,2005-08,1
0472114638,2005-07,1
0472114697,2005-08,1
0472114719,2005-06,1
0473081768,2005-02,1
0485175185,2005-10,1
0486200558,2005-05,1
0486200825,2005-01,1
0486202577,2005-07,1
0486203514,2005-09,1
0486203980,2005-04,1
0486203999,2005-05,1
0486204928,2005-02,1
0486204936,2005-10,1
0486206165,2005-01,1
048620653X,2005-03,1
0486207463,2005-06,1
048620779X,2005-10,1
0486209415,2005-07,1
0486211452,2005-08,1
0486214370,2005-10,1
0486216497,2005-01,1
0486216500,2005-02,1
0486220559,2005-08,1
0486222543,2005-03,1
0486227898,2005-02,1
0486228045,2005-05,1
0486228207,2005-09,1
0486228703,2005-05,1
0486228703,2005-09,1
0486228703,2005-10,1
048622905X,2005-08,1
0486229076,2005-09,1
048622970X,2005-05,1
0486229904,2005-06,1
0486230198,2005-07,1
0486231917,2005-02,1
0486232557,2005-07,1
048623276X,2005-08,1
0486232786,2005-08,1
0486233286,2005-01,1
0486233421,2005-10,1
0486234118,2005-05,1
0486234258,2005-02,1
048623505X,2005-08,1
0486235661,2005-08,1
0486237419,2005-09,1
0486238008,2005-03,1
0486238156,2005-08,1
0486239594,2005-09,1
0486239950,2005-10,1
0486241173,2005-10,1
0486241386,2005-09,1
0486241416,2005-10,1
0486241785,2005-08,1
0486244016,2005-08,1
0486244776,2005-05,1
048624590X,2005-02,1
0486247392,2005-08,1
0486247902,2005-08,1
0486248232,2005-10,1
0486248593,2005-09,1
0486249859,2005-08,1
0486250946,2005-08,1
0486251659,2005-10,1
0486251713,2005-07,1
0486251748,2005-09,1
048625237X,2005-09,2
0486253414,2005-02,1
0486253473,2005-08,1
0486254119,2005-04,1
0486254631,2005-10,1
0486254860,2005-10,1
0486255069,2005-08,1
0486256235,2005-06,1
0486259277,2005-09,1
0486261808,2005-10,1
0486263584,2005-08,1
0486264645,2005-02,1
0486265250,2005-10,1
0486265439,2005-03,1
0486266605,2005-08,1
0486266826,2005-10,1
0486267024,2005-09,1
0486267156,2005-10,1
0486267342,2005-09,1
0486268454,2005-01,1
0486268543,2005-08,1
0486268772,2005-03,1
0486269418,2005-10,1
0486271269,2005-10,1
0486272583,2005-09,1
048627263X,2005-05,1
0486272842,2005-03,1
0486272982,2005-09,2
0486275094,2005-09,1
0486277135,2005-08,1
0486277240,2005-09,1
0486278484,2005-08,1
0486278573,2005-08,1
0486278816,2005-09,2
0486280861,2005-02,1
0486280861,2005-07,1
0486280861,2005-09,1
0486280934,2005-09,1
0486282139,2005-07,1
0486282139,2005-09,1
0486282759,2005-09,1
0486283577,2005-07,1
0486287378,2005-08,1
0486290387,2005-03,1
0486290522,2005-01,1
0486291138,2005-04,1
0486291332,2005-08,1
0486291553,2005-10,1
0486292622,2005-02,1
0486292770,2005-08,1
0486292916,2005-07,1
048629322X,2005-09,1
0486295850,2005-10,1
0486296911,2005-08,1
0486297055,2005-04,1
0486297187,2005-01,1
0486298116,2005-10,1
0486298574,2005-08,1
0486299988,2005-09,1
0486400042,2005-07,1
0486401200,2005-04,1
0486401200,2005-09,1
0486401448,2005-09,1
0486401782,2005-08,1
0486401820,2005-08,1
0486402215,2005-06,1
0486402436,2005-09,1
0486402762,2005-08,1
0486402835,2005-09,1
0486404293,2005-03,1
0486404323,2005-07,1
0486404471,2005-08,1
0486404536,2005-10,1
0486404676,2005-09,1
0486404730,2005-07,1
0486404846,2005-03,1
0486404846,2005-06,1
0486404900,2005-09,1
0486405613,2005-09,1
0486405664,2005-08,1
0486405710,2005-01,1
0486407047,2005-05,1
0486407225,2005-08,1
0486407659,2005-09,1
0486408531,2005-07,1
0486408922,2005-06,1
0486409163,2005-03,1
048641034X,2005-08,1
0486410927,2005-07,1
0486411281,2005-07,1
0486411559,2005-05,1
0486412210,2005-08,1
0486413500,2005-04,1
0486414051,2005-04,1
0486414094,2005-04,1
0486414655,2005-10,1
0486416380,2005-10,1
0486417395,2005-01,1
0486417409,2005-09,1
0486419266,2005-03,1
0486419290,2005-07,1
0486419312,2005-08,1
0486419312,2005-09,1
0486421244,2005-09,1
0486421619,2005-08,1
0486421678,2005-10,1
0486421880,2005-08,1
0486421961,2005-08,1
0486422194,2005-04,1
0486422585,2005-09,1
0486423603,2005-09,1
0486423972,2005-08,1
0486424758,2005-09,1
0486424790,2005-09,1
0486425401,2005-07,1
0486425576,2005-09,1
0486426718,2005-09,1
0486427080,2005-02,1
0486427196,2005-07,1
0486427501,2005-01,1
048642765X,2005-10,1
0486428060,2005-04,1
048642832X,2005-08,1
0486428389,2005-09,1
0486428753,2005-08,1
0486429768,2005-08,1
0486429822,2005-07,1
0486429857,2005-10,1
0486429873,2005-08,1
0486430197,2005-07,1
0486430820,2005-03,1
048643107X,2005-08,1
0486431584,2005-06,1
0486431622,2005-08,1
0486432971,2005-01,1
048643334X,2005-09,1
0486433595,2005-08,2
0486434753,2005-01,1
0486435091,2005-01,1
0486435458,2005-01,1
0486436578,2005-05,1
0486436780,2005-10,1
0486436861,2005-09,1
048643737X,2005-10,1
0486438678,2005-03,1
0486439283,2005-05,1
0486441490,2005-10,1
0486441989,2005-09,1
0486443361,2005-04,1
048649571X,2005-08,1
048663518X,2005-09,1
0486637603,2005-06,1
048664670X,2005-01,1
0486656764,2005-05,1
0486659844,2005-06,1
0486659844,2005-07,1
0486670473,2005-06,1
048667164X,2005-08,1
0486676285,2005-07,1
0486689220,2005-10,1
0486995283,2005-03,1
0486995615,2005-07,1
0486995615,2005-08,1
0486995690,2005-09,1
050001664X,2005-08,2
0500017980,2005-05,1
0500017980,2005-08,1
0500018707,2005-07,1
0500019053,2005-09,1
0500050937,2005-08,1
0500051054,2005-09,1
0500051240,2005-02,1
0500201803,2005-07,1
0500203040,2005-04,1
0500203474,2005-07,1
0500231400,2005-05,1
0500237956,2005-02,1
0500238154,2005-07,1
0500276161,2005-08,1
0500276277,2005-07,1
050027973X,2005-08,1
0500280401,2005-08,1
0500280428,2005-04,1
0500282773,2005-08,1
0500284415,2005-09,1
0500284989,2005-09,1
0500285373,2005-08,1
0500285578,2005-08,2
0500510180,2005-04,1
0500511195,2005-01,1
0500511756,2005-01,1
0500512302,2005-10,1
0500541876,2005-08,1
0500680019,2005-10,1
0500810125,2005-02,1
0500810230,2005-07,1
0500810303,2005-10,1
0500810370,2005-09,1
0500970130,2005-08,1
0500974659,2005-08,1
0500975906,2005-03,1
0500976287,2005-09,1
0505521393,2005-05,1
0505524244,2005-05,1
0505524449,2005-08,1
050552452X,2005-05,1
0505524724,2005-08,1
0505524937,2005-02,1
0505525119,2005-08,1
0505525267,2005-07,1
0505525267,2005-08,1
0505525321,2005-08,1
0505525577,2005-03,1
0505525593,2005-08,1
0505525739,2005-07,1
0505525747,2005-02,1
0505525747,2005-06,1
0505525747,2005-07,1
0505525852,2005-04,1
0505525925,2005-08,1
0505526018,2005-01,1
0505526107,2005-02,1
0505526107,2005-04,1
0505526107,2005-06,1
050552614X,2005-02,1
0505526220,2005-08,1
0505526247,2005-08,1
0505526247,2005-10,1
0505526263,2005-03,1
0505526263,2005-06,1
0505526263,2005-08,1
0505526271,2005-05,1
0505526328,2005-08,1
0505526336,2005-09,1
0505526344,2005-05,1
0513017682,2005-09,1
0513023380,2005-09,1
0515037060,2005-04,1
0515064149,2005-09,1
0515068632,2005-04,1
0515084557,2005-07,1
051508901X,2005-09,1
0515089761,2005-10,1
0515089869,2005-09,1
0515090050,2005-09,1
0515090212,2005-07,1
051509028X,2005-09,1
0515090298,2005-08,1
051509160X,2005-07,1
0515093491,2005-08,1
0515093556,2005-07,1
0515103969,2005-09,1
0515107662,2005-02,1
0515107662,2005-10,1
0515110132,2005-10,1
0515110396,2005-08,1
0515114057,2005-01,1
0515115649,2005-10,1
0515115878,2005-04,1
051511636X,2005-07,1
0515117927,2005-06,1
0515117927,2005-09,1
0515118656,2005-04,1
0515123447,2005-05,1
0515123447,2005-08,1
0515123447,2005-09,2
0515123447,2005-10,1
0515124893,2005-08,1
0515126772,2005-08,1
0515127221,2005-09,1
0515127485,2005-05,1
0515127485,2005-10,1
0515128635,2005-01,1
0515128635,2005-07,1
0515128635,2005-10,1
051512866X,2005-03,1
051512866X,2005-08,1
0515129496,2005-01,1
0515130974,2005-08,2
0515131229,2005-09,1
0515131334,2005-10,1
0515131555,2005-01,1
051513175X,2005-05,1
051513175X,2005-08,1
0515132020,2005-03,1
0515132896,2005-04,1
0515133310,2005-06,1
0515133310,2005-07,1
0515133876,2005-03,1
0515133973,2005-08,1
0515134139,2005-09,1
0515134406,2005-01,1
0515134449,2005-03,1
0515134457,2005-04,1
0515134465,2005-01,1
0515134465,2005-07,1
0515134473,2005-01,1
0515134481,2005-03,1
051513449X,2005-06,1
051513449X,2005-07,1
0515134503,2005-01,1
0515134503,2005-06,1
0515134511,2005-01,1
0515134686,2005-01,1
0515134899,2005-08,1
0515135283,2005-08,1
0515135356,2005-05,1
051513595X,2005-08,1
0515135968,2005-07,1
0515136263,2005-02,1
0515136263,2005-10,1
0515136387,2005-07,1
0515136565,2005-05,1
0515136816,2005-04,1
0515136816,2005-05,1
0515137936,2005-09,1
0515138150,2005-01,1
0515138150,2005-04,1
051513841X,2005-03,1
051513855X,2005-09,1
0515138622,2005-04,1
0515138657,2005-06,2
0515138657,2005-07,4
0515138657,2005-09,1
0515138754,2005-02,1
0515138819,2005-06,1
0515138819,2005-08,1
0515138819,2005-09,2
0515138851,2005-01,1
0515138851,2005-02,3
0515138851,2005-03,2
0515138851,2005-07,1
0515138851,2005-10,1
0515138975,2005-08,1
0515139327,2005-09,1
0515139467,2005-05,2
0515139467,2005-10,1
0515139483,2005-04,1
051513953X,2005-08,1
0515139688,2005-06,1
0515139688,2005-08,1
051513970X,2005-01,1
051513970X,2005-07,1
051513970X,2005-09,1
0515139750,2005-10,1
0516245627,2005-07,1
0516265598,2005-09,1
0516268139,2005-09,1
051642274X,2005-10,1
0517003937,2005-09,1
0517004682,2005-06,1
0517033607,2005-03,1
0517052334,2005-07,1
0517053616,2005-09,1
0517057948,2005-04,1
0517066467,2005-08,1
051708242X,2005-09,1
0517084724,2005-03,1
0517091178,2005-09,1
051709293X,2005-08,1
0517103370,2005-09,1
0517118319,2005-04,1
0517118858,2005-08,1
0517143909,2005-07,1
0517148242,2005-01,1
0517149257,2005-05,1
0517159244,2005-06,1
0517163101,2005-09,1
0517169428,2005-01,1
0517174960,2005-06,1
0517187868,2005-09,1
0517189682,2005-02,1
0517189682,2005-04,1
0517201658,2005-09,1
0517208334,2005-05,1
0517220784,2005-05,1
0517220849,2005-05,1
0517220938,2005-01,1
0517221160,2005-09,1
0517222620,2005-05,1
051722352X,2005-07,1
0517268256,2005-06,1
0517277956,2005-07,1
0517331942,2005-03,1
0517385554,2005-03,1
0517412497,2005-06,1
0517415283,2005-09,2
0517467933,2005-09,1
0517468921,2005-10,1
0517501880,2005-10,1
0517506637,2005-05,1
0517526468,2005-05,1
0517548232,2005-07,1
0517556146,2005-02,1
0517558661,2005-10,1
051756078X,2005-09,1
0517571285,2005-07,1
0517573822,2005-03,1
0517577291,2005-09,1
0517578484,2005-04,1
0517582228,2005-07,1
0517584123,2005-07,1
0517584301,2005-10,1
0517586401,2005-02,1
0517588374,2005-07,1
0517592215,2005-03,1
0517593025,2005-05,1
0517595338,2005-07,1
0517595370,2005-09,1
0517596326,2005-03,1
0517596326,2005-10,1
0517599252,2005-06,1
0517599902,2005-01,1
051770353X,2005-03,1
0517703734,2005-09,1
0517704862,2005-08,1
0517706245,2005-08,1
0517706709,2005-06,1
0517709775,2005-10,1
0517800748,2005-04,1
0517880105,2005-04,1
0517880539,2005-05,1
0517880857,2005-08,1
0517880946,2005-09,1
0517884070,2005-06,1
0517884313,2005-05,1
051788433X,2005-03,1
0517884534,2005-10,1
0517885573,2005-09,1
0517885794,2005-01,1
0517886073,2005-04,1
0517887266,2005-03,1
0517887290,2005-05,1
0517887290,2005-07,1
0517888440,2005-08,1
0517888440,2005-09,1
0520003500,2005-06,1
0520013549,2005-09,1
0520013859,2005-02,1
0520016106,2005-05,1
0520025911,2005-08,1
0520035453,2005-03,1
0520036433,2005-06,1
0520046951,2005-07,1
0520049209,2005-08,1
0520049209,2005-09,1
0520050630,2005-03,1
0520056906,2005-10,1
0520061942,2005-09,1
0520062388,2005-01,1
0520063341,2005-07,1
0520063457,2005-09,1
0520068513,2005-03,1
0520071654,2005-09,1
0520071751,2005-06,1
0520072782,2005-02,1
0520076656,2005-01,1
0520081161,2005-10,1
0520081838,2005-04,1
0520082095,2005-09,1
0520083423,2005-01,1
0520083490,2005-08,1
0520084357,2005-09,1
0520085345,2005-07,1
0520088085,2005-09,1
0520088174,2005-09,1
0520088611,2005-01,1
0520200195,2005-06,1
0520200551,2005-03,1
0520202538,2005-07,1
0520205014,2005-02,1
0520208099,2005-09,1
0520208455,2005-06,1
0520212754,2005-07,1
0520213696,2005-06,1
0520214706,2005-10,1
0520214927,2005-09,1
0520215176,2005-04,1
0520216768,2005-01,1
0520217128,2005-02,1
0520217888,2005-08,1
0520218353,2005-03,1
0520220765,2005-10,1
0520221494,2005-09,1
0520221699,2005-06,1
0520221869,2005-09,1
0520224116,2005-02,1
0520224612,2005-08,1
0520226291,2005-04,1
0520227573,2005-06,1
0520228723,2005-07,1
0520229398,2005-04,1
0520232712,2005-01,1
0520234014,2005-02,1
0520234081,2005-07,1
0520235002,2005-08,1
0520235134,2005-08,1
0520235398,2005-06,1
0520235509,2005-01,1
0520235657,2005-03,1
0520236742,2005-05,1
0520236912,2005-10,1
0520237102,2005-09,1
0520237315,2005-01,1
0520237315,2005-03,1
0520237560,2005-09,1
0520238176,2005-05,1
0520238176,2005-07,1
0520238303,2005-06,1
0520238915,2005-08,1
0520238923,2005-09,1
0520239342,2005-10,1
0520239407,2005-01,1
0520239407,2005-05,1
0520239458,2005-03,1
0520239458,2005-04,1
0520239482,2005-08,1
0520239539,2005-02,1
0520239598,2005-06,1
0520239768,2005-01,1
0520239768,2005-08,1
0520240111,2005-10,1
0520240626,2005-03,1
0520240731,2005-03,1
0520241134,2005-06,1
0520241193,2005-07,1
0520241207,2005-08,1
0520241320,2005-03,1
0520243587,2005-09,1
0520244486,2005-05,1
0520245555,2005-07,1
0520245989,2005-08,2
0520245989,2005-09,1
0520246276,2005-08,1
0520246500,2005-10,1
0521001188,2005-10,1
0521002303,2005-08,1
0521003512,2005-09,1
0521004640,2005-02,1
0521007542,2005-01,1
0521007747,2005-09,1
0521008433,2005-08,1
0521009529,2005-04,1
0521009626,2005-01,1
0521009626,2005-06,1
0521010683,2005-03,1
0521010683,2005-05,1
0521010683,2005-09,2
0521011698,2005-10,1
0521013364,2005-06,1
0521017157,2005-03,1
0521150345,2005-09,1
0521150744,2005-08,2
0521220963,2005-09,1
0521226449,2005-04,1
0521269083,2005-07,1
0521281695,2005-06,1
0521284147,2005-10,1
0521286239,2005-08,1
0521312523,2005-08,1
0521321107,2005-09,1
052134770X,2005-03,1
052134770X,2005-07,1
0521356911,2005-09,1
0521361001,2005-10,1
0521370957,2005-04,1
0521370957,2005-10,1
0521377986,2005-04,1
052138835X,2005-10,1
0521389763,2005-05,1
0521395658,2005-08,1
052140262X,2005-01,1
0521403170,2005-05,1
0521407834,2005-08,1
052141086X,2005-02,1
0521425344,2005-08,1
0521426006,2005-04,1
0521429935,2005-02,1
0521437741,2005-04,1
0521438330,2005-07,1
0521443423,2005-09,1
0521446635,2005-07,1
0521447933,2005-06,1
0521447941,2005-01,1
0521449901,2005-05,1
0521452880,2005-04,1
0521457602,2005-07,1
0521475732,2005-08,1
0521477352,2005-05,1
0521481406,2005-05,1
0521483476,2005-04,1
0521485134,2005-07,1
0521498821,2005-03,1
0521508797,2005-03,2
0521509181,2005-07,1
0521509556,2005-05,1
0521513049,2005-09,1
0521513057,2005-06,1
0521520436,2005-07,1
0521520665,2005-08,1
0521522676,2005-08,1
0521524229,2005-08,1
0521524296,2005-07,1
052152556X,2005-09,1
0521526825,2005-08,1
0521527333,2005-06,1
052152735X,2005-10,1
0521529166,2005-04,1
0521529166,2005-08,1
0521530083,2005-08,1
0521530326,2005-07,1
0521530814,2005-08,1
0521531829,2005-02,1
0521533902,2005-03,1
0521536987,2005-10,1
0521537711,2005-06,1
0521537770,2005-09,1
0521538467,2005-04,1
0521539277,2005-01,1
0521540364,2005-03,1
052154243X,2005-10,1
0521542545,2005-01,1
0521543541,2005-05,1
0521544149,2005-09,1
0521545773,2005-07,1
0521547687,2005-09,1
0521558727,2005-02,1
0521558794,2005-10,1
0521559871,2005-08,1
0521566827,2005-08,1
0521567041,2005-09,1
0521572134,2005-08,1
0521572738,2005-02,1
0521574684,2005-08,1
0521575842,2005-01,1
0521578515,2005-04,1
0521578833,2005-01,1
0521585627,2005-05,1
0521586054,2005-09,1
0521589878,2005-08,1
0521592364,2005-09,1
0521595126,2005-03,1
0521597412,2005-06,1
0521598869,2005-09,1
0521599423,2005-05,1
0521600960,2005-09,1
052160415X,2005-09,1
0521604982,2005-06,1
0521607841,2005-04,1
052161242X,2005-10,1
0521613701,2005-06,1
0521618231,2005-07,1
0521629519,2005-03,1
0521633966,2005-05,1
0521639891,2005-07,1
0521642914,2005-02,1
0521644240,2005-09,1
0521646960,2005-10,1
052164819X,2005-03,1
0521651956,2005-08,1
0521655366,2005-09,1
0521659388,2005-09,1
0521659604,2005-08,1
0521664454,2005-05,1
0521665140,2005-09,1
0521666228,2005-03,1
0521669502,2005-01,1
0521774659,2005-06,1
0521774780,2005-06,1
0521775043,2005-03,1
0521775906,2005-04,1
0521775930,2005-01,1
0521775930,2005-08,1
0521775949,2005-01,1
0521775949,2005-08,1
0521781906,2005-05,1
0521800226,2005-06,1
0521804477,2005-07,1
0521804922,2005-10,1
0521809185,2005-03,1
0521821126,2005-10,1
0521821495,2005-05,1
0521821495,2005-08,1
0521822335,2005-08,1
0521822815,2005-05,1
0521824095,2005-09,1
0521824893,2005-08,1
0521825385,2005-03,1
0521826462,2005-03,1
0521827787,2005-05,1
0521827787,2005-07,1
0521828058,2005-03,1
0521828651,2005-06,1
0521831431,2005-03,1
0521831431,2005-07,1
0521831431,2005-09,1
0521836123,2005-07,1
0521837332,2005-04,1
0521838053,2005-05,1
0521838347,2005-08,2
0521843138,2005-06,1
0521843863,2005-08,1
052184455X,2005-07,1
0521846781,2005-03,1
0521852137,2005-08,1
0521853044,2005-06,1
0521853249,2005-03,1
0521853575,2005-10,1
0523009011,2005-03,1
052524333X,2005-09,1
0525243909,2005-04,1
0525245472,2005-08,1
0525247491,2005-06,1
0525248323,2005-08,1
0525446443,2005-04,1
0525446443,2005-09,1
0525452540,2005-04,1
0525455914,2005-09,1
0525456074,2005-09,1
0525457232,2005-08,1
0525458344,2005-08,1
0525461221,2005-08,1
0525462325,2005-09,1
0525467149,2005-07,1
0525467238,2005-09,1
0525467262,2005-09,1
0525467262,2005-10,1
0525467343,2005-04,1
0525468285,2005-03,1
0525469087,2005-04,1
0525469087,2005-05,1
0525470662,2005-08,1
0525471308,2005-02,1
0525471332,2005-09,1
0525471340,2005-04,1
0525471340,2005-09,1
0525471669,2005-07,1
0525471790,2005-07,1
0525471863,2005-01,1
0525472185,2005-08,1
0525472185,2005-09,1
0525472975,2005-09,1
0525473106,2005-09,1
0525473114,2005-08,1
0525474072,2005-08,1
0525474293,2005-08,2
0525475060,2005-03,2
0525476229,2005-10,1
0525480196,2005-01,1
0525483810,2005-02,1
0525485449,2005-09,1
0525652159,2005-06,1
0525934014,2005-09,1
0525934189,2005-09,1
0525944729,2005-09,1
052594527X,2005-09,1
0525945792,2005-01,1
0525945814,2005-01,1
0525946047,2005-06,1
0525947337,2005-09,1
052594754X,2005-01,1
052594754X,2005-08,1
052594754X,2005-09,1
0525947663,2005-05,1
0525947671,2005-05,1
0525947736,2005-08,1
0525947906,2005-06,1
0525947965,2005-04,1
0525948023,2005-10,1
0525948066,2005-06,1
0525948082,2005-04,1
0525948228,2005-02,1
0525948236,2005-09,1
0525948244,2005-05,1
0525948414,2005-04,1
0525948422,2005-02,1
0525948422,2005-07,1
0525948430,2005-01,1
0525948449,2005-01,1
0525948449,2005-03,1
0525948570,2005-09,1
0525948597,2005-07,1
0525948597,2005-09,1
0525948600,2005-02,1
0525948600,2005-04,1
0525948635,2005-06,1
0525948643,2005-04,1
0525948678,2005-08,1
0525948740,2005-04,1
0525948740,2005-05,1
0525948740,2005-06,2
0525948740,2005-09,1
0525948767,2005-07,2
0525948775,2005-08,1
0525948783,2005-08,2
0525948783,2005-09,3
0525948791,2005-07,1
0525948805,2005-09,1
052594883X,2005-08,1
0525948864,2005-08,1
0525948864,2005-09,2
0525948899,2005-09,2
0525948910,2005-07,1
0525948910,2005-09,1
0525949046,2005-09,1
0525949070,2005-10,2
0525949100,2005-09,2
0527763160,2005-03,1
0528177907,2005-09,1
0528825062,2005-09,1
0528845454,2005-08,1
0528845500,2005-08,1
0528853392,2005-04,1
0528853392,2005-09,1
0528854429,2005-09,1
0528855832,2005-08,1
0528857142,2005-09,1
052895587X,2005-03,1
0528978101,2005-10,1
0528999427,2005-10,1
0529064634,2005-08,1
0529068133,2005-09,1
0529107724,2005-04,1
0529109530,2005-03,1
0529110563,2005-07,1
0531009165,2005-05,1
0531037177,2005-02,1
0531058417,2005-02,1
053105859X,2005-04,1
053105893X,2005-08,1
0531071421,2005-02,1
0531094642,2005-09,1
0531159671,2005-09,1
0531167410,2005-02,1
0531301559,2005-09,1
0531302091,2005-05,1
0531303128,2005-09,1
0533076234,2005-02,1
053309108X,2005-05,1
0533108357,2005-05,1
0533120233,2005-01,1
0533128595,2005-01,1
0533145481,2005-07,1
0533146526,2005-08,1
0533148588,2005-04,1
0533148693,2005-08,1
0533148898,2005-05,1
0533149568,2005-04,1
0533151694,2005-05,1
0533151694,2005-07,1
0533151694,2005-08,2
0533151694,2005-09,1
0534217508,2005-09,1
0534243126,2005-01,1
0534260349,2005-08,1
0534261485,2005-10,1
0534357822,2005-09,1
0534358659,2005-09,1
0534359450,2005-09,1
0534359493,2005-10,1
0534362206,2005-07,1
0534367577,2005-09,1
0534381308,2005-10,1
0534382665,2005-10,1
0534389937,2005-09,1
0534393217,2005-07,1
0534393608,2005-09,1
0534397719,2005-01,1
0534397719,2005-02,1
0534397980,2005-08,1
0534408427,2005-08,1
0534419232,2005-09,1
0534434576,2005-01,1
0534504795,2005-09,1
0534522513,2005-05,1
0534523625,2005-07,1
0534574335,2005-03,1
0534574424,2005-01,1
0534575951,2005-08,1
0534586988,2005-10,1
0534587437,2005-01,1
0534590047,2005-08,1
0534599044,2005-10,1
0534600085,2005-07,1
0534602460,2005-08,1
0534602460,2005-09,2
0534603092,2005-07,2
0534607004,2005-09,1
0534610927,2005-05,1
0534614256,2005-04,1
0534624022,2005-09,1
0534624871,2005-09,1
0534631479,2005-10,1
0534632645,2005-10,1
0534635172,2005-02,1
0534640958,2005-10,1
0534948545,2005-02,1
0534948847,2005-09,1
0534952623,2005-02,1
0534997236,2005-08,1
0534997236,2005-10,1
0536613443,2005-09,1
0538688335,2005-10,1
0552146986,2005-08,1
0552147419,2005-06,1
055215069X,2005-03,1
0552997331,2005-04,1
0552997862,2005-09,1
0553011359,2005-08,1
0553012967,2005-03,1
0553014080,2005-02,1
0553050443,2005-03,1
0553050737,2005-03,1
0553058819,2005-03,1
0553061771,2005-07,1
0553062182,2005-06,1
0553062204,2005-04,1
0553067966,2005-09,1
055306908X,2005-02,1
0553069160,2005-05,1
0553070304,2005-10,1
0553071807,2005-09,1
055309503X,2005-07,1
0553096087,2005-09,1
0553103741,2005-05,1
0553105736,2005-09,1
0553105736,2005-10,1
0553106236,2005-04,1
0553108301,2005-01,1
0553109642,2005-08,1
0553110721,2005-10,1
055311073X,2005-09,1
0553111337,2005-08,1
0553137522,2005-07,1
0553138243,2005-02,1
0553139789,2005-04,1
0553141392,2005-01,1
0553142879,2005-05,1
0553154524,2005-05,1
0553196529,2005-10,1
0553200054,2005-09,1
0553201972,2005-04,1
0553208055,2005-06,1
0553208845,2005-06,1
0553208845,2005-10,1
0553210351,2005-08,1
0553210351,2005-10,1
0553210823,2005-06,1
0553211161,2005-05,1
0553211757,2005-08,1
0553212044,2005-06,1
0553212168,2005-03,1
0553212184,2005-09,1
055321229X,2005-08,1
055321229X,2005-09,1
0553212451,2005-05,1
055321263X,2005-01,1
055321263X,2005-07,1
0553212737,2005-06,1
0553212788,2005-02,1
0553212788,2005-04,1
0553212788,2005-07,1
0553213105,2005-08,1
0553213172,2005-06,1
0553213237,2005-09,1
0553213415,2005-06,1
055321344X,2005-06,1
0553213695,2005-03,1
0553213768,2005-06,1
0553213873,2005-09,1
0553214144,2005-02,1
0553214225,2005-04,1
0553214446,2005-04,1
0553216260,2005-08,1
0553231804,2005-04,1
0553238124,2005-02,1
0553238671,2005-01,1
0553245767,2005-05,1
0553246259,2005-07,1
0553248138,2005-09,1
0553248790,2005-03,1
0553251473,2005-09,1
0553252968,2005-02,1
0553255649,2005-08,1
0553255711,2005-02,1
0553256742,2005-08,1
0553257781,2005-02,1
0553257978,2005-04,1
0553260510,2005-08,1
0553262505,2005-04,1
0553263153,2005-03,1
0553263153,2005-08,1
0553263811,2005-08,1
055326382X,2005-06,1
0553264591,2005-02,1
0553265962,2005-10,1
0553266578,2005-09,1
0553268465,2005-10,1
0553268880,2005-10,1
0553268929,2005-01,1
0553268937,2005-09,1
0553270079,2005-04,1
0553270257,2005-08,1
0553270494,2005-04,1
0553271458,2005-09,1
0553271822,2005-04,1
0553271989,2005-06,1
0553271997,2005-10,1
0553272535,2005-03,1
0553272950,2005-09,1
0553272950,2005-10,1
0553273914,2005-07,1
0553273914,2005-08,1
0553274406,2005-07,1
0553275852,2005-07,1
0553276328,2005-01,1
0553276387,2005-08,1
0553276735,2005-05,1
0553276735,2005-09,1
0553277537,2005-06,1
055327757X,2005-06,1
0553278746,2005-08,1
0553279025,2005-09,1
0553279602,2005-09,1
0553279726,2005-06,1
055327998X,2005-09,1
0553280333,2005-09,1
0553280376,2005-04,1
0553280414,2005-03,1
0553280643,2005-04,1
0553281003,2005-10,1
0553282034,2005-06,1
0553283685,2005-02,1
0553283685,2005-03,1
0553283960,2005-08,1
0553284363,2005-09,1
0553287532,2005-08,1
0553287737,2005-08,1
0553288555,2005-08,1
0553289209,2005-08,1
0553289993,2005-09,1
0553290320,2005-08,1
0553290401,2005-05,1
055329105X,2005-05,1
0553291831,2005-10,1
0553294385,2005-04,1
0553295608,2005-09,1
0553296892,2005-05,1
0553296981,2005-07,1
0553298178,2005-01,1
0553299239,2005-09,1
0553299484,2005-09,1
0553299573,2005-03,1
0553333062,2005-01,1
0553342444,2005-09,1
0553342533,2005-08,1
0553343874,2005-05,1
0553344196,2005-04,1
055334630X,2005-09,1
0553347594,2005-05,1
0553347594,2005-07,1
055334935X,2005-03,1
0553349708,2005-04,1
0553349708,2005-08,1
0553349708,2005-09,1
0553351370,2005-08,1
0553351397,2005-01,1
0553351397,2005-04,1
055335275X,2005-07,1
055335275X,2005-08,1
055335339X,2005-07,1
0553354892,2005-01,1
0553371037,2005-09,1
0553371657,2005-08,1
0553373153,2005-03,1
055337365X,2005-08,1
0553373730,2005-04,1
0553374524,2005-08,1
0553375067,2005-08,1
0553375172,2005-09,1
0553375261,2005-03,1
0553375407,2005-03,2
0553375407,2005-04,1
0553375407,2005-07,1
0553375407,2005-09,1
0553378058,2005-01,1
0553378252,2005-01,1
0553378252,2005-03,2
0553378252,2005-04,1
0553378252,2005-05,2
0553378252,2005-06,1
0553378252,2005-07,1
0553378252,2005-08,1
0553378295,2005-08,1
0553378295,2005-10,1
0553378341,2005-08,1
0553378384,2005-05,1
0553378384,2005-10,1
0553378546,2005-05,1
0553378546,2005-07,1
0553378651,2005-06,1
0553378767,2005-01,1
0553378767,2005-02,1
0553378767,2005-07,1
0553378767,2005-08,1
0553378767,2005-09,1
0553378929,2005-01,1
0553379011,2005-02,1
0553379259,2005-07,1
0553379267,2005-02,1
055337933X,2005-05,1
055337933X,2005-09,1
0553379593,2005-07,1
0553379658,2005-06,1
0553379771,2005-06,1
055337981X,2005-09,1
0553379887,2005-08,2
0553380168,2005-02,1
0553380168,2005-05,1
0553380303,2005-03,1
0553380362,2005-09,1
0553380397,2005-02,1
0553380397,2005-04,1
0553380397,2005-06,1
0553380494,2005-09,1
0553380516,2005-08,1
0553380524,2005-09,1
0553380567,2005-08,1
0553380648,2005-04,1
055338077X,2005-06,1
055338080X,2005-08,1
0553380842,2005-03,1
0553380842,2005-08,1
0553380907,2005-10,1
0553380958,2005-01,1
0553380958,2005-02,1
0553380958,2005-07,1
0553381032,2005-08,1
0553381156,2005-03,1
0553381156,2005-09,1
0553381156,2005-10,1
0553381229,2005-08,1
0553381393,2005-03,1
0553381407,2005-01,1
0553381407,2005-04,1
0553381407,2005-07,1
0553381407,2005-09,1
0553381423,2005-09,1
0553381431,2005-09,1
0553381466,2005-01,1
0553381466,2005-05,2
0553381466,2005-07,1
0553381466,2005-08,3
0553381466,2005-10,2
0553381490,2005-08,1
055338158X,2005-02,1
0553381822,2005-09,1
0553381903,2005-02,1
0553381970,2005-10,1
0553382047,2005-03,1
0553382098,2005-09,1
0553382136,2005-07,1
0553382136,2005-09,3
0553382152,2005-08,1
0553382160,2005-08,1
0553382179,2005-04,1
0553382179,2005-07,3
0553382179,2005-08,2
0553382179,2005-09,1
0553382209,2005-07,1
0553382209,2005-08,1
0553382241,2005-04,1
055338225X,2005-09,1
0553382411,2005-01,1
0553382497,2005-09,1
0553382896,2005-08,1
0553382896,2005-09,1
055338290X,2005-08,1
055338290X,2005-10,1
0553382918,2005-10,1
0553382950,2005-01,2
0553382969,2005-04,2
0553382969,2005-06,1
0553382985,2005-09,1
0553383051,2005-01,1
0553383051,2005-08,2
0553383256,2005-08,1
0553383396,2005-06,1
0553383434,2005-07,1
0553455621,2005-05,1
0553456067,2005-08,1
0553456121,2005-09,1
0553456121,2005-10,1
0553456539,2005-04,1
0553471341,2005-02,1
0553473468,2005-08,1
0553493612,2005-09,1
055349368X,2005-10,1
055349435X,2005-09,1
0553494376,2005-02,1
0553494392,2005-08,1
0553526316,2005-09,1
0553560255,2005-07,1
0553560263,2005-08,1
0553561189,2005-03,1
055356241X,2005-02,1
0553562649,2005-10,1
0553562738,2005-03,1
0553562738,2005-07,1
0553562738,2005-08,2
0553563513,2005-04,1
0553563939,2005-06,1
0553564560,2005-07,1
0553564943,2005-01,1
0553565699,2005-08,1
0553565699,2005-09,1
0553565915,2005-06,1
0553565915,2005-09,2
0553568132,2005-09,1
0553568922,2005-08,1
0553569031,2005-04,1
0553569031,2005-08,1
0553569155,2005-04,1
0553569406,2005-09,1
0553569473,2005-01,1
055356997X,2005-02,1
0553571656,2005-04,1
0553571656,2005-10,1
0553572040,2005-08,1
055357339X,2005-02,1
055357339X,2005-04,1
055357339X,2005-09,1
055357339X,2005-10,1
0553573403,2005-02,1
0553573403,2005-04,1
0553573403,2005-05,1
0553573403,2005-06,1
0553573403,2005-07,1
0553573403,2005-08,1
0553573403,2005-09,2
0553573403,2005-10,1
055357342X,2005-02,1
055357342X,2005-03,1
0553573985,2005-03,1
0553573993,2005-09,1
0553573993,2005-10,1
0553574132,2005-08,1
0553574167,2005-07,1
0553574175,2005-07,1
0553574221,2005-04,1
0553574256,2005-03,1
0553574280,2005-08,1
055357440X,2005-07,1
0553574566,2005-08,1
055357485X,2005-09,1
0553575244,2005-09,1
0553575384,2005-04,1
0553575422,2005-02,1
0553575422,2005-09,1
0553575430,2005-02,1
0553575635,2005-09,2
0553575643,2005-08,1
0553575651,2005-08,2
0553575651,2005-10,1
0553575937,2005-04,1
0553576232,2005-01,1
0553576801,2005-09,1
0553577239,2005-04,1
0553577239,2005-05,1
0553577255,2005-02,1
055357759X,2005-08,1
0553577816,2005-09,1
0553578227,2005-09,1
0553578405,2005-04,1
0553578790,2005-03,1
055357910X,2005-08,1
0553579193,2005-09,1
055357924X,2005-09,1
0553579304,2005-05,1
0553579312,2005-08,1
0553579703,2005-09,1
0553579908,2005-03,1
0553579908,2005-08,1
0553579908,2005-09,1
0553580221,2005-09,1
0553580280,2005-07,1
0553580337,2005-10,1
0553580531,2005-01,1
0553580531,2005-03,1
0553580531,2005-05,1
0553580833,2005-09,1
0553580906,2005-10,1
0553581058,2005-02,1
0553581279,2005-04,1
0553581406,2005-07,1
0553581503,2005-05,1
0553581643,2005-07,1
0553582100,2005-08,1
0553582453,2005-09,1
0553582461,2005-07,1
0553582526,2005-05,1
0553582712,2005-01,1
0553582747,2005-02,1
0553582763,2005-05,1
0553582860,2005-08,1
0553582895,2005-05,1
0553582925,2005-09,1
0553583174,2005-05,1
0553583182,2005-05,1
0553583182,2005-08,1
0553583182,2005-09,1
0553583379,2005-07,1
0553583433,2005-10,1
0553583565,2005-02,1
055358376X,2005-02,1
0553584065,2005-05,1
0553584367,2005-08,1
0553584375,2005-08,1
0553584499,2005-02,1
0553584502,2005-05,1
0553584529,2005-02,1
0553584715,2005-03,3
0553584758,2005-01,1
0553584790,2005-08,1
0553585495,2005-03,1
0553585894,2005-10,1
0553586033,2005-03,1
0553586106,2005-10,1
0553586424,2005-03,1
0553586459,2005-02,1
0553586599,2005-03,1
055358667X,2005-05,1
0553586688,2005-06,1
0553586696,2005-06,1
055358670X,2005-06,1
0553586742,2005-05,1
0553586769,2005-01,1
0553586920,2005-06,1
0553586939,2005-02,1
0553586971,2005-03,1
0553587064,2005-04,1
0553587064,2005-06,1
0553587064,2005-08,2
0553587072,2005-05,1
0553587080,2005-06,3
0553587080,2005-07,1
0553587080,2005-08,1
0553587196,2005-08,1
055358720X,2005-07,1
0553587242,2005-01,1
0553587307,2005-06,1
0553587307,2005-07,1
0553587382,2005-05,1
0553587382,2005-09,1
0553587412,2005-04,1
0553587412,2005-06,1
0553587439,2005-09,1
0553587501,2005-01,1
0553587501,2005-05,1
0553587501,2005-07,1
0553587536,2005-07,1
055358782X,2005-06,1
0553587889,2005-02,1
0553587889,2005-06,1
0553587889,2005-08,4
0553587889,2005-09,1
0553587897,2005-08,1
0553587897,2005-09,4
0553587897,2005-10,3
0553587986,2005-06,1
0553712233,2005-09,1
0553714759,2005-06,1
0553714783,2005-06,1
0553756362,2005-09,1
0553762044,2005-03,1
0553763008,2005-09,1
0553763067,2005-02,1
055380121X,2005-09,1
0553801309,2005-02,1
0553801309,2005-04,1
0553801392,2005-09,1
0553801430,2005-05,1
0553801511,2005-01,1
0553801643,2005-02,1
0553801643,2005-04,1
0553801856,2005-10,1
055380197X,2005-07,2
055380197X,2005-08,6
0553802070,2005-06,1
0553802259,2005-03,1
0553802496,2005-04,1
055380250X,2005-06,1
0553802534,2005-01,1
0553802534,2005-06,1
0553802550,2005-10,1
0553802577,2005-07,1
0553802984,2005-10,1
0553803018,2005-03,1
0553803018,2005-07,1
0553803077,2005-08,1
0553803174,2005-07,1
0553803174,2005-08,2
0553803239,2005-04,1
0553803301,2005-06,1
0553803425,2005-05,1
0553803425,2005-06,2
0553803425,2005-07,1
0553803492,2005-02,1
0553803530,2005-07,1
0553803530,2005-09,1
0553803638,2005-10,1
0553803964,2005-01,1
0553803964,2005-02,1
0553804006,2005-07,1
0553804022,2005-09,1
0553804146,2005-03,1
0553804146,2005-05,2
0553804146,2005-06,1
0553804146,2005-07,1
0553804154,2005-07,4
0553804154,2005-08,2
0553804154,2005-09,3
0553804154,2005-10,1
0553804480,2005-10,1
0553804510,2005-09,2
0553814591,2005-05,1
0553814826,2005-08,1
0563384573,2005-10,1
0563486228,2005-09,1
0563486244,2005-08,1
0563486244,2005-09,1
0563486287,2005-09,1
0563487933,2005-09,1
0563494298,2005-07,1
0563521651,2005-10,1
0563524030,2005-08,1
0563538651,2005-06,1
0566079623,2005-04,1
0567088103,2005-02,1
0570005051,2005-07,1
0570005051,2005-10,1
0570032482,2005-02,1
0570038685,2005-02,1
0570046351,2005-07,1
0571130135,2005-09,1
0571144543,2005-03,1
0571154611,2005-05,1
0571169341,2005-03,1
0571179959,2005-08,1
057119382X,2005-01,1
0571198775,2005-07,1
0571199607,2005-09,1
0571202284,2005-09,1
0571205070,2005-04,1
0571206638,2005-08,1
0571207391,2005-04,1
0571208002,2005-09,1
0571210562,2005-03,1
057121102X,2005-08,1
0571211143,2005-02,1
0571211380,2005-04,1
0571211550,2005-05,1
0571211585,2005-09,1
0571211747,2005-03,1
0571211933,2005-08,1
0571211941,2005-08,2
0571216714,2005-09,1
0571219292,2005-04,1
0571219675,2005-08,1
057122606X,2005-08,1
0571229948,2005-10,1
0572026080,2005-06,1
0572028504,2005-02,1
0573699216,2005-08,1
0575070285,2005-04,1
0575070943,2005-10,1
0575071443,2005-04,1
0575074019,2005-08,1
0575075260,2005-07,1
0575075589,2005-10,1
0575603526,2005-07,1
0582019850,2005-09,1
0582247373,2005-02,1
0582278430,2005-08,1
058228452X,2005-10,1
0582323843,2005-05,1
0582367506,2005-02,1
0582382106,2005-07,1
0582411599,2005-10,1
0582505798,2005-08,1
0582550416,2005-09,1
0582553776,2005-03,1
0582772729,2005-05,1
0582776465,2005-08,1
0582784824,2005-07,1
0586043918,2005-02,1
0586200290,2005-01,1
0586200290,2005-09,1
0590000861,2005-10,1
059001546X,2005-09,1
059004320X,2005-07,1
0590050435,2005-09,1
0590058991,2005-09,1
0590068822,2005-08,1
0590078445,2005-10,1
0590129996,2005-09,1
0590187325,2005-08,1
0590251058,2005-05,1
0590259385,2005-08,1
0590259385,2005-09,1
0590305646,2005-09,1
0590316826,2005-09,1
0590337475,2005-05,1
0590353403,2005-01,1
0590353403,2005-07,1
0590353403,2005-08,1
0590353403,2005-09,2
0590353403,2005-10,1
0590360809,2005-09,1
059037866X,2005-08,1
0590383892,2005-07,1
0590386085,2005-08,1
0590393774,2005-09,1
0590396056,2005-09,1
0590403605,2005-07,1
0590409433,2005-09,1
0590410563,2005-09,1
0590417010,2005-03,1
0590417010,2005-10,2
0590428594,2005-05,1
0590434292,2005-06,1
0590441515,2005-07,1
0590445103,2005-06,1
059044736X,2005-09,1
0590448501,2005-09,1
0590462954,2005-09,1
0590489135,2005-06,1
0590489917,2005-03,1
0590495100,2005-08,1
0590495429,2005-10,1
0590632752,2005-09,1
0590634747,2005-02,1
0590649493,2005-10,1
0590662635,2005-10,1
059076263X,2005-03,1
0590825194,2005-01,1
059084475X,2005-07,1
059089644X,2005-05,1
0590922513,2005-08,1
0590929976,2005-04,1
0590929976,2005-08,1
0590956175,2005-09,1
0595002021,2005-01,1
0595003451,2005-09,1
0595004393,2005-09,1
0595089887,2005-09,1
059509113X,2005-09,1
0595092969,2005-03,1
0595095615,2005-05,1
0595098002,2005-02,1
0595098002,2005-04,1
059509838X,2005-07,1
0595099874,2005-09,1
0595124844,2005-04,1
0595124844,2005-07,1
0595128165,2005-03,1
0595130577,2005-07,1
0595131204,2005-09,1
0595136648,2005-06,1
0595137555,2005-07,1
0595141552,2005-02,1
0595143350,2005-09,1
059514618X,2005-06,1
059514618X,2005-10,1
059514781X,2005-05,1
0595149251,2005-04,1
0595150624,2005-01,1
0595151965,2005-09,1
059515414X,2005-03,1
0595164625,2005-09,1
0595166415,2005-04,1
059516708X,2005-06,1
059516708X,2005-07,1
059516708X,2005-09,1
0595167950,2005-05,1
0595168493,2005-08,1
0595168639,2005-08,1
0595171672,2005-07,1
0595171761,2005-03,1
0595176208,2005-08,1
059517793X,2005-08,1
0595181422,2005-05,1
059518717X,2005-07,1
0595187293,2005-08,1
0595193196,2005-09,1
0595193811,2005-04,1
0595197124,2005-06,1
059519897X,2005-02,1
059519897X,2005-09,1
0595199550,2005-09,1
0595200737,2005-07,1
0595201075,2005-08,1
0595201687,2005-06,1
0595201687,2005-08,1
0595202217,2005-08,1
0595208460,2005-06,1
0595210597,2005-03,1
059521083X,2005-07,1
0595214231,2005-04,1
0595215041,2005-10,1
0595217141,2005-02,1
0595217141,2005-03,1
0595218792,2005-05,1
0595219624,2005-02,1
0595220517,2005-04,1
0595220517,2005-07,1
059522055X,2005-06,1
0595222196,2005-04,1
0595224687,2005-06,1
0595226817,2005-04,1
0595233163,2005-07,1
0595233988,2005-05,1
0595234135,2005-01,1
0595241220,2005-09,1
059524159X,2005-08,1
0595246184,2005-04,1
059525070X,2005-04,1
059525070X,2005-06,1
059525425X,2005-04,1
0595257445,2005-03,1
0595258441,2005-10,1
059526106X,2005-03,1
0595261388,2005-07,1
0595263763,2005-09,1
0595264077,2005-04,1
0595265855,2005-01,2
059526588X,2005-02,1
059526882X,2005-04,1
059526882X,2005-06,2
0595274803,2005-04,1
0595275052,2005-02,1
0595275893,2005-03,1
0595276644,2005-09,1
0595279554,2005-07,1
059528003X,2005-06,1
0595280285,2005-06,1
0595281257,2005-07,1
0595281648,2005-07,1
0595282202,2005-06,3
0595282563,2005-03,1
0595284124,2005-09,1
0595287034,2005-07,1
0595288413,2005-04,1
0595289479,2005-06,1
0595290043,2005-06,1
0595290043,2005-07,1
0595290671,2005-03,1
0595291139,2005-04,1
0595291236,2005-01,1
0595291333,2005-10,1
0595291589,2005-10,1
0595291953,2005-09,1
059529393X,2005-09,1
0595294049,2005-06,1
0595295061,2005-06,1
0595296602,2005-10,1
0595296629,2005-03,1
0595297218,2005-08,1
0595297390,2005-01,1
0595297390,2005-06,1
0595297846,2005-09,1
059529796X,2005-09,1
059529894X,2005-03,1
0595299687,2005-07,1
0595300243,2005-09,1
0595301150,2005-06,1
0595301398,2005-03,1
0595304206,2005-09,1
0595304907,2005-03,1
0595305083,2005-06,1
0595307337,2005-06,1
0595307477,2005-01,1
0595307566,2005-01,1
0595307566,2005-08,1
0595308376,2005-01,1
0595308430,2005-10,1
059530897X,2005-01,1
0595309585,2005-06,1
0595310575,2005-02,1
0595311784,2005-08,1
0595312500,2005-03,1
0595313094,2005-08,1
0595313159,2005-05,1
0595314384,2005-02,1
0595314872,2005-03,1
059531547X,2005-08,1
0595315593,2005-09,1
0595316700,2005-01,1
0595316840,2005-01,1
0595317073,2005-05,1
0595317588,2005-07,1
0595317979,2005-07,1
0595318096,2005-08,1
0595319165,2005-05,1
059532259X,2005-01,1
0595323480,2005-08,1
0595324452,2005-04,1
0595324916,2005-02,1
0595325009,2005-03,1
0595325076,2005-04,1
0595325092,2005-08,1
0595325114,2005-03,2
0595325300,2005-03,1
0595325327,2005-08,2
059532603X,2005-06,1
0595326390,2005-09,1
0595326404,2005-02,1
0595326641,2005-02,1
0595326668,2005-03,1
0595326951,2005-09,1
0595327214,2005-02,1
0595327516,2005-08,2
0595328172,2005-03,1
0595329179,2005-03,1
0595329586,2005-09,1
0595329586,2005-10,1
0595330029,2005-02,1
0595331181,2005-05,1
0595331793,2005-07,1
0595332080,2005-02,1
0595332080,2005-08,1
0595332455,2005-05,1
0595332927,2005-06,1
0595333052,2005-04,1
0595333052,2005-05,1
0595333869,2005-02,1
0595335594,2005-08,1
0595335659,2005-02,1
059533590X,2005-06,1
0595335950,2005-02,2
0595336647,2005-07,1
0595336663,2005-06,1
0595337465,2005-04,1
0595337465,2005-09,1
0595337562,2005-03,1
0595337716,2005-06,1
059533816X,2005-08,1
0595338283,2005-02,1
0595338402,2005-03,1
0595338712,2005-10,1
0595338992,2005-08,1
0595339085,2005-05,1
0595339239,2005-02,1
059534075X,2005-10,1
0595341136,2005-05,1
0595341403,2005-04,1
0595341438,2005-07,1
0595341632,2005-04,1
0595341683,2005-09,1
059534187X,2005-05,1
059534187X,2005-07,1
0595341985,2005-09,1
0595343120,2005-09,1
0595343384,2005-06,1
0595343740,2005-04,1
0595344550,2005-02,1
0595344550,2005-05,1
0595344550,2005-06,2
0595344720,2005-02,1
0595344887,2005-09,1
0595344933,2005-03,1
059534495X,2005-07,1
0595345662,2005-05,1
0595345689,2005-05,1
0595345948,2005-03,1
0595345956,2005-10,1
0595346073,2005-08,1
0595346138,2005-04,1
0595346626,2005-07,1
0595346626,2005-08,1
0595346626,2005-09,1
0595346634,2005-10,1
0595346782,2005-05,2
059534724X,2005-04,1
0595347444,2005-08,1
0595347622,2005-07,1
0595347622,2005-08,2
0595348149,2005-09,1
0595348203,2005-07,1
0595348319,2005-09,1
0595348505,2005-09,1
0595348653,2005-05,1
0595348998,2005-08,1
0595349617,2005-04,2
0595349641,2005-06,1
0595349684,2005-09,1
0595350135,2005-07,1
0595350291,2005-09,1
0595350313,2005-10,1
0595350712,2005-09,1
0595350887,2005-06,1
0595351328,2005-08,1
0595354483,2005-09,1
0595355005,2005-08,1
0595355005,2005-10,1
0595355048,2005-09,1
0595355277,2005-07,1
0595355358,2005-08,1
0595355382,2005-08,1
0595355900,2005-05,1
0595355900,2005-07,1
0595355900,2005-09,1
0595356141,2005-10,1
0595356605,2005-09,1
0595356974,2005-09,2
0595356974,2005-10,1
0595357016,2005-06,1
0595357016,2005-07,1
0595357016,2005-08,3
0595357016,2005-09,1
0595357180,2005-07,1
0595357393,2005-09,1
0595357962,2005-08,1
0595358195,2005-08,1
059535887X,2005-10,1
0595359140,2005-07,1
0595360084,2005-07,1
0595360920,2005-08,2
0595361641,2005-09,1
0595361900,2005-08,1
0595362346,2005-10,1
0595363024,2005-09,1
0595364624,2005-08,1
0595365124,2005-08,1
059536554X,2005-09,1
0595367755,2005-10,1
0595368239,2005-10,1
0595651542,2005-07,1
0595660622,2005-03,1
0595662641,2005-07,1
0595664407,2005-05,1
059566444X,2005-05,1
0595669964,2005-05,1
0595670016,2005-09,1
0595670784,2005-06,1
0595672752,2005-08,1
0595673058,2005-10,1
0595771483,2005-05,1
0596000081,2005-02,1
0596000480,2005-06,1
059600060X,2005-09,1
0596000669,2005-05,1
0596000847,2005-01,1
0596001738,2005-09,1
0596001770,2005-09,1
0596001932,2005-10,1
059600222X,2005-09,1
0596002432,2005-08,1
0596002610,2005-06,1
0596002734,2005-06,1
0596002890,2005-02,1
0596002890,2005-03,1
0596002890,2005-06,1
0596002890,2005-09,1
0596003013,2005-02,1
0596003021,2005-04,1
0596003064,2005-06,1
0596003072,2005-06,1
0596003161,2005-10,1
0596003285,2005-01,1
0596003307,2005-10,1
0596003390,2005-01,1
0596003471,2005-01,1
0596003471,2005-02,2
0596003498,2005-01,1
0596003498,2005-08,1
0596003595,2005-05,1
0596003676,2005-05,1
0596003765,2005-01,1
0596003765,2005-05,1
0596003811,2005-08,1
059600382X,2005-08,1
0596003870,2005-08,1
0596003897,2005-03,1
059600396X,2005-08,1
059600415X,2005-02,1
0596004281,2005-09,1
059600432X,2005-02,1
0596004508,2005-02,1
0596004532,2005-04,2
0596004532,2005-08,3
0596004532,2005-10,1
0596004567,2005-08,1
0596004648,2005-01,2
0596004648,2005-08,2
0596004648,2005-09,1
0596004656,2005-02,2
0596004656,2005-03,1
0596004656,2005-09,2
0596004672,2005-07,1
0596004672,2005-09,1
0596004710,2005-08,1
0596004753,2005-08,1
0596004826,2005-04,1
0596004893,2005-01,1
0596005040,2005-08,1
0596005253,2005-03,1
059600530X,2005-05,1
0596005385,2005-01,1
0596005407,2005-05,1
0596005407,2005-07,1
0596005407,2005-08,2
0596005407,2005-09,2
0596005407,2005-10,1
0596005458,2005-02,1
0596005520,2005-05,1
0596005555,2005-07,1
0596005601,2005-03,1
0596005601,2005-07,1
0596005636,2005-01,1
0596005636,2005-04,1
0596005660,2005-10,1
0596005709,2005-09,1
0596005717,2005-01,1
0596005717,2005-05,1
0596005768,2005-02,1
0596005768,2005-05,1
0596005830,2005-09,1
0596005857,2005-05,1
0596006098,2005-08,1
0596006101,2005-04,1
0596006136,2005-09,1
0596006152,2005-01,1
0596006152,2005-09,1
0596006187,2005-01,2
0596006187,2005-02,2
0596006187,2005-03,3
0596006187,2005-08,2
059600625X,2005-09,1
0596006276,2005-02,1
0596006276,2005-03,1
0596006276,2005-04,1
0596006276,2005-08,1
0596006276,2005-09,1
0596006314,2005-06,1
0596006314,2005-09,1
0596006322,2005-05,1
0596006330,2005-08,1
0596006330,2005-10,1
0596006438,2005-02,1
0596006519,2005-04,1
0596006519,2005-05,1
0596006519,2005-07,1
0596006527,2005-01,1
0596006527,2005-09,1
0596006632,2005-08,1
0596006705,2005-06,1
0596006748,2005-03,1
0596006764,2005-01,1
0596006764,2005-02,1
0596006799,2005-06,1
0596006853,2005-04,1
0596006950,2005-08,1
0596006969,2005-01,1
0596006969,2005-07,1
0596006993,2005-04,1
0596006993,2005-07,1
0596006993,2005-10,1
0596007124,2005-03,1
0596007124,2005-04,2
0596007124,2005-06,1
0596007124,2005-08,6
0596007124,2005-09,1
0596007191,2005-02,1
0596007191,2005-04,1
0596007191,2005-06,1
0596007191,2005-07,1
0596007337,2005-04,1
0596007361,2005-02,1
0596007361,2005-04,1
0596007361,2005-07,1
0596007388,2005-01,1
0596007388,2005-07,1
0596007620,2005-09,1
059600771X,2005-05,1
0596007795,2005-03,1
0596007795,2005-05,1
0596007868,2005-06,1
0596007868,2005-07,1
0596007876,2005-09,1
0596007973,2005-06,1
0596008120,2005-08,1
0596008120,2005-09,1
0596008228,2005-09,1
0596008473,2005-08,1
0596008503,2005-02,1
0596008503,2005-08,1
0596008562,2005-08,1
0596008651,2005-09,1
0596008686,2005-08,1
0596008716,2005-08,1
0596008775,2005-08,1
0596008775,2005-09,1
0596008821,2005-05,1
0596008953,2005-06,1
059600897X,2005-08,1
0596009097,2005-07,1
0596009100,2005-05,2
0596009127,2005-07,1
0596009127,2005-10,1
0596009143,2005-08,1
0596009151,2005-09,1
0596009208,2005-03,1
0596009208,2005-05,1
0596009224,2005-07,2
0596009224,2005-09,2
0596009240,2005-05,1
0596009240,2005-09,1
0596009380,2005-08,1
0596009410,2005-07,2
0596009410,2005-08,8
0596009410,2005-09,5
0596009410,2005-10,2
0596009461,2005-08,1
0596009887,2005-08,1
0596100337,2005-09,1
0596100361,2005-10,1
0596100523,2005-05,1
0596100604,2005-07,1
0596100604,2005-09,1
0596100663,2005-08,1
059610068X,2005-09,1
0596100965,2005-10,1
0596101139,2005-10,1
0596102070,2005-09,1
0596507836,2005-08,1
0597830347,2005-03,1
0597834113,2005-05,1
0597837694,2005-08,1
0597845735,2005-06,1
0600608905,2005-04,1
0600609391,2005-05,1
0600611906,2005-09,1
0606005625,2005-08,1
0606096248,2005-10,1
060627622X,2005-10,1
0609000268,2005-08,1
0609600001,2005-07,1
0609600516,2005-09,1
0609602187,2005-04,1
0609602195,2005-05,1
0609602195,2005-08,5
0609603450,2005-06,1
0609603558,2005-07,1
0609604244,2005-09,1
0609604260,2005-01,1
0609604260,2005-03,1
0609604260,2005-09,1
0609604260,2005-10,1
0609604724,2005-10,1
0609604961,2005-09,1
0609606131,2005-01,1
0609606441,2005-08,1
060960645X,2005-07,1
0609606883,2005-07,1
0609606883,2005-09,1
0609607081,2005-09,1
0609607081,2005-10,1
0609607219,2005-05,1
0609607332,2005-02,1
0609607413,2005-08,1
0609607413,2005-09,1
0609607421,2005-06,1
0609607618,2005-08,1
0609607758,2005-05,1
0609607758,2005-08,1
0609607804,2005-09,1
0609607820,2005-08,1
0609608398,2005-08,1
0609608444,2005-05,1
0609608568,2005-05,1
0609608673,2005-05,1
0609608754,2005-02,1
0609608754,2005-05,1
0609608754,2005-07,2
0609608754,2005-08,1
0609608800,2005-02,1
0609608886,2005-09,1
0609608932,2005-03,1
0609609017,2005-04,1
0609609033,2005-07,1
0609609092,2005-08,1
0609609270,2005-08,1
0609609491,2005-08,1
0609609505,2005-02,1
0609609610,2005-03,1
0609609696,2005-02,1
0609609734,2005-04,1
0609609734,2005-06,1
0609609742,2005-05,1
0609609777,2005-01,1
0609609912,2005-03,8
0609609912,2005-04,1
0609609912,2005-05,1
0609609912,2005-06,1
0609609912,2005-09,2
0609609912,2005-10,1
0609610015,2005-01,1
0609610104,2005-10,1
0609610163,2005-03,1
0609610163,2005-09,1
0609610236,2005-01,1
0609610368,2005-05,1
0609610414,2005-01,1
0609610481,2005-09,1
0609610554,2005-02,1
0609610554,2005-08,1
0609610562,2005-01,1
0609610570,2005-07,2
0609610686,2005-03,1
0609610740,2005-03,1
060961097X,2005-08,1
0609610988,2005-09,1
0609610996,2005-09,1
0609800140,2005-02,1
0609800582,2005-03,1
0609800981,2005-08,1
0609801104,2005-07,1
0609802070,2005-09,1
0609802127,2005-09,1
0609802631,2005-01,1
0609803131,2005-05,1
0609803166,2005-03,1
0609803255,2005-05,1
0609803719,2005-10,1
0609803727,2005-09,1
0609803867,2005-09,1
0609804138,2005-03,1
0609804138,2005-09,1
0609804197,2005-09,1
0609804618,2005-09,1
0609804898,2005-04,1
0609804995,2005-04,1
0609805118,2005-08,1
0609805169,2005-08,1
0609805495,2005-09,1
0609805509,2005-09,1
0609805517,2005-07,1
0609805797,2005-06,1
0609805851,2005-01,1
0609805851,2005-07,1
0609805851,2005-09,1
0609805916,2005-08,1
0609805940,2005-10,1
0609806378,2005-08,1
060980670X,2005-10,1
0609806939,2005-08,1
0609806955,2005-07,1
0609807161,2005-02,1
0609807250,2005-08,1
0609807420,2005-08,1
0609807463,2005-07,1
0609807501,2005-07,1
0609807749,2005-05,1
0609807900,2005-03,1
0609807919,2005-06,1
0609807919,2005-08,2
060980796X,2005-07,1
0609807986,2005-03,1
0609807986,2005-04,1
0609807994,2005-03,1
0609808095,2005-02,1
0609808265,2005-02,1
0609808362,2005-08,1
0609808451,2005-09,1
0609808621,2005-08,2
0609808621,2005-10,1
060980877X,2005-09,1
0609808893,2005-06,1
0609809016,2005-07,1
0609809105,2005-08,1
0609809121,2005-05,1
0609809334,2005-05,1
0609809334,2005-08,1
0609809334,2005-09,1
0609809474,2005-03,1
0609809504,2005-09,2
060980958X,2005-03,1
0609809644,2005-04,1
0609809814,2005-01,1
0609809830,2005-07,1
0609809881,2005-04,1
0609809989,2005-05,1
0609809997,2005-08,1
0609810235,2005-08,1
060981043X,2005-01,1
060981074X,2005-02,1
060981110X,2005-08,1
0609811126,2005-09,1
0613003950,2005-08,1
061304715X,2005-03,1
0613082087,2005-05,1
0613094840,2005-09,1
0613096010,2005-08,1
0613180895,2005-02,1
0613261917,2005-03,1
0613284437,2005-07,1
0613287142,2005-08,1
061333633X,2005-01,1
0613336984,2005-02,1
061357043X,2005-05,1
0613627768,2005-10,1
0613656350,2005-09,1
0613673298,2005-01,1
061391645X,2005-01,1
0613998146,2005-01,1
0615125581,2005-10,1
0615126758,2005-05,1
0615129137,2005-08,1
0618001840,2005-01,1
0618001905,2005-08,1
0618001999,2005-09,1
0618002251,2005-09,1
0618005838,2005-01,1
0618005838,2005-03,1
0618005838,2005-04,1
0618005838,2005-05,2
0618005838,2005-09,1
0618007016,2005-08,1
0618007016,2005-09,1
0618007148,2005-07,1
0618009272,2005-02,1
0618013245,2005-06,1
0618013245,2005-07,1
0618029230,2005-09,1
0618033874,2005-02,1
0618035494,2005-04,1
0618039694,2005-05,1
0618040358,2005-02,1
0618040374,2005-08,1
0618040811,2005-02,1
0618044302,2005-07,1
0618051597,2005-05,1
0618052526,2005-08,1
0618056734,2005-09,1
0618056998,2005-10,1
0618057072,2005-09,1
0618064567,2005-09,1
0618067442,2005-08,1
0618068872,2005-06,1
0618082301,2005-08,1
0618083456,2005-08,1
0618083480,2005-03,1
0618083618,2005-02,1
0618088253,2005-01,1
0618096426,2005-08,1
0618103546,2005-03,1
0618104690,2005-02,1
0618104690,2005-03,1
0618104690,2005-08,1
0618104690,2005-09,2
061810920X,2005-10,1
0618118802,2005-03,1
0618123539,2005-09,1
061812490X,2005-02,1
0618126996,2005-09,1
0618127445,2005-05,1
0618127496,2005-08,1
0618134301,2005-10,2
0618134700,2005-05,1
0618138927,2005-01,2
0618138927,2005-02,1
0618138927,2005-09,1
0618141812,2005-09,1
0618143319,2005-05,1
0618143726,2005-06,1
0618145451,2005-01,1
0618145451,2005-02,1
0618150749,2005-02,1
061815289X,2005-10,1
0618153128,2005-09,1
0618154019,2005-02,1
0618154043,2005-07,1
0618154248,2005-07,1
0618154299,2005-08,1
0618154620,2005-02,1
0618154639,2005-01,1
0618154639,2005-07,1
0618155589,2005-09,1
0618168265,2005-03,1
0618196048,2005-01,1
0618197362,2005-02,1
0618219234,2005-04,1
0618224165,2005-03,1
0618224165,2005-08,1
0618225900,2005-09,1
0618225927,2005-07,1
0618226117,2005-02,1
0618226168,2005-03,1
0618226184,2005-05,1
0618226478,2005-08,2
0618231617,2005-09,1
0618238484,2005-04,1
0618239774,2005-06,1
0618240004,2005-10,1
0618246924,2005-06,1
0618246983,2005-01,1
0618247874,2005-09,1
0618249060,2005-08,1
0618250743,2005-03,1
0618257586,2005-08,1
0618257985,2005-09,1
0618258000,2005-02,1
061826325X,2005-08,2
0618273921,2005-09,1
0618278893,2005-05,1
0618280049,2005-08,1
0618293701,2005-09,1
0618298487,2005-10,1
0618308202,2005-06,1
0618308202,2005-09,1
0618310738,2005-02,1
061831203X,2005-02,1
0618329641,2005-01,1
0618329706,2005-03,5
0618329706,2005-04,4
0618329706,2005-05,4
0618329706,2005-09,1
0618329749,2005-08,1
0618335404,2005-09,1
0618338055,2005-10,1
0618339280,2005-01,1
0618341234,2005-01,1
0618341269,2005-06,1
061834151X,2005-07,1
061834151X,2005-09,1
0618344241,2005-04,1
061835008X,2005-02,1
0618352104,2005-08,1
0618367012,2005-09,1
0618374086,2005-05,1
0618374086,2005-09,2
0618377247,2005-08,1
0618378294,2005-05,1
0618378294,2005-06,1
0618378294,2005-08,2
0618378294,2005-09,1
0618380418,2005-02,1
0618381392,2005-03,1
0618386270,2005-04,1
0618391118,2005-02,1
0618391118,2005-04,1
0618391118,2005-06,1
0618391118,2005-07,1
0618393129,2005-01,2
0618393129,2005-03,1
0618393129,2005-08,2
0618397523,2005-05,1
0618401210,2005-02,1
0618404414,2005-10,1
0618405445,2005-03,1
0618405445,2005-04,1
0618405445,2005-07,1
0618405445,2005-08,1
0618405445,2005-09,2
0618405682,2005-06,1
0618405682,2005-07,1
0618405682,2005-08,1
0618405682,2005-09,2
0618408533,2005-09,1
0618418865,2005-06,1
0618418865,2005-08,1
061841911X,2005-01,1
061841911X,2005-02,1
061841911X,2005-06,1
0618428585,2005-08,1
0618432280,2005-01,1
0618439293,2005-06,1
0618439293,2005-08,1
0618446583,2005-08,1
0618446702,2005-08,1
0618446877,2005-09,2
0618446885,2005-04,2
0618446885,2005-09,1
0618452443,2005-03,1
0618453008,2005-08,1
0618462325,2005-02,1
0618466495,2005-03,1
0618466495,2005-08,1
0618466495,2005-10,1
0618477950,2005-03,1
0618477950,2005-07,1
0618477977,2005-09,3
0618478019,2005-08,1
0618485228,2005-01,1
0618485228,2005-02,1
0618496386,2005-06,1
0618497439,2005-07,1
0618509283,2005-01,1
0618509283,2005-02,1
0618509283,2005-03,1
0618509283,2005-04,2
0618509283,2005-06,1
0618509283,2005-07,2
0618509283,2005-08,2
0618510826,2005-01,1
0618517650,2005-01,2
0618517650,2005-07,2
0618517650,2005-08,1
0618517650,2005-09,2
0618539069,2005-08,1
0618551174,2005-05,1
0618556133,2005-09,2
0618556133,2005-10,1
0618562036,2005-06,1
0618562036,2005-08,1
0618562990,2005-09,1
0618563717,2005-08,1
0618574239,2005-09,1
0618574999,2005-06,1
061858532X,2005-10,1
0618640150,2005-10,1
0619035498,2005-05,1
0619159782,2005-02,1
0619186240,2005-02,1
0619200405,2005-09,1
0619205369,2005-07,1
061920673X,2005-04,1
0619213272,2005-07,1
0619215267,2005-09,1
0619215291,2005-08,1
0619255021,2005-09,1
0620215739,2005-05,1
0631136223,2005-10,1
0631176098,2005-09,1
0631188185,2005-02,1
0631200460,2005-05,1
0631205888,2005-08,1
063120959X,2005-08,1
0631212698,2005-06,1
0631218629,2005-07,1
0631218637,2005-08,1
0631219374,2005-10,1
0631224181,2005-08,1
0631225447,2005-09,1
0631226087,2005-10,1
0631234543,2005-07,1
0632044047,2005-05,1
0632052813,2005-07,1
0632053070,2005-09,1
063205381X,2005-01,1
063206496X,2005-08,1
0633199702,2005-01,1
0634000071,2005-04,1
0634001426,2005-08,1
0634001469,2005-08,1
0634003143,2005-10,1
0634004980,2005-08,1
0634006363,2005-09,1
0634006509,2005-10,1
0634007610,2005-01,1
0634007971,2005-04,1
0634009028,2005-08,1
0634009052,2005-08,1
0634009656,2005-09,1
0634010050,2005-08,1
0634011472,2005-08,1
063401370X,2005-03,1
0634015206,2005-07,1
0634016350,2005-02,1
0634016350,2005-05,1
063401711X,2005-10,1
0634017470,2005-10,1
0634017829,2005-02,1
0634022296,2005-04,1
0634022296,2005-05,1
0634025295,2005-08,1
0634026186,2005-08,1
0634026550,2005-08,2
0634029347,2005-10,1
0634030086,2005-09,1
0634032674,2005-08,1
0634035959,2005-09,1
0634036289,2005-01,1
0634041002,2005-08,1
063404169X,2005-03,1
0634041754,2005-10,1
0634047736,2005-01,1
0634048481,2005-03,1
0634048481,2005-09,1
0634049011,2005-06,1
0634050826,2005-04,1
0634051946,2005-01,1
0634052187,2005-04,1
0634054333,2005-08,1
0634054635,2005-01,1
0634056786,2005-01,1
0634056786,2005-02,1
0634056786,2005-03,1
0634058029,2005-09,1
063406021X,2005-08,1
063406021X,2005-09,2
0634060384,2005-02,1
0634060384,2005-05,1
0634060384,2005-08,2
0634060422,2005-10,1
0634060465,2005-06,1
063406116X,2005-10,1
0634063111,2005-10,1
0634064029,2005-01,1
0634064525,2005-08,1
0634074164,2005-10,1
0634078828,2005-08,1
0634078828,2005-10,1
0634079190,2005-08,1
063408061X,2005-05,1
0634086383,2005-09,1
0634087797,2005-09,1
0634089072,2005-06,1
0634089625,2005-09,1
0634095145,2005-08,1
0634095188,2005-08,1
0634099094,2005-07,1
0634099094,2005-09,1
0635024306,2005-08,1
0641077491,2005-05,1
0646277898,2005-02,1
0646277898,2005-08,1
064633767X,2005-08,1
0658001701,2005-01,1
0658001701,2005-03,1
0658001701,2005-09,1
0658002481,2005-07,1
0658003984,2005-06,1
0658005715,2005-10,1
0658008994,2005-07,1
0658009575,2005-09,1
0658011383,2005-03,1
0658013793,2005-03,1
0658014900,2005-09,1
0660190443,2005-08,1
0664221084,2005-09,1
066422220X,2005-08,1
0664222595,2005-08,1
0664223168,2005-08,1
0664223532,2005-03,1
0664224474,2005-03,1
0664224814,2005-06,1
0664225012,2005-04,1
0664225918,2005-07,1
0664226019,2005-09,1
066422685X,2005-05,1
0664226876,2005-01,1
066422783X,2005-10,1
0664227856,2005-09,1
0664243568,2005-08,1
0664243746,2005-05,1
0664243746,2005-08,1
0664250033,2005-10,1
0664251382,2005-09,1
0664253954,2005-07,1
0664256724,2005-02,1
0664501966,2005-09,1
0668017929,2005-10,1
0668021543,2005-08,1
0669040053,2005-07,1
0669215686,2005-05,1
0669245038,2005-09,1
066938559X,2005-10,1
0669468258,2005-02,1
0670018937,2005-08,1
0670030058,2005-02,1
0670031054,2005-09,1
0670031100,2005-09,1
0670031232,2005-06,1
067003133X,2005-07,1
0670031399,2005-08,1
0670031429,2005-08,1
0670031445,2005-08,1
0670031445,2005-09,1
0670031518,2005-03,1
0670031690,2005-08,1
0670031712,2005-03,1
0670032018,2005-05,1
0670032085,2005-09,1
0670032107,2005-04,1
067003228X,2005-06,1
0670032379,2005-02,1
0670032379,2005-08,1
0670032506,2005-01,1
0670032530,2005-04,1
0670032565,2005-03,1
0670032573,2005-03,1
0670032638,2005-08,1
0670032646,2005-09,1
0670032689,2005-09,1
0670032697,2005-06,1
0670032697,2005-09,1
0670032727,2005-07,1
0670032840,2005-07,1
0670032867,2005-01,1
0670032964,2005-01,1
0670032964,2005-07,1
0670032964,2005-08,1
0670032999,2005-02,2
0670033057,2005-04,1
067003312X,2005-08,1
0670033138,2005-05,1
0670033146,2005-01,1
0670033197,2005-04,1
0670033294,2005-01,1
0670033294,2005-02,1
0670033294,2005-03,2
0670033332,2005-07,1
0670033359,2005-04,1
0670033359,2005-08,1
0670033359,2005-10,1
0670033367,2005-07,1
0670033375,2005-01,2
0670033375,2005-02,5
0670033375,2005-03,2
0670033375,2005-04,3
0670033375,2005-05,2
0670033375,2005-07,2
0670033375,2005-08,4
0670033375,2005-09,3
0670033375,2005-10,1
0670033413,2005-07,1
0670033510,2005-05,1
0670033510,2005-08,1
0670033561,2005-03,1
0670033561,2005-05,2
0670033561,2005-08,1
0670033561,2005-09,2
0670033634,2005-01,2
0670033634,2005-02,1
0670033634,2005-03,3
0670033634,2005-04,1
0670033634,2005-05,2
0670033634,2005-08,2
0670033650,2005-08,1
0670033669,2005-03,1
0670033677,2005-02,1
0670033677,2005-06,1
0670033693,2005-04,1
0670033723,2005-01,1
0670033723,2005-07,1
0670033758,2005-08,1
0670033766,2005-08,1
0670033774,2005-04,1
0670033782,2005-04,1
0670033804,2005-09,1
0670033804,2005-10,1
0670033812,2005-02,1
0670033820,2005-04,1
0670033820,2005-06,1
0670033847,2005-09,2
0670033847,2005-10,2
0670033855,2005-08,1
0670033855,2005-09,1
067003388X,2005-07,1
0670033898,2005-05,1
0670033936,2005-10,1
0670033944,2005-04,6
0670033944,2005-05,12
0670033944,2005-06,1
0670033944,2005-07,3
0670033944,2005-08,6
0670033995,2005-05,1
0670034010,2005-05,1
0670034037,2005-09,1
0670034045,2005-07,1
0670034045,2005-08,1
0670034053,2005-06,1
0670034053,2005-08,1
0670034061,2005-05,1
0670034061,2005-06,1
0670034061,2005-08,1
067003407X,2005-06,1
0670034088,2005-05,1
0670034088,2005-06,1
0670034096,2005-07,1
0670034096,2005-08,1
0670034118,2005-07,2
0670034118,2005-09,1
0670034185,2005-08,2
0670034193,2005-08,1
0670034193,2005-09,1
0670034215,2005-08,1
0670034231,2005-08,1
0670034231,2005-09,1
0670034304,2005-09,1
0670034355,2005-09,1
0670034363,2005-09,1
0670034452,2005-08,1
0670034592,2005-10,1
0670034614,2005-08,1
0670035351,2005-09,1
0670035815,2005-04,1
0670036021,2005-07,1
0670036390,2005-06,1
0670036552,2005-01,1
0670036765,2005-08,1
0670036781,2005-07,1
0670058882,2005-07,1
0670059048,2005-01,1
067005920X,2005-09,1
067005934X,2005-07,1
0670059366,2005-03,1
0670059625,2005-06,1
0670059749,2005-06,1
0670059838,2005-05,1
0670059838,2005-08,2
0670059838,2005-09,1
0670059862,2005-08,1
0670059897,2005-07,1
0670059986,2005-04,1
0670060011,2005-07,1
0670060070,2005-05,1
0670060070,2005-07,1
0670060275,2005-07,1
067016626X,2005-04,1
0670175919,2005-09,1
0670241334,2005-05,1
0670587451,2005-07,1
0670674249,2005-08,1
0670703710,2005-09,1
0670804444,2005-03,1
0670810320,2005-05,1
0670810797,2005-02,1
0670820555,2005-06,1
0670825379,2005-09,1
0670835765,2005-01,1
0670851043,2005-07,1
0670861944,2005-09,1
067086353X,2005-02,1
0670867543,2005-02,1
0670869848,2005-10,1
0670876127,2005-08,1
0670879835,2005-01,1
0670882305,2005-06,1
0670885797,2005-06,1
0670886696,2005-03,1
0670887978,2005-02,1
0670892068,2005-09,1
0670892890,2005-08,1
0670894303,2005-04,1
0670894737,2005-01,1
0670894737,2005-05,1
0670894737,2005-09,1
0670896837,2005-01,1
0670899240,2005-08,1
067091021X,2005-02,1
0670910627,2005-04,1
0670910627,2005-07,1
0671001795,2005-05,1
0671003046,2005-07,1
0671003755,2005-09,1
0671003933,2005-08,1
0671004530,2005-09,1
0671009273,2005-02,1
0671010123,2005-03,1
0671014102,2005-10,1
067101420X,2005-05,1
0671014501,2005-09,1
0671015206,2005-04,1
0671015206,2005-08,2
0671015206,2005-09,2
0671015206,2005-10,1
067101532X,2005-07,1
0671017489,2005-06,1
067101756X,2005-05,1
0671019112,2005-02,1
0671019112,2005-06,1
0671019708,2005-04,1
0671019724,2005-08,1
0671019740,2005-04,1
0671019740,2005-05,1
0671019759,2005-04,1
0671019910,2005-10,1
0671020641,2005-02,1
067102082X,2005-02,1
0671021001,2005-09,1
0671021281,2005-05,1
0671021303,2005-05,1
0671022091,2005-10,1
0671023187,2005-04,1
0671023209,2005-06,1
0671023373,2005-09,1
0671023683,2005-07,1
0671024205,2005-08,1
0671027344,2005-02,1
0671027344,2005-07,1
0671027360,2005-01,1
0671027360,2005-02,2
0671027360,2005-04,2
0671027360,2005-06,1
0671027360,2005-07,3
0671027360,2005-08,2
0671027387,2005-06,2
0671027387,2005-08,2
0671027387,2005-09,2
0671027573,2005-06,1
0671027581,2005-04,1
067102762X,2005-04,1
0671027905,2005-07,1
0671028448,2005-08,1
0671028553,2005-09,1
0671035444,2005-09,1
0671035703,2005-09,1
067103667X,2005-02,1
067103667X,2005-03,1
0671037021,2005-03,1
0671037021,2005-05,1
0671038206,2005-06,1
0671038540,2005-06,1
0671038567,2005-08,1
0671038850,2005-07,1
0671038850,2005-08,1
0671040545,2005-06,1
0671040847,2005-05,1
0671041525,2005-07,1
0671041525,2005-08,1
0671041576,2005-07,1
0671041789,2005-01,1
0671041789,2005-08,1
0671042262,2005-01,1
0671042386,2005-02,1
0671042408,2005-09,1
0671044494,2005-09,1
0671047256,2005-08,1
0671047639,2005-07,1
0671075802,2005-08,1
067110442X,2005-04,1
067120159X,2005-10,1
067120341X,2005-07,1
0671205536,2005-03,1
0671209701,2005-04,1
067121148X,2005-08,1
0671211889,2005-05,1
0671212095,2005-01,1
0671212095,2005-10,1
0671213326,2005-04,1
0671215094,2005-09,1
0671216767,2005-05,1
0671220276,2005-05,1
0671220578,2005-07,1
0671240404,2005-06,1
0671244094,2005-08,1
0671244094,2005-10,1
0671316338,2005-09,1
0671316338,2005-10,1
0671316486,2005-09,1
0671317741,2005-07,1
0671317741,2005-08,2
0671317741,2005-09,1
0671317741,2005-10,2
0671318179,2005-08,1
0671318373,2005-08,1
0671318411,2005-09,1
0671319671,2005-08,1
0671319736,2005-03,1
0671319736,2005-10,1
0671319779,2005-05,1
0671319809,2005-04,1
0671319825,2005-09,1
0671319825,2005-10,1
0671319884,2005-06,1
0671319892,2005-08,1
0671319922,2005-07,1
0671410059,2005-02,1
0671447343,2005-07,1
0671447548,2005-06,1
0671447548,2005-07,1
0671447548,2005-08,2
067144901X,2005-01,1
067144901X,2005-05,1
067144901X,2005-06,1
067144901X,2005-09,1
0671449028,2005-08,2
0671449028,2005-09,1
0671449044,2005-08,1
067145630X,2005-06,1
0671456547,2005-09,1
067145711X,2005-08,1
067145711X,2005-10,1
0671466836,2005-03,1
0671467581,2005-10,1
0671493183,2005-01,2
0671493183,2005-09,1
0671493191,2005-08,1
0671493205,2005-07,1
0671500139,2005-07,1
0671501186,2005-09,1
0671501569,2005-05,1
0671502522,2005-03,1
0671509934,2005-08,1
0671510053,2005-04,1
0671510053,2005-06,1
0671511653,2005-08,1
0671517007,2005-08,1
0671520326,2005-09,1
0671520687,2005-07,1
0671520954,2005-08,1
0671521160,2005-04,1
0671522787,2005-01,1
0671522787,2005-08,1
0671524313,2005-06,1
0671524313,2005-07,1
0671524313,2005-09,1
0671525557,2005-02,1
0671525832,2005-09,1
0671525875,2005-04,1
0671528378,2005-04,1
0671528580,2005-06,1
0671528580,2005-07,1
0671530771,2005-10,1
0671534076,2005-09,1
0671534807,2005-09,1
0671535951,2005-02,1
0671535951,2005-04,1
067154148X,2005-04,1
0671553046,2005-08,1
0671555227,2005-09,1
0671563114,2005-07,1
0671567691,2005-07,1
0671568515,2005-08,1
0671568523,2005-09,1
0671569007,2005-04,1
0671575546,2005-07,1
0671577700,2005-05,1
0671578081,2005-10,1
067157809X,2005-06,1
0671578189,2005-02,1
0671578332,2005-05,1
0671578510,2005-06,1
0671578537,2005-05,1
0671578553,2005-06,1
0671578634,2005-05,1
0671578855,2005-10,1
067157941X,2005-04,1
0671579592,2005-09,2
0671600419,2005-04,1
0671600419,2005-08,1
0671602314,2005-09,1
0671606190,2005-08,1
0671612972,2005-09,2
0671620991,2005-02,1
0671620991,2005-06,1
0671620991,2005-10,1
0671621033,2005-08,1
0671630938,2005-01,1
0671631985,2005-03,2
0671631985,2005-04,1
0671631985,2005-06,1
0671631985,2005-08,2
0671631985,2005-09,2
0671631985,2005-10,1
0671636030,2005-08,1
0671640984,2005-09,1
0671646788,2005-09,1
067164811X,2005-03,1
0671648934,2005-07,1
0671652176,2005-03,1
0671654071,2005-07,1
0671656880,2005-08,1
0671656945,2005-07,1
0671657860,2005-01,1
0671657860,2005-05,1
0671657860,2005-09,2
0671661566,2005-05,1
0671673009,2005-09,1
0671673122,2005-07,1
067167997X,2005-02,1
0671680552,2005-07,1
0671682199,2005-08,2
0671682288,2005-08,1
0671682385,2005-07,1
0671685112,2005-05,1
0671685635,2005-01,1
0671685635,2005-05,1
0671687425,2005-10,1
067169006X,2005-09,1
067169071X,2005-02,1
0671693808,2005-01,1
0671693808,2005-05,1
0671693808,2005-07,1
0671693808,2005-08,1
0671693808,2005-09,2
0671693808,2005-10,2
067169507X,2005-08,1
0671698699,2005-03,1
0671705091,2005-09,1
0671705725,2005-08,1
0671708635,2005-03,1
0671720597,2005-06,1
067172066X,2005-07,1
0671720856,2005-10,1
0671721216,2005-07,1
0671721577,2005-02,1
0671721968,2005-07,1
067172228X,2005-05,1
0671723014,2005-09,1
0671723650,2005-03,1
0671723650,2005-07,2
0671723650,2005-08,1
0671723650,2005-09,2
0671724452,2005-06,1
0671725017,2005-10,1
0671728687,2005-06,1
0671729470,2005-06,1
0671729489,2005-06,1
0671730053,2005-03,1
0671732498,2005-04,1
0671733354,2005-08,1
0671734040,2005-09,1
0671734083,2005-09,1
067173458X,2005-03,1
0671736043,2005-09,1
067173606X,2005-10,1
0671736450,2005-03,1
0671737619,2005-03,1
0671737635,2005-02,1
0671737848,2005-03,1
0671738100,2005-06,1
0671739727,2005-08,1
0671739891,2005-08,1
0671741039,2005-04,1
0671741101,2005-06,1
0671741926,2005-04,1
0671741926,2005-08,1
0671742558,2005-05,1
0671742949,2005-05,1
0671743856,2005-09,1
0671748076,2005-08,1
0671750194,2005-01,1
0671750194,2005-04,1
0671750402,2005-06,1
0671750402,2005-09,1
0671755145,2005-01,1
0671755307,2005-07,1
0671757075,2005-08,1
0671758527,2005-08,1
0671760467,2005-01,1
0671760467,2005-05,1
067176053X,2005-01,1
0671762613,2005-08,1
0671766163,2005-08,1
0671768468,2005-07,1
0671769200,2005-08,1
0671774662,2005-08,1
0671776096,2005-02,1
0671776800,2005-02,1
0671778323,2005-03,1
0671778633,2005-07,1
0671778684,2005-07,1
0671779710,2005-06,1
0671779974,2005-01,1
0671783734,2005-08,1
0671784218,2005-05,1
0671790188,2005-04,1
0671790331,2005-03,1
0671790617,2005-07,1
0671790617,2005-09,1
0671790617,2005-10,1
0671791540,2005-09,1
0671791931,2005-10,1
0671792172,2005-08,1
0671792253,2005-01,1
067179227X,2005-08,1
0671792741,2005-02,1
067179387X,2005-09,1
0671795015,2005-07,1
0671795538,2005-02,1
0671795538,2005-08,1
0671795732,2005-06,1
0671795937,2005-05,1
0671796232,2005-10,1
0671797484,2005-08,1
0671797484,2005-09,1
0671797522,2005-08,1
0671799320,2005-03,2
0671799320,2005-07,2
0671799320,2005-09,1
067179938X,2005-04,1
0671865412,2005-06,1
0671867369,2005-08,1
0671868845,2005-07,1
0671869205,2005-02,1
0671869205,2005-08,1
0671870114,2005-06,1
0671870742,2005-04,1
0671870742,2005-07,1
0671873180,2005-08,1
0671874934,2005-07,1
0671875809,2005-01,1
0671876511,2005-07,1
0671877216,2005-04,1
0671877364,2005-04,1
0671877402,2005-08,1
0671877798,2005-10,1
0671877836,2005-04,1
0671877895,2005-10,1
0671877976,2005-10,1
0671878026,2005-08,1
0671878468,2005-07,1
0671878573,2005-06,1
0671880314,2005-09,1
0671880845,2005-05,1
0671882368,2005-09,1
0671885979,2005-03,1
0671888048,2005-06,1
0671888250,2005-01,1
0671890808,2005-08,1
0671890913,2005-02,1
0671891634,2005-03,1
0671892673,2005-04,1
067189515X,2005-10,1
0671899546,2005-07,1
0671947338,2005-03,1
0672303213,2005-09,1
0672305100,2005-07,1
0672315858,2005-02,1
0672316498,2005-01,1
0672316692,2005-05,1
0672318121,2005-08,1
0672318687,2005-01,1
0672319446,2005-04,1
0672319837,2005-01,1
0672320681,2005-07,1
0672320886,2005-05,1
0672321017,2005-04,1
0672321106,2005-05,1
0672321580,2005-07,1
0672322528,2005-07,1
0672322811,2005-03,1
0672323028,2005-03,1
0672323087,2005-02,1
0672323583,2005-05,1
0672323710,2005-07,1
0672323850,2005-08,1
0672323923,2005-07,1
0672324423,2005-05,1
0672324695,2005-06,1
0672325012,2005-04,1
067232542X,2005-03,1
0672325632,2005-02,1
0672325667,2005-01,1
0672325667,2005-04,1
0672325667,2005-07,2
0672325675,2005-09,1
0672325780,2005-08,1
0672325861,2005-07,1
0672325861,2005-09,1
0672325861,2005-10,1
0672325969,2005-04,1
0672325985,2005-07,1
0672326000,2005-08,2
0672326140,2005-10,1
0672326329,2005-07,1
0672326485,2005-06,2
0672326612,2005-02,1
0672326647,2005-01,1
0672326663,2005-03,1
0672326663,2005-05,1
0672326671,2005-07,1
067232668X,2005-01,1
067232668X,2005-02,1
0672326728,2005-04,1
0672326728,2005-08,1
0672326876,2005-01,1
0672326884,2005-07,1
0672326973,2005-08,1
0672327082,2005-02,1
0672327201,2005-06,1
0672327252,2005-08,1
0672327309,2005-08,1
067232749X,2005-07,1
0672327929,2005-08,1
0672525801,2005-06,1
0673362000,2005-09,1
0673999866,2005-01,1
0674002113,2005-03,1
0674002717,2005-09,1
0674003942,2005-10,1
0674004043,2005-04,1
0674004140,2005-10,1
0674004302,2005-07,1
0674006135,2005-01,1
0674007042,2005-02,1
0674007530,2005-07,1
0674008065,2005-03,1
0674008774,2005-08,1
0674009363,2005-01,1
0674009916,2005-03,1
067401085X,2005-06,1
0674011376,2005-08,1
0674011635,2005-09,1
0674011740,2005-02,1
0674011813,2005-06,1
0674011813,2005-07,1
0674011929,2005-10,1
0674012119,2005-10,1
0674012526,2005-08,1
0674012925,2005-07,1
0674013255,2005-03,1
0674013255,2005-09,2
067401345X,2005-02,1
0674013476,2005-05,1
0674013514,2005-10,1
0674014936,2005-05,1
0674015010,2005-02,1
0674015096,2005-01,1
0674015126,2005-09,1
0674015177,2005-02,1
0674015231,2005-08,1
0674015371,2005-09,1
0674015444,2005-06,1
0674015703,2005-07,1
0674015703,2005-08,1
067401572X,2005-02,1
0674015754,2005-08,1
0674015762,2005-03,1
067401636X,2005-07,1
0674016696,2005-04,1
0674016750,2005-09,2
0674016815,2005-03,1
0674016874,2005-08,2
0674016939,2005-06,2
0674016939,2005-07,1
0674016939,2005-09,1
0674016971,2005-08,2
067401720X,2005-06,1
0674017226,2005-09,1
067401748X,2005-06,1
0674116674,2005-04,1
0674144414,2005-04,1
0674179536,2005-03,1
0674192265,2005-09,1
0674306589,2005-08,1
0674307607,2005-07,1
0674363345,2005-08,1
0674372999,2005-09,1
067440419X,2005-10,1
0674517768,2005-05,1
0674525531,2005-08,1
0674576292,2005-08,1
0674587391,2005-05,1
0674613066,2005-08,1
0674627512,2005-08,1
0674634101,2005-10,1
0674676246,2005-09,1
0674686411,2005-09,1
0674689674,2005-03,1
0674708768,2005-09,1
0674749448,2005-09,1
0674836014,2005-07,1
0674854292,2005-06,1
0674854292,2005-09,1
0674884698,2005-05,1
0674896467,2005-07,1
0674930479,2005-04,1
0674945751,2005-09,1
0674951336,2005-01,1
0674962370,2005-02,1
0674990668,2005-07,1
0674991303,2005-07,1
0674991672,2005-03,1
0674992474,2005-04,1
067499583X,2005-08,1
0675055482,2005-09,1
0676601448,2005-05,1
0676901999,2005-09,1
0679005072,2005-06,1
0679005072,2005-09,1
067900551X,2005-06,1
0679008772,2005-01,1
0679030727,2005-02,1
0679130446,2005-04,1
0679200215,2005-04,1
0679400664,2005-05,1
0679402640,2005-07,1
0679406093,2005-08,1
067940676X,2005-08,1
0679406832,2005-02,1
0679406832,2005-08,1
0679408320,2005-09,1
0679408584,2005-01,1
0679409041,2005-02,1
0679409041,2005-08,1
0679409076,2005-02,1
0679409890,2005-01,1
0679409963,2005-08,1
0679411224,2005-06,1
0679411585,2005-07,1
0679411585,2005-10,1
0679411763,2005-05,1
0679412719,2005-07,1
0679416463,2005-01,1
067941729X,2005-06,1
0679417397,2005-05,1
0679421017,2005-05,1
067942170X,2005-09,1
0679423001,2005-06,1
0679423001,2005-08,1
0679423087,2005-05,1
0679423087,2005-09,1
0679424865,2005-08,1
0679425705,2005-09,1
067942573X,2005-08,1
0679427511,2005-02,1
0679428011,2005-09,1
0679428100,2005-05,1
0679428127,2005-09,1
0679428313,2005-08,1
0679428895,2005-04,1
0679430555,2005-04,1
0679432027,2005-09,1
0679433058,2005-05,1
0679433139,2005-08,1
0679433228,2005-02,1
0679434232,2005-02,1
0679438084,2005-09,1
0679440569,2005-02,1
0679441018,2005-10,1
0679441654,2005-07,1
0679444920,2005-09,1
0679446095,2005-09,1
067944663X,2005-09,1
067944677X,2005-07,1
067944677X,2005-09,1
0679446788,2005-03,1
0679446788,2005-08,1
067944680X,2005-09,1
0679446834,2005-04,1
0679446834,2005-07,1
0679446869,2005-07,1
0679450041,2005-08,1
0679450351,2005-05,1
0679450416,2005-09,1
0679450602,2005-02,1
0679450785,2005-05,1
0679450815,2005-03,1
0679451188,2005-04,1
0679451188,2005-08,1
067945120X,2005-09,1
0679451218,2005-09,1
0679451226,2005-08,1
0679451234,2005-08,1
0679451749,2005-09,1
0679452354,2005-06,1
0679454438,2005-02,1
0679454438,2005-04,4
0679454438,2005-05,4
0679454438,2005-06,3
0679454438,2005-08,1
067945456X,2005-08,1
0679454640,2005-07,1
0679456570,2005-06,1
0679456953,2005-04,1
0679457496,2005-05,1
0679457496,2005-07,1
0679457526,2005-04,1
0679457860,2005-03,1
0679460756,2005-04,1
0679462937,2005-01,1
0679462953,2005-09,1
0679463038,2005-01,1
0679507507,2005-05,1
0679507787,2005-09,1
0679600086,2005-09,1
0679600175,2005-03,1
0679603360,2005-05,1
0679640231,2005-04,1
0679640401,2005-08,1
0679640940,2005-09,1
067964234X,2005-09,1
0679642579,2005-08,1
0679642668,2005-09,1
0679642889,2005-09,1
0679642978,2005-08,2
0679642986,2005-08,1
0679643230,2005-02,1
0679643230,2005-10,1
0679720200,2005-05,1
0679721134,2005-07,1
0679721975,2005-08,1
0679722017,2005-08,1
0679722025,2005-01,1
0679722025,2005-08,1
0679722378,2005-05,1
0679722661,2005-07,1
0679722874,2005-09,1
0679723005,2005-08,2
0679723110,2005-08,1
0679723153,2005-04,1
0679723161,2005-03,1
0679723161,2005-04,1
0679723161,2005-06,1
0679723455,2005-09,1
0679723935,2005-04,1
0679724524,2005-09,1
0679724672,2005-08,1
0679725164,2005-10,1
0679725229,2005-07,1
0679727256,2005-01,1
0679728759,2005-06,1
0679728759,2005-07,1
0679728759,2005-09,1
067972902X,2005-03,1
0679729267,2005-03,1
067972947X,2005-03,1
067972947X,2005-08,1
067972947X,2005-09,1
0679729976,2005-09,1
0679730613,2005-05,1
0679731180,2005-01,1
067973225X,2005-05,1
067973225X,2005-10,1
0679732268,2005-07,1
0679732411,2005-08,2
0679732543,2005-05,1
0679732764,2005-04,1
0679733299,2005-04,1
0679733558,2005-09,1
0679733698,2005-08,1
067973385X,2005-09,1
0679733973,2005-02,1
0679734465,2005-06,1
0679734589,2005-03,1
0679734589,2005-04,1
0679734775,2005-09,1
0679735305,2005-09,1
0679735429,2005-08,1
0679735682,2005-02,1
0679735771,2005-09,1
0679735909,2005-08,1
0679736042,2005-09,1
0679736182,2005-08,1
0679736530,2005-10,1
0679736646,2005-04,1
0679736883,2005-04,1
0679737324,2005-09,1
0679737618,2005-06,1
0679737898,2005-05,1
0679738010,2005-03,1
0679738568,2005-08,1
067973869X,2005-08,1
067973936X,2005-07,1
0679739769,2005-09,1
0679740635,2005-08,1
0679740678,2005-04,1
067974195X,2005-08,1
0679742018,2005-06,1
0679742298,2005-07,1
0679742441,2005-09,2
0679742751,2005-09,1
0679743464,2005-09,2
0679743626,2005-06,1
0679743685,2005-07,1
0679743863,2005-09,1
0679744347,2005-07,1
0679744479,2005-09,1
0679744754,2005-06,1
0679745335,2005-02,1
0679745335,2005-08,1
0679745653,2005-07,1
0679745858,2005-07,1
0679746048,2005-06,1
0679746749,2005-08,1
0679747052,2005-02,1
0679747656,2005-02,1
0679747885,2005-09,1
0679748091,2005-03,1
0679748261,2005-08,1
0679749179,2005-08,1
0679749845,2005-08,1
0679750819,2005-03,1
0679750967,2005-08,1
0679750967,2005-09,1
0679751513,2005-09,1
0679751521,2005-02,1
0679751521,2005-09,1
0679752579,2005-07,1
0679752595,2005-08,1
0679755403,2005-09,1
0679755519,2005-08,1
0679757651,2005-09,1
067975833X,2005-03,1
0679758941,2005-05,1
0679760164,2005-04,1
0679760237,2005-05,1
0679760806,2005-02,1
067976285X,2005-09,1
0679762892,2005-04,1
0679763309,2005-04,1
0679763309,2005-07,1
0679763937,2005-02,1
0679763996,2005-06,1
0679763996,2005-08,1
0679764089,2005-08,1
0679764143,2005-03,1
0679764410,2005-01,1
0679766111,2005-04,1
0679766111,2005-08,1
0679766758,2005-01,1
0679766766,2005-06,1
0679767509,2005-08,1
0679767819,2005-08,1
0679768025,2005-07,1
0679768092,2005-07,1
0679768394,2005-09,1
067976867X,2005-09,1
067976867X,2005-10,1
0679770003,2005-01,1
0679770151,2005-08,1
0679770232,2005-08,1
0679771867,2005-10,1
0679772642,2005-02,1
067977288X,2005-01,1
0679772898,2005-10,1
0679774009,2005-09,1
0679775439,2005-03,1
0679775439,2005-07,1
0679775439,2005-09,1
067977548X,2005-03,1
0679776192,2005-08,1
0679776397,2005-04,1
0679777393,2005-10,1
0679777431,2005-06,1
0679777466,2005-01,1
0679777547,2005-06,1
0679778314,2005-05,1
0679778314,2005-08,1
0679779124,2005-08,1
0679779965,2005-05,1
0679781293,2005-02,1
0679781471,2005-09,1
0679781579,2005-10,1
0679781587,2005-06,2
0679781587,2005-07,3
0679781587,2005-08,1
0679781587,2005-09,2
0679781595,2005-07,1
0679781609,2005-07,1
067978330X,2005-09,1
0679783571,2005-01,1
0679785892,2005-03,2
0679789758,2005-08,1
0679801146,2005-08,1
0679805273,2005-01,1
0679805273,2005-06,1
0679805273,2005-07,2
0679805273,2005-08,1
0679805273,2005-09,1
0679806636,2005-06,1
0679809015,2005-05,1
067982376X,2005-08,1
067982412X,2005-07,1
0679832270,2005-07,1
0679833692,2005-01,1
0679844686,2005-08,2
0679844686,2005-09,1
0679847596,2005-03,1
0679847596,2005-08,1
0679849157,2005-08,1
067985438X,2005-04,1
067985617X,2005-02,1
0679865691,2005-09,1
067986928X,2005-07,1
0679879242,2005-04,1
0679880720,2005-10,1
0679882804,2005-09,1
0679882812,2005-02,1
0679882812,2005-05,1
0679882820,2005-07,1
0679882839,2005-09,1
067988288X,2005-02,1
0679882901,2005-06,1
067988291X,2005-06,1
0679883797,2005-01,1
0679883886,2005-08,1
0679885617,2005-03,1
0679885722,2005-09,1
0679886230,2005-06,1
0679886478,2005-07,1
0679889175,2005-02,1
0679889612,2005-04,1
0679890270,2005-08,1
0679890483,2005-09,1
0679890645,2005-02,1
0679892478,2005-09,1
0679893148,2005-09,1
0679894829,2005-08,1
0683043056,2005-09,1
0683065564,2005-08,1
0683181106,2005-09,1
0683301187,2005-09,1
0683302655,2005-08,1
0683302655,2005-09,1
0683302833,2005-08,1
0683303643,2005-06,1
0683304739,2005-09,1
0683306057,2005-09,1
0684028824,2005-06,1
0684123150,2005-04,1
0684123150,2005-10,1
0684133814,2005-09,1
0684135051,2005-04,1
0684135051,2005-07,1
0684138891,2005-07,1
0684149265,2005-07,1
068415045X,2005-03,1
068416325X,2005-09,1
0684172860,2005-10,1
0684186918,2005-09,1
0684188309,2005-06,1
0684190567,2005-05,1
068419340X,2005-07,1
0684194260,2005-01,1
0684194449,2005-04,1
0684194546,2005-03,1
0684196573,2005-01,1
0684800004,2005-02,1
0684800012,2005-02,1
0684800063,2005-05,1
0684800063,2005-07,1
0684801183,2005-08,1
0684801221,2005-08,1
0684801280,2005-06,1
0684801280,2005-08,1
068480137X,2005-03,1
0684801450,2005-04,1
0684801523,2005-01,1
0684801523,2005-03,1
0684801523,2005-06,1
068480154X,2005-06,1
0684801582,2005-09,1
0684802864,2005-07,1
0684803038,2005-05,1
0684803313,2005-01,1
0684803313,2005-03,1
0684803313,2005-08,1
0684803356,2005-06,1
0684803356,2005-07,1
068480364X,2005-09,1
0684807610,2005-05,1
0684808447,2005-09,1
0684808528,2005-10,1
0684809664,2005-05,1
0684809931,2005-03,1
0684809931,2005-05,1
0684809931,2005-08,2
0684809931,2005-10,1
0684811634,2005-01,1
0684812967,2005-06,1
0684813238,2005-04,1
0684813254,2005-07,1
0684813467,2005-02,1
0684813483,2005-09,1
068481353X,2005-04,1
068481353X,2005-09,1
0684813629,2005-07,1
0684813637,2005-09,2
068481465X,2005-07,1
0684815249,2005-03,1
0684815311,2005-09,1
0684818221,2005-08,1
0684818388,2005-08,1
0684818396,2005-08,1
0684818701,2005-08,1
0684818795,2005-06,1
0684818868,2005-01,1
0684818868,2005-02,1
0684818868,2005-04,1
0684818868,2005-05,1
0684818868,2005-09,1
0684818868,2005-10,1
0684822709,2005-01,1
0684823454,2005-06,1
0684823691,2005-03,1
0684823993,2005-08,1
068482440X,2005-08,1
068482471X,2005-05,1
068482471X,2005-10,1
0684824779,2005-03,1
068482499X,2005-01,1
068482499X,2005-02,1
0684825007,2005-08,1
0684825236,2005-09,1
068482535X,2005-04,1
0684825368,2005-09,1
068482633X,2005-09,2
0684826372,2005-06,1
0684826585,2005-04,1
0684826739,2005-07,1
0684826739,2005-08,1
0684826976,2005-10,1
0684827077,2005-07,1
0684827115,2005-09,1
0684827662,2005-08,1
0684829924,2005-01,1
0684830515,2005-09,1
0684830795,2005-03,1
0684831074,2005-07,1
0684831414,2005-08,1
068483183X,2005-05,1
0684831937,2005-04,1
068483197X,2005-10,1
0684832127,2005-06,1
068483216X,2005-05,1
0684832267,2005-09,1
0684832283,2005-01,1
0684832402,2005-10,1
0684833328,2005-08,1
0684833395,2005-02,1
0684833719,2005-01,1
0684834316,2005-05,1
0684834936,2005-06,2
0684834936,2005-07,1
0684835193,2005-06,1
0684835339,2005-02,1
0684835509,2005-09,1
068483605X,2005-06,1
0684836599,2005-09,1
068483670X,2005-06,1
0684837935,2005-03,1
0684838273,2005-06,1
0684838281,2005-01,1
0684838656,2005-03,1
068483877X,2005-09,1
0684838877,2005-05,1
0684839059,2005-08,1
0684839210,2005-09,1
0684839350,2005-02,1
0684839385,2005-09,1
0684839792,2005-04,1
0684839954,2005-09,1
0684840022,2005-05,1
0684840022,2005-09,1
0684840073,2005-06,1
0684840073,2005-09,1
0684841150,2005-07,1
0684841347,2005-02,1
0684841371,2005-09,1
068484138X,2005-08,1
0684841991,2005-09,1
0684842483,2005-06,1
068484267X,2005-03,1
0684842963,2005-07,1
0684843048,2005-09,1
0684843056,2005-06,1
0684843056,2005-10,1
0684843374,2005-09,1
0684844095,2005-05,1
0684844419,2005-07,1
0684844885,2005-01,1
0684844958,2005-08,1
0684844958,2005-09,1
0684845164,2005-03,1
0684846624,2005-05,1
0684846659,2005-01,1
0684846659,2005-09,1
0684846659,2005-10,1
0684846756,2005-09,2
0684847329,2005-01,1
0684847329,2005-06,1
0684847671,2005-08,1
0684847841,2005-04,1
0684847957,2005-10,1
0684848066,2005-02,1
0684848066,2005-08,1
0684848597,2005-07,1
0684848597,2005-09,1
0684848910,2005-05,1
0684849143,2005-01,1
0684849143,2005-09,1
0684849577,2005-06,3
0684849739,2005-06,1
0684850028,2005-05,1
0684850028,2005-10,1
0684850443,2005-09,1
0684850737,2005-01,1
0684850737,2005-10,1
0684851865,2005-09,1
0684851938,2005-09,2
0684851989,2005-06,1
0684852063,2005-08,1
068485211X,2005-07,1
0684852713,2005-07,1
0684852713,2005-09,1
0684852861,2005-02,2
0684852861,2005-04,1
0684852861,2005-05,1
0684852861,2005-10,1
068485290X,2005-05,1
068485290X,2005-09,1
0684853094,2005-05,1
0684853507,2005-06,1
0684853787,2005-02,1
0684854295,2005-06,1
0684854465,2005-03,1
0684854554,2005-08,1
0684854678,2005-09,1
0684854759,2005-02,1
0684854880,2005-08,1
0684854880,2005-09,1
0684855682,2005-06,1
0684856093,2005-08,1
0684856239,2005-02,1
0684856239,2005-09,1
0684856360,2005-07,2
0684856360,2005-08,1
0684856476,2005-04,1
0684856743,2005-07,1
0684856948,2005-06,2
0684857219,2005-07,1
0684857219,2005-09,1
0684857332,2005-06,1
068485743X,2005-01,1
068485743X,2005-02,1
068485743X,2005-05,1
068485743X,2005-08,1
068485743X,2005-09,1
0684857960,2005-04,1
0684859076,2005-08,1
0684859106,2005-03,1
0684859106,2005-08,2
0684859106,2005-09,1
0684859114,2005-02,1
0684859203,2005-08,1
0684859246,2005-09,1
0684859750,2005-10,1
0684859769,2005-09,1
0684860007,2005-07,1
0684863022,2005-04,1
0684863030,2005-06,1
0684863170,2005-05,1
0684863200,2005-02,1
0684863308,2005-01,1
0684863871,2005-04,1
0684863952,2005-05,1
0684864363,2005-04,1
0684864630,2005-07,1
0684864770,2005-07,1
0684864924,2005-04,1
0684865416,2005-08,1
0684865459,2005-04,1
0684865637,2005-04,1
0684865637,2005-10,1
068486598X,2005-09,1
0684866048,2005-08,1
0684866048,2005-09,1
0684867702,2005-01,1
0684867931,2005-04,1
0684868431,2005-02,1
0684868768,2005-08,1
0684869128,2005-04,1
0684869136,2005-06,1
0684869853,2005-04,1
0684870002,2005-08,1
0684870304,2005-05,1
0684870533,2005-04,1
0684870673,2005-07,1
0684870681,2005-07,1
0684871254,2005-06,1
0684871769,2005-08,1
0684872145,2005-04,1
0684872544,2005-02,1
0684872544,2005-08,1
0684872544,2005-09,2
0684872749,2005-02,1
0684872749,2005-04,1
0684872781,2005-05,1
0684873214,2005-08,1
068487380X,2005-09,1
0684874318,2005-01,1
0685661830,2005-04,1
0687001013,2005-08,1
0687002826,2005-09,1
0687009332,2005-08,1
0687020867,2005-09,1
0687021944,2005-04,1
0687023645,2005-08,1
0687030595,2005-09,1
0687034140,2005-07,1
0687038928,2005-09,1
0687045274,2005-08,1
0687045320,2005-01,1
0687048915,2005-08,1
0687069807,2005-07,1
0687069831,2005-04,1
0687074231,2005-04,1
0687074231,2005-10,1
0687074827,2005-10,1
068707486X,2005-10,1
0687089956,2005-09,1
0687094755,2005-08,1
0687099374,2005-10,1
0687120179,2005-08,1
0687151791,2005-01,1
0687197066,2005-10,1
0687209080,2005-08,1
068721565X,2005-09,1
0687277329,2005-04,1
0687278236,2005-09,1
0687278325,2005-08,1
0687343240,2005-10,1
0687361729,2005-07,1
0687391202,2005-08,1
0688013120,2005-09,1
0688014291,2005-09,1
0688014488,2005-10,1
0688016464,2005-03,1
0688019021,2005-07,1
0688026435,2005-09,1
068803361X,2005-08,1
0688037879,2005-03,1
0688041884,2005-10,1
0688044026,2005-05,1
0688049958,2005-07,1
0688050301,2005-05,1
0688050395,2005-09,1
0688058779,2005-09,1
0688064345,2005-03,1
0688064361,2005-04,1
0688065597,2005-08,1
0688073352,2005-07,1
0688073409,2005-07,1
0688078176,2005-07,1
0688079733,2005-08,1
0688080510,2005-09,1
068808074X,2005-05,1
0688087469,2005-07,1
0688087795,2005-07,1
0688092616,2005-05,1
0688093043,2005-10,1
0688094287,2005-03,1
0688097502,2005-04,1
0688099165,2005-09,1
0688102166,2005-09,1
0688102298,2005-09,1
0688108660,2005-09,1
0688109411,2005-07,1
0688109721,2005-01,1
0688112730,2005-05,1
0688112730,2005-06,1
0688112730,2005-07,1
0688112846,2005-09,1
0688114253,2005-01,1
0688114253,2005-06,1
0688114253,2005-07,1
0688114253,2005-08,1
0688116213,2005-03,1
0688116566,2005-04,1
0688119190,2005-09,1
0688120202,2005-03,1
0688121268,2005-07,1
0688123260,2005-03,1
0688123473,2005-09,1
0688128165,2005-05,1
0688128165,2005-09,3
0688128165,2005-10,1
0688128726,2005-08,1
0688129897,2005-09,1
0688132286,2005-02,1
0688132359,2005-08,1
0688137881,2005-02,1
0688138241,2005-08,2
0688138241,2005-09,1
0688138640,2005-07,1
0688138683,2005-06,1
0688140238,2005-10,1
0688140483,2005-02,1
0688140718,2005-07,1
0688141854,2005-09,1
0688141994,2005-09,1
0688143202,2005-04,1
0688143709,2005-09,1
0688143881,2005-08,1
0688144047,2005-03,1
0688146570,2005-02,1
0688146570,2005-08,1
0688147321,2005-09,2
0688147356,2005-09,1
0688148840,2005-09,1
0688151434,2005-02,1
0688151876,2005-09,1
0688152023,2005-05,1
0688152600,2005-04,1
0688154573,2005-02,1
0688155871,2005-01,1
0688156118,2005-09,1
0688156819,2005-07,1
068815803X,2005-04,1
0688158269,2005-08,1
0688158269,2005-09,1
0688158455,2005-06,1
0688158625,2005-01,1
0688158668,2005-08,1
0688159028,2005-07,1
0688159729,2005-08,1
0688160190,2005-04,1
068816076X,2005-06,1
0688160905,2005-08,1
068816112X,2005-05,1
068816112X,2005-07,1
0688162010,2005-01,1
0688162096,2005-09,1
0688162568,2005-09,1
0688163165,2005-02,1
0688163564,2005-09,1
0688163858,2005-07,1
0688164315,2005-06,1
0688164447,2005-02,1
0688164455,2005-02,1
0688166083,2005-09,1
0688166210,2005-05,1
0688167381,2005-04,1
0688168663,2005-08,1
0688168949,2005-05,1
0688169783,2005-09,1
0688169821,2005-10,1
0688170102,2005-06,1
0688170412,2005-03,1
0688170412,2005-09,1
0688170528,2005-04,1
0688170870,2005-02,1
0688170889,2005-06,2
0688171621,2005-08,1
0688172334,2005-08,1
0688172377,2005-06,1
0688174043,2005-06,1
0688174302,2005-09,1
068817471X,2005-01,1
0688174841,2005-01,1
0688175376,2005-01,1
0688175716,2005-08,1
0688175910,2005-07,1
0688177743,2005-07,1
0688177743,2005-09,1
0688177891,2005-03,1
0688178057,2005-07,1
0688409814,2005-09,1
0688611648,2005-08,1
0688840531,2005-08,1
0688843077,2005-05,1
068900852X,2005-08,2
0689038089,2005-07,1
0689040342,2005-08,1
0689103476,2005-09,1
0689109857,2005-09,1
068911401X,2005-03,1
0689116306,2005-05,1
0689118848,2005-09,1
0689119186,2005-06,1
0689206518,2005-09,1
0689309090,2005-04,1
0689309988,2005-07,1
0689319002,2005-09,1
0689500300,2005-04,1
0689707495,2005-09,1
0689711026,2005-03,1
0689711425,2005-04,1
0689711735,2005-04,1
0689711735,2005-09,1
0689711816,2005-01,1
068971310X,2005-09,1
0689713509,2005-09,1
0689715714,2005-09,1
0689716788,2005-09,1
068971744X,2005-08,1
0689801041,2005-09,1
0689801122,2005-03,1
068980119X,2005-08,1
0689801297,2005-07,1
0689801645,2005-08,1
0689804547,2005-01,1
0689806353,2005-07,1
0689806566,2005-10,1
0689806981,2005-08,1
0689807481,2005-09,1
0689807597,2005-08,1
0689808704,2005-09,1
0689809301,2005-08,1
0689809646,2005-08,1
0689811837,2005-09,1
0689811918,2005-08,1
0689811926,2005-08,1
0689813198,2005-09,1
0689814712,2005-05,1
0689815816,2005-04,1
0689817061,2005-09,1
0689817517,2005-07,1
0689817517,2005-08,1
0689817517,2005-09,1
0689817746,2005-02,1
0689817851,2005-02,1
0689819862,2005-09,1
0689820089,2005-02,1
0689820437,2005-06,1
0689822030,2005-08,1
0689822243,2005-09,1
0689822685,2005-09,1
0689823223,2005-01,1
0689823223,2005-02,1
0689823576,2005-07,1
0689823827,2005-08,1
0689823827,2005-09,1
0689823959,2005-07,1
0689824602,2005-09,1
0689825854,2005-05,1
068982663X,2005-02,1
0689828438,2005-08,1
0689828632,2005-08,1
0689828683,2005-09,1
0689829108,2005-05,1
068982954X,2005-09,1
0689829574,2005-09,1
0689829728,2005-08,1
0689830513,2005-02,1
0689831870,2005-08,1
0689832133,2005-07,1
0689832710,2005-09,1
0689834039,2005-09,1
0689834349,2005-04,1
0689834349,2005-08,1
0689834349,2005-09,1
0689834349,2005-10,1
0689834446,2005-09,1
0689835604,2005-01,1
0689835604,2005-07,1
0689835604,2005-08,1
068983568X,2005-07,2
068983568X,2005-09,1
0689838123,2005-07,1
0689838999,2005-08,1
0689839294,2005-09,1
068983957X,2005-10,1
0689840810,2005-09,1
0689840810,2005-10,1
0689841647,2005-07,1
0689842090,2005-09,1
0689842295,2005-09,1
068984381X,2005-08,1
0689844166,2005-08,1
0689844220,2005-01,1
0689844522,2005-09,1
0689845103,2005-07,1
0689845340,2005-06,1
0689845367,2005-06,1
068984624X,2005-09,1
0689846258,2005-03,1
0689846932,2005-08,2
0689846932,2005-09,1
0689847068,2005-07,1
0689847122,2005-02,1
0689847122,2005-07,1
0689847122,2005-09,1
0689847203,2005-08,1
0689847319,2005-07,1
0689847432,2005-03,1
0689847432,2005-09,1
0689847440,2005-10,1
0689847459,2005-09,1
0689847696,2005-08,1
0689847742,2005-09,2
0689847874,2005-09,1
0689847882,2005-08,1
0689847882,2005-10,1
0689848439,2005-09,1
0689849052,2005-09,1
0689849060,2005-04,1
0689849060,2005-09,2
0689849222,2005-02,1
0689849222,2005-05,1
068984946X,2005-08,1
0689850174,2005-07,1
0689850263,2005-08,1
0689850352,2005-03,1
0689850611,2005-08,1
0689850883,2005-08,1
0689850913,2005-10,1
0689851596,2005-05,1
0689852223,2005-03,1
0689852894,2005-08,1
0689853726,2005-07,1
0689853742,2005-07,1
0689853742,2005-08,1
0689853890,2005-09,1
0689855214,2005-07,1
0689855648,2005-08,1
0689856393,2005-02,1
0689856393,2005-05,1
0689856393,2005-06,1
0689856393,2005-10,1
068985658X,2005-07,2
068985658X,2005-08,1
068985658X,2005-09,3
068985658X,2005-10,1
0689856857,2005-01,1
0689856903,2005-05,1
0689857055,2005-09,1
0689857756,2005-03,1
0689857969,2005-07,1
0689859090,2005-01,1
0689859198,2005-08,1
0689859414,2005-10,1
0689859570,2005-06,1
0689859759,2005-07,1
0689862784,2005-08,1
0689862784,2005-09,1
0689862946,2005-08,1
0689863632,2005-01,1
0689863632,2005-08,1
068986437X,2005-02,1
068986454X,2005-05,1
0689864795,2005-08,1
0689865155,2005-09,1
0689865244,2005-09,1
0689865279,2005-07,1
0689865295,2005-09,1
0689865384,2005-09,1
0689865384,2005-10,1
0689866623,2005-08,1
0689866925,2005-09,1
068986700X,2005-02,1
0689867441,2005-01,1
0689867441,2005-10,1
0689868006,2005-05,1
0689868227,2005-06,1
0689868413,2005-10,1
0689869061,2005-06,1
0689869533,2005-10,1
068986955X,2005-09,1
0689869568,2005-05,1
0689869576,2005-03,2
0689869576,2005-08,1
0689870434,2005-01,1
0689870434,2005-04,1
0689870671,2005-03,1
068987085X,2005-06,1
068987152X,2005-05,1
068987152X,2005-06,1
0689873727,2005-04,1
0689874235,2005-09,2
068987474X,2005-01,2
068987474X,2005-02,1
068987474X,2005-03,5
068987474X,2005-04,1
068987474X,2005-05,1
068987474X,2005-06,1
068987474X,2005-07,1
068987474X,2005-08,5
068987474X,2005-09,3
068987474X,2005-10,1
0689876254,2005-02,1
0689876475,2005-03,1
0689876475,2005-04,1
0689876904,2005-07,1
0689878451,2005-05,1
0689878451,2005-08,1
0690001037,2005-09,1
0690002173,2005-05,1
0690040121,2005-05,1
0690467508,2005-05,1
0691000522,2005-02,1
0691002371,2005-09,1
0691007349,2005-08,1
0691008310,2005-08,1
0691008426,2005-05,1
0691009430,2005-05,1
0691009783,2005-05,1
0691013551,2005-08,1
0691016666,2005-07,1
0691017069,2005-10,1
0691017581,2005-03,1
0691017611,2005-09,1
0691017840,2005-03,1
0691018154,2005-09,1
0691018197,2005-02,1
0691018197,2005-09,1
0691018243,2005-03,1
0691018669,2005-06,1
0691019681,2005-10,1
0691020892,2005-08,1
0691024170,2005-07,1
0691024472,2005-01,1
0691025916,2005-09,1
0691026068,2005-03,1
0691027080,2005-05,1
0691027862,2005-05,1
0691034710,2005-09,1
069104290X,2005-09,1
0691058237,2005-07,1
0691058628,2005-08,1
0691059195,2005-10,1
0691061564,2005-01,1
0691070032,2005-07,1
0691070210,2005-05,1
0691070628,2005-02,1
0691074542,2005-09,1
0691088047,2005-04,1
0691088861,2005-03,1
069108940X,2005-03,1
0691089450,2005-02,1
0691091579,2005-07,1
0691092575,2005-05,1
0691095612,2005-09,2
0691095655,2005-08,1
0691099839,2005-10,1
0691099863,2005-01,1
0691099995,2005-01,1
0691102961,2005-05,1
0691102988,2005-06,1
0691102988,2005-09,1
0691103011,2005-02,1
0691113645,2005-08,1
0691113858,2005-04,1
0691113866,2005-07,1
0691113904,2005-03,1
0691114064,2005-05,1
0691114714,2005-05,1
0691114781,2005-03,1
0691115575,2005-05,1
0691115850,2005-03,1
0691116253,2005-04,1
0691116261,2005-09,1
0691116598,2005-08,1
0691117306,2005-01,1
0691117756,2005-08,1
0691117918,2005-08,1
0691117950,2005-03,1
0691119198,2005-06,1
0691119333,2005-06,1
0691119694,2005-07,1
0691119953,2005-03,1
0691119953,2005-06,1
0691119953,2005-09,1
0691120099,2005-05,1
0691120250,2005-08,1
0691120293,2005-09,1
0691120471,2005-08,1
0691120471,2005-09,1
0691120722,2005-05,1
0691121044,2005-01,1
0691121079,2005-02,1
0691121443,2005-10,1
0691121648,2005-09,1
0691121796,2005-07,1
0691122156,2005-09,1
0691122288,2005-08,1
0691122938,2005-09,1
0691122946,2005-03,2
0691122946,2005-04,3
0691122946,2005-05,5
0691122946,2005-06,1
0691122946,2005-07,2
0691122946,2005-08,1
0691122946,2005-09,4
0691122946,2005-10,1
0691123357,2005-04,1
0691123373,2005-07,1
0694003611,2005-05,1
0694003611,2005-06,1
0694003611,2005-09,1
0694003611,2005-10,1
0694004928,2005-07,1
0694006246,2005-10,1
0694008621,2005-09,1
0694009830,2005-09,1
0694009989,2005-09,1
0694010332,2005-10,1
0694010596,2005-09,1
0694012041,2005-09,1
0694012068,2005-05,1
0694012068,2005-10,1
0694013269,2005-08,1
0694013447,2005-03,1
0694016519,2005-09,1
0694515132,2005-09,1
0694519170,2005-04,1
0694520365,2005-08,1
0694522465,2005-07,1
0694522783,2005-06,1
0694524743,2005-08,1
0694525472,2005-10,1
0694525804,2005-08,1
0694526088,2005-07,1
0694526207,2005-04,1
0694526274,2005-09,1
0695803565,2005-06,1
069600030X,2005-07,1
0696007150,2005-07,1
0696019116,2005-03,1
0696019728,2005-09,1
0696019744,2005-09,1
069620505X,2005-08,1
069620505X,2005-09,1
069620665X,2005-08,1
069620780X,2005-09,1
0696208504,2005-05,1
0696209764,2005-09,1
069620990X,2005-03,1
0696210290,2005-07,1
0696211017,2005-09,1
0696211254,2005-08,1
0696211874,2005-03,1
0696212706,2005-08,1
0696212706,2005-09,1
0696212889,2005-05,1
0696212900,2005-01,1
0696213214,2005-04,1
0696213273,2005-09,1
0696215462,2005-08,1
0696216043,2005-08,1
0696216248,2005-10,1
0696216299,2005-04,1
0696217139,2005-07,1
0696217163,2005-09,1
0696217163,2005-10,1
0696217538,2005-07,1
0696218305,2005-08,1
0696218356,2005-09,1
0696218356,2005-10,1
0696218488,2005-03,1
0696218496,2005-05,1
069621881X,2005-03,1
069621881X,2005-10,1
0696220903,2005-10,1
0696221268,2005-07,1
0696221330,2005-02,1
0696221330,2005-08,1
0696221500,2005-08,1
0696222507,2005-08,1
0696222507,2005-09,1
0696222558,2005-07,1
0696222566,2005-07,1
0696222841,2005-08,1
0696222884,2005-08,1
0696224143,2005-04,1
0697031047,2005-03,1
0697059499,2005-09,1
0697178536,2005-08,1
069810496X,2005-09,1
0698115546,2005-09,1
0698115554,2005-03,1
0698115554,2005-09,1
0698115554,2005-10,1
0698115635,2005-08,1
0698116259,2005-08,1
0698116429,2005-09,1
0698119398,2005-04,1
0700603115,2005-04,1
0700603190,2005-09,1
0700606505,2005-06,1
0700607587,2005-04,1
0700609784,2005-07,1
0700610030,2005-06,1
0700610405,2005-02,1
0700610502,2005-02,1
0700611223,2005-04,1
0700611223,2005-05,1
0700611789,2005-04,1
0700611789,2005-09,1
0700612491,2005-06,1
0700612793,2005-02,1
0700613293,2005-08,1
0700613528,2005-06,1
0700613536,2005-03,1
0700613595,2005-05,1
0700613765,2005-10,1
0700613870,2005-10,1
0700613900,2005-10,1
0706377311,2005-05,1
0706377346,2005-07,1
0707802431,2005-01,1
0708313515,2005-08,1
0708918190,2005-06,1
0708990037,2005-02,1
0709048513,2005-03,1
0709051069,2005-08,1
0709060335,2005-06,1
070907669X,2005-09,1
0710007159,2005-09,1
0710619650,2005-06,1
0711216754,2005-08,1
0711219648,2005-09,1
0711224196,2005-09,1
0711224528,2005-07,1
0711904987,2005-04,1
071191771X,2005-08,1
071197540X,2005-07,1
0711990093,2005-09,1
0711991081,2005-02,1
0712347283,2005-05,1
0712614184,2005-08,1
0712695591,2005-04,1
0713476230,2005-07,1
0713484675,2005-08,1
0713485523,2005-02,1
0713487763,2005-05,1
0713488042,2005-09,1
0713488433,2005-04,1
0713488700,2005-03,1
0713488743,2005-04,1
0713488794,2005-09,1
0713488875,2005-03,1
0713489057,2005-02,1
0713489359,2005-07,1
0713640693,2005-04,1
0713667702,2005-09,1
071372613X,2005-01,1
0713727594,2005-10,1
0713994754,2005-03,1
0713998067,2005-10,1
0714119482,2005-06,1
0714526150,2005-07,1
0714530387,2005-01,1
0714531014,2005-07,1
0714652563,2005-09,1
0714684023,2005-06,1
0714829846,2005-09,1
0714832472,2005-08,1
0714833568,2005-10,1
0714835137,2005-07,1
0714835293,2005-10,1
0714835811,2005-07,1
0714837954,2005-03,1
0714838381,2005-08,1
0714840459,2005-08,1
0714840831,2005-09,1
0714842451,2005-10,1
0714842702,2005-02,1
071484277X,2005-08,1
0714843121,2005-01,1
0714843121,2005-09,1
0714844012,2005-09,1
0714845108,2005-08,1
0714845299,2005-09,1
0715312219,2005-03,1
0715312243,2005-07,1
0715312243,2005-10,1
0715312766,2005-03,1
0715313002,2005-03,1
0715313401,2005-07,1
0715313401,2005-09,2
0715313932,2005-04,1
0715314009,2005-03,1
0715314084,2005-03,1
0715314440,2005-08,1
0715314513,2005-07,1
0715314793,2005-10,1
0715315838,2005-09,1
0715316605,2005-10,1
0715316826,2005-04,1
071531789X,2005-09,1
0715317946,2005-09,1
0715317970,2005-06,1
0715318527,2005-09,1
071531906X,2005-09,1
0715319159,2005-08,1
0715319698,2005-05,1
0715320319,2005-09,1
0715390988,2005-02,1
0715391399,2005-02,1
0715392891,2005-09,1
0715623842,2005-03,1
0715627589,2005-08,1
0715631225,2005-03,1
0715631713,2005-08,1
0716700883,2005-02,1
0716705710,2005-09,1
0716706725,2005-05,1
0716710072,2005-08,1
0716710471,2005-03,1
0716711931,2005-03,1
0716715449,2005-09,2
0716717751,2005-08,1
0716722011,2005-09,1
071672393X,2005-03,1
0716724383,2005-06,1
0716730278,2005-08,1
0716733919,2005-04,1
0716739062,2005-09,1
0716740257,2005-09,1
0716743612,2005-01,1
0716743612,2005-08,1
0716743744,2005-07,1
0716749394,2005-09,1
071675018X,2005-09,1
0716752530,2005-09,1
0716753219,2005-09,1
0716755157,2005-03,1
0716757060,2005-10,1
0716757168,2005-09,1
0716758814,2005-04,1
0716763109,2005-09,1
0716769603,2005-09,1
071678694X,2005-10,1
0716796732,2005-09,1
0717802418,2005-09,1
0717806855,2005-09,1
0718001206,2005-08,1
0718002490,2005-08,1
0718003586,2005-01,1
0718003756,2005-07,1
0718006380,2005-03,1
0718008022,2005-07,1
071800826X,2005-10,1
0718008650,2005-09,1
0718008995,2005-09,1
0718009967,2005-08,1
071801099X,2005-06,1
0718012097,2005-05,1
0718012283,2005-07,2
071801443X,2005-10,1
0718014596,2005-10,1
0718127641,2005-07,1
0718822803,2005-07,1
0718828054,2005-03,1
0718829859,2005-08,1
0719545714,2005-02,1
0719554462,2005-09,1
0719561515,2005-04,1
0719562872,2005-09,1
0719566630,2005-04,1
0719566630,2005-05,1
0720611601,2005-02,1
0720611822,2005-07,1
0720611938,2005-08,1
0721464513,2005-09,1
0721601189,2005-09,1
0721601855,2005-10,1
0721601944,2005-09,1
0721603106,2005-10,1
0721603475,2005-07,1
0721603645,2005-08,1
0721603750,2005-08,1
0721603955,2005-10,1
0721605176,2005-09,1
0721605702,2005-02,1
0721606318,2005-10,1
0721638643,2005-01,1
0721644929,2005-08,1
0721648878,2005-02,1
0721659578,2005-09,1
0721661157,2005-07,1
0721662854,2005-02,1
0721669298,2005-03,1
0721670237,2005-04,1
0721684432,2005-03,1
072169344X,2005-08,1
0721694187,2005-10,1
0721695817,2005-10,1
0722518013,2005-03,1
0722534604,2005-03,1
0722535996,2005-06,1
0722539231,2005-06,1
0722539754,2005-09,1
0723247609,2005-08,1
0723253609,2005-02,1
0723253609,2005-04,1
0727858041,2005-06,1
0727861506,2005-07,1
0727862162,2005-08,1
0733308244,2005-07,1
0735100454,2005-04,1
0735101469,2005-08,1
0735200068,2005-10,1
073520019X,2005-04,1
0735200300,2005-07,1
0735200378,2005-06,1
0735200378,2005-08,1
0735200378,2005-09,1
0735200661,2005-03,1
0735200661,2005-09,1
0735201013,2005-03,1
0735201374,2005-09,1
0735201447,2005-07,1
0735201447,2005-08,2
0735201463,2005-04,1
0735201811,2005-03,1
0735201978,2005-08,1
0735202230,2005-08,1
0735202826,2005-01,1
0735202958,2005-09,1
0735202974,2005-10,1
0735203504,2005-06,1
0735203768,2005-09,1
0735203768,2005-10,1
0735506361,2005-07,1
073551982X,2005-05,1
0735520003,2005-09,1
0735524289,2005-05,1
0735529949,2005-08,1
0735535191,2005-09,1
0735540241,2005-06,1
0735540241,2005-09,1
0735605580,2005-09,1
0735611319,2005-08,1
0735611769,2005-09,1
0735611831,2005-01,1
0735611890,2005-08,1
0735612366,2005-02,1
0735613540,2005-09,1
0735613702,2005-08,1
0735614237,2005-02,1
0735614237,2005-03,1
0735614377,2005-01,1
0735614377,2005-03,1
0735614393,2005-02,1
0735614644,2005-10,1
0735614652,2005-09,1
0735614717,2005-07,1
0735614717,2005-09,1
0735615136,2005-01,1
0735615136,2005-08,1
0735615144,2005-04,1
0735615160,2005-09,1
0735615187,2005-08,1
0735615195,2005-04,1
0735615195,2005-08,2
0735615225,2005-09,1
0735615772,2005-10,1
0735615780,2005-08,1
0735615861,2005-04,1
0735617201,2005-08,1
0735617201,2005-10,1
0735617465,2005-06,1
0735617783,2005-07,1
0735617805,2005-07,1
0735618011,2005-01,1
0735618518,2005-08,1
0735618534,2005-08,1
0735618542,2005-03,1
0735618569,2005-09,1
0735618747,2005-02,1
0735618798,2005-06,1
073561881X,2005-08,1
0735618887,2005-09,1
0735618933,2005-02,1
0735618933,2005-04,1
0735618992,2005-04,1
0735619018,2005-08,1
0735619050,2005-06,1
0735619069,2005-04,1
0735619069,2005-08,1
0735619093,2005-05,1
0735619093,2005-07,1
0735619123,2005-02,1
0735619158,2005-03,1
0735619174,2005-05,1
0735619174,2005-06,1
0735619255,2005-08,2
0735619409,2005-01,1
0735619425,2005-03,1
0735619484,2005-09,1
0735619492,2005-05,1
0735619530,2005-03,1
0735619603,2005-05,1
0735619611,2005-05,1
073561962X,2005-09,1
0735619654,2005-04,1
0735619654,2005-09,1
0735619670,2005-04,1
0735619670,2005-07,1
0735619670,2005-09,3
0735619670,2005-10,1
0735619697,2005-02,1
0735619719,2005-08,1
0735619786,2005-09,1
0735619816,2005-09,1
073561993X,2005-01,1
073561993X,2005-06,1
0735620202,2005-05,1
0735620210,2005-01,1
0735620245,2005-06,1
0735620245,2005-08,1
0735620393,2005-03,1
0735620407,2005-03,1
0735620407,2005-04,1
073562044X,2005-09,1
0735620482,2005-01,1
0735620482,2005-04,1
0735620520,2005-04,1
0735620520,2005-08,1
0735620520,2005-09,1
073562058X,2005-06,1
073562058X,2005-08,1
0735620598,2005-08,1
073562061X,2005-08,1
0735620652,2005-01,1
0735620652,2005-04,1
073562075X,2005-08,2
0735621101,2005-04,1
0735621101,2005-06,1
0735621101,2005-09,1
0735621217,2005-05,1
0735621217,2005-06,1
0735621217,2005-08,1
0735621519,2005-08,2
0735621519,2005-09,1
0735621527,2005-06,1
0735621527,2005-09,1
0735621543,2005-10,1
0735621667,2005-07,1
0735621675,2005-04,1
0735621675,2005-08,1
0735621675,2005-09,1
0735622175,2005-06,1
0735710759,2005-07,1
0735710910,2005-09,1
073571102X,2005-10,1
0735711224,2005-02,1
0735711224,2005-08,1
0735712018,2005-01,1
0735712018,2005-09,1
0735712018,2005-10,1
0735712069,2005-03,1
0735712328,2005-09,1
0735712360,2005-05,1
0735712417,2005-03,1
0735712417,2005-04,1
073571245X,2005-10,1
0735712638,2005-03,1
0735712638,2005-08,1
0735712654,2005-02,1
0735712794,2005-02,1
0735712794,2005-08,2
0735712794,2005-09,2
0735712794,2005-10,1
0735712840,2005-07,1
0735712999,2005-09,1
0735713308,2005-08,1
0735713448,2005-08,1
0735713448,2005-10,1
0735713502,2005-04,1
0735713537,2005-02,1
0735713537,2005-03,1
0735713537,2005-08,2
0735713634,2005-07,1
0735713685,2005-03,1
073571374X,2005-03,1
0735713766,2005-03,2
0735713944,2005-08,1
0735714096,2005-07,1
073571410X,2005-09,1
0735714118,2005-01,1
0735714118,2005-02,1
0735714118,2005-03,1
0735714118,2005-04,1
0735714118,2005-07,1
0735714258,2005-02,1
0735714339,2005-01,1
0735714339,2005-02,1
073571438X,2005-01,1
073571438X,2005-09,1
073571438X,2005-10,1
073581774X,2005-09,1
0735817847,2005-08,1
0736001573,2005-09,1
0736003517,2005-05,1
0736003517,2005-08,1
0736037357,2005-02,1
0736041567,2005-09,1
0736041850,2005-02,1
0736041850,2005-05,1
0736041850,2005-06,1
0736041850,2005-07,1
0736044043,2005-01,2
0736044043,2005-08,1
0736044809,2005-02,1
0736044809,2005-09,1
073604602X,2005-08,1
073604602X,2005-09,1
0736046569,2005-07,1
0736046739,2005-08,1
0736046798,2005-07,1
0736048138,2005-10,1
073605099X,2005-09,1
0736051414,2005-06,1
0736052232,2005-08,1
0736054448,2005-09,1
0736055010,2005-07,1
0736056246,2005-07,1
0736056246,2005-08,1
0736056246,2005-09,3
0736056327,2005-03,1
0736306285,2005-09,1
0736401180,2005-08,1
0736421211,2005-08,1
0736422331,2005-06,1
0736699511,2005-08,1
0736824383,2005-02,1
0736900233,2005-09,1
0736900381,2005-07,1
0736901248,2005-10,1
0736901981,2005-01,1
0736902066,2005-09,1
0736902392,2005-09,1
0736902449,2005-08,1
0736902589,2005-05,1
0736903909,2005-08,1
0736904190,2005-09,1
0736904336,2005-07,1
0736904395,2005-09,1
0736905324,2005-07,1
0736905340,2005-02,1
0736908234,2005-09,1
0736908722,2005-01,1
0736908722,2005-03,1
0736908722,2005-08,1
0736908730,2005-04,1
0736908773,2005-03,1
0736909141,2005-07,1
0736909184,2005-10,1
0736909761,2005-08,1
0736909796,2005-07,1
0736909796,2005-09,1
0736909931,2005-01,1
0736909958,2005-05,1
0736910115,2005-04,1
0736910522,2005-10,1
0736910565,2005-06,1
0736910778,2005-06,1
0736910816,2005-04,1
0736910875,2005-08,1
0736911588,2005-03,1
0736911588,2005-08,1
0736912630,2005-10,1
0736912932,2005-10,1
0736912959,2005-02,1
0736913432,2005-04,1
0736913513,2005-03,1
0736913521,2005-02,1
0736913556,2005-03,1
0736913564,2005-02,1
0736913823,2005-08,1
0736914315,2005-04,1
0736914374,2005-03,1
0736914374,2005-09,1
0736914374,2005-10,1
0736914390,2005-09,1
0736914609,2005-06,1
0736914838,2005-10,1
0736915001,2005-02,1
0736915052,2005-09,1
0736915079,2005-09,1
0736915559,2005-10,1
0736916369,2005-08,1
0736916369,2005-09,1
0737016221,2005-09,1
0737020202,2005-05,1
0737301120,2005-04,1
0737302658,2005-10,1
0737303018,2005-06,1
0737303859,2005-03,1
0737304243,2005-09,1
0737305568,2005-03,1
0738200328,2005-09,1
0738200379,2005-01,1
0738201006,2005-04,1
0738201022,2005-06,2
0738201731,2005-09,1
0738202029,2005-07,1
0738202282,2005-08,1
0738202355,2005-03,1
0738202835,2005-07,1
0738202878,2005-01,1
0738203971,2005-09,1
0738204005,2005-09,1
0738204412,2005-09,1
0738204633,2005-02,1
0738204986,2005-09,1
073820529X,2005-09,1
0738205370,2005-02,1
0738205370,2005-07,1
0738205370,2005-08,1
0738205370,2005-09,1
0738206091,2005-10,1
073820627X,2005-07,1
0738206369,2005-04,1
0738206369,2005-05,1
0738206628,2005-05,1
0738206709,2005-07,1
0738206717,2005-04,1
073820692X,2005-02,1
073820692X,2005-05,1
0738206954,2005-02,1
073820756X,2005-08,1
073820756X,2005-10,1
0738207616,2005-08,1
0738207934,2005-07,1
073820806X,2005-09,1
0738208086,2005-10,1
0738208868,2005-04,1
0738208981,2005-10,1
0738209031,2005-06,1
0738209031,2005-08,1
073820904X,2005-09,1
0738209201,2005-02,1
0738209201,2005-04,1
073820949X,2005-03,1
073820949X,2005-08,4
073820949X,2005-09,3
073820949X,2005-10,1
0738209570,2005-06,1
0738209732,2005-10,1
0738209813,2005-10,1
0738209945,2005-06,1
0738209996,2005-06,1
0738210110,2005-05,1
0738210161,2005-08,1
073821017X,2005-06,1
0738500496,2005-06,1
0738501506,2005-08,1
0738505854,2005-08,1
0738508047,2005-01,1
0738509639,2005-07,1
0738513067,2005-08,1
0738513881,2005-04,1
073851392X,2005-05,1
0738514233,2005-07,2
0738519995,2005-04,1
073852008X,2005-08,1
0738520209,2005-09,1
0738523895,2005-08,1
0738524204,2005-08,1
0738528595,2005-09,1
0738529109,2005-01,1
0738529354,2005-09,1
0738529435,2005-03,1
0738529494,2005-09,1
0738529699,2005-08,1
073852977X,2005-08,1
0738530077,2005-09,1
0738532614,2005-09,1
0738532967,2005-08,1
0738533327,2005-07,1
0738533750,2005-05,1
0738533750,2005-09,1
0738534293,2005-09,1
0738535621,2005-01,1
0738535680,2005-07,1
0738535877,2005-05,1
0738536172,2005-09,1
0738537721,2005-10,1
0738538086,2005-09,1
0738600199,2005-09,1
0738600784,2005-06,1
0738700096,2005-08,1
0738700169,2005-01,1
0738700215,2005-09,1
0738700231,2005-05,1
073870024X,2005-09,1
0738700258,2005-07,1
0738700932,2005-09,1
073870153X,2005-09,1
0738701548,2005-09,3
0738701602,2005-09,1
0738701750,2005-06,1
0738701912,2005-08,1
0738702013,2005-01,1
0738702048,2005-10,1
0738702269,2005-09,1
0738702501,2005-05,1
0738702595,2005-03,1
0738702765,2005-01,1
0738702765,2005-03,1
0738702870,2005-03,1
0738702870,2005-10,1
073870301X,2005-06,1
073870301X,2005-09,1
0738703109,2005-01,1
0738703184,2005-07,1
0738703192,2005-02,1
0738703214,2005-09,1
0738703222,2005-02,1
0738703397,2005-03,1
0738703486,2005-02,1
0738703885,2005-03,1
0738703915,2005-01,1
0738703915,2005-08,1
0738704261,2005-09,1
0738704415,2005-07,1
0738704431,2005-02,1
0738704458,2005-08,1
0738704679,2005-03,1
0738704679,2005-08,1
0738704679,2005-09,1
0738704687,2005-06,1
0738704695,2005-01,1
0738704709,2005-01,1
0738704709,2005-09,1
0738705209,2005-02,1
0738705209,2005-08,1
0738705225,2005-08,1
0738705659,2005-03,1
073870573X,2005-10,1
0738705772,2005-04,1
0738705926,2005-08,1
0738705942,2005-01,1
0738706078,2005-06,1
0738706078,2005-07,1
0738706256,2005-09,2
0738706574,2005-03,1
0738706639,2005-06,1
0738706647,2005-08,1
073870671X,2005-10,1
0738707155,2005-10,1
073870749X,2005-09,1
0738707589,2005-09,1
0738707686,2005-08,1
0738807222,2005-06,1
0738810576,2005-06,1
0738811416,2005-07,1
0738826499,2005-02,1
0738827932,2005-06,1
0738829528,2005-02,1
0738835668,2005-10,1
0738836125,2005-04,1
0738843164,2005-08,1
0739024035,2005-08,1
0739024035,2005-10,1
073902406X,2005-08,1
0739034715,2005-09,1
0739035371,2005-02,1
0739036351,2005-01,1
0739202502,2005-10,1
0739203614,2005-08,1
0739301780,2005-08,1
0739303228,2005-06,1
0739304038,2005-09,1
0739304488,2005-08,1
0739306812,2005-08,1
073930982X,2005-05,1
0739310887,2005-08,1
0739312502,2005-08,1
0739312707,2005-07,1
0739313126,2005-08,1
0739313126,2005-09,1
0739314009,2005-01,2
0739314696,2005-04,1
0739315536,2005-01,1
0739315552,2005-08,1
0739315730,2005-09,1
0739316443,2005-06,1
073931713X,2005-09,1
0739317970,2005-08,1
0739318322,2005-05,1
0739318330,2005-07,1
0739318985,2005-09,1
0739320114,2005-09,2
0739320114,2005-10,2
0739320149,2005-07,1
0739320440,2005-05,1
0739321781,2005-09,1
073932196X,2005-09,1
0739322478,2005-10,1
0739406671,2005-09,1
0739407279,2005-07,1
0739408232,2005-05,1
0739418904,2005-04,1
073942100X,2005-05,1
0739429698,2005-09,1
0739433865,2005-09,1
073944798X,2005-07,1
0739453335,2005-09,1
073981298X,2005-08,1
0740700065,2005-03,1
0740700138,2005-08,1
0740700138,2005-10,1
0740701991,2005-08,1
0740704567,2005-09,1
0740704729,2005-07,1
0740704818,2005-07,1
0740704818,2005-09,1
0740705989,2005-04,1
0740705989,2005-07,1
0740706004,2005-05,1
0740706004,2005-09,1
0740706829,2005-07,1
0740709925,2005-06,1
0740710214,2005-02,1
0740710214,2005-08,1
0740719718,2005-07,1
0740720619,2005-10,1
0740720627,2005-10,1
0740721135,2005-01,1
0740721135,2005-03,2
0740721135,2005-07,1
0740721135,2005-08,1
0740721984,2005-08,1
0740722131,2005-07,1
0740722131,2005-08,1
0740723367,2005-08,1
0740726684,2005-09,1
0740726854,2005-01,1
0740727184,2005-08,1
0740727206,2005-08,1
0740727273,2005-04,1
0740733001,2005-02,1
0740733265,2005-07,1
0740734377,2005-09,1
0740735195,2005-02,1
0740738089,2005-07,1
0740738402,2005-07,1
0740738550,2005-05,1
0740738577,2005-07,1
0740738593,2005-06,1
0740738593,2005-08,1
0740739522,2005-07,1
0740739581,2005-08,1
0740739603,2005-04,1
0740739603,2005-08,1
0740741292,2005-08,1
0740741772,2005-01,1
0740741837,2005-08,1
0740744216,2005-01,1
0740744526,2005-08,1
0740744674,2005-04,1
0740744984,2005-07,1
0740744992,2005-07,1
0740746588,2005-09,1
0740746618,2005-02,1
0740746618,2005-09,1
0740746634,2005-06,1
0740746634,2005-07,1
0740746707,2005-07,1
0740746863,2005-06,1
0740746901,2005-07,1
0740747134,2005-01,1
0740747134,2005-02,1
0740747398,2005-09,1
0740748076,2005-08,1
0740748475,2005-10,7
0740749099,2005-09,1
0740749099,2005-10,1
0740749994,2005-07,1
0740749994,2005-08,1
0740750054,2005-08,1
0740750070,2005-04,1
0740750151,2005-04,1
0740750364,2005-06,1
0740750372,2005-09,3
0740750399,2005-03,2
0740750399,2005-07,1
0740750437,2005-08,1
0740750453,2005-04,1
0740750453,2005-08,2
0740750704,2005-08,1
0740750992,2005-04,1
0740751093,2005-09,1
0740751107,2005-08,1
0740751131,2005-07,1
0740751174,2005-10,1
0740751182,2005-08,1
0740751271,2005-10,1
0740751816,2005-09,1
0740752944,2005-09,1
0740752944,2005-10,1
0740753851,2005-07,3
0740753851,2005-08,2
0740753851,2005-09,1
0740754238,2005-09,1
0740754416,2005-10,1
0740754432,2005-10,1
0740754475,2005-09,1
0740754629,2005-09,1
0740754629,2005-10,1
0740754939,2005-09,1
0740754939,2005-10,1
0740755692,2005-08,1
0740756257,2005-08,2
0740756257,2005-09,3
0741216000,2005-09,1
0741404990,2005-04,1
0741405563,2005-06,1
0741405563,2005-09,1
0741407272,2005-03,1
0741408414,2005-02,1
0741412322,2005-09,1
0741412780,2005-01,1
0741414805,2005-07,1
0741417340,2005-07,1
0741417561,2005-05,1
0741417790,2005-09,1
0741418479,2005-05,1
0741418819,2005-08,2
0741418819,2005-09,1
0741419491,2005-03,1
0741421291,2005-05,1
0741422492,2005-05,1
0741422557,2005-02,1
0741424312,2005-06,1
0741424797,2005-07,1
0741424797,2005-08,1
0741424908,2005-05,1
074142598X,2005-09,1
0741619474,2005-08,1
0742502511,2005-02,1
0742510263,2005-07,1
0742511480,2005-08,1
0742513009,2005-07,1
0742522288,2005-05,1
0742522431,2005-02,1
0742525228,2005-03,1
0742526984,2005-05,1
074252843X,2005-05,1
0742529223,2005-07,1
0742532208,2005-08,1
0742533522,2005-07,1
0742533859,2005-05,1
0742534081,2005-03,1
0742534081,2005-07,1
0742538168,2005-09,1
0742538222,2005-05,1
0742538222,2005-08,1
0742541754,2005-01,1
0742543048,2005-06,1
0742543846,2005-04,1
0742550036,2005-07,1
0742640868,2005-09,1
074320011X,2005-01,2
074320011X,2005-02,1
074320011X,2005-06,1
074320011X,2005-09,1
0743200187,2005-03,1
0743200403,2005-03,1
0743201116,2005-02,1
0743201116,2005-09,1
0743201140,2005-05,1
0743201140,2005-06,1
0743201140,2005-07,1
0743201140,2005-10,1
0743201299,2005-04,1
0743201299,2005-09,1
0743201299,2005-10,1
074320154X,2005-09,1
0743201698,2005-01,1
0743201698,2005-03,1
0743201698,2005-05,1
074320218X,2005-09,1
0743202198,2005-01,1
0743202236,2005-08,1
074320235X,2005-08,1
0743202376,2005-05,1
0743202473,2005-02,1
0743202503,2005-09,1
074320297X,2005-07,1
0743203178,2005-08,1
0743203291,2005-05,1
0743203313,2005-05,1
0743203909,2005-09,1
0743203941,2005-01,1
0743203941,2005-03,1
0743203984,2005-07,1
074320445X,2005-01,1
0743204816,2005-04,1
0743204816,2005-05,1
0743204816,2005-07,1
0743205022,2005-03,1
0743211170,2005-07,1
0743211375,2005-09,1
0743211448,2005-07,1
074321157X,2005-09,1
0743211588,2005-04,1
0743211804,2005-01,1
0743212010,2005-03,1
0743212347,2005-05,1
074321241X,2005-09,1
0743212886,2005-02,1
0743213688,2005-09,1
0743213882,2005-02,1
0743214285,2005-07,1
0743214285,2005-09,1
0743214595,2005-02,1
0743215028,2005-08,1
0743215028,2005-09,1
0743215362,2005-03,1
0743215362,2005-07,1
0743215834,2005-01,1
0743216458,2005-03,1
0743217349,2005-08,1
0743217896,2005-06,1
074321790X,2005-02,1
0743218027,2005-08,1
0743218795,2005-03,1
0743218795,2005-07,1
0743219295,2005-05,1
0743219465,2005-09,1
0743219562,2005-03,1
0743219589,2005-02,1
0743219643,2005-05,1
074321966X,2005-01,1
0743221826,2005-09,1
0743222245,2005-07,1
0743222326,2005-07,1
0743222334,2005-06,1
0743222911,2005-09,1
0743222954,2005-09,1
0743222989,2005-07,1
0743222997,2005-08,1
0743223136,2005-01,1
0743223136,2005-08,1
0743223217,2005-02,1
0743223225,2005-04,1
0743223233,2005-04,1
0743223292,2005-08,1
0743223306,2005-04,1
0743223314,2005-08,1
0743223535,2005-06,1
074322387X,2005-04,1
074322454X,2005-01,1
0743224558,2005-10,1
0743224566,2005-06,1
0743224574,2005-09,1
0743224787,2005-08,1
0743224841,2005-09,1
0743224876,2005-07,1
0743224876,2005-08,1
0743224876,2005-09,1
0743224892,2005-04,1
0743224892,2005-05,2
0743224892,2005-09,2
0743224973,2005-09,1
0743225066,2005-04,1
0743225066,2005-06,1
0743225376,2005-08,1
0743225503,2005-10,1
0743225627,2005-02,1
0743225805,2005-09,1
0743225988,2005-07,1
0743226062,2005-02,1
0743226518,2005-05,1
0743226526,2005-02,1
0743226674,2005-08,1
0743226674,2005-09,1
0743226712,2005-05,1
0743226712,2005-06,4
0743226712,2005-07,6
0743226712,2005-08,17
0743226712,2005-09,7
0743226712,2005-10,3
0743226747,2005-07,1
0743226755,2005-03,1
0743226836,2005-09,1
0743227212,2005-07,1
0743227255,2005-08,1
0743227328,2005-09,1
0743227387,2005-06,1
0743227433,2005-08,1
0743227441,2005-01,1
0743227441,2005-03,1
0743227441,2005-04,2
0743227441,2005-05,1
0743227441,2005-06,1
0743227441,2005-08,1
0743227441,2005-09,4
074322759X,2005-04,1
0743227905,2005-01,1
0743227905,2005-08,1
0743228154,2005-01,2
0743228154,2005-02,3
0743228154,2005-05,1
0743228154,2005-06,1
0743228154,2005-07,1
0743228154,2005-08,1
0743228286,2005-09,1
0743228286,2005-10,2
0743228383,2005-08,3
0743228383,2005-09,1
0743228383,2005-10,1
0743228642,2005-08,1
0743228685,2005-08,1
0743228685,2005-09,1
0743228960,2005-10,1
0743229029,2005-02,1
0743229215,2005-01,1
0743229215,2005-08,1
0743229452,2005-01,1
0743229681,2005-02,1
0743229940,2005-05,1
0743230213,2005-03,1
0743230647,2005-05,1
074323278X,2005-04,1
0743232798,2005-09,1
074323281X,2005-07,1
0743233484,2005-07,3
0743233484,2005-08,6
0743233484,2005-09,1
0743234472,2005-08,1
0743234480,2005-04,1
0743234553,2005-10,1
0743234707,2005-02,1
0743234707,2005-08,1
0743234723,2005-08,1
0743234995,2005-08,1
0743235177,2005-03,1
0743235266,2005-09,1
0743235355,2005-07,2
0743235355,2005-09,2
0743235576,2005-01,1
0743235819,2005-07,1
0743235886,2005-04,1
0743236114,2005-04,1
0743236386,2005-03,1
0743236645,2005-08,1
074323670X,2005-02,1
0743236947,2005-10,1
0743237544,2005-06,1
074323782X,2005-09,1
0743237943,2005-03,1
0743237943,2005-09,1
074323815X,2005-10,1
0743238273,2005-02,1
0743238273,2005-07,1
0743238281,2005-07,1
0743238516,2005-01,1
0743238516,2005-02,1
0743238516,2005-06,1
0743241002,2005-09,1
0743241304,2005-08,1
0743241657,2005-04,1
0743241924,2005-04,1
0743241924,2005-10,1
0743242157,2005-10,1
0743242173,2005-05,1
0743242173,2005-08,2
0743242750,2005-03,1
0743242785,2005-08,2
0743243064,2005-09,1
0743243153,2005-02,1
0743243315,2005-03,1
0743243315,2005-08,1
0743243390,2005-09,1
0743243447,2005-09,1
0743243552,2005-07,2
0743243552,2005-08,1
0743243560,2005-01,1
0743243560,2005-07,1
0743243609,2005-02,1
0743243609,2005-05,1
0743243803,2005-08,1
0743244206,2005-06,1
0743244389,2005-08,1
0743244508,2005-09,1
0743244516,2005-08,1
0743244516,2005-09,1
0743244540,2005-02,1
0743244540,2005-03,1
0743244591,2005-04,1
0743244710,2005-09,1
074324494X,2005-04,1
074324494X,2005-06,2
074324494X,2005-08,1
0743245148,2005-01,1
0743245431,2005-03,1
0743245512,2005-06,1
0743245547,2005-09,1
0743245881,2005-08,1
0743245911,2005-05,1
0743245911,2005-06,1
0743245911,2005-07,2
0743245911,2005-08,2
0743245911,2005-09,1
0743245962,2005-07,1
0743246071,2005-02,1
0743246071,2005-04,1
0743246071,2005-05,2
0743246071,2005-07,2
0743246136,2005-02,1
0743246209,2005-10,1
0743246217,2005-03,1
0743246217,2005-09,1
0743246322,2005-09,1
0743246373,2005-10,1
0743246411,2005-02,1
0743246438,2005-07,1
0743246446,2005-07,1
0743246616,2005-09,1
0743246721,2005-07,1
0743246802,2005-04,1
0743246934,2005-01,1
0743246985,2005-07,1
0743246985,2005-09,1
0743247000,2005-02,1
0743247078,2005-02,1
0743247078,2005-07,1
0743247175,2005-09,1
0743247205,2005-08,1
0743247442,2005-04,1
0743247469,2005-07,1
0743247531,2005-03,3
0743247531,2005-04,5
0743247531,2005-05,4
0743247531,2005-06,4
0743247531,2005-07,5
0743247531,2005-08,5
0743247531,2005-09,2
0743247531,2005-10,1
0743247698,2005-01,4
0743247698,2005-02,1
0743247698,2005-03,2
0743247698,2005-04,2
0743247698,2005-06,1
0743247698,2005-08,1
0743247698,2005-09,1
074324785X,2005-05,1
074324785X,2005-07,1
0743247981,2005-04,1
0743249208,2005-05,1
0743249208,2005-09,2
0743249291,2005-03,1
0743249291,2005-06,1
0743249291,2005-09,1
0743249305,2005-01,1
0743249305,2005-08,1
0743249348,2005-07,1
074324964X,2005-02,1
074324964X,2005-08,1
0743249704,2005-02,1
0743249771,2005-06,1
0743249771,2005-09,1
0743249895,2005-08,1
0743249992,2005-01,1
0743249992,2005-09,2
0743250117,2005-08,1
0743250214,2005-05,1
0743250214,2005-07,2
0743250214,2005-09,1
0743250230,2005-03,1
0743250230,2005-04,2
0743250257,2005-09,1
0743250281,2005-01,1
0743250281,2005-03,1
0743250354,2005-10,1
0743250419,2005-08,1
0743250427,2005-08,1
0743250443,2005-08,1
0743250451,2005-08,1
0743250508,2005-09,1
0743250540,2005-10,1
0743250559,2005-08,1
0743250605,2005-01,1
0743250605,2005-02,1
0743250605,2005-03,2
0743250605,2005-07,1
074325080X,2005-05,1
0743251040,2005-04,1
0743251148,2005-01,1
0743251156,2005-09,1
0743251326,2005-02,1
074325144X,2005-08,1
074325144X,2005-09,1
0743251547,2005-08,1
0743251547,2005-09,1
0743251628,2005-05,1
0743251628,2005-06,1
0743251628,2005-09,1
0743251830,2005-08,1
0743251849,2005-01,1
0743251857,2005-05,1
0743252063,2005-04,1
0743252063,2005-08,1
0743252071,2005-02,1
074325211X,2005-04,1
074325337X,2005-01,1
0743253396,2005-10,1
0743254007,2005-06,1
0743254058,2005-09,1
0743254058,2005-10,1
0743254430,2005-06,1
0743254554,2005-05,1
0743254554,2005-06,1
0743254554,2005-08,2
0743254554,2005-09,1
0743254619,2005-10,1
0743254635,2005-09,1
0743254767,2005-06,1
0743254805,2005-02,1
0743254945,2005-03,1
0743254945,2005-08,1
0743255054,2005-03,1
0743255054,2005-09,1
0743255135,2005-07,1
0743255186,2005-08,1
0743255186,2005-09,1
0743255232,2005-06,1
0743255356,2005-10,1
0743255380,2005-08,1
0743255410,2005-06,1
0743255429,2005-03,1
0743255429,2005-06,1
0743255453,2005-04,1
0743255453,2005-08,1
074325547X,2005-02,1
0743255542,2005-05,1
074325564X,2005-09,1
0743255674,2005-01,1
0743255674,2005-04,2
0743255755,2005-05,1
074325600X,2005-08,1
0743256115,2005-07,1
0743256158,2005-02,1
0743256158,2005-06,1
0743256158,2005-09,1
0743256166,2005-05,1
0743256166,2005-06,1
0743257391,2005-10,1
0743257405,2005-09,1
0743257480,2005-02,1
0743257499,2005-01,1
0743257499,2005-02,1
0743257499,2005-03,1
0743257499,2005-08,1
0743257529,2005-03,2
0743257529,2005-07,1
0743257529,2005-08,2
0743257731,2005-03,1
0743257758,2005-02,1
0743257758,2005-07,1
0743257758,2005-08,1
074325788X,2005-09,1
0743257952,2005-07,1
0743258002,2005-01,1
0743258010,2005-03,2
0743258169,2005-05,1
0743258541,2005-01,1
0743258541,2005-09,1
0743259823,2005-08,1
0743260015,2005-01,2
0743260031,2005-03,1
0743260031,2005-04,1
0743260031,2005-05,1
0743260031,2005-06,3
0743260031,2005-07,2
0743260031,2005-08,1
0743260031,2005-09,1
0743260074,2005-02,1
0743260090,2005-08,1
0743260171,2005-06,1
0743260171,2005-07,1
0743260171,2005-08,1
074326018X,2005-08,1
0743260376,2005-05,1
0743260376,2005-07,1
0743260384,2005-05,1
0743260457,2005-02,1
0743260554,2005-08,1
0743260716,2005-03,1
0743260716,2005-05,1
0743260716,2005-07,1
0743260821,2005-10,1
0743260910,2005-04,1
0743260929,2005-07,1
0743260929,2005-08,3
0743260929,2005-09,1
0743261038,2005-09,1
0743261046,2005-08,1
0743261127,2005-09,1
0743261216,2005-05,1
0743261216,2005-08,1
0743261658,2005-03,1
0743261658,2005-04,3
0743261658,2005-06,1
0743261658,2005-09,2
0743261879,2005-02,1
0743262174,2005-05,1
0743262271,2005-03,2
0743262395,2005-08,1
0743262409,2005-08,1
0743262506,2005-02,1
0743262506,2005-07,1
0743263057,2005-08,1
0743264134,2005-07,1
0743264169,2005-08,4
0743264312,2005-09,1
0743264312,2005-10,1
0743264339,2005-05,1
0743264339,2005-06,1
074326438X,2005-10,1
0743264452,2005-08,1
0743264452,2005-10,1
0743264517,2005-05,1
0743264568,2005-05,1
0743264568,2005-08,1
0743264568,2005-10,1
0743264630,2005-05,1
0743264630,2005-06,1
0743264754,2005-03,1
0743264797,2005-04,1
0743264800,2005-06,1
0743264800,2005-10,1
0743264894,2005-07,1
0743264991,2005-06,1
0743265025,2005-07,2
0743265025,2005-09,1
0743265106,2005-09,1
0743265106,2005-10,1
074326519X,2005-06,1
0743265289,2005-09,1
0743265297,2005-09,1
0743265300,2005-07,1
0743265327,2005-08,1
0743265335,2005-07,1
0743265408,2005-04,1
0743265408,2005-07,1
0743265424,2005-09,1
0743265440,2005-10,1
0743265467,2005-09,1
0743265556,2005-09,1
0743265858,2005-04,1
0743266285,2005-09,1
0743266285,2005-10,1
0743266331,2005-04,1
0743266331,2005-09,1
0743266390,2005-01,2
0743266390,2005-02,2
0743266390,2005-03,1
0743266390,2005-04,1
0743266641,2005-10,1
0743266676,2005-07,1
0743266676,2005-09,1
0743266749,2005-09,1
0743266854,2005-01,1
0743266943,2005-09,1
0743267044,2005-08,1
0743267060,2005-08,1
0743267133,2005-03,1
0743267133,2005-04,1
0743267133,2005-05,10
0743267184,2005-09,1
0743267222,2005-05,2
0743267222,2005-07,1
0743267222,2005-08,2
0743267222,2005-09,2
0743267265,2005-08,1
0743267567,2005-02,1
0743267567,2005-03,1
0743267788,2005-06,1
0743267788,2005-07,1
0743267788,2005-09,3
0743267842,2005-09,1
0743269098,2005-03,1
0743269098,2005-10,1
0743269292,2005-07,1
0743269519,2005-08,2
0743269519,2005-09,2
0743269535,2005-03,1
0743269535,2005-09,1
0743269640,2005-07,1
0743269721,2005-09,1
0743269748,2005-01,1
0743269748,2005-09,1
074326987X,2005-05,1
074326987X,2005-06,1
074326987X,2005-09,1
0743269918,2005-07,1
0743269977,2005-01,2
0743269977,2005-02,1
0743269977,2005-04,1
0743269977,2005-07,1
0743269977,2005-08,1
0743269977,2005-09,1
0743270061,2005-01,1
0743270088,2005-04,1
0743270185,2005-03,2
0743270223,2005-01,2
0743270223,2005-09,1
074327055X,2005-08,1
074327055X,2005-09,1
0743270878,2005-09,1
0743270878,2005-10,2
0743270975,2005-09,1
0743271041,2005-08,1
0743271157,2005-08,5
0743271157,2005-09,2
0743271394,2005-07,1
0743271556,2005-02,1
0743271718,2005-08,1
0743271718,2005-09,1
074327217X,2005-08,1
074327217X,2005-10,2
0743272390,2005-08,1
0743272390,2005-09,1
0743272722,2005-05,1
0743272722,2005-08,2
0743272722,2005-09,2
0743272862,2005-04,1
0743272862,2005-08,1
0743272862,2005-09,1
0743272935,2005-09,1
0743273265,2005-09,1
0743273567,2005-08,1
0743273567,2005-09,1
0743274024,2005-10,1
0743275012,2005-08,1
0743275063,2005-08,2
0743275071,2005-09,2
0743276949,2005-09,1
0743277198,2005-07,1
0743277198,2005-08,5
0743277198,2005-09,7
0743277198,2005-10,1
0743277473,2005-10,1
074328156X,2005-10,2
074328190X,2005-03,1
074328190X,2005-04,1
074328190X,2005-07,1
074328190X,2005-10,1
0743287010,2005-10,1
0743287150,2005-08,1
0743287150,2005-09,1
0743300521,2005-08,1
0743400208,2005-08,1
0743400364,2005-02,1
0743400372,2005-02,1
0743400372,2005-09,1
0743400496,2005-05,1
0743403762,2005-03,1
0743406125,2005-01,1
0743406125,2005-05,1
0743406222,2005-04,1
0743406273,2005-01,1
0743406427,2005-07,1
0743406451,2005-06,1
0743406567,2005-10,1
0743406664,2005-07,1
0743406664,2005-10,1
0743407407,2005-01,1
0743408195,2005-05,1
0743410076,2005-06,1
0743410130,2005-09,1
0743410173,2005-02,1
0743411536,2005-05,1
0743411943,2005-03,1
0743411951,2005-06,1
0743411986,2005-03,1
0743412192,2005-08,1
0743412265,2005-08,1
0743412346,2005-08,1
0743412346,2005-09,1
0743412583,2005-02,1
0743416910,2005-02,1
0743417100,2005-06,1
0743417119,2005-06,1
0743417127,2005-04,1
0743417127,2005-05,1
0743417127,2005-07,1
0743417135,2005-06,1
0743417151,2005-07,1
0743418174,2005-02,1
0743418174,2005-03,1
0743418174,2005-08,3
0743418174,2005-09,1
0743418204,2005-04,1
0743418204,2005-09,1
0743418247,2005-09,1
0743418581,2005-02,1
0743418735,2005-02,1
0743418921,2005-02,1
0743419049,2005-09,1
0743421884,2005-01,1
0743421973,2005-08,1
0743422287,2005-02,1
0743422449,2005-03,1
0743422473,2005-06,1
0743422473,2005-07,1
0743422473,2005-08,1
0743426908,2005-08,2
0743427319,2005-02,1
074342736X,2005-02,1
074342736X,2005-09,1
0743427742,2005-10,1
0743428188,2005-07,1
0743431014,2005-04,1
0743431014,2005-09,1
0743432932,2005-06,1
0743434374,2005-09,1
0743435109,2005-09,1
0743435206,2005-06,1
0743435257,2005-09,1
0743435516,2005-04,1
0743435516,2005-08,1
0743435613,2005-01,1
0743435710,2005-04,1
0743435745,2005-04,1
0743435753,2005-09,1
0743435850,2005-01,1
074343594X,2005-09,1
0743436024,2005-09,1
0743436121,2005-08,1
0743436156,2005-01,1
0743436172,2005-07,1
0743436741,2005-09,1
0743436784,2005-09,1
074343725X,2005-09,1
0743437349,2005-09,1
0743437829,2005-06,1
0743437845,2005-06,1
0743439643,2005-09,1
0743439651,2005-05,1
0743442539,2005-10,1
0743442725,2005-02,1
0743443063,2005-09,1
0743443268,2005-07,1
0743443276,2005-09,1
0743443896,2005-01,1
0743444515,2005-03,1
0743444523,2005-03,1
0743445732,2005-06,1
0743445856,2005-08,1
0743445872,2005-08,2
0743445880,2005-09,2
0743445880,2005-10,3
0743446399,2005-07,2
0743448324,2005-06,1
0743448383,2005-08,1
0743448405,2005-04,1
0743448502,2005-04,1
0743448626,2005-05,1
0743449037,2005-10,1
074344907X,2005-09,1
0743451430,2005-07,1
0743451449,2005-07,1
0743452887,2005-03,1
0743453018,2005-06,1
0743453018,2005-08,1
0743453085,2005-04,1
0743453441,2005-08,2
0743453964,2005-09,1
0743453980,2005-09,1
0743453980,2005-10,1
0743454146,2005-05,1
0743454510,2005-06,1
0743454529,2005-03,1
0743454529,2005-05,1
0743454537,2005-02,2
0743454537,2005-03,1
0743454537,2005-05,1
0743454537,2005-08,3
0743454537,2005-09,4
0743454537,2005-10,2
0743454545,2005-03,1
0743454545,2005-04,3
0743454545,2005-08,1
0743455967,2005-05,1
0743455967,2005-08,1
0743455967,2005-09,1
0743455967,2005-10,1
0743456033,2005-04,1
0743456033,2005-05,1
074345619X,2005-04,1
0743456211,2005-06,1
0743456300,2005-04,1
0743456394,2005-03,1
0743456416,2005-04,1
0743456661,2005-05,3
0743456890,2005-08,1
0743456912,2005-01,2
0743456947,2005-08,1
0743457110,2005-05,1
0743457188,2005-06,1
0743457188,2005-08,1
0743457188,2005-09,1
0743457269,2005-05,1
0743457269,2005-07,2
0743457307,2005-02,1
0743457307,2005-03,1
0743457307,2005-05,1
0743457307,2005-08,3
0743457358,2005-04,1
0743457463,2005-06,1
0743457536,2005-04,1
0743457617,2005-07,1
0743457625,2005-01,1
0743457811,2005-07,1
0743457927,2005-01,1
0743458087,2005-04,1
0743458125,2005-08,1
0743462688,2005-08,1
074346270X,2005-08,1
074346270X,2005-09,1
0743462823,2005-04,1
0743462874,2005-03,1
0743463005,2005-06,1
0743463161,2005-05,1
0743463161,2005-07,1
074346334X,2005-03,1
0743463447,2005-03,1
0743463447,2005-09,1
0743463781,2005-01,1
0743463781,2005-05,1
0743463862,2005-02,1
0743463862,2005-03,1
0743464079,2005-01,1
074346415X,2005-09,1
0743464206,2005-01,1
0743464370,2005-08,1
0743464427,2005-03,1
0743464486,2005-04,1
0743464532,2005-02,1
0743464567,2005-02,1
0743464672,2005-01,1
0743464788,2005-04,1
0743464818,2005-07,1
0743464877,2005-03,1
0743464885,2005-05,1
0743464915,2005-09,1
0743464974,2005-03,1
0743465075,2005-03,1
0743465075,2005-08,1
0743465083,2005-07,1
0743465083,2005-08,1
0743466438,2005-05,2
0743466446,2005-08,1
0743466500,2005-04,1
0743466624,2005-08,1
0743466632,2005-08,1
0743466713,2005-03,1
0743466713,2005-07,1
0743466764,2005-08,1
0743466764,2005-09,1
0743466780,2005-02,1
0743466861,2005-06,1
0743467442,2005-04,1
074346754X,2005-03,1
0743467590,2005-09,1
0743467701,2005-02,1
0743467701,2005-07,1
0743469801,2005-03,1
0743469852,2005-08,1
074346995X,2005-08,1
0743470095,2005-02,1
0743470095,2005-06,1
0743470095,2005-07,2
0743470109,2005-08,1
0743470109,2005-09,1
0743470109,2005-10,1
0743470117,2005-10,2
0743470133,2005-06,1
0743470214,2005-01,1
0743470230,2005-03,1
0743470230,2005-09,1
0743470354,2005-03,1
0743470370,2005-07,1
0743470397,2005-07,1
0743470419,2005-09,1
0743470559,2005-06,1
0743470737,2005-07,1
074347077X,2005-05,1
0743470850,2005-05,1
0743470923,2005-02,1
0743470923,2005-03,1
0743470974,2005-01,5
0743470974,2005-02,1
0743470974,2005-07,1
0743470974,2005-10,1
0743471113,2005-07,1
0743471210,2005-08,1
074347144X,2005-10,1
0743471520,2005-09,1
0743471539,2005-08,1
0743471652,2005-01,1
0743471679,2005-05,1
0743471679,2005-07,1
0743471709,2005-04,1
0743471792,2005-03,1
0743471792,2005-09,1
0743471873,2005-05,1
0743474376,2005-07,1
0743474430,2005-04,1
0743474732,2005-02,1
0743474864,2005-01,1
0743475186,2005-07,1
0743475534,2005-02,1
0743475763,2005-08,1
0743476123,2005-09,1
0743476158,2005-09,1
0743476298,2005-08,1
0743476328,2005-06,1
0743476360,2005-04,1
0743476476,2005-08,1
0743476476,2005-09,1
0743476514,2005-03,1
0743476581,2005-07,1
0743476581,2005-08,1
0743476670,2005-07,1
0743476670,2005-08,1
0743476697,2005-08,1
0743476697,2005-09,1
0743476824,2005-04,1
0743476980,2005-08,1
0743477138,2005-04,1
0743477154,2005-08,1
0743477286,2005-03,1
0743477286,2005-07,1
0743477316,2005-05,1
0743477707,2005-02,1
0743477707,2005-03,1
0743477707,2005-08,1
0743477723,2005-07,1
0743477723,2005-09,1
0743477723,2005-10,1
0743478886,2005-08,1
0743479068,2005-01,1
0743479491,2005-04,1
0743479521,2005-02,1
0743480538,2005-04,1
0743480651,2005-08,1
0743480651,2005-09,1
0743480724,2005-08,1
0743482212,2005-10,1
0743482247,2005-02,1
0743482247,2005-03,1
0743482255,2005-03,2
0743482255,2005-04,1
0743482484,2005-02,1
0743482832,2005-08,1
0743482913,2005-09,1
0743482956,2005-07,1
0743482956,2005-09,1
074348343X,2005-01,1
0743483448,2005-10,1
0743483472,2005-05,1
0743484738,2005-09,1
0743484843,2005-02,1
0743484991,2005-07,1
0743485009,2005-02,1
0743485025,2005-04,1
0743485068,2005-02,1
074348620X,2005-08,1
0743486226,2005-01,1
0743486226,2005-04,1
0743486226,2005-07,1
0743486315,2005-05,1
0743486315,2005-09,1
0743486323,2005-10,1
0743486447,2005-09,1
0743486560,2005-07,1
0743487338,2005-08,1
0743487478,2005-04,2
0743487478,2005-05,3
0743487478,2005-08,1
0743487583,2005-08,1
0743487834,2005-10,1
0743487869,2005-05,1
0743487869,2005-06,1
0743487869,2005-07,1
0743487869,2005-08,1
0743487869,2005-09,1
0743488156,2005-09,2
0743488288,2005-07,1
0743488334,2005-08,1
0743488369,2005-06,1
0743488393,2005-05,1
0743488393,2005-08,1
0743488415,2005-10,1
0743488458,2005-02,1
0743488458,2005-08,1
0743488458,2005-09,2
0743488512,2005-01,1
0743488520,2005-03,1
0743488520,2005-06,1
0743488520,2005-07,1
0743488520,2005-09,1
0743488547,2005-01,1
0743488598,2005-07,1
0743488598,2005-09,1
074348861X,2005-01,1
074348861X,2005-05,1
074348861X,2005-09,1
0743488628,2005-09,1
0743490398,2005-09,1
0743490401,2005-08,1
074349041X,2005-08,1
0743491599,2005-01,1
074349184X,2005-03,1
0743491947,2005-08,1
0743491998,2005-02,1
0743492560,2005-05,1
0743492560,2005-07,1
0743492579,2005-02,1
0743492579,2005-03,1
0743492587,2005-01,1
0743492587,2005-09,1
0743492668,2005-06,1
0743492811,2005-07,1
0743492811,2005-09,1
0743492838,2005-09,1
0743492854,2005-04,2
0743492854,2005-08,1
0743493117,2005-04,1
0743493478,2005-03,1
0743493478,2005-07,1
0743493540,2005-04,1
0743493729,2005-05,1
0743493842,2005-09,1
0743493850,2005-03,1
0743493869,2005-09,1
0743493915,2005-09,1
0743496108,2005-10,1
0743496132,2005-08,1
0743496183,2005-08,1
0743496205,2005-02,2
0743496205,2005-03,1
0743496272,2005-03,1
0743496280,2005-09,1
0743496639,2005-04,1
0743497139,2005-03,1
0743497139,2005-08,1
0743497155,2005-02,3
0743497155,2005-05,1
0743497155,2005-07,1
074349721X,2005-09,1
074349749X,2005-06,2
074349749X,2005-07,1
074349749X,2005-08,1
074349749X,2005-09,1
074349749X,2005-10,1
0743497554,2005-02,1
0743498011,2005-03,1
0743498119,2005-04,1
0743498259,2005-06,1
0743498364,2005-01,1
0743498399,2005-04,1
0743498399,2005-07,1
0743498712,2005-02,1
0743498720,2005-07,1
0743498747,2005-02,1
0743498801,2005-05,2
0743498801,2005-06,2
0743498801,2005-07,1
0743498801,2005-08,1
0743498801,2005-09,1
074349881X,2005-03,1
074349881X,2005-04,2
074349881X,2005-07,1
074349881X,2005-08,3
074349881X,2005-09,3
0743498828,2005-08,1
0743498828,2005-09,1
0743498844,2005-06,1
0743498844,2005-09,1
0743498917,2005-05,1
0743498925,2005-06,1
0743498925,2005-09,1
0743498933,2005-08,1
0743498933,2005-09,1
0743498968,2005-03,1
0743498984,2005-10,1
0743498992,2005-07,1
0743499026,2005-05,1
0743499123,2005-08,1
0743499123,2005-10,1
0743499131,2005-06,2
0743499131,2005-07,1
0743499131,2005-09,1
0743499166,2005-09,1
0743499182,2005-07,1
0743499182,2005-08,4
0743499182,2005-09,2
0743499182,2005-10,2
0743499239,2005-07,1
0743499336,2005-01,1
0743499336,2005-04,1
0743499352,2005-04,1
0743499425,2005-05,1
0743500164,2005-03,1
0743500458,2005-05,1
0743500466,2005-08,1
0743503708,2005-01,1
0743506200,2005-03,2
0743506235,2005-07,1
074350626X,2005-09,1
0743506855,2005-10,1
0743507800,2005-08,1
0743517733,2005-08,1
0743520343,2005-09,1
0743523555,2005-08,1
0743523571,2005-06,1
0743523571,2005-10,1
0743525191,2005-03,1
074352523X,2005-03,1
074352571X,2005-09,2
0743525787,2005-02,1
0743525787,2005-08,2
0743525809,2005-09,1
0743525825,2005-10,1
0743526619,2005-08,1
0743526937,2005-09,1
0743527305,2005-08,1
0743528344,2005-10,1
0743529065,2005-03,1
0743529138,2005-05,1
0743529154,2005-06,1
0743529189,2005-07,1
0743529448,2005-03,1
074353011X,2005-04,1
0743530233,2005-04,1
0743530233,2005-07,1
0743530241,2005-08,1
0743530284,2005-08,1
0743533909,2005-09,1
074353395X,2005-09,1
0743535472,2005-09,1
0743535510,2005-08,1
0743536703,2005-09,1
0743536746,2005-09,1
0743536967,2005-10,1
0743536983,2005-02,1
0743537009,2005-08,1
0743538277,2005-09,2
0743538560,2005-09,1
0743539869,2005-01,1
0743539974,2005-05,1
0743540050,2005-09,1
0743540050,2005-10,1
0743544234,2005-08,1
0743544234,2005-09,1
074354434X,2005-08,1
0743544536,2005-03,1
0743544676,2005-05,1
0743545230,2005-07,1
0743550005,2005-09,1
074355003X,2005-07,1
0744002397,2005-09,1
0744002850,2005-08,1
0744002915,2005-10,1
0744003016,2005-07,1
0744003466,2005-08,1
0744003687,2005-09,1
0744003903,2005-06,1
0744003946,2005-07,1
0744003946,2005-10,1
0744004012,2005-09,1
0744004039,2005-06,1
0744004055,2005-05,1
0744004055,2005-07,2
0744004055,2005-08,1
0744004055,2005-09,3
0744004241,2005-09,1
0744004616,2005-08,1
0744004705,2005-01,1
0744004764,2005-07,1
0744004829,2005-08,1
0744005132,2005-08,1
0744005256,2005-09,1
0744005302,2005-07,1
0744005302,2005-08,1
0744005345,2005-09,1
0744303575,2005-06,1
0744563305,2005-07,1
0744563615,2005-09,1
0744578647,2005-05,1
0745308198,2005-01,1
0745315313,2005-07,1
0745318576,2005-10,1
0745322069,2005-03,1
074532309X,2005-08,1
0745628389,2005-05,1
0745629954,2005-02,1
0745634117,2005-08,1
0745930689,2005-08,1
0745930689,2005-09,1
0746002890,2005-01,1
0746010001,2005-03,1
0746025025,2005-05,1
0746029438,2005-09,1
0746037252,2005-08,1
0746041683,2005-09,1
0747234930,2005-09,1
0747245754,2005-02,1
0747263086,2005-09,1
0747276390,2005-04,1
0747516324,2005-09,1
0747531005,2005-06,1
0747544956,2005-08,1
0747553068,2005-06,1
0747556318,2005-09,1
0747557357,2005-05,1
0747557861,2005-03,1
0747558353,2005-10,1
074756146X,2005-04,1
074780012X,2005-07,1
0748409424,2005-02,1
0749002913,2005-08,1
0749005726,2005-04,1
074900696X,2005-02,1
0749006986,2005-07,1
0749306688,2005-08,1
0749427434,2005-08,1
0749522038,2005-05,1
0749525274,2005-08,1
0749707364,2005-03,1
0749748001,2005-02,1
0749748028,2005-01,1
0749921056,2005-06,1
0749923717,2005-06,1
0749934190,2005-01,1
0750241233,2005-09,1
0750500115,2005-09,1
0750617411,2005-10,1
0750628960,2005-10,1
0750647167,2005-08,1
0750656387,2005-08,1
0750656956,2005-02,1
0750659114,2005-04,1
0750659343,2005-02,1
0750663839,2005-10,1
075067136X,2005-08,1
0750671610,2005-02,1
0750672528,2005-09,1
0750673559,2005-02,1
0750674032,2005-03,1
0750674318,2005-08,1
0750674393,2005-05,1
075067444X,2005-01,1
075067458X,2005-03,1
0750676043,2005-06,1
0750676043,2005-10,1
075067606X,2005-01,1
0750677147,2005-05,1
0750677821,2005-08,1
0750678968,2005-09,1
0750679468,2005-08,1
0750680725,2005-08,1
0750699566,2005-03,1
0750925019,2005-08,1
0750925027,2005-01,1
0750930128,2005-09,1
0750932953,2005-09,1
0750934220,2005-06,1
0750934352,2005-05,1
0751312908,2005-07,1
0751503827,2005-08,1
0751503835,2005-09,1
0751503894,2005-08,1
0751504807,2005-09,1
0751526762,2005-09,1
0751529370,2005-08,1
075153238X,2005-08,1
0752211331,2005-01,1
0752420054,2005-10,1
0752426923,2005-08,1
0752426923,2005-09,1
0752429094,2005-09,1
0752429728,2005-02,1
0752429728,2005-09,1
0752430467,2005-09,1
0752584278,2005-01,1
0752815954,2005-01,1
0752842978,2005-08,1
0752844474,2005-09,1
0752849360,2005-09,1
0752849557,2005-03,1
0752853694,2005-09,1
0752856499,2005-09,1
0752859307,2005-02,1
0752860178,2005-08,1
0752860682,2005-09,1
0752864173,2005-10,1
075286887X,2005-09,1
0753150328,2005-01,1
0753163020,2005-02,1
0753451042,2005-05,1
0753451360,2005-09,1
0753452553,2005-07,1
0753454033,2005-06,1
0753454041,2005-03,1
0753455811,2005-09,1
0753457849,2005-07,1
0753507706,2005-08,1
0753508192,2005-08,1
0753508494,2005-03,1
0753509318,2005-07,1
0753509857,2005-05,2
0753509857,2005-07,1
0753817586,2005-08,1
0753817918,2005-05,1
0754016560,2005-03,1
075405358X,2005-02,1
0754643255,2005-10,1
0754804593,2005-08,1
0754807932,2005-07,1
0754813746,2005-10,1
0754814904,2005-05,1
0754814955,2005-01,1
0755100336,2005-08,1
0755105982,2005-10,1
0755200799,2005-07,1
0755201388,2005-05,1
0755201760,2005-07,1
0755301145,2005-07,1
0755304853,2005-05,1
0755310926,2005-08,1
0755311388,2005-07,1
0755322975,2005-08,1
0756400309,2005-07,1
0756400511,2005-05,1
0756400546,2005-02,1
0756400589,2005-07,1
0756400961,2005-10,1
0756401143,2005-02,1
0756401356,2005-05,1
0756401364,2005-04,1
0756401364,2005-10,1
0756401704,2005-08,1
0756401747,2005-09,1
0756401801,2005-07,1
0756401836,2005-09,1
0756401879,2005-03,1
0756401925,2005-09,2
0756401933,2005-10,1
0756401968,2005-08,1
0756401968,2005-09,1
0756402018,2005-08,1
0756402026,2005-10,1
0756402174,2005-02,1
0756402190,2005-02,1
0756402204,2005-05,1
0756402212,2005-05,1
0756402212,2005-08,1
0756402409,2005-04,1
0756402530,2005-02,1
0756402530,2005-04,1
0756402530,2005-05,1
0756402530,2005-06,1
075640259X,2005-10,1
0756402611,2005-05,1
075640262X,2005-06,2
075640262X,2005-07,1
075640262X,2005-08,1
0756402638,2005-07,1
0756402697,2005-07,1
0756402719,2005-09,1
0756402905,2005-06,1
0756402972,2005-07,1
0756402972,2005-09,1
0756600332,2005-08,1
075660088X,2005-04,1
0756602548,2005-08,1
0756602572,2005-02,1
0756602610,2005-09,1
0756602718,2005-09,1
0756603072,2005-07,1
0756603145,2005-02,1
0756603145,2005-05,1
0756603145,2005-09,1
0756603412,2005-04,1
075660365X,2005-02,1
075660365X,2005-03,1
075660365X,2005-07,1
075660365X,2005-10,1
0756603757,2005-06,1
0756603757,2005-08,1
0756604966,2005-09,1
0756605091,2005-08,1
0756605164,2005-09,1
0756605180,2005-01,1
0756605180,2005-09,1
0756605296,2005-01,1
0756605520,2005-03,1
075660592X,2005-08,3
075660656X,2005-08,1
0756606705,2005-01,1
0756606705,2005-04,1
0756609011,2005-06,1
0756609127,2005-09,1
0756609194,2005-09,1
0756609585,2005-07,1
0756610559,2005-06,1
0756610567,2005-09,1
0756611288,2005-04,1
0756611288,2005-07,3
0756611288,2005-08,1
0756611288,2005-09,1
0756612330,2005-08,1
075661578X,2005-05,1
075661578X,2005-06,1
0756743168,2005-06,1
0757000266,2005-09,1
0757001440,2005-09,1
0757002579,2005-08,1
0757300286,2005-09,1
0757300650,2005-06,1
0757301231,2005-03,1
0757301428,2005-01,1
0757301479,2005-07,1
075730222X,2005-08,1
0757302270,2005-08,1
0757302351,2005-07,3
0757302351,2005-08,2
0757302351,2005-09,1
0757302386,2005-09,1
0757302408,2005-04,1
0757302548,2005-04,1
0757302653,2005-09,1
0757302661,2005-07,1
0757303110,2005-07,1
0757303323,2005-10,2
0757500358,2005-09,1
0757500943,2005-07,1
0757901689,2005-05,1
0757906125,2005-08,1
0757907822,2005-08,1
0757909302,2005-09,1
0757909469,2005-09,1
0757911544,2005-08,1
0757912052,2005-01,1
0757914683,2005-09,1
0757917127,2005-09,1
0757917283,2005-02,1
075791828X,2005-10,1
0757924077,2005-07,1
0757991300,2005-09,1
0757993028,2005-05,1
0757995403,2005-09,1
0758200218,2005-08,1
0758200846,2005-08,1
0758201419,2005-07,1
0758201540,2005-03,1
0758201540,2005-04,2
0758201540,2005-06,1
0758201591,2005-03,1
0758201613,2005-03,1
0758201877,2005-03,1
075820230X,2005-04,1
0758202806,2005-06,1
0758202911,2005-08,1
0758203136,2005-06,1
0758203284,2005-05,1
0758203403,2005-03,1
0758203438,2005-02,1
0758203446,2005-09,1
0758203489,2005-07,1
0758203799,2005-08,1
0758204035,2005-10,1
0758204272,2005-09,1
0758204353,2005-01,1
0758204531,2005-10,1
075820468X,2005-09,1
0758204868,2005-09,1
0758204957,2005-08,1
0758204973,2005-07,1
0758205430,2005-05,1
075820549X,2005-05,1
0758205538,2005-09,1
0758205600,2005-04,1
0758205600,2005-08,1
0758205627,2005-07,1
0758205848,2005-05,1
0758205848,2005-08,1
0758205856,2005-05,1
0758206097,2005-09,1
0758206216,2005-07,1
0758206267,2005-09,1
0758206267,2005-10,1
0758206569,2005-02,1
0758206607,2005-01,1
0758206747,2005-01,1
0758206763,2005-02,1
075820681X,2005-08,1
0758206933,2005-01,1
0758207115,2005-03,1
0758207158,2005-03,3
0758207158,2005-06,2
0758207271,2005-09,1
0758207271,2005-10,1
075820745X,2005-08,1
075820776X,2005-03,1
075820776X,2005-08,1
0758207816,2005-06,1
0758207875,2005-05,1
0758207875,2005-09,1
0758207921,2005-08,1
0758208030,2005-06,1
0758208049,2005-07,2
0758208278,2005-05,1
0758208324,2005-03,1
0758208375,2005-06,1
0758208413,2005-08,1
075820843X,2005-03,1
0758208456,2005-09,1
0758208561,2005-04,1
0758208588,2005-08,1
0758208642,2005-08,1
075820891X,2005-09,1
0758209118,2005-07,2
0758209118,2005-09,2
0758209142,2005-04,1
0758209142,2005-05,1
0758209185,2005-06,2
0758209215,2005-07,1
0758209355,2005-09,1
0758209681,2005-06,1
0758209681,2005-07,2
0758209681,2005-08,2
0758209797,2005-09,1
0758209800,2005-06,1
0758209800,2005-07,1
0758210264,2005-03,1
0758210418,2005-07,1
0758210418,2005-08,1
0758210531,2005-08,2
0758210698,2005-05,1
0758210698,2005-06,2
0758210698,2005-07,1
0758210787,2005-07,1
0758211031,2005-08,1
0758211244,2005-07,1
0758211244,2005-08,1
0758211317,2005-09,2
0758600208,2005-03,1
0758600372,2005-03,1
0758604041,2005-04,1
0758604041,2005-07,1
0758605803,2005-07,1
0758606869,2005-08,1
0758608195,2005-07,1
0759103046,2005-03,1
0759103267,2005-02,1
0759104409,2005-05,1
0759239282,2005-08,1
0759239533,2005-06,1
0759243999,2005-10,1
0759257345,2005-08,1
0759398291,2005-03,1
0759610142,2005-01,1
0759610894,2005-06,1
0759637946,2005-09,1
0759650209,2005-05,1
0759653089,2005-07,1
0759653097,2005-01,1
0759662703,2005-07,1
0759672229,2005-09,1
0759677077,2005-02,1
0759681708,2005-01,1
0759687064,2005-08,1
0759689822,2005-08,1
0759694389,2005-08,1
0759695784,2005-02,1
0759900965,2005-08,1
0760011478,2005-03,1
0760300771,2005-08,1
0760301697,2005-02,1
0760304327,2005-08,1
0760304378,2005-08,1
0760304378,2005-09,1
076030503X,2005-04,1
0760305250,2005-01,1
0760306001,2005-01,1
0760306230,2005-06,1
0760306605,2005-08,1
0760306710,2005-09,1
0760306753,2005-09,1
0760308063,2005-09,1
0760308535,2005-07,2
0760308535,2005-09,1
0760309183,2005-09,1
0760309191,2005-09,1
0760309477,2005-06,1
0760309493,2005-04,1
0760309507,2005-09,1
0760309809,2005-02,1
0760310211,2005-09,1
0760310254,2005-09,1
0760310475,2005-01,1
0760310564,2005-08,1
0760310734,2005-10,1
0760310769,2005-05,1
0760310769,2005-09,2
0760310874,2005-08,1
0760310939,2005-08,1
0760311161,2005-05,1
0760311269,2005-09,1
0760311455,2005-10,1
0760311587,2005-08,1
0760312362,2005-03,1
0760312362,2005-08,1
0760313318,2005-08,1
0760313563,2005-08,1
076031439X,2005-06,1
0760314489,2005-09,1
0760314675,2005-06,1
0760314691,2005-07,1
076031490X,2005-09,1
0760315523,2005-09,1
0760315825,2005-09,1
0760315833,2005-09,1
076031635X,2005-04,1
076031635X,2005-08,1
0760316392,2005-05,1
0760316392,2005-06,1
0760316716,2005-08,1
0760316961,2005-04,1
0760317240,2005-09,1
0760317615,2005-07,1
0760317658,2005-10,1
0760317836,2005-07,1
0760318093,2005-09,1
0760318654,2005-04,1
0760319510,2005-09,1
076031960X,2005-07,1
0760319715,2005-10,1
0760319804,2005-09,1
0760319944,2005-08,1
076032011X,2005-10,1
0760320551,2005-08,1
0760320594,2005-02,1
0760320594,2005-04,1
0760320594,2005-07,1
0760320594,2005-09,1
0760320667,2005-03,1
0760320667,2005-04,1
0760321094,2005-04,1
0760321205,2005-08,1
0760321752,2005-08,1
0760321787,2005-10,1
076032199X,2005-10,1
0760322023,2005-09,1
0760322368,2005-10,1
0760601089,2005-04,1
0760705623,2005-06,1
0760707871,2005-08,1
0760707871,2005-09,1
076070970X,2005-09,1
076071200X,2005-09,1
0760728666,2005-09,1
0760735360,2005-02,1
0760741328,2005-03,1
0760741328,2005-08,1
0760750432,2005-08,1
0760753075,2005-08,1
0760761132,2005-08,1
0760762163,2005-01,1
0761103465,2005-10,1
076110478X,2005-08,1
0761104844,2005-06,1
0761104844,2005-07,1
0761104844,2005-08,1
0761104879,2005-06,1
0761106332,2005-06,1
0761107711,2005-05,1
0761112758,2005-07,1
0761114009,2005-07,1
0761114009,2005-09,1
076111517X,2005-05,1
0761116230,2005-10,1
0761116966,2005-02,1
0761116982,2005-05,1
0761117199,2005-01,1
0761117199,2005-03,1
0761117199,2005-06,1
0761117199,2005-09,1
0761118268,2005-07,1
0761118691,2005-08,1
0761119752,2005-09,1
0761119760,2005-08,1
0761119760,2005-09,1
0761119795,2005-01,1
0761119795,2005-04,1
0761120149,2005-04,1
0761120149,2005-08,2
0761120157,2005-07,1
0761121323,2005-04,2
0761121323,2005-05,1
0761121323,2005-06,3
0761121323,2005-09,3
076112182X,2005-03,1
076112182X,2005-08,2
076112182X,2005-09,1
0761122087,2005-06,1
0761122710,2005-07,1
0761123008,2005-01,1
0761123008,2005-05,1
0761123008,2005-08,1
0761123008,2005-09,1
0761123695,2005-03,1
0761123695,2005-08,1
0761124780,2005-02,1
0761125663,2005-02,1
0761125663,2005-03,1
0761125663,2005-05,1
0761126090,2005-01,1
0761126325,2005-08,1
0761126325,2005-09,1
0761126368,2005-02,1
0761126368,2005-09,2
0761126805,2005-07,1
0761127984,2005-03,1
0761128182,2005-02,2
0761128182,2005-07,1
0761128182,2005-08,4
0761128182,2005-09,1
0761128255,2005-07,1
0761128603,2005-04,1
0761128689,2005-03,1
0761128689,2005-09,2
0761128689,2005-10,1
0761129235,2005-03,1
0761129588,2005-05,1
0761129588,2005-09,1
0761129758,2005-09,1
0761130357,2005-04,1
0761130357,2005-07,1
0761131221,2005-08,1
0761131868,2005-05,1
0761133232,2005-05,2
0761133518,2005-01,1
0761133682,2005-01,1
0761133771,2005-04,1
0761134220,2005-01,1
0761134220,2005-06,1
0761134220,2005-09,1
0761134239,2005-09,1
0761134719,2005-09,1
0761135200,2005-08,1
0761135480,2005-05,1
0761135480,2005-10,1
0761135782,2005-03,2
0761135901,2005-05,1
0761135901,2005-08,1
0761135936,2005-10,1
0761135944,2005-06,1
0761135952,2005-08,1
0761136193,2005-03,1
0761136193,2005-06,2
0761136193,2005-07,2
0761136193,2005-08,1
0761136193,2005-09,1
076113719X,2005-07,1
076113719X,2005-08,2
076113719X,2005-09,2
076113719X,2005-10,1
0761137262,2005-10,1
0761137777,2005-09,1
076113798X,2005-07,1
076113798X,2005-08,2
0761137998,2005-07,1
0761137998,2005-08,1
0761137998,2005-10,1
0761138064,2005-08,1
0761138307,2005-09,1
0761138331,2005-10,1
0761140190,2005-08,3
0761140190,2005-09,1
076131346X,2005-04,1
0761319352,2005-08,1
0761323767,2005-01,1
0761451846,2005-08,1
0761452141,2005-06,1
0761452303,2005-09,1
0761500014,2005-05,1
0761500162,2005-08,1
0761500227,2005-09,1
0761501657,2005-06,1
076150186X,2005-04,1
0761504230,2005-08,1
0761505911,2005-03,1
0761508449,2005-07,1
0761509615,2005-08,1
0761511261,2005-07,1
0761511709,2005-01,1
0761512128,2005-06,1
0761512195,2005-10,1
0761512802,2005-09,1
0761513698,2005-08,1
0761514678,2005-10,1
0761514953,2005-09,1
0761515151,2005-02,1
0761515151,2005-07,1
0761515151,2005-09,1
0761518088,2005-05,1
0761518851,2005-10,1
0761519661,2005-04,1
0761519661,2005-08,1
0761520104,2005-02,1
0761520139,2005-09,1
0761520937,2005-08,1
0761520937,2005-09,1
0761521364,2005-02,1
0761521364,2005-05,1
0761521364,2005-09,1
0761521364,2005-10,1
076152407X,2005-08,1
0761524304,2005-05,1
0761525130,2005-07,1
0761525580,2005-02,1
0761525629,2005-07,1
0761525629,2005-08,1
0761525653,2005-04,1
0761525750,2005-08,1
0761525769,2005-03,1
0761526463,2005-01,1
0761526463,2005-03,2
0761526501,2005-08,1
0761526986,2005-09,1
0761527907,2005-09,1
0761529551,2005-01,1
0761530142,2005-02,1
0761532463,2005-03,1
0761532994,2005-02,1
0761534121,2005-04,1
0761535985,2005-08,1
0761536329,2005-01,1
0761536434,2005-08,1
0761536841,2005-09,1
0761536949,2005-01,1
0761536949,2005-02,1
0761537449,2005-08,1
0761539948,2005-01,1
0761541802,2005-06,1
0761542264,2005-05,1
0761542566,2005-09,1
0761542868,2005-08,1
0761542922,2005-01,1
0761543422,2005-08,1
0761543643,2005-07,1
0761544801,2005-06,1
0761544895,2005-02,1
0761545018,2005-08,1
0761545166,2005-08,2
0761545166,2005-09,1
0761545166,2005-10,1
0761545220,2005-08,1
0761546367,2005-03,1
0761546367,2005-09,1
0761546391,2005-09,1
0761546413,2005-03,1
0761547096,2005-09,1
076154710X,2005-09,1
0761547487,2005-01,1
0761548742,2005-04,1
0761548858,2005-10,1
0761548904,2005-08,3
0761548904,2005-09,1
0761549463,2005-08,1
0761549498,2005-09,1
0761550992,2005-09,1
0761563504,2005-08,1
0761563520,2005-09,1
0761813047,2005-01,1
0761817786,2005-03,1
076183205X,2005-07,1
0761832211,2005-10,1
0761901442,2005-10,1
0761911154,2005-03,1
0761911472,2005-06,1
0761917578,2005-10,1
0761917853,2005-08,1
0761919643,2005-08,1
076192065X,2005-08,1
0761921966,2005-09,1
0761922083,2005-08,1
0761925511,2005-08,1
0761926054,2005-08,1
0761926054,2005-10,1
0761927123,2005-08,1
0761927913,2005-05,1
0761929053,2005-08,1
0761929673,2005-07,1
076194222X,2005-08,1
0761959750,2005-07,1
0761965815,2005-07,1
0761973214,2005-09,1
0761975756,2005-07,1
0761976825,2005-07,1
0761987630,2005-03,1
0762101857,2005-08,1
0762101857,2005-09,1
0762101911,2005-09,1
0762102276,2005-07,1
0762102276,2005-08,1
0762102276,2005-10,1
0762102489,2005-02,1
0762104031,2005-08,1
0762104058,2005-05,1
0762104058,2005-09,1
0762104112,2005-03,1
0762104341,2005-09,1
0762105232,2005-02,1
0762105674,2005-10,1
0762105933,2005-08,1
0762106212,2005-06,1
0762106484,2005-09,1
0762400099,2005-10,1
0762404442,2005-09,1
0762404515,2005-10,1
076240499X,2005-09,1
0762406984,2005-09,1
0762408855,2005-01,1
0762409444,2005-10,1
0762409800,2005-06,1
0762409819,2005-10,1
076240986X,2005-09,1
0762410582,2005-04,1
0762411104,2005-07,1
076241247X,2005-09,1
0762412550,2005-09,1
0762412569,2005-01,1
0762413344,2005-08,1
076241345X,2005-07,1
0762413905,2005-07,1
0762414529,2005-09,1
0762414553,2005-09,2
0762415339,2005-08,1
0762415339,2005-09,1
076241572X,2005-03,1
0762415983,2005-07,1
076241636X,2005-05,1
0762417722,2005-08,1
0762417943,2005-09,1
0762418273,2005-09,1
0762418397,2005-10,1
0762418958,2005-08,1
0762419040,2005-07,1
0762419318,2005-01,1
0762419571,2005-10,1
0762419652,2005-08,1
0762420650,2005-03,1
0762420774,2005-04,1
0762420871,2005-09,1
0762421894,2005-10,1
0762423366,2005-04,1
0762423412,2005-09,1
0762700823,2005-08,1
0762701897,2005-08,1
0762702060,2005-09,1
0762703180,2005-07,1
0762703180,2005-08,1
0762703911,2005-07,1
0762703938,2005-08,1
0762704926,2005-07,1
0762705256,2005-08,1
0762707585,2005-02,1
0762709332,2005-06,1
0762710225,2005-07,1
0762710829,2005-10,1
0762711620,2005-02,1
0762712279,2005-02,1
076272210X,2005-10,1
0762723289,2005-10,1
0762723378,2005-07,1
0762723785,2005-08,1
0762724668,2005-08,1
076272482X,2005-05,1
0762727160,2005-07,1
0762727500,2005-02,1
0762727594,2005-06,1
0762727942,2005-10,1
0762727950,2005-08,1
0762727977,2005-08,1
0762728086,2005-06,1
0762728191,2005-09,1
076272823X,2005-04,1
0762728280,2005-06,1
0762728663,2005-10,1
0762730013,2005-10,1
0762730129,2005-09,1
0762730145,2005-04,1
0762730196,2005-08,1
0762730382,2005-08,1
0762730714,2005-04,1
0762734264,2005-05,1
0762734531,2005-06,1
076273499X,2005-09,1
0762735104,2005-06,1
0762735511,2005-07,1
0762735538,2005-08,1
0762735775,2005-07,1
0762735848,2005-05,1
0762735880,2005-08,1
0762736704,2005-05,1
0762736704,2005-09,1
0762736771,2005-09,1
076273812X,2005-08,1
0763173258,2005-01,1
0763175803,2005-02,1
0763176915,2005-07,1
0763184276,2005-03,1
0763186422,2005-08,1
0763186910,2005-10,1
076318800X,2005-10,1
0763188026,2005-10,1
0763188352,2005-10,1
076318912X,2005-08,1
0763189367,2005-08,1
0763190683,2005-08,1
0763191264,2005-08,1
0763195847,2005-09,1
076360013X,2005-04,1
076360013X,2005-09,1
0763600512,2005-03,1
0763600512,2005-08,1
0763603341,2005-09,1
076360660X,2005-06,1
0763606715,2005-01,1
0763609102,2005-09,1
0763609714,2005-07,1
0763611328,2005-04,1
0763612863,2005-05,1
076361338X,2005-04,1
0763613827,2005-09,1
0763614270,2005-08,1
0763614327,2005-08,1
0763616052,2005-02,1
0763616699,2005-06,1
0763617164,2005-04,1
0763617229,2005-10,1
0763617261,2005-08,1
0763617814,2005-07,1
0763618179,2005-08,1
0763619086,2005-07,1
0763619086,2005-09,1
0763619264,2005-08,1
0763619507,2005-02,1
0763619507,2005-09,1
0763619612,2005-01,1
0763619612,2005-08,1
0763619612,2005-10,1
0763620025,2005-02,1
0763620149,2005-05,1
0763620173,2005-09,1
0763620807,2005-09,1
0763620912,2005-08,1
0763621676,2005-09,1
076362201X,2005-08,1
0763622060,2005-08,1
0763622281,2005-07,2
0763622281,2005-08,3
0763622281,2005-09,1
0763622281,2005-10,1
0763622354,2005-04,1
0763622567,2005-01,1
0763622567,2005-06,2
0763622567,2005-09,2
0763622664,2005-01,1
0763623296,2005-01,1
0763623296,2005-10,1
0763623334,2005-03,1
0763623407,2005-04,1
0763623407,2005-07,1
076362344X,2005-08,1
0763623636,2005-04,1
0763624039,2005-08,1
0763624233,2005-02,1
0763624292,2005-01,1
0763624292,2005-04,1
0763624373,2005-08,1
0763625973,2005-10,1
0763626384,2005-09,2
0763626945,2005-08,1
0763627798,2005-10,1
076362814X,2005-09,1
0763628239,2005-08,1
0763628522,2005-08,1
076370444X,2005-08,1
0763711187,2005-07,1
0763714976,2005-01,1
0763718319,2005-08,1
0763722464,2005-08,1
0763725374,2005-09,1
0763725714,2005-02,1
0763725935,2005-01,1
0763726737,2005-09,1
0763731838,2005-09,1
0763745537,2005-05,1
0763745731,2005-08,1
076374574X,2005-10,1
0764101722,2005-07,1
0764103431,2005-04,1
0764103431,2005-05,1
0764105671,2005-09,1
0764106201,2005-01,1
0764106767,2005-08,1
0764107739,2005-09,1
0764109375,2005-05,1
0764109928,2005-08,1
0764109936,2005-08,1
0764112082,2005-02,1
0764112198,2005-05,1
0764112295,2005-09,1
0764112503,2005-02,1
0764113488,2005-10,1
0764113496,2005-07,1
0764113496,2005-08,1
0764113992,2005-01,1
0764114468,2005-09,1
0764115219,2005-09,1
0764115308,2005-07,1
0764116452,2005-09,1
0764116614,2005-07,1
0764116959,2005-07,1
0764117645,2005-07,1
0764117823,2005-01,1
0764117823,2005-09,1
0764117823,2005-10,1
0764117882,2005-06,1
0764118234,2005-09,1
0764118277,2005-09,1
0764118374,2005-03,1
0764118714,2005-09,1
0764119516,2005-07,1
0764119575,2005-10,1
0764119583,2005-08,1
0764120034,2005-05,1
0764120050,2005-08,1
0764121669,2005-08,1
0764123513,2005-02,1
0764123610,2005-07,1
0764123769,2005-08,1
0764123777,2005-05,1
0764123963,2005-02,1
0764124285,2005-08,1
0764124293,2005-08,1
0764124463,2005-07,1
0764124528,2005-08,1
0764124730,2005-08,1
0764124757,2005-08,1
0764125133,2005-04,1
0764125303,2005-09,1
0764126296,2005-01,1
0764126628,2005-08,1
0764126660,2005-07,1
0764127837,2005-10,1
0764128620,2005-08,1
0764129082,2005-09,1
0764129163,2005-08,1
0764129619,2005-01,1
0764131605,2005-09,1
0764132709,2005-10,1
0764150316,2005-09,1
0764150677,2005-05,1
0764150979,2005-05,1
0764152319,2005-09,2
0764152319,2005-10,1
0764153269,2005-10,1
0764153773,2005-08,1
0764154605,2005-03,1
0764155210,2005-08,1
0764155458,2005-10,1
0764155490,2005-03,2
0764155490,2005-06,1
0764155504,2005-03,1
0764156152,2005-06,1
0764156152,2005-09,1
0764156497,2005-03,1
0764156497,2005-04,1
0764156497,2005-10,1
0764157019,2005-01,1
0764157272,2005-05,1
0764170074,2005-03,1
0764173693,2005-05,1
0764173693,2005-07,1
0764173693,2005-08,1
0764173839,2005-10,1
0764175297,2005-03,1
0764176781,2005-07,1
0764178784,2005-09,1
0764200089,2005-09,1
0764200259,2005-04,1
0764200534,2005-05,2
0764200720,2005-07,1
0764200720,2005-09,1
0764201247,2005-09,1
0764220489,2005-08,1
0764220764,2005-09,1
0764222112,2005-09,1
0764222120,2005-09,1
0764222635,2005-04,1
0764222880,2005-02,1
0764222880,2005-04,1
0764223127,2005-08,1
076422350X,2005-06,1
0764224085,2005-08,1
0764224158,2005-09,1
0764224727,2005-05,1
0764225219,2005-05,1
0764226045,2005-09,1
0764226312,2005-04,1
0764226312,2005-05,1
0764226819,2005-06,1
0764227335,2005-03,1
0764227831,2005-06,1
076422784X,2005-05,1
0764227947,2005-05,1
0764228196,2005-03,1
0764228285,2005-08,1
0764228730,2005-06,1
0764228730,2005-08,1
0764228749,2005-05,1
0764228749,2005-10,2
0764229176,2005-09,1
0764229265,2005-06,1
0764229370,2005-02,1
0764229370,2005-07,1
0764229958,2005-05,1
0764229958,2005-10,1
0764300164,2005-03,1
0764301373,2005-07,1
0764303597,2005-09,1
0764304771,2005-09,1
0764306189,2005-07,1
0764307371,2005-07,1
076430741X,2005-08,1
0764308904,2005-08,1
0764310135,2005-04,1
0764312499,2005-01,1
0764313371,2005-09,1
0764314122,2005-07,1
0764314165,2005-02,1
0764314289,2005-06,1
0764315188,2005-02,1
0764315439,2005-09,1
0764316656,2005-09,1
0764316699,2005-02,1
0764316893,2005-09,1
0764316931,2005-05,1
0764317261,2005-07,1
0764319949,2005-09,1
0764320181,2005-04,2
0764320238,2005-02,1
0764320505,2005-08,1
076432070X,2005-01,1
0764320785,2005-08,1
0764321293,2005-05,1
0764321323,2005-09,1
0764321463,2005-08,1
0764321722,2005-03,1
0764323318,2005-09,1
0764323377,2005-09,1
0764323466,2005-09,1
0764420488,2005-09,1
0764422391,2005-09,1
0764423061,2005-07,1
0764423061,2005-09,1
0764425250,2005-05,1
0764425277,2005-10,1
0764425552,2005-07,1
0764425889,2005-10,1
0764426214,2005-08,1
0764426257,2005-07,1
0764426265,2005-05,1
0764426265,2005-08,1
0764426826,2005-06,1
0764427571,2005-02,1
0764504525,2005-07,1
0764505807,2005-09,1
0764505904,2005-06,1
0764506382,2005-08,1
0764506617,2005-09,2
0764507028,2005-08,1
0764507672,2005-01,1
0764507834,2005-09,1
0764508180,2005-02,1
0764508458,2005-08,1
0764508679,2005-09,1
0764516272,2005-09,1
0764516345,2005-08,2
0764516418,2005-03,1
0764516515,2005-03,1
0764516515,2005-09,1
0764516744,2005-09,1
0764517619,2005-02,1
0764518011,2005-08,1
0764524313,2005-08,1
0764524372,2005-09,1
0764524461,2005-09,1
0764524984,2005-08,1
0764524984,2005-09,1
0764525166,2005-08,1
0764525441,2005-09,1
076452562X,2005-08,1
076452576X,2005-10,1
0764525999,2005-04,1
0764525999,2005-09,1
0764526065,2005-09,1
0764526324,2005-07,1
0764526340,2005-02,1
0764526340,2005-09,1
0764526413,2005-02,1
0764534238,2005-05,1
0764534513,2005-09,1
076453484X,2005-08,1
0764535153,2005-02,1
0764535781,2005-03,1
0764536095,2005-01,1
0764536516,2005-08,1
0764536958,2005-08,1
0764537091,2005-05,1
0764537539,2005-08,1
076453758X,2005-03,1
076453758X,2005-09,1
0764537644,2005-08,1
0764538209,2005-09,1
0764538810,2005-09,1
0764538837,2005-03,1
0764538942,2005-07,1
0764539132,2005-08,1
076453923X,2005-02,1
0764539388,2005-04,1
0764539663,2005-02,1
0764539671,2005-03,1
0764539671,2005-04,1
0764539671,2005-09,1
076453971X,2005-09,1
0764539957,2005-09,1
0764540726,2005-03,2
0764540734,2005-08,1
0764540734,2005-09,1
0764540742,2005-09,1
0764540785,2005-05,1
0764540785,2005-09,1
0764540939,2005-01,1
0764541161,2005-08,1
0764541315,2005-10,1
076454134X,2005-09,1
0764541749,2005-03,1
0764541781,2005-07,1
0764541811,2005-09,1
0764541870,2005-08,1
0764541951,2005-09,1
0764542117,2005-07,1
0764542222,2005-09,1
0764542265,2005-08,1
0764542338,2005-08,1
0764542605,2005-04,1
0764542850,2005-10,1
0764542966,2005-08,2
0764542966,2005-09,1
0764543105,2005-02,1
076454313X,2005-03,1
0764543180,2005-09,1
0764543229,2005-10,1
0764543237,2005-10,1
0764543326,2005-10,1
0764543342,2005-09,1
076454344X,2005-07,1
0764543504,2005-07,1
0764543539,2005-09,1
0764543547,2005-03,1
0764543628,2005-09,1
0764543792,2005-07,2
0764543822,2005-07,1
0764543857,2005-07,1
0764543865,2005-10,1
0764543881,2005-01,1
0764543881,2005-09,1
0764543911,2005-09,1
0764544136,2005-09,1
0764544187,2005-02,1
0764544373,2005-04,1
0764544381,2005-08,1
0764544683,2005-02,1
0764544683,2005-09,1
0764544721,2005-05,1
0764544799,2005-03,1
0764544810,2005-09,1
0764547593,2005-09,1
0764548328,2005-01,1
0764548379,2005-03,1
0764548379,2005-08,1
0764548417,2005-04,1
0764548972,2005-06,1
0764549251,2005-01,1
0764549359,2005-03,2
0764549359,2005-08,1
0764549553,2005-03,1
0764549707,2005-09,1
0764549979,2005-09,1
0764550381,2005-09,1
076455087X,2005-09,2
0764551019,2005-08,1
076455168X,2005-09,1
076455171X,2005-10,1
0764552155,2005-04,1
0764552163,2005-03,1
076455221X,2005-09,1
076455249X,2005-08,1
0764552600,2005-09,1
0764552716,2005-02,1
0764552813,2005-09,1
076455283X,2005-03,1
0764552848,2005-08,1
0764552899,2005-02,1
0764552988,2005-09,1
076455302X,2005-04,1
0764553119,2005-10,1
0764553143,2005-09,1
0764553240,2005-06,1
0764553259,2005-08,1
0764553313,2005-09,1
0764553348,2005-09,1
0764553402,2005-01,1
0764553542,2005-09,1
0764553631,2005-10,1
0764553690,2005-02,1
076455395X,2005-01,1
076455395X,2005-07,1
076455395X,2005-08,1
0764554107,2005-03,1
0764554182,2005-08,1
0764554190,2005-08,1
0764554239,2005-09,1
076455428X,2005-05,1
0764554301,2005-09,1
0764554301,2005-10,1
0764554328,2005-09,1
0764554387,2005-03,1
0764554581,2005-08,1
076455476X,2005-06,1
0764554891,2005-08,1
0764554905,2005-05,1
0764554972,2005-07,1
0764555014,2005-04,1
0764555022,2005-05,1
0764555278,2005-10,1
0764555812,2005-04,1
0764555871,2005-03,1
0764555871,2005-08,1
0764556002,2005-07,1
0764556193,2005-03,1
0764556193,2005-08,1
0764556193,2005-10,1
0764556851,2005-10,1
0764557092,2005-08,1
0764557157,2005-09,1
076455719X,2005-08,1
0764557386,2005-07,1
0764557432,2005-10,1
076455784X,2005-08,1
0764558943,2005-02,1
0764558943,2005-08,1
0764559176,2005-10,1
0764559591,2005-08,1
0764559648,2005-05,1
0764559672,2005-03,1
0764559702,2005-10,1
0764559729,2005-04,1
0764559729,2005-08,2
0764559729,2005-09,1
0764559850,2005-09,1
0764559931,2005-08,1
0764560794,2005-08,3
0764560794,2005-09,4
0764560794,2005-10,1
0764563262,2005-05,1
0764564439,2005-07,1
076456448X,2005-05,1
0764565168,2005-02,1
0764565168,2005-03,1
0764565168,2005-10,2
0764565176,2005-02,1
0764565176,2005-09,1
0764565311,2005-10,1
0764566083,2005-10,1
0764566164,2005-07,1
0764566350,2005-01,1
0764566350,2005-05,1
0764566768,2005-10,1
0764567314,2005-05,1
0764567586,2005-01,1
0764567586,2005-02,1
0764567586,2005-03,1
0764567586,2005-04,1
0764567586,2005-05,2
0764567586,2005-08,1
0764567586,2005-09,2
0764567594,2005-03,1
0764567594,2005-09,1
0764567616,2005-01,1
0764567683,2005-07,1
076456773X,2005-07,1
0764568000,2005-07,1
0764568450,2005-08,1
0764568973,2005-06,1
0764569090,2005-10,1
0764569120,2005-08,1
0764569147,2005-04,1
0764569147,2005-09,1
0764569228,2005-10,1
0764569295,2005-06,1
0764569295,2005-07,1
0764569430,2005-09,1
0764569597,2005-06,2
0764569597,2005-07,1
0764569694,2005-03,1
0764569783,2005-03,1
0764569848,2005-04,1
0764570218,2005-03,1
0764570781,2005-03,1
0764570811,2005-09,1
0764571079,2005-09,1
0764571427,2005-07,2
0764571958,2005-04,1
0764572121,2005-08,1
0764572717,2005-09,1
0764572822,2005-04,1
0764572903,2005-08,1
0764573268,2005-08,1
0764573586,2005-10,1
0764573993,2005-09,1
0764574124,2005-10,1
0764574248,2005-08,1
0764574329,2005-10,1
0764574817,2005-04,1
0764574833,2005-07,1
0764574833,2005-09,1
0764574841,2005-09,2
0764574868,2005-04,1
0764575589,2005-08,1
0764575635,2005-08,1
0764575740,2005-08,1
0764576135,2005-09,1
0764576445,2005-08,1
0764576607,2005-04,1
0764576607,2005-08,1
0764576755,2005-07,1
0764576763,2005-09,1
0764576771,2005-05,1
076457681X,2005-05,1
076457681X,2005-08,1
076457681X,2005-10,1
0764577271,2005-09,1
0764577395,2005-04,1
0764577395,2005-05,1
0764577921,2005-08,1
0764578014,2005-07,2
0764578065,2005-02,1
0764578065,2005-09,1
0764578146,2005-08,1
0764578278,2005-09,1
0764578324,2005-05,1
0764578332,2005-02,1
0764578340,2005-08,1
0764578359,2005-07,1
0764578375,2005-03,1
0764578405,2005-06,2
0764578405,2005-08,1
0764578766,2005-10,1
0764578812,2005-07,1
0764579010,2005-02,1
0764579061,2005-03,1
0764579088,2005-05,1
0764579088,2005-06,1
0764579088,2005-08,1
0764579088,2005-09,1
0764579177,2005-08,1
0764579487,2005-04,1
0764579495,2005-08,1
0764579568,2005-05,1
0764579576,2005-08,2
0764579576,2005-09,1
0764579665,2005-07,1
0764579665,2005-08,1
0764579711,2005-04,1
0764579851,2005-08,1
0764579851,2005-09,1
0764579967,2005-08,1
0764583328,2005-06,1
0764583417,2005-09,1
076458345X,2005-08,1
0764583530,2005-07,1
0764583794,2005-08,1
0764583816,2005-07,1
0764584111,2005-06,1
0764584111,2005-07,1
0764584111,2005-08,2
0764584243,2005-04,1
0764584499,2005-08,1
0764584499,2005-10,1
076458457X,2005-07,1
0764584596,2005-08,1
0764585746,2005-10,1
0764585916,2005-04,1
0764586823,2005-05,1
0764586823,2005-10,1
076458796X,2005-09,1
0764588133,2005-07,1
0764588338,2005-09,1
0764588346,2005-05,1
0764589121,2005-09,1
0764595636,2005-06,1
0764595636,2005-07,2
0764595636,2005-08,2
0764595636,2005-09,1
0764595768,2005-08,2
0764595954,2005-09,1
0764596780,2005-10,1
0764597787,2005-06,1
0764597787,2005-08,1
0764800299,2005-09,1
0764801716,2005-06,1
0764809369,2005-09,1
076480989X,2005-02,1
0764810995,2005-09,1
0764811584,2005-01,1
0764913387,2005-09,1
0764913417,2005-07,1
0764920235,2005-06,1
0764921304,2005-08,1
076493175X,2005-09,1
0765109182,2005-05,1
076511030X,2005-05,1
0765193388,2005-04,1
0765196573,2005-02,1
0765300133,2005-08,1
0765300389,2005-03,1
076530063X,2005-03,1
0765300974,2005-03,1
0765301075,2005-02,1
0765301598,2005-04,1
0765301598,2005-06,1
0765301598,2005-08,1
0765301644,2005-08,1
0765301644,2005-09,1
0765301768,2005-02,1
0765301938,2005-05,1
0765301938,2005-06,1
0765303019,2005-04,1
0765303299,2005-02,1
0765303353,2005-02,1
0765303507,2005-08,1
0765304120,2005-08,1
0765304198,2005-03,1
076530449X,2005-02,1
0765304635,2005-05,1
0765304643,2005-04,1
0765304643,2005-05,1
0765304694,2005-04,1
0765304864,2005-02,1
0765305038,2005-05,1
0765305097,2005-02,1
0765305097,2005-03,1
0765305097,2005-08,1
0765305135,2005-05,1
0765305216,2005-01,1
0765305216,2005-03,1
0765305216,2005-08,1
0765305224,2005-10,1
0765305232,2005-01,7
0765305232,2005-02,2
0765305232,2005-03,2
0765305232,2005-04,1
0765305232,2005-05,3
0765305232,2005-07,2
0765305232,2005-09,3
0765305232,2005-10,1
0765305283,2005-09,1
0765305429,2005-05,2
076530550X,2005-06,1
0765305933,2005-08,1
0765306271,2005-04,1
0765306298,2005-03,3
0765306298,2005-05,1
0765306298,2005-06,1
0765306298,2005-07,1
0765306336,2005-01,1
0765306360,2005-02,1
0765306824,2005-04,1
0765306840,2005-06,2
0765306913,2005-03,1
076530693X,2005-03,1
0765307006,2005-10,1
0765307057,2005-02,1
0765307065,2005-04,1
0765307162,2005-10,1
0765307243,2005-07,1
0765307359,2005-04,1
0765307375,2005-01,1
0765307510,2005-09,1
0765307618,2005-07,1
0765307693,2005-08,1
0765307782,2005-07,1
0765307928,2005-10,1
0765308002,2005-01,1
0765308401,2005-08,1
0765308738,2005-09,1
0765309130,2005-08,1
0765309157,2005-04,1
0765309157,2005-08,1
0765309157,2005-10,1
0765309238,2005-01,2
0765309289,2005-03,1
0765309289,2005-07,1
0765309378,2005-05,1
0765309378,2005-10,1
0765309386,2005-05,1
0765309386,2005-06,1
0765309386,2005-08,1
0765309408,2005-01,1
0765309408,2005-02,4
0765309408,2005-03,1
0765309408,2005-04,1
0765309408,2005-05,1
0765309408,2005-06,1
0765309408,2005-07,2
0765309408,2005-09,1
0765309467,2005-07,1
0765309513,2005-01,1
076530953X,2005-01,1
076530953X,2005-04,1
0765309890,2005-07,1
0765310333,2005-09,1
0765310597,2005-03,1
0765310848,2005-03,1
0765310961,2005-09,1
0765310988,2005-04,1
076531102X,2005-02,2
076531102X,2005-09,1
0765311046,2005-08,1
0765311046,2005-09,4
0765311070,2005-04,1
0765311070,2005-05,3
0765311127,2005-07,1
0765311321,2005-01,1
0765311410,2005-02,1
0765311429,2005-06,2
0765311429,2005-07,1
0765311429,2005-08,1
0765311437,2005-04,1
0765311593,2005-02,1
0765311658,2005-06,1
0765311720,2005-02,1
0765311771,2005-04,1
0765311771,2005-06,1
0765311771,2005-07,1
0765311771,2005-08,1
0765311844,2005-03,1
0765312018,2005-02,1
0765312018,2005-09,2
0765312026,2005-08,1
0765312026,2005-09,1
0765312050,2005-03,1
0765312131,2005-01,1
0765312131,2005-02,2
0765312131,2005-04,1
0765312395,2005-08,1
0765312530,2005-10,1
0765312786,2005-07,1
0765312956,2005-10,1
0765312999,2005-10,2
0765313081,2005-09,1
0765313081,2005-10,1
0765313111,2005-07,1
0765313332,2005-03,1
0765313472,2005-06,1
0765313472,2005-08,1
0765313871,2005-05,1
0765313871,2005-06,1
0765313901,2005-09,1
0765313995,2005-05,1
0765314290,2005-04,1
0765314290,2005-08,1
0765314304,2005-10,1
0765314711,2005-06,2
0765315122,2005-05,1
0765315122,2005-10,1
0765340054,2005-04,1
0765340127,2005-09,1
0765340151,2005-04,1
0765340739,2005-09,1
0765340747,2005-01,1
0765340747,2005-02,1
0765340771,2005-09,1
076534078X,2005-10,1
0765340798,2005-09,1
0765341026,2005-09,1
0765341077,2005-09,1
0765341131,2005-09,1
076534114X,2005-10,1
0765341417,2005-06,1
0765341611,2005-09,1
0765341921,2005-08,2
0765342286,2005-09,1
0765342324,2005-05,1
0765342464,2005-09,1
0765342480,2005-05,1
0765342510,2005-07,1
0765342987,2005-09,1
0765343258,2005-08,1
0765343541,2005-02,1
0765343789,2005-01,1
0765343835,2005-03,1
0765343835,2005-06,1
0765343991,2005-06,1
0765344300,2005-08,1
0765344556,2005-06,1
0765344637,2005-08,1
0765344955,2005-08,1
0765344963,2005-04,1
0765345005,2005-09,1
076534503X,2005-05,1
0765345455,2005-06,1
0765345498,2005-08,1
0765345498,2005-09,1
0765345889,2005-04,1
0765346435,2005-08,1
0765346753,2005-09,1
0765346915,2005-01,1
0765347490,2005-02,1
0765347490,2005-03,1
0765347490,2005-09,1
0765347539,2005-06,1
0765347571,2005-10,1
0765348616,2005-09,1
0765348667,2005-04,1
0765348780,2005-08,1
0765348918,2005-07,1
0765349051,2005-08,1
0765349051,2005-10,1
0765349132,2005-03,1
0765349132,2005-06,1
0765349140,2005-10,1
076535084X,2005-03,1
0765352257,2005-09,2
0765352648,2005-06,7
0765352648,2005-07,1
0765352648,2005-08,1
0765352648,2005-10,1
076536302X,2005-06,1
0765603055,2005-07,1
0765604183,2005-01,1
0765613107,2005-09,1
0765701073,2005-09,1
0765701200,2005-02,1
0765702371,2005-03,1
0765702371,2005-07,2
0765702371,2005-08,1
0765702428,2005-07,1
0765703319,2005-07,1
0765703319,2005-10,1
0765703521,2005-08,1
0765762099,2005-03,1
0765806304,2005-08,1
0765807254,2005-08,1
0766014347,2005-08,1
076601536X,2005-06,1
0766017648,2005-08,1
0766022730,2005-08,1
0766101053,2005-01,1
0766103692,2005-09,1
0766104656,2005-06,1
0766104974,2005-09,1
0766130207,2005-02,1
0766131696,2005-02,1
0766140482,2005-08,1
0766144550,2005-01,1
0766157377,2005-09,1
0766160203,2005-04,1
0766173852,2005-01,1
0766181189,2005-07,1
0766182770,2005-08,1
0766196003,2005-10,1
0766808521,2005-03,1
0766812073,2005-10,1
0766814173,2005-09,1
0766816370,2005-02,1
0766816370,2005-04,1
0766816982,2005-09,1
0766817776,2005-09,1
0766818969,2005-04,1
0766825485,2005-09,1
0766862860,2005-09,2
0767422546,2005-05,1
0767900146,2005-04,1
0767900146,2005-08,1
0767900146,2005-09,1
0767900316,2005-08,1
0767900383,2005-08,1
0767900391,2005-04,1
0767900405,2005-03,1
0767900464,2005-06,1
0767900553,2005-06,1
0767900847,2005-07,1
0767901053,2005-08,1
0767901266,2005-09,1
0767901320,2005-08,1
076790155X,2005-03,1
076790155X,2005-09,1
0767901576,2005-08,1
0767901800,2005-02,1
0767901916,2005-08,1
0767901975,2005-07,1
0767902297,2005-09,1
076790236X,2005-01,1
0767902475,2005-08,1
0767902521,2005-03,1
0767902521,2005-05,1
0767902521,2005-07,2
0767902521,2005-10,1
0767902793,2005-01,1
076790284X,2005-09,1
0767902874,2005-02,1
0767902874,2005-08,1
0767902890,2005-09,1
076790303X,2005-08,1
0767903277,2005-08,1
0767903382,2005-01,1
0767903447,2005-07,1
0767903447,2005-08,1
0767903498,2005-02,1
0767903579,2005-07,1
0767903579,2005-09,1
0767903587,2005-09,1
0767903595,2005-04,1
0767903595,2005-05,1
0767903595,2005-06,1
0767903595,2005-08,1
0767903609,2005-05,1
076790379X,2005-08,1
0767903811,2005-09,1
0767903862,2005-02,1
0767903862,2005-04,1
0767903862,2005-06,1
0767903927,2005-10,1
076790396X,2005-08,2
0767904338,2005-01,1
0767904362,2005-07,1
0767904451,2005-01,1
0767904559,2005-07,1
076790463X,2005-05,1
0767904818,2005-01,1
0767904818,2005-08,1
0767904842,2005-08,1
0767904842,2005-09,1
0767905180,2005-07,1
0767905202,2005-01,1
0767905202,2005-02,1
0767905202,2005-06,1
0767905288,2005-09,1
0767905334,2005-03,1
0767905342,2005-08,1
0767905423,2005-04,1
0767905563,2005-06,1
0767905644,2005-01,1
0767905814,2005-04,1
076790592X,2005-08,1
076790592X,2005-09,1
0767906071,2005-07,1
0767906276,2005-08,1
0767906284,2005-03,1
0767906284,2005-10,1
0767906470,2005-01,1
0767906713,2005-08,1
076790690X,2005-06,1
076790690X,2005-07,1
0767906918,2005-09,1
0767906926,2005-06,1
0767907434,2005-03,1
0767907698,2005-02,1
0767907817,2005-06,1
0767907981,2005-09,1
0767908139,2005-05,1
0767908163,2005-03,1
0767908163,2005-05,1
0767908163,2005-09,1
0767908171,2005-02,2
0767908171,2005-05,1
0767908171,2005-09,1
076790818X,2005-03,1
076790818X,2005-06,1
076790818X,2005-07,2
076790818X,2005-08,3
076790818X,2005-09,3
0767908201,2005-07,1
0767908201,2005-08,1
0767908236,2005-03,1
0767908260,2005-10,1
0767908376,2005-01,1
0767908376,2005-09,1
0767908457,2005-03,1
0767909038,2005-08,1
0767909194,2005-01,1
0767909194,2005-06,1
0767909267,2005-06,1
076791029X,2005-02,2
076791029X,2005-03,1
0767910559,2005-02,1
0767911733,2005-03,1
0767911784,2005-04,3
0767911784,2005-05,3
0767911784,2005-06,1
0767911784,2005-07,1
0767912225,2005-05,1
0767912241,2005-05,1
0767912276,2005-10,1
0767912306,2005-02,1
0767912853,2005-09,1
0767912853,2005-10,1
0767912918,2005-05,1
0767912918,2005-07,1
0767912918,2005-10,1
0767912926,2005-01,1
0767912926,2005-09,1
0767912926,2005-10,1
0767913337,2005-03,1
0767913469,2005-09,1
0767913477,2005-08,1
076791354X,2005-09,1
0767913698,2005-08,1
0767913795,2005-01,1
0767913868,2005-06,1
0767913965,2005-03,1
0767913965,2005-09,1
0767913981,2005-05,1
0767913981,2005-08,1
076791399X,2005-08,1
0767914023,2005-06,1
0767914104,2005-01,1
0767914104,2005-04,1
0767914104,2005-06,1
0767914104,2005-09,1
0767914163,2005-01,1
0767914201,2005-08,1
0767914201,2005-10,1
0767914236,2005-08,1
0767914279,2005-10,1
0767914309,2005-03,1
0767914309,2005-08,1
0767914376,2005-03,1
0767914376,2005-05,1
0767914708,2005-02,1
0767914732,2005-04,1
0767914732,2005-06,1
0767914732,2005-10,1
0767914740,2005-06,1
0767914767,2005-03,1
0767914767,2005-07,1
0767914767,2005-08,1
0767914880,2005-07,1
0767914945,2005-05,1
0767915054,2005-10,1
0767915305,2005-03,2
0767915313,2005-03,1
0767915313,2005-07,1
0767915593,2005-08,1
0767915658,2005-09,1
0767915674,2005-04,1
0767915747,2005-07,2
076791581X,2005-02,1
076791581X,2005-03,1
076791581X,2005-04,2
076791581X,2005-05,1
076791581X,2005-08,3
076791581X,2005-09,1
0767915852,2005-09,1
0767916077,2005-08,1
0767916077,2005-09,1
0767916174,2005-02,1
0767916174,2005-07,1
0767916263,2005-10,1
0767916271,2005-04,1
076791631X,2005-02,1
0767916565,2005-08,1
0767916565,2005-09,1
0767916611,2005-03,1
076791676X,2005-02,2
076791676X,2005-09,1
0767916883,2005-01,1
0767916883,2005-02,1
0767916883,2005-07,2
0767916948,2005-04,1
0767916964,2005-03,1
0767917057,2005-10,1
0767917200,2005-09,1
0767917219,2005-04,1
0767917219,2005-05,1
0767917413,2005-06,1
0767917464,2005-07,1
0767917529,2005-04,1
0767917529,2005-07,2
0767917529,2005-08,2
0767917561,2005-08,1
076791757X,2005-08,1
0767917871,2005-07,1
0767917871,2005-08,1
0767918185,2005-03,1
076791841X,2005-02,1
0767918436,2005-03,2
0767918436,2005-04,1
0767918495,2005-09,1
076791855X,2005-05,1
076791855X,2005-07,1
076791855X,2005-08,3
0767918738,2005-09,1
0767918843,2005-08,2
0767918843,2005-09,1
0767919467,2005-01,1
0767919467,2005-08,1
0767919491,2005-04,2
076791953X,2005-08,1
076791984X,2005-05,1
0767920376,2005-09,2
0767920457,2005-04,1
0767920457,2005-06,2
0767920457,2005-07,1
0767920457,2005-08,1
0767920457,2005-09,2
0767920686,2005-09,1
0767921143,2005-07,2
0767921232,2005-05,1
0767921232,2005-10,1
0767921852,2005-09,1
0767921852,2005-10,1
0767922646,2005-08,1
0768000505,2005-04,1
0768003717,2005-04,1
0768011264,2005-07,1
0768012414,2005-04,1
0768369797,2005-01,1
0768369932,2005-01,1
0768370248,2005-08,1
0768373484,2005-07,1
0768421195,2005-08,1
0768421578,2005-08,1
0768421748,2005-09,1
0768421772,2005-09,1
0768422175,2005-09,1
0768422523,2005-02,1
0768422523,2005-07,1
0768422817,2005-08,1
0768429641,2005-01,1
0768658497,2005-02,1
0768861926,2005-02,1
0768870534,2005-09,1
0768870690,2005-09,1
0768906091,2005-05,1
0768909082,2005-04,1
0768909953,2005-04,1
0768910196,2005-02,1
0768910943,2005-10,1
0768911745,2005-01,1
0768911923,2005-03,1
0768913810,2005-02,1
0768913985,2005-07,1
0768914825,2005-05,1
076891700X,2005-08,1
076891700X,2005-10,1
0768917018,2005-08,1
0768918332,2005-07,1
0768918340,2005-09,1
0768918383,2005-09,1
0769001580,2005-09,1
0769212859,2005-09,1
0769214754,2005-07,1
0769217842,2005-09,1
0769220207,2005-09,1
0769241921,2005-09,1
0769258352,2005-09,1
076927224X,2005-01,1
0769284191,2005-08,1
0769285732,2005-01,1
0769285732,2005-09,1
0769285775,2005-08,1
0769290450,2005-09,1
0769299342,2005-07,1
0769904459,2005-07,1
0770107559,2005-09,1
0771033346,2005-06,1
0771054920,2005-09,1
0771080689,2005-04,1
0771082568,2005-09,1
0771089473,2005-10,1
0771097921,2005-01,1
0771596138,2005-01,1
0773527958,2005-04,1
0773527958,2005-05,1
0773527958,2005-07,1
0773527958,2005-09,1
0774805412,2005-03,1
0778320065,2005-05,1
0778320448,2005-09,1
0778320537,2005-08,2
0778320561,2005-07,1
0778320596,2005-03,1
0778320650,2005-01,1
0778320812,2005-08,1
0778320820,2005-05,1
0778320820,2005-07,1
0778320820,2005-10,1
0778320952,2005-07,1
077832107X,2005-01,1
0778321266,2005-08,1
0778321304,2005-08,2
0778321355,2005-06,1
077832138X,2005-01,1
077832138X,2005-10,1
0778321444,2005-07,1
0778321444,2005-08,1
0778321444,2005-09,1
0778321460,2005-03,1
0778321460,2005-04,1
0778321517,2005-08,1
0778321584,2005-08,1
0778321606,2005-09,1
0778321711,2005-05,3
0778321711,2005-08,1
0778321746,2005-08,1
0778321878,2005-08,1
0778321940,2005-09,1
0778321967,2005-08,1
0778322009,2005-08,1
0778322017,2005-10,1
077832205X,2005-09,1
0778322084,2005-09,2
0778322602,2005-08,1
0778800342,2005-08,1
0778800377,2005-08,1
0778800385,2005-01,1
0778800385,2005-08,1
0778800547,2005-03,1
0778800636,2005-08,2
0778801098,2005-08,1
0778801128,2005-07,1
0778801128,2005-08,1
0778801136,2005-06,1
0778801187,2005-09,1
0779500741,2005-07,1
0780800974,2005-08,1
0780807049,2005-04,1
0781248795,2005-08,1
078128936X,2005-05,1
0781292352,2005-04,1
0781400767,2005-05,1
0781430550,2005-02,1
0781430550,2005-08,1
0781430712,2005-09,1
0781440580,2005-04,1
078144165X,2005-06,1
078144165X,2005-07,1
0781702771,2005-04,1
0781712718,2005-08,1
0781717078,2005-02,1
0781721342,2005-03,1
0781722004,2005-09,1
0781723698,2005-08,1
0781724821,2005-09,1
0781725437,2005-08,1
0781732344,2005-09,1
078173391X,2005-10,1
0781733928,2005-01,1
0781737281,2005-08,1
0781737338,2005-09,1
0781737605,2005-08,1
0781738369,2005-08,1
0781741572,2005-02,1
0781742315,2005-02,1
078174332X,2005-08,1
0781743540,2005-04,1
0781747430,2005-09,1
0781755425,2005-07,1
078180096X,2005-09,1
0781800994,2005-09,1
0781802431,2005-08,1
0781802822,2005-01,1
0781806216,2005-08,1
0781807360,2005-09,1
0781808014,2005-03,1
0781808073,2005-06,1
0781808073,2005-08,1
0781808758,2005-09,1
0781809312,2005-09,1
0781809398,2005-09,1
0781809487,2005-03,1
0781809584,2005-09,1
0781809924,2005-05,1
0781809983,2005-09,1
0781810078,2005-09,1
0781810159,2005-02,1
0781810256,2005-09,1
0781810426,2005-05,1
0781810426,2005-06,1
0781810450,2005-07,1
0781810450,2005-08,1
0781810493,2005-10,1
0781810566,2005-05,1
0781810566,2005-08,1
0781810760,2005-05,1
0781810957,2005-06,1
0781810957,2005-08,1
0781810957,2005-09,1
0781810965,2005-06,1
0782114458,2005-09,1
0782123139,2005-01,1
0782127975,2005-02,1
0782128777,2005-09,1
0782128874,2005-03,1
0782128955,2005-09,1
0782129110,2005-01,1
0782129730,2005-07,1
0782130372,2005-06,1
0782140238,2005-03,1
0782140475,2005-04,1
0782141218,2005-01,1
0782141293,2005-07,1
0782141293,2005-10,1
0782141307,2005-07,1
0782141552,2005-08,1
0782141668,2005-09,1
0782141781,2005-03,1
0782141781,2005-08,1
0782141846,2005-08,1
0782141862,2005-04,1
0782141900,2005-01,1
0782141978,2005-07,1
0782141978,2005-09,1
0782142265,2005-10,1
0782142370,2005-03,1
0782142370,2005-05,1
0782142419,2005-03,1
0782142443,2005-08,1
0782142540,2005-08,1
078214277X,2005-09,1
0782142788,2005-04,1
0782142796,2005-01,1
0782142842,2005-08,1
0782142907,2005-03,1
0782142907,2005-05,1
0782142982,2005-04,1
0782143008,2005-09,1
0782143105,2005-09,1
0782143113,2005-01,1
0782143113,2005-04,1
0782143121,2005-10,1
078214313X,2005-07,1
0782143164,2005-03,1
0782143164,2005-04,1
0782143237,2005-06,1
0782143237,2005-08,1
078214327X,2005-01,1
078214327X,2005-03,1
0782143377,2005-09,1
0782143504,2005-07,1
0782143555,2005-01,1
0782143563,2005-09,2
0782143598,2005-09,1
0782143636,2005-01,1
0782143636,2005-03,1
0782143636,2005-08,1
0782143687,2005-04,1
0782143776,2005-02,1
0782143814,2005-09,1
0782143857,2005-04,2
0782143857,2005-07,1
0782143857,2005-08,2
078214389X,2005-07,2
078214389X,2005-09,1
0782143911,2005-09,1
0782143962,2005-05,1
0782143962,2005-06,2
0782143962,2005-08,1
0782144071,2005-09,1
0782144144,2005-09,1
0782144195,2005-06,1
0782144217,2005-07,1
0782144276,2005-08,1
0782144314,2005-09,1
0782150241,2005-04,1
0782150241,2005-07,1
0782901123,2005-07,1
078353910X,2005-09,1
0783579012,2005-07,1
0784715130,2005-08,1
0784715130,2005-09,1
0784715440,2005-08,1
0784716080,2005-10,1
0785102167,2005-04,1
0785102582,2005-10,1
0785107908,2005-04,1
0785107991,2005-04,1
0785108785,2005-10,1
0785109803,2005-07,1
0785110895,2005-02,1
0785111301,2005-02,1
078511131X,2005-02,1
0785111476,2005-04,1
0785111611,2005-08,1
0785111751,2005-03,1
0785111921,2005-10,1
0785112510,2005-03,1
0785113320,2005-04,1
0785113355,2005-09,1
0785113495,2005-03,1
0785114386,2005-08,1
0785114432,2005-04,1
0785114580,2005-08,1
078511467X,2005-05,1
0785114726,2005-07,1
0785114823,2005-03,1
0785114823,2005-04,1
0785114823,2005-09,1
078511484X,2005-08,2
0785115315,2005-09,1
0785115439,2005-08,1
0785115455,2005-04,1
0785115471,2005-06,1
0785115706,2005-08,1
0785116419,2005-07,1
0785116567,2005-05,1
0785116761,2005-07,1
0785116796,2005-03,1
0785116877,2005-03,1
0785117245,2005-08,1
0785117776,2005-09,1
0785118764,2005-09,1
0785200282,2005-10,1
0785200304,2005-08,1
078520041X,2005-07,1
0785201688,2005-03,1
0785201688,2005-05,1
0785202129,2005-09,1
0785202684,2005-10,2
0785204059,2005-04,1
0785209824,2005-09,2
0785209905,2005-09,1
0785211497,2005-03,1
0785211608,2005-08,1
078521187X,2005-03,1
078521187X,2005-09,1
0785242430,2005-05,1
0785243631,2005-09,1
0785245219,2005-06,1
0785250190,2005-09,1
0785250255,2005-08,1
0785257292,2005-07,1
0785257292,2005-08,1
0785260005,2005-03,1
0785260048,2005-08,1
0785260242,2005-02,1
0785260242,2005-03,1
0785260250,2005-07,4
0785260285,2005-05,1
0785260382,2005-04,1
0785260382,2005-06,1
0785260382,2005-07,1
0785260382,2005-08,1
0785260382,2005-09,1
0785260420,2005-06,1
0785260498,2005-03,1
0785260579,2005-02,1
0785260668,2005-01,1
0785260668,2005-07,1
0785260838,2005-02,1
0785260838,2005-03,2
0785260897,2005-07,1
0785260897,2005-09,1
0785260943,2005-09,1
078526096X,2005-07,1
078526096X,2005-09,1
0785260978,2005-09,1
0785261036,2005-04,1
0785261036,2005-05,2
0785261168,2005-03,1
0785261168,2005-09,1
0785261168,2005-10,1
0785261192,2005-07,1
0785261699,2005-03,1
0785261826,2005-03,1
0785262008,2005-03,1
0785262199,2005-09,2
0785262202,2005-08,1
0785262377,2005-10,1
0785262385,2005-05,1
0785262539,2005-09,1
0785263179,2005-09,1
0785263233,2005-08,1
0785263268,2005-03,1
0785263268,2005-05,1
0785263268,2005-08,1
0785263268,2005-09,1
0785263268,2005-10,1
0785263276,2005-09,1
0785263314,2005-03,1
0785263705,2005-04,1
0785263705,2005-05,1
0785263705,2005-08,1
0785263705,2005-09,3
0785264280,2005-08,1
0785264329,2005-09,1
0785264698,2005-06,1
0785264698,2005-08,1
0785264698,2005-09,1
0785264698,2005-10,1
0785265120,2005-09,1
0785265155,2005-08,1
0785265392,2005-08,1
0785265392,2005-09,1
0785265538,2005-02,1
0785265538,2005-03,1
0785265538,2005-08,1
0785265724,2005-09,1
0785265740,2005-10,1
0785266100,2005-07,1
0785266666,2005-05,1
0785266666,2005-09,1
0785267026,2005-06,1
0785267115,2005-04,1
0785267255,2005-08,1
0785268243,2005-02,1
0785268766,2005-09,1
0785268820,2005-02,1
0785268839,2005-03,1
0785268839,2005-04,1
0785268839,2005-05,1
0785268839,2005-08,1
0785268839,2005-09,2
0785268839,2005-10,1
0785269363,2005-05,1
078526986X,2005-09,1
0785269916,2005-09,2
0785271279,2005-01,1
0785271767,2005-04,1
0785271929,2005-05,1
0785272976,2005-05,1
0785272976,2005-09,1
0785274251,2005-03,1
0785274316,2005-10,1
0785274359,2005-04,1
0785274405,2005-08,1
0785274715,2005-08,1
0785277471,2005-07,1
0785278060,2005-10,1
0785278958,2005-09,1
0785279814,2005-10,1
0785280413,2005-02,1
078532254X,2005-02,1
0785328106,2005-07,1
0785329633,2005-07,1
0785352406,2005-08,1
0785358757,2005-09,1
0785368795,2005-08,1
0785379878,2005-07,1
0785384200,2005-08,1
0785388605,2005-08,1
0785391622,2005-03,1
0785398929,2005-09,1
0785772324,2005-09,1
0785776753,2005-05,1
0785777806,2005-07,1
0785780122,2005-08,1
0785811869,2005-02,1
0785812636,2005-09,1
0785812644,2005-09,1
0785813039,2005-05,1
0785813063,2005-08,1
0785815198,2005-08,1
0785815929,2005-05,1
078581907X,2005-04,1
0785991824,2005-06,1
0786001062,2005-03,1
0786001550,2005-10,1
0786001941,2005-09,1
078600486X,2005-05,1
0786010827,2005-07,1
078601086X,2005-03,1
0786010908,2005-03,1
0786011149,2005-06,1
0786011149,2005-08,1
0786013621,2005-02,1
0786013621,2005-06,1
0786013915,2005-09,1
0786014598,2005-02,1
0786014865,2005-01,1
0786014865,2005-03,1
0786015187,2005-04,1
0786015500,2005-03,1
0786015519,2005-09,1
0786015578,2005-08,1
0786015578,2005-09,1
0786015748,2005-02,1
0786015802,2005-03,1
0786015802,2005-08,1
078601606X,2005-02,1
0786016086,2005-07,1
0786016221,2005-08,1
078601637X,2005-07,1
078601637X,2005-08,1
0786016396,2005-05,1
0786016426,2005-07,1
0786016620,2005-09,1
0786016639,2005-03,1
0786016701,2005-07,1
0786016833,2005-09,1
0786016949,2005-08,1
0786016949,2005-09,1
0786016957,2005-08,1
0786016957,2005-09,1
0786016973,2005-07,1
0786016981,2005-07,1
0786017147,2005-07,1
0786017236,2005-09,1
0786017325,2005-09,1
0786117834,2005-09,1
0786125039,2005-01,1
0786129050,2005-03,1
0786179937,2005-03,1
0786182113,2005-09,1
0786183926,2005-09,1
0786183926,2005-10,1
0786185201,2005-08,1
0786185260,2005-03,1
0786186895,2005-05,1
0786186925,2005-04,1
0786189215,2005-10,1
0786190736,2005-03,1
0786197579,2005-08,1
0786208368,2005-07,1
0786209615,2005-07,1
0786222158,2005-07,1
0786237309,2005-07,1
0786238259,2005-09,1
0786243090,2005-02,1
0786251778,2005-04,1
0786257865,2005-09,1
0786258888,2005-07,1
0786258993,2005-09,1
0786269103,2005-10,1
0786271957,2005-08,1
0786300027,2005-06,1
0786303158,2005-01,1
0786303158,2005-03,1
0786307986,2005-08,1
0786311630,2005-07,1
0786311916,2005-01,1
0786312319,2005-04,1
0786312408,2005-09,1
0786406615,2005-07,1
078640695X,2005-06,1
078640826X,2005-09,1
0786409355,2005-09,1
0786410302,2005-07,1
0786410507,2005-02,1
0786410507,2005-05,1
0786410779,2005-07,1
0786411090,2005-09,1
0786413522,2005-08,1
078641524X,2005-04,1
078641524X,2005-09,1
0786415274,2005-09,1
0786415436,2005-02,1
0786416378,2005-08,1
0786417315,2005-01,1
0786417501,2005-02,1
0786417862,2005-04,1
0786418052,2005-07,1
0786418427,2005-07,1
0786419024,2005-02,1
0786419113,2005-01,1
0786419458,2005-07,1
0786419873,2005-05,1
0786419970,2005-02,1
0786419970,2005-03,1
0786420359,2005-03,1
0786420359,2005-05,1
0786420359,2005-06,1
0786420359,2005-08,1
0786420359,2005-09,1
0786420456,2005-08,1
0786420456,2005-09,1
0786420464,2005-04,1
078642074X,2005-05,1
0786421045,2005-07,1
0786421045,2005-09,1
0786421207,2005-08,1
0786421207,2005-09,1
0786421312,2005-10,1
0786422009,2005-08,1
0786422106,2005-09,1
0786500212,2005-03,1
0786607467,2005-09,1
0786614498,2005-08,1
0786618051,2005-08,1
0786620714,2005-09,1
0786625821,2005-07,1
0786631465,2005-09,1
0786633875,2005-09,1
0786640979,2005-08,1
0786641592,2005-09,1
0786652527,2005-08,1
0786652918,2005-03,1
0786657162,2005-03,1
0786657774,2005-09,1
0786658169,2005-10,1
0786664584,2005-01,1
0786664584,2005-09,1
0786666056,2005-09,1
0786668806,2005-09,1
0786671335,2005-03,1
0786672234,2005-06,1
0786701102,2005-05,1
0786702672,2005-08,1
0786703008,2005-03,1
0786703024,2005-03,1
0786704225,2005-09,1
0786704403,2005-08,1
0786704454,2005-09,1
0786704675,2005-02,1
0786704799,2005-04,1
078670554X,2005-04,1
0786705604,2005-03,1
078670621X,2005-09,1
0786706988,2005-09,1
0786707763,2005-04,1
0786708093,2005-10,1
0786708395,2005-08,1
0786708875,2005-07,1
0786709421,2005-06,1
0786709790,2005-07,1
0786709871,2005-05,1
0786709936,2005-05,1
0786710373,2005-03,1
0786710527,2005-10,1
0786710624,2005-08,1
0786710683,2005-03,1
0786710861,2005-07,1
0786710950,2005-08,1
0786711469,2005-02,1
0786711647,2005-05,1
0786711876,2005-04,1
0786712074,2005-04,1
0786712198,2005-07,1
0786712260,2005-08,1
0786712376,2005-05,1
0786712643,2005-05,1
0786712651,2005-02,1
0786712694,2005-07,1
0786712759,2005-01,1
0786712759,2005-05,1
0786712813,2005-06,1
0786712945,2005-07,1
0786713151,2005-03,1
0786713496,2005-05,1
0786713518,2005-03,1
0786713518,2005-09,1
0786713666,2005-08,1
0786713666,2005-09,1
0786713747,2005-08,1
078671378X,2005-07,1
0786713798,2005-03,1
0786713917,2005-07,1
0786714034,2005-01,1
0786714174,2005-05,1
0786714212,2005-07,1
0786714336,2005-07,1
0786714352,2005-07,1
0786714379,2005-03,1
0786714425,2005-06,1
0786714433,2005-02,1
0786714522,2005-04,1
0786714603,2005-08,1
0786714816,2005-08,1
0786714840,2005-06,1
0786714875,2005-09,1
0786714956,2005-03,1
0786715081,2005-05,1
0786715081,2005-08,1
0786715103,2005-07,1
078671512X,2005-06,2
078671512X,2005-08,2
078671512X,2005-09,1
0786715189,2005-09,1
0786715200,2005-06,1
0786715243,2005-05,1
0786715413,2005-08,1
0786715448,2005-05,1
0786715472,2005-03,1
0786715472,2005-08,1
0786715480,2005-04,2
0786715480,2005-06,1
0786715480,2005-07,1
0786715502,2005-04,1
078671557X,2005-09,1
0786715685,2005-08,1
078671607X,2005-09,2
0786801530,2005-08,1
0786803614,2005-04,1
0786806141,2005-07,1
0786807601,2005-06,1
0786808101,2005-02,1
0786808330,2005-04,1
0786808381,2005-08,1
0786808381,2005-09,2
0786808780,2005-04,1
0786808829,2005-09,1
078680940X,2005-02,1
078680940X,2005-09,1
0786809728,2005-09,1
0786809957,2005-08,1
0786813180,2005-09,1
0786814179,2005-08,1
0786814195,2005-08,1
0786816015,2005-05,1
0786816643,2005-06,1
0786817070,2005-07,1
0786817089,2005-07,1
0786817240,2005-07,1
078681800X,2005-08,1
0786818484,2005-08,1
0786818506,2005-03,1
078681859X,2005-07,1
078681859X,2005-08,2
078681859X,2005-09,1
078681859X,2005-10,1
0786818603,2005-08,1
0786818603,2005-09,1
0786818689,2005-10,1
0786818697,2005-06,1
0786818697,2005-08,1
0786818697,2005-10,1
0786818700,2005-05,2
0786818700,2005-06,1
0786818700,2005-08,1
0786818700,2005-10,2
0786818727,2005-02,1
0786818727,2005-03,1
0786818727,2005-09,1
0786818751,2005-04,1
0786818778,2005-03,1
0786819081,2005-01,1
0786819081,2005-08,1
0786819111,2005-02,1
0786819308,2005-09,1
0786819308,2005-10,1
078681957X,2005-02,1
078681988X,2005-01,1
078681988X,2005-02,1
078681988X,2005-05,1
078681988X,2005-06,1
078681988X,2005-07,1
078681988X,2005-08,1
078681988X,2005-10,1
078683434X,2005-09,1
0786834889,2005-09,1
0786834919,2005-09,1
0786836504,2005-06,1
0786836512,2005-06,1
0786836512,2005-10,1
078683661X,2005-04,2
078683661X,2005-06,1
0786838116,2005-10,1
0786851163,2005-09,1
0786851732,2005-06,1
0786851821,2005-08,1
0786851945,2005-07,1
0786851953,2005-02,1
0786852550,2005-08,1
0786852895,2005-05,1
0786852895,2005-07,2
0786852895,2005-08,4
0786852895,2005-09,1
0786852933,2005-10,1
0786853662,2005-04,1
0786853808,2005-09,1
0786853824,2005-03,1
0786854057,2005-02,1
0786854065,2005-04,1
0786854065,2005-07,1
0786854235,2005-07,1
0786854286,2005-02,1
0786854294,2005-09,1
0786854308,2005-07,1
0786854456,2005-01,1
0786854456,2005-04,1
0786855533,2005-09,1
0786855533,2005-10,1
0786855584,2005-08,1
0786855584,2005-09,1
0786856297,2005-07,1
0786856297,2005-09,1
0786860707,2005-09,1
0786860707,2005-10,1
0786860936,2005-08,1
0786862084,2005-04,1
0786862734,2005-05,1
0786863420,2005-09,1
078686365X,2005-05,1
0786864036,2005-09,1
0786864273,2005-03,1
0786864842,2005-09,1
0786865695,2005-09,1
0786865776,2005-03,1
0786866020,2005-09,1
0786866292,2005-08,1
0786867175,2005-01,1
0786867221,2005-09,1
0786867264,2005-05,2
0786867566,2005-01,2
0786867566,2005-07,1
0786867744,2005-09,1
078686818X,2005-07,2
0786868198,2005-09,1
0786868198,2005-10,1
0786868236,2005-05,1
0786868384,2005-04,1
0786868384,2005-06,1
0786868414,2005-08,1
0786868511,2005-07,1
0786868546,2005-09,1
0786868694,2005-03,1
0786868716,2005-01,2
0786868716,2005-02,3
0786868716,2005-03,3
0786868716,2005-04,1
0786868716,2005-08,2
0786869143,2005-07,1
0786869194,2005-08,1
0786869208,2005-03,1
0786869208,2005-08,1
0786869208,2005-10,1
0786869216,2005-05,1
0786880708,2005-04,1
0786881852,2005-02,1
0786881852,2005-05,1
0786881852,2005-07,1
0786882417,2005-09,1
0786883006,2005-02,1
0786883367,2005-05,1
0786883561,2005-07,1
0786883723,2005-07,1
0786883723,2005-09,1
078688388X,2005-10,1
0786884096,2005-08,1
0786884401,2005-02,1
0786884460,2005-08,1
0786884568,2005-06,1
0786884770,2005-05,1
078688505X,2005-01,1
0786885181,2005-10,1
0786885793,2005-03,1
0786886161,2005-06,1
0786886218,2005-09,1
0786886811,2005-09,1
0786887125,2005-07,1
0786887176,2005-06,1
0786887214,2005-02,1
0786887273,2005-05,1
078688732X,2005-10,1
0786887494,2005-09,1
078688777X,2005-07,1
0786887796,2005-08,1
0786887796,2005-10,1
0786887842,2005-03,1
0786888016,2005-03,1
0786888148,2005-09,1
0786888156,2005-02,1
0786888156,2005-03,1
0786888156,2005-05,1
0786888156,2005-08,1
0786888350,2005-06,1
0786888423,2005-09,1
0786888482,2005-07,1
0786889020,2005-08,1
0786889780,2005-03,1
0786889780,2005-07,1
0786889985,2005-09,1
0786890436,2005-09,1
0786890444,2005-07,1
0786890835,2005-09,1
0786902035,2005-09,1
0786907355,2005-05,1
0786911832,2005-06,1
0786911905,2005-09,1
0786913339,2005-08,1
0786918705,2005-01,1
0786920157,2005-09,1
0786926546,2005-09,1
078692683X,2005-07,1
0786926902,2005-07,1
0786926902,2005-10,1
0786927208,2005-07,1
0786927593,2005-08,1
0786927828,2005-09,1
0786928360,2005-09,1
078692876X,2005-09,2
0786928867,2005-04,1
0786928867,2005-08,1
0786928867,2005-09,1
0786928883,2005-08,1
0786928883,2005-09,1
0786928891,2005-08,2
0786928921,2005-08,1
0786928964,2005-05,1
0786929081,2005-07,1
0786929502,2005-01,1
0786929804,2005-09,1
0786929898,2005-07,1
0786930128,2005-07,1
078693087X,2005-04,1
078693123X,2005-09,1
0786931345,2005-07,1
0786931558,2005-05,1
0786932287,2005-08,1
0786932287,2005-09,1
0786932376,2005-01,1
0786932732,2005-08,1
0786932740,2005-06,1
0786933461,2005-07,1
0786933607,2005-02,1
0786933607,2005-08,1
0786933607,2005-09,1
0786934107,2005-10,1
0786934212,2005-04,1
0786934298,2005-10,1
0786934328,2005-04,1
0786934328,2005-08,2
0786934336,2005-10,1
0786934387,2005-03,1
0786934786,2005-05,1
0786934786,2005-08,1
0786934794,2005-05,1
0786934794,2005-07,1
0786935138,2005-08,1
0786935219,2005-08,1
0786935219,2005-09,2
0786935847,2005-06,1
0786935847,2005-07,1
0786935847,2005-09,1
078693610X,2005-06,1
078693610X,2005-07,1
0786936134,2005-08,1
0786936401,2005-04,4
0786936401,2005-09,3
0786936401,2005-10,1
0786936533,2005-01,1
0786936541,2005-04,1
0786936541,2005-05,1
078693655X,2005-06,1
0786936568,2005-04,1
0786936878,2005-10,1
0786936886,2005-08,2
0786936908,2005-09,1
0786936932,2005-08,1
0786937017,2005-10,1
0786937335,2005-08,1
0786937394,2005-06,1
0786937394,2005-08,1
0786937394,2005-09,1
0786937661,2005-09,1
0786937904,2005-10,1
0786938420,2005-08,1
0787105317,2005-02,1
0787232416,2005-08,1
0787301612,2005-03,1
0787309664,2005-10,1
0787675156,2005-03,1
0787689793,2005-08,2
0787689793,2005-09,1
0787689793,2005-10,1
0787901113,2005-05,1
0787903027,2005-06,1
0787903612,2005-09,1
0787910589,2005-09,1
0787910686,2005-10,1
0787914118,2005-09,1
0787938718,2005-04,1
0787941190,2005-04,1
0787944777,2005-10,1
0787945137,2005-01,1
0787945692,2005-10,1
0787945781,2005-09,1
0787946435,2005-07,1
0787947350,2005-05,1
0787947857,2005-01,1
0787950475,2005-06,1
0787951722,2005-03,1
0787951722,2005-08,2
0787951935,2005-09,1
0787952346,2005-08,1
0787955116,2005-04,1
078795599X,2005-08,1
078795599X,2005-10,1
0787956309,2005-10,1
0787956562,2005-07,1
0787956562,2005-09,1
0787956783,2005-05,1
0787960217,2005-07,1
0787960551,2005-09,1
0787960756,2005-09,2
0787960756,2005-10,1
0787963712,2005-07,1
0787963879,2005-05,1
0787963879,2005-09,1
0787964190,2005-07,1
0787964417,2005-10,1
0787965685,2005-04,1
0787965685,2005-05,1
0787965685,2005-08,1
0787965839,2005-09,1
078796591X,2005-07,1
0787966177,2005-07,1
0787966304,2005-02,1
0787966673,2005-08,1
0787966878,2005-07,1
0787967025,2005-03,1
0787968056,2005-09,1
0787968323,2005-09,1
0787968331,2005-08,1
0787968404,2005-02,1
0787968951,2005-05,1
0787968951,2005-09,1
0787969583,2005-07,1
0787969583,2005-09,1
0787970034,2005-09,1
0787970514,2005-08,1
0787970719,2005-01,1
078797112X,2005-03,1
0787971545,2005-01,1
0787971588,2005-05,1
0787971898,2005-09,1
0787972304,2005-04,1
0787972959,2005-08,1
0787973114,2005-08,1
0787973653,2005-02,1
0787973718,2005-05,1
0787974099,2005-08,1
0787974099,2005-09,1
0787974161,2005-08,1
0787974277,2005-06,1
0787974714,2005-09,1
0787975923,2005-04,3
0787975923,2005-05,5
0787975923,2005-07,2
0787975923,2005-09,1
0787976288,2005-08,1
0787977357,2005-05,1
0787977683,2005-09,1
0787978949,2005-07,1
0787978949,2005-08,1
0787979155,2005-04,1
0787979287,2005-08,1
0787979880,2005-10,1
078798129X,2005-10,1
0787981397,2005-09,2
0788008552,2005-08,1
0788013467,2005-09,1
078809906X,2005-01,1
0788112082,2005-05,1
0788157787,2005-09,1
0788401564,2005-06,1
0788754327,2005-10,1
0788789813,2005-09,1
0788789821,2005-10,1
078878983X,2005-09,1
0789002183,2005-05,1
0789002906,2005-09,1
0789008955,2005-03,1
0789009056,2005-04,1
0789011441,2005-09,1
0789012464,2005-03,1
0789015838,2005-09,1
0789018357,2005-09,1
0789024497,2005-08,1
0789201828,2005-01,1
0789203650,2005-09,1
0789203839,2005-10,1
0789203944,2005-01,1
0789204304,2005-02,1
0789205386,2005-02,2
0789205386,2005-07,1
0789205386,2005-08,1
0789205424,2005-05,1
0789208318,2005-09,1
0789300494,2005-04,1
0789302454,2005-05,1
0789303590,2005-04,1
0789303612,2005-09,1
0789303760,2005-08,1
0789303817,2005-09,1
0789304945,2005-03,1
0789305895,2005-09,1
0789306840,2005-08,1
0789306840,2005-09,1
0789306859,2005-03,1
0789307944,2005-09,1
0789310058,2005-09,1
0789310643,2005-02,1
0789310643,2005-08,1
0789310740,2005-09,1
0789310759,2005-03,1
0789311909,2005-08,1
0789312042,2005-05,1
0789312050,2005-02,1
0789312050,2005-08,1
0789312425,2005-09,1
0789312514,2005-09,1
0789313022,2005-06,1
0789313073,2005-08,1
0789313073,2005-09,1
0789313189,2005-07,1
0789313200,2005-08,1
0789415402,2005-07,1
0789415402,2005-08,1
0789415402,2005-10,1
0789426374,2005-07,1
0789432870,2005-03,1
0789434369,2005-08,1
0789434814,2005-05,1
0789435187,2005-03,1
0789435209,2005-09,1
0789436507,2005-10,1
0789439468,2005-08,1
0789439891,2005-05,1
0789446030,2005-01,1
0789447223,2005-08,1
0789448580,2005-03,1
0789448904,2005-02,1
0789450720,2005-03,1
0789450747,2005-06,1
0789450747,2005-08,1
0789451158,2005-03,1
0789451565,2005-03,1
0789451751,2005-09,1
0789452200,2005-02,1
0789452383,2005-07,1
0789452383,2005-09,1
0789454300,2005-09,1
0789457245,2005-07,1
0789463024,2005-08,1
0789465116,2005-03,1
0789465213,2005-04,1
0789467682,2005-06,1
0789467682,2005-10,1
0789473380,2005-09,1
078947395X,2005-08,1
0789474018,2005-05,1
0789476460,2005-10,1
0789479907,2005-09,1
0789479923,2005-02,1
0789480212,2005-03,1
0789480212,2005-05,1
078948031X,2005-01,1
078948045X,2005-09,1
0789480743,2005-10,1
0789483297,2005-08,1
078948398X,2005-09,1
0789484005,2005-10,1
0789484048,2005-09,1
0789484536,2005-09,1
0789485508,2005-05,1
0789488582,2005-09,1
0789489163,2005-01,1
0789489287,2005-07,1
0789489341,2005-08,1
0789489597,2005-08,1
0789489856,2005-09,1
0789489902,2005-07,1
0789489929,2005-08,1
0789490102,2005-03,1
0789491826,2005-09,1
0789491834,2005-10,1
0789492342,2005-10,1
0789492539,2005-02,1
0789493055,2005-09,1
0789493055,2005-10,1
0789493306,2005-08,1
0789493322,2005-05,1
0789493322,2005-06,1
0789493322,2005-08,1
0789493349,2005-08,1
0789493837,2005-08,1
0789493837,2005-09,3
0789493853,2005-05,1
0789493853,2005-09,1
0789493861,2005-08,2
0789493896,2005-07,1
0789493896,2005-08,1
0789493926,2005-08,1
0789494213,2005-09,1
0789494221,2005-09,2
0789494248,2005-09,1
0789494264,2005-02,1
0789494280,2005-04,1
0789494280,2005-09,1
0789494302,2005-08,1
0789494302,2005-09,1
0789494329,2005-08,1
0789494981,2005-02,1
0789494981,2005-10,1
0789495694,2005-03,1
0789495740,2005-08,1
0789495759,2005-09,1
0789496429,2005-05,1
0789496518,2005-09,1
0789496739,2005-05,1
0789496909,2005-02,1
0789496933,2005-04,1
0789497182,2005-05,1
0789497212,2005-08,1
0789497247,2005-09,1
0789497263,2005-08,1
078949728X,2005-08,1
0789497506,2005-09,1
0789498693,2005-09,1
0789701367,2005-10,1
0789721449,2005-01,1
0789722836,2005-09,1
0789723018,2005-05,1
0789723107,2005-02,1
0789723107,2005-07,1
0789723107,2005-08,2
0789723107,2005-09,3
0789724286,2005-09,1
0789724650,2005-05,1
0789725045,2005-06,1
0789725525,2005-01,1
0789726599,2005-09,1
078972698X,2005-03,1
0789727560,2005-08,1
0789728184,2005-03,1
0789728184,2005-06,1
0789728184,2005-08,1
0789728222,2005-04,1
0789728222,2005-06,1
0789728222,2005-07,1
0789728230,2005-04,1
0789728303,2005-01,1
0789728303,2005-06,1
0789728656,2005-01,1
0789728656,2005-07,1
0789728745,2005-06,1
0789728826,2005-08,1
0789728966,2005-09,1
0789728974,2005-08,1
0789728990,2005-08,1
0789729016,2005-02,1
0789729016,2005-08,1
0789729024,2005-05,1
0789729024,2005-06,1
0789729024,2005-08,1
0789729105,2005-07,1
0789729474,2005-05,1
0789729547,2005-07,1
0789729911,2005-08,1
0789729970,2005-04,1
0789729970,2005-08,1
0789730286,2005-05,1
0789730286,2005-06,1
0789730332,2005-07,1
0789730375,2005-08,1
0789730375,2005-09,1
0789730413,2005-03,1
0789730421,2005-04,1
0789730421,2005-07,1
078973043X,2005-09,1
0789730448,2005-01,1
0789730448,2005-07,1
0789730766,2005-04,1
0789730782,2005-05,1
0789730987,2005-08,1
0789731002,2005-03,1
0789731312,2005-08,1
0789731320,2005-08,1
0789731959,2005-01,1
0789731975,2005-09,1
0789732025,2005-01,1
0789732025,2005-02,1
0789732564,2005-03,1
0789732564,2005-09,1
0789732610,2005-07,1
0789732726,2005-06,1
0789732726,2005-07,1
0789732785,2005-03,1
0789733730,2005-06,1
0789733730,2005-08,1
0789733730,2005-09,1
078990456X,2005-08,1
0789909960,2005-10,1
0790610418,2005-07,1
0790612194,2005-01,1
0790613093,2005-07,1
0790613123,2005-08,1
0791081222,2005-09,1
079144080X,2005-08,1
0791446069,2005-07,1
0791447820,2005-09,1
0791454525,2005-09,1
079145844X,2005-01,1
0791459047,2005-02,1
0791461033,2005-07,1
079180223X,2005-08,1
079222731X,2005-02,1
0792233743,2005-02,1
0792238737,2005-08,1
079226164X,2005-08,1
0792261879,2005-09,1
0792261887,2005-08,2
0792264029,2005-09,1
0792264665,2005-08,1
0792265211,2005-09,1
0792266862,2005-05,1
0792267958,2005-09,1
0792268385,2005-06,1
0792268776,2005-08,1
0792270142,2005-05,1
0792271688,2005-08,1
0792272226,2005-08,1
0792272668,2005-07,1
0792274172,2005-08,1
0792279212,2005-03,1
0792279433,2005-10,1
0792279468,2005-07,1
0792282043,2005-08,1
0792282256,2005-01,1
0792289897,2005-06,1
0792289897,2005-09,1
0792293290,2005-09,1
0792293436,2005-08,1
0792355148,2005-06,1
0792397657,2005-01,1
0792425898,2005-03,1
0792715179,2005-04,1
0792734793,2005-05,1
0793111498,2005-08,1
0793117313,2005-06,1
0793127637,2005-08,1
0793135230,2005-07,1
0793136644,2005-10,1
0793141095,2005-07,1
0793141095,2005-09,1
0793142644,2005-08,1
0793144914,2005-06,1
0793145139,2005-09,1
0793147565,2005-09,1
0793148251,2005-02,1
0793150264,2005-01,1
0793154154,2005-10,1
0793154375,2005-03,1
0793154375,2005-09,2
0793154707,2005-04,1
0793155606,2005-01,1
0793160278,2005-10,1
0793160324,2005-02,1
0793167981,2005-09,1
0793176816,2005-08,1
0793177324,2005-08,1
0793177545,2005-04,1
0793177634,2005-09,1
0793178398,2005-06,1
0793179270,2005-09,1
0793179297,2005-09,1
079318018X,2005-04,1
079318018X,2005-06,1
0793183391,2005-04,1
079318567X,2005-04,1
0793185688,2005-02,1
0793185688,2005-09,1
079318794X,2005-04,1
0793188288,2005-02,1
0793188601,2005-06,1
0793192773,2005-09,2
0793193087,2005-04,1
0793193087,2005-08,1
0793195160,2005-07,1
0793195160,2005-08,1
0793195179,2005-01,1
0793195179,2005-03,1
0793195179,2005-07,1
0793195179,2005-08,1
0793195209,2005-09,1
0793198992,2005-09,1
079350029X,2005-05,1
0793502349,2005-09,1
0793502861,2005-02,1
0793502861,2005-05,1
0793504457,2005-04,1
079350628X,2005-09,1
079350824X,2005-10,1
0793509580,2005-04,1
0793514428,2005-02,1
0793515173,2005-08,1
0793516544,2005-09,1
0793516889,2005-09,1
0793518326,2005-06,1
0793518326,2005-09,1
0793520886,2005-08,1
0793524113,2005-05,1
0793529581,2005-10,1
0793530776,2005-03,1
0793533775,2005-03,1
0793534151,2005-09,1
0793540461,2005-10,1
0793542049,2005-09,1
0793542057,2005-06,1
0793542057,2005-10,1
0793542065,2005-05,1
0793545374,2005-09,1
0793551668,2005-08,1
0793552559,2005-09,1
0793557127,2005-07,1
0793560438,2005-07,1
079356509X,2005-06,1
079357000X,2005-08,1
0793570441,2005-09,1
0793570514,2005-08,1
079357370X,2005-01,1
0793573742,2005-10,1
0793574110,2005-09,1
0793576741,2005-09,1
0793576792,2005-09,1
0793578264,2005-09,1
0793578310,2005-04,1
0793578566,2005-02,1
0793578566,2005-05,1
0793581303,2005-08,1
0793581702,2005-07,1
079358177X,2005-10,1
0793582598,2005-04,1
0793582598,2005-10,1
0793585201,2005-08,1
0793592658,2005-07,1
0793594219,2005-08,1
0793597528,2005-02,1
0793598702,2005-07,1
0793598788,2005-02,1
0793599490,2005-04,1
0793802121,2005-04,1
0793802733,2005-02,1
0793803764,2005-09,1
0793804973,2005-05,1
0793805309,2005-09,1
0793805376,2005-08,1
0793805384,2005-09,1
0793805759,2005-05,1
0793807700,2005-09,1
0793807921,2005-07,1
0793807972,2005-08,1
0793819016,2005-08,1
0793821010,2005-07,1
0793821150,2005-08,1
0793821215,2005-05,1
0793827647,2005-08,1
0793827779,2005-10,1
0793827965,2005-07,1
079382804X,2005-08,1
0793828155,2005-01,1
0793828198,2005-06,1
0793834538,2005-08,1
0793836549,2005-05,1
0793836557,2005-01,1
0794402623,2005-06,1
0794403670,2005-07,1
0794404138,2005-10,1
0794404448,2005-01,1
0794502164,2005-09,1
079450535X,2005-09,1
0794602134,2005-08,1
0794602169,2005-01,1
0794602223,2005-01,1
0794602428,2005-08,1
0794603165,2005-04,1
0794650066,2005-05,1
0794807321,2005-06,1
0794817912,2005-04,1
0800611462,2005-09,1
0800615387,2005-01,1
0800618998,2005-09,1
0800623134,2005-06,1
080062646X,2005-02,1
080062646X,2005-06,1
0800626796,2005-07,1
0800626796,2005-08,1
0800626796,2005-09,1
0800627237,2005-07,1
0800628462,2005-06,1
0800628543,2005-08,1
0800629817,2005-09,1
0800632249,2005-09,1
0800632621,2005-07,1
080063294X,2005-09,1
080063490X,2005-08,1
0800634942,2005-08,1
0800635817,2005-03,1
0800636090,2005-09,1
080063618X,2005-08,1
0800636236,2005-10,1
0800636430,2005-07,1
0800636740,2005-03,1
0800636988,2005-10,1
0800637003,2005-09,1
0800637062,2005-07,1
0800637658,2005-08,1
0800683056,2005-10,1
0800712374,2005-07,1
0800714784,2005-09,1
0800714903,2005-10,1
0800717368,2005-08,1
0800717880,2005-05,1
0800717880,2005-06,1
0800717880,2005-08,1
0800718291,2005-07,1
0800718305,2005-07,1
0800718313,2005-07,1
0800718372,2005-03,1
0800730941,2005-09,1
0800751213,2005-07,1
0800755707,2005-09,1
0800756312,2005-02,1
0800757181,2005-01,1
0800757270,2005-01,1
0800757378,2005-02,1
0800757394,2005-10,2
0800758706,2005-01,1
0800759494,2005-09,1
0800759850,2005-10,1
080078412X,2005-05,2
0800784340,2005-05,1
0800787242,2005-08,2
0800791088,2005-10,1
0800791312,2005-07,1
0800792009,2005-08,1
0800792602,2005-01,1
0800792807,2005-09,1
0800793013,2005-02,1
0800793013,2005-07,1
0800793218,2005-07,1
0800793242,2005-09,1
0800793404,2005-05,1
0800793439,2005-08,1
0800793455,2005-05,1
0800793617,2005-08,1
0800793722,2005-02,1
0800793722,2005-04,1
0800793722,2005-05,1
0800793749,2005-07,1
080079382X,2005-08,1
0800793897,2005-04,1
080079396X,2005-06,1
0800793994,2005-10,1
0800809327,2005-07,1
0800845730,2005-02,1
0800849000,2005-10,1
0801008859,2005-08,1
0801009952,2005-06,1
0801010195,2005-07,1
0801011124,2005-09,1
0801011205,2005-07,1
0801012600,2005-07,1
0801012643,2005-09,1
080101266X,2005-09,1
0801021189,2005-07,1
0801021499,2005-10,1
0801021839,2005-09,2
0801022282,2005-07,1
0801022665,2005-01,1
080102451X,2005-06,1
0801025893,2005-07,1
0801026105,2005-07,1
0801026520,2005-10,1
0801026903,2005-09,1
0801027128,2005-05,1
0801027322,2005-07,1
0801027519,2005-09,1
0801027713,2005-09,1
0801027977,2005-08,1
080102871X,2005-09,1
0801036771,2005-08,1
0801038553,2005-04,1
0801043859,2005-07,1
0801044464,2005-06,1
0801045045,2005-06,1
0801045282,2005-03,1
080105317X,2005-08,1
080105494X,2005-10,1
0801057744,2005-09,1
0801057922,2005-09,1
080105821X,2005-04,1
0801058295,2005-06,1
0801058341,2005-08,1
0801058465,2005-09,1
0801058627,2005-03,1
080105916X,2005-08,1
080106211X,2005-09,1
0801062225,2005-07,1
0801063051,2005-10,1
0801063175,2005-04,1
0801063698,2005-08,1
0801063841,2005-09,1
0801064007,2005-07,1
0801064031,2005-04,1
0801064112,2005-08,1
0801064120,2005-03,1
0801064139,2005-10,1
0801064163,2005-05,1
080106418X,2005-06,1
0801064236,2005-02,1
080106435X,2005-01,1
080106435X,2005-10,1
0801064376,2005-04,1
0801064694,2005-08,1
0801065089,2005-07,1
0801065275,2005-08,1
0801065321,2005-05,1
0801065429,2005-04,1
080106550X,2005-08,1
0801065585,2005-05,1
0801069890,2005-04,1
0801090474,2005-02,1
0801091020,2005-09,1
0801091438,2005-09,1
0801091713,2005-03,1
0801091721,2005-07,1
0801091780,2005-07,1
0801309719,2005-10,1
080131531X,2005-03,1
080131531X,2005-08,1
0801316480,2005-09,1
0801318238,2005-03,1
0801414555,2005-09,1
0801419689,2005-05,1
0801420857,2005-10,1
0801427967,2005-04,1
0801439272,2005-05,1
0801439272,2005-07,1
0801441501,2005-06,1
0801442303,2005-04,1
0801442435,2005-03,1
080144246X,2005-06,1
0801442923,2005-10,1
0801443970,2005-08,1
080147261X,2005-08,1
0801480752,2005-10,1
0801483069,2005-09,1
0801483344,2005-08,2
0801483344,2005-09,1
0801483344,2005-10,1
0801484006,2005-04,1
0801485037,2005-03,1
0801486378,2005-09,1
080148667X,2005-05,1
0801487145,2005-04,1
0801487277,2005-06,1
0801488311,2005-05,1
0801489156,2005-10,1
0801489164,2005-09,1
0801492009,2005-09,1
0801492033,2005-04,1
0801493137,2005-01,1
0801497876,2005-02,1
0801655285,2005-07,1
080183158X,2005-09,1
0801841119,2005-07,1
0801842859,2005-03,1
0801843006,2005-07,1
0801848083,2005-03,1
0801848245,2005-09,1
080185363X,2005-08,1
0801853990,2005-06,1
0801854407,2005-01,1
0801855055,2005-04,1
080185654X,2005-01,1
0801856582,2005-09,1
0801856620,2005-04,1
0801857074,2005-06,1
0801860679,2005-07,1
080186271X,2005-04,1
0801863406,2005-03,1
0801863945,2005-09,1
0801864046,2005-01,1
0801864771,2005-04,1
0801865360,2005-06,1
0801865603,2005-05,1
0801866022,2005-08,1
0801867452,2005-09,1
0801868467,2005-09,1
0801869323,2005-09,1
0801869501,2005-04,1
0801870380,2005-08,1
0801879205,2005-09,1
080187971X,2005-09,1
0801879760,2005-09,1
0801880076,2005-04,1
0801880076,2005-08,1
0801880785,2005-08,1
0801880912,2005-07,1
0801881064,2005-07,1
0801956439,2005-09,1
0801972329,2005-09,1
0801976758,2005-08,1
0801983916,2005-04,1
0801984327,2005-03,1
0801985226,2005-01,1
0801986451,2005-07,1
0801986451,2005-08,1
080198680X,2005-10,1
0801989647,2005-08,1
0801990602,2005-08,1
0801990602,2005-10,1
0801990890,2005-02,1
0801990955,2005-08,1
0801991110,2005-09,1
080203778X,2005-08,1
0802063675,2005-08,1
0802078583,2005-04,1
0802081029,2005-04,1
0802083897,2005-03,1
0802084257,2005-05,1
0802086578,2005-04,1
0802101593,2005-01,1
0802114288,2005-09,1
0802117295,2005-02,1
0802117473,2005-07,1
0802117767,2005-06,1
0802117775,2005-02,1
0802117791,2005-02,2
0802117791,2005-05,2
0802117813,2005-01,1
0802117813,2005-10,1
0802117856,2005-07,1
0802117880,2005-03,1
0802117910,2005-04,1
0802117945,2005-09,2
0802117961,2005-06,1
0802117996,2005-07,1
0802117996,2005-09,1
0802118054,2005-07,2
0802118054,2005-08,2
0802130208,2005-02,2
0802130208,2005-06,1
0802130208,2005-10,1
0802130313,2005-09,1
0802130623,2005-08,1
0802131379,2005-08,1
0802131433,2005-04,1
0802131662,2005-08,1
0802132189,2005-04,1
0802132634,2005-07,1
0802134297,2005-04,1
0802134297,2005-06,1
0802134505,2005-08,1
0802134653,2005-06,1
0802134653,2005-09,1
0802135064,2005-09,1
0802135196,2005-04,1
0802135781,2005-04,1
0802135986,2005-05,1
0802136257,2005-07,1
0802136354,2005-09,1
0802136486,2005-02,1
0802136486,2005-05,1
0802136508,2005-09,1
0802136834,2005-08,1
0802136885,2005-05,1
0802137407,2005-05,1
0802137482,2005-08,1
0802137490,2005-03,1
0802137954,2005-08,1
0802138292,2005-06,1
0802138330,2005-09,1
0802138551,2005-05,1
0802138594,2005-03,1
0802138942,2005-03,1
0802138942,2005-10,1
0802139256,2005-01,1
0802139256,2005-02,1
0802139256,2005-04,1
0802139256,2005-08,1
080213937X,2005-01,1
0802139566,2005-08,1
0802139582,2005-04,1
0802139590,2005-06,1
0802139590,2005-10,1
0802139787,2005-02,1
0802139892,2005-02,1
0802139957,2005-06,1
0802139981,2005-08,1
0802139981,2005-09,1
0802140149,2005-04,1
0802140246,2005-05,1
0802140343,2005-10,1
080214120X,2005-01,1
0802141226,2005-06,1
0802141293,2005-08,1
080214165X,2005-06,1
0802141692,2005-05,1
0802141927,2005-06,1
0802141935,2005-04,1
0802141935,2005-10,1
0802141951,2005-06,1
0802141951,2005-07,1
0802142109,2005-10,1
0802151787,2005-05,1
0802170048,2005-02,1
0802170099,2005-04,1
0802402828,2005-02,1
0802404782,2005-07,1
0802407676,2005-10,1
0802407684,2005-01,1
0802408168,2005-09,1
0802413633,2005-08,1
0802413668,2005-08,1
0802415555,2005-05,1
0802423191,2005-03,1
0802427340,2005-04,2
0802429432,2005-08,1
0802429793,2005-04,1
0802430589,2005-08,1
0802433219,2005-05,1
0802433219,2005-10,1
0802436366,2005-06,1
0802436986,2005-09,1
0802438660,2005-03,1
0802438660,2005-06,1
0802438954,2005-06,1
0802439799,2005-05,1
0802441971,2005-07,1
0802442323,2005-04,1
0802443710,2005-03,1
080244458X,2005-05,1
0802446922,2005-07,1
0802454135,2005-03,1
0802459137,2005-02,1
0802459137,2005-05,1
0802467016,2005-09,1
0802467997,2005-04,1
0802467997,2005-09,1
0802471943,2005-08,1
0802709451,2005-08,1
0802712096,2005-06,1
0802713203,2005-03,1
0802713815,2005-05,1
0802714021,2005-05,1
0802714048,2005-07,1
0802714110,2005-09,1
0802714129,2005-05,1
0802714153,2005-06,1
0802714331,2005-03,1
0802714358,2005-09,1
0802714404,2005-02,2
0802714404,2005-07,1
0802714404,2005-10,1
0802714439,2005-08,1
0802714471,2005-06,1
0802714471,2005-07,1
0802714471,2005-08,2
0802714471,2005-09,1
0802714498,2005-08,1
0802714498,2005-10,1
0802714536,2005-08,1
0802714544,2005-10,1
0802775403,2005-04,1
0802775640,2005-03,1
0802775985,2005-08,1
0802776604,2005-02,1
0802784917,2005-04,1
0802789013,2005-08,1
0802789021,2005-06,1
0802789412,2005-09,1
0802789595,2005-04,1
0802789617,2005-10,1
0802801765,2005-01,1
080280294X,2005-04,1
0802803601,2005-05,1
080280456X,2005-09,1
0802805981,2005-09,1
0802807933,2005-09,1
0802807941,2005-03,1
0802808212,2005-09,1
0802808484,2005-07,1
0802809758,2005-07,1
0802809782,2005-06,1
0802809812,2005-09,1
0802811213,2005-03,1
0802812821,2005-09,1
0802817319,2005-09,1
0802821170,2005-07,1
0802821200,2005-02,1
0802821642,2005-03,1
0802823882,2005-05,1
0802823955,2005-08,1
0802824498,2005-09,1
0802824978,2005-05,1
0802824978,2005-06,1
0802825052,2005-04,1
0802825109,2005-06,1
0802825257,2005-02,1
0802826598,2005-04,1
0802827667,2005-09,1
0802827780,2005-10,1
0802827853,2005-08,1
0802828523,2005-08,1
0802828582,2005-03,1
0802828752,2005-03,1
080282921X,2005-07,1
0802829295,2005-07,1
0802834132,2005-09,1
0802836194,2005-06,1
0802837174,2005-08,1
0802837301,2005-09,1
0802837360,2005-10,1
0802838448,2005-02,1
0802838987,2005-03,1
0802839061,2005-06,1
0802839258,2005-07,1
0802839940,2005-04,1
0802841023,2005-06,1
0802841023,2005-07,1
0802841066,2005-04,2
0802841325,2005-06,1
0802842828,2005-07,1
0802843689,2005-04,1
0802844375,2005-05,1
0802844456,2005-02,1
0802844456,2005-07,1
0802844456,2005-09,1
0802844847,2005-03,1
0802845975,2005-10,1
0802846491,2005-10,1
0802846505,2005-10,1
0802846602,2005-05,1
0802846688,2005-09,1
0802847706,2005-10,1
0802849067,2005-07,1
0802849601,2005-07,1
0802849733,2005-09,1
0802850111,2005-08,1
0802852785,2005-09,1
0802852831,2005-09,1
0802860613,2005-06,1
0803215142,2005-01,1
0803215274,2005-10,1
0803224265,2005-02,1
080322432X,2005-04,1
080322432X,2005-08,1
0803227620,2005-05,1
0803227698,2005-09,1
0803229291,2005-08,1
0803238037,2005-03,1
0803242972,2005-09,1
0803250150,2005-03,1
0803251386,2005-02,1
0803257139,2005-07,1
0803258348,2005-04,1
0803258658,2005-09,1
0803259425,2005-05,1
0803261705,2005-02,1
0803261705,2005-04,1
0803261705,2005-09,1
0803261845,2005-07,1
0803262086,2005-06,1
0803263252,2005-01,1
0803263678,2005-04,1
0803263708,2005-07,1
0803263775,2005-07,1
0803264283,2005-06,1
0803266278,2005-09,1
0803266278,2005-10,1
0803266316,2005-05,1
0803270755,2005-08,1
0803270984,2005-02,1
0803273533,2005-06,1
080327355X,2005-04,1
0803275978,2005-07,1
0803279957,2005-02,1
0803280351,2005-05,1
0803280351,2005-06,1
0803282478,2005-10,1
0803282559,2005-08,1
0803282885,2005-07,1
0803291213,2005-09,1
0803291841,2005-04,1
0803292112,2005-04,1
0803293275,2005-08,2
0803294042,2005-05,1
0803294042,2005-09,1
0803294336,2005-08,1
0803296177,2005-08,1
0803297807,2005-02,1
0803298188,2005-04,1
0803494777,2005-02,1
0803496648,2005-02,1
0803497059,2005-06,1
080360033X,2005-08,1
0803601581,2005-07,1
0803602790,2005-08,1
0803604270,2005-08,1
0803606192,2005-04,1
0803608330,2005-01,1
080361053X,2005-06,1
080361053X,2005-08,1
0803610564,2005-04,1
0803612257,2005-07,1
0803612486,2005-05,1
0803612869,2005-09,1
0803701233,2005-08,1
0803719477,2005-07,1
0803722907,2005-03,1
0803723520,2005-08,1
0803725876,2005-08,1
0803725876,2005-09,1
0803727364,2005-07,1
0803728808,2005-05,1
0803729820,2005-09,1
0803743009,2005-07,1
080382033X,2005-04,1
0803931042,2005-03,1
080394540X,2005-05,1
0803957998,2005-09,1
0803959400,2005-09,1
0804006172,2005-09,1
0804009317,2005-10,1
080401003X,2005-09,1
0804103720,2005-02,1
0804105995,2005-07,1
0804106304,2005-08,1
0804107386,2005-07,1
0804108366,2005-03,1
0804108560,2005-01,1
0804108579,2005-09,1
0804108749,2005-01,1
0804110387,2005-03,1
0804111359,2005-02,1
0804111634,2005-04,1
0804115427,2005-07,1
0804115486,2005-07,1
0804116059,2005-08,2
0804117586,2005-04,1
0804117640,2005-05,1
080411871X,2005-07,1
0804118752,2005-08,1
0804118825,2005-05,1
0804119120,2005-06,1
0804119635,2005-04,1
0804119716,2005-01,1
0804119864,2005-07,1
0804231095,2005-08,1
0804708274,2005-09,1
0804718849,2005-04,1
0804723311,2005-03,1
0804730415,2005-01,1
0804730466,2005-09,1
0804736332,2005-02,1
0804745498,2005-02,1
0804749264,2005-10,1
0804750513,2005-04,1
0804801967,2005-05,1
0804804966,2005-05,1
0804810435,2005-08,1
0804815429,2005-07,1
0804815801,2005-10,1
0804816476,2005-05,1
080481676X,2005-03,1
0804817030,2005-06,1
0804817251,2005-10,1
0804818894,2005-03,1
0804819181,2005-01,1
0804820740,2005-10,1
0804820775,2005-06,1
0804831297,2005-09,1
0804831602,2005-07,1
0804831904,2005-05,1
0804832056,2005-09,1
0804832064,2005-05,1
0804832625,2005-09,1
0804832951,2005-10,1
0804833184,2005-02,1
0804833613,2005-07,1
0804833613,2005-10,1
0804833656,2005-09,1
0804833885,2005-01,1
0804834091,2005-08,1
0804834148,2005-09,1
0804834202,2005-08,1
0804834563,2005-06,1
0804835101,2005-06,1
0804835101,2005-09,1
0804835365,2005-08,1
0804835918,2005-08,1
0804835934,2005-05,1
0805006621,2005-06,1
0805006621,2005-08,1
0805006621,2005-09,1
0805008047,2005-10,1
0805008225,2005-09,1
0805009272,2005-10,1
0805009361,2005-03,1
0805010483,2005-10,1
0805011579,2005-05,1
0805011943,2005-03,1
0805011943,2005-06,1
0805012176,2005-08,1
0805014586,2005-02,1
0805014977,2005-10,1
0805015752,2005-03,1
080501585X,2005-09,1
0805018360,2005-04,1
0805019790,2005-09,1
0805020411,2005-07,1
0805023968,2005-08,1
0805028846,2005-08,1
0805028846,2005-09,1
0805029605,2005-09,1
0805031391,2005-01,1
0805032576,2005-08,1
0805035362,2005-09,1
0805043926,2005-09,1
0805044310,2005-05,1
0805046305,2005-07,1
0805046941,2005-08,1
080504695X,2005-10,1
0805047603,2005-02,1
0805047743,2005-05,1
0805047905,2005-01,2
0805047905,2005-04,1
0805047905,2005-08,1
0805050132,2005-06,1
0805051171,2005-09,1
0805052143,2005-03,1
080505295X,2005-07,1
0805053034,2005-07,1
0805053077,2005-06,1
0805053883,2005-08,1
0805054383,2005-08,2
0805054642,2005-02,1
0805055487,2005-09,1
0805055762,2005-10,1
0805055975,2005-01,1
0805056238,2005-04,1
0805056254,2005-01,1
0805056491,2005-02,1
080505765X,2005-09,1
0805058265,2005-07,1
0805059644,2005-08,1
0805060286,2005-05,1
0805061738,2005-08,1
0805061770,2005-09,2
0805061800,2005-09,1
0805062009,2005-09,1
0805062602,2005-10,1
0805062882,2005-08,1
0805062998,2005-09,1
0805063218,2005-04,1
0805063323,2005-06,1
0805063528,2005-03,1
0805063897,2005-05,1
0805063897,2005-08,2
0805065105,2005-01,1
0805065377,2005-07,1
0805065512,2005-06,1
0805066144,2005-09,2
0805066144,2005-10,1
0805066152,2005-08,1
0805066284,2005-08,1
0805066330,2005-08,2
0805066438,2005-06,1
0805066624,2005-02,1
0805066683,2005-05,1
0805066691,2005-01,1
0805066691,2005-08,1
0805066934,2005-07,1
0805066977,2005-02,1
0805066977,2005-05,1
0805067620,2005-01,1
0805067639,2005-03,1
0805067698,2005-05,1
0805067809,2005-05,1
0805067884,2005-01,1
0805067884,2005-07,1
0805067906,2005-03,1
0805068007,2005-02,1
0805068007,2005-09,1
0805068392,2005-08,1
0805068953,2005-04,1
0805069046,2005-07,1
0805069054,2005-01,1
0805069089,2005-01,1
0805069135,2005-04,1
0805069399,2005-06,1
0805069429,2005-03,1
0805069429,2005-06,1
0805069461,2005-02,1
0805069461,2005-08,1
0805069496,2005-03,1
0805069569,2005-02,1
0805069801,2005-02,1
0805069801,2005-09,1
0805069925,2005-01,1
0805069925,2005-06,1
0805070044,2005-07,1
0805070664,2005-07,1
0805070664,2005-09,1
0805070893,2005-08,1
0805070893,2005-09,1
0805071342,2005-03,1
0805071342,2005-09,1
0805071458,2005-01,1
0805071458,2005-03,1
0805071458,2005-06,1
0805071474,2005-01,1
0805071652,2005-03,1
0805071741,2005-04,1
0805071954,2005-01,1
0805072101,2005-09,1
0805072454,2005-07,1
0805072500,2005-03,1
0805072527,2005-03,1
080507256X,2005-10,1
0805072780,2005-07,1
0805073132,2005-01,1
0805073132,2005-04,2
0805073140,2005-05,1
0805073302,2005-07,1
0805073396,2005-02,3
0805073396,2005-05,1
0805073396,2005-07,1
0805073566,2005-08,1
0805073566,2005-09,1
080507368X,2005-09,1
0805073698,2005-07,1
0805073744,2005-02,1
0805073744,2005-08,1
0805073744,2005-09,1
0805073957,2005-02,1
0805073965,2005-01,1
0805074007,2005-09,1
0805074031,2005-07,2
0805074066,2005-09,1
080507421X,2005-01,1
0805074287,2005-02,1
0805074422,2005-05,1
0805074422,2005-06,1
0805074422,2005-08,1
0805074562,2005-02,1
0805074562,2005-03,2
0805074562,2005-04,4
0805074562,2005-05,1
0805074562,2005-08,2
0805074627,2005-04,1
0805074643,2005-05,1
0805074791,2005-02,1
0805075062,2005-03,1
0805075119,2005-07,1
0805075313,2005-09,1
0805075372,2005-04,1
0805075402,2005-08,1
0805075402,2005-09,3
0805075429,2005-08,1
0805075593,2005-07,1
0805075615,2005-03,1
0805075690,2005-09,1
080507581X,2005-07,2
0805075909,2005-09,1
0805075933,2005-09,1
0805075941,2005-04,2
0805075984,2005-05,1
080507600X,2005-09,1
0805076026,2005-09,1
0805076069,2005-09,3
0805076069,2005-10,1
0805076123,2005-01,1
0805076123,2005-06,1
0805076123,2005-07,1
0805076123,2005-09,1
0805076220,2005-07,1
0805076336,2005-08,1
0805076468,2005-06,1
0805076468,2005-09,1
0805076514,2005-04,1
0805076514,2005-08,1
0805076530,2005-01,1
0805076670,2005-05,1
0805076824,2005-01,2
0805076824,2005-02,4
0805076824,2005-03,5
0805076824,2005-04,1
0805076824,2005-06,2
0805076824,2005-07,2
0805076824,2005-08,1
0805076883,2005-04,1
0805077111,2005-09,1
0805077235,2005-04,1
0805077251,2005-04,1
0805077251,2005-09,1
0805077456,2005-09,2
0805077464,2005-04,1
0805077464,2005-05,1
0805077464,2005-06,1
0805077545,2005-07,2
0805077553,2005-09,1
080507757X,2005-01,1
080507774X,2005-04,1
080507774X,2005-05,1
080507774X,2005-10,2
0805077766,2005-04,1
0805077766,2005-08,1
080507791X,2005-05,2
080507791X,2005-06,1
080507791X,2005-08,1
0805078185,2005-01,1
0805078517,2005-09,1
0805078592,2005-10,1
0805078649,2005-07,1
0805078681,2005-06,2
0805078681,2005-08,1
0805078738,2005-09,1
0805078975,2005-09,4
0805079076,2005-08,1
0805079076,2005-09,1
0805079076,2005-10,1
0805080163,2005-09,1
0805205098,2005-02,1
0805208984,2005-04,1
0805208984,2005-06,1
0805208984,2005-08,1
0805208984,2005-10,1
0805209700,2005-08,1
0805210245,2005-10,1
0805210318,2005-03,1
0805210318,2005-08,1
0805210407,2005-09,2
0805210601,2005-10,1
0805210954,2005-05,1
0805211195,2005-06,1
0805211403,2005-08,1
080524204X,2005-01,1
0805366245,2005-07,1
0805366245,2005-08,1
0805366245,2005-09,2
080537146X,2005-07,1
080537146X,2005-10,1
0805374736,2005-10,1
0805374760,2005-08,1
0805390456,2005-08,1
0805401717,2005-06,1
0805401989,2005-01,1
0805406654,2005-05,1
0805412662,2005-07,1
0805417761,2005-08,1
0805417761,2005-09,1
0805418350,2005-05,1
0805418768,2005-08,1
0805419675,2005-09,1
0805420207,2005-06,1
0805420525,2005-06,1
0805420789,2005-08,1
0805421289,2005-02,1
0805421378,2005-08,1
0805421580,2005-09,1
0805422838,2005-04,1
0805422943,2005-07,1
0805423311,2005-10,1
0805424830,2005-04,1
0805424938,2005-05,1
0805425764,2005-07,1
0805426248,2005-04,1
0805426337,2005-04,1
0805427279,2005-09,1
0805427309,2005-08,1
0805430504,2005-01,1
0805430539,2005-09,1
0805431322,2005-07,1
0805431373,2005-07,1
0805431438,2005-05,1
0805431586,2005-02,1
0805431853,2005-10,1
0805431888,2005-08,1
0805431896,2005-08,1
0805431934,2005-03,1
0805432639,2005-07,1
0805437703,2005-01,1
0805439609,2005-08,1
0805440372,2005-07,1
0805440372,2005-09,1
0805440453,2005-10,1
0805494626,2005-08,1
0805499547,2005-07,1
080549975X,2005-02,1
0805779558,2005-01,1
0805819746,2005-05,1
0805822313,2005-07,1
0805835598,2005-07,1
0805838929,2005-04,1
080583978X,2005-09,1
0805840184,2005-07,1
0805842969,2005-01,1
0805846247,2005-05,1
0805847898,2005-03,1
0805851070,2005-06,1
0805851178,2005-09,1
0805855939,2005-09,1
0805957316,2005-07,1
0805958231,2005-09,1
0805958533,2005-05,1
080596049X,2005-09,1
0805960953,2005-07,1
0806113669,2005-03,1
0806115386,2005-07,1
0806122951,2005-01,1
0806126671,2005-08,1
080612668X,2005-06,1
0806127260,2005-04,1
0806128461,2005-01,1
0806129980,2005-04,1
0806130547,2005-07,1
0806131047,2005-06,1
0806131284,2005-06,1
0806131888,2005-07,1
0806133201,2005-02,1
080613464X,2005-06,1
0806135514,2005-03,1
0806136383,2005-02,1
0806136383,2005-03,1
0806136391,2005-08,1
0806136588,2005-05,1
0806313420,2005-03,1
0806317418,2005-09,1
0806502002,2005-04,1
0806504404,2005-09,1
0806505494,2005-05,1
0806507233,2005-01,1
0806507284,2005-05,1
0806510609,2005-07,1
0806512717,2005-05,1
0806516852,2005-09,1
0806517379,2005-08,1
0806518871,2005-07,1
0806519258,2005-01,1
0806520329,2005-03,1
0806520639,2005-03,1
0806520892,2005-02,1
0806521821,2005-04,1
080652247X,2005-06,1
0806522941,2005-07,1
0806523433,2005-02,1
080652345X,2005-01,1
0806523506,2005-08,1
0806523514,2005-08,1
0806523557,2005-07,1
0806523700,2005-04,2
0806523700,2005-07,1
0806524103,2005-06,1
0806524235,2005-04,1
080652541X,2005-04,1
0806525592,2005-01,1
080652569X,2005-01,1
080652569X,2005-09,1
080652569X,2005-10,1
0806525908,2005-02,1
0806526262,2005-08,1
080652636X,2005-09,1
0806526424,2005-04,1
0806526513,2005-03,1
0806526513,2005-05,1
0806526637,2005-08,1
080652670X,2005-05,1
0806526750,2005-09,1
0806526793,2005-05,2
0806526793,2005-08,1
0806613106,2005-04,1
0806616768,2005-07,1
0806621516,2005-04,1
0806622628,2005-09,1
0806625767,2005-09,1
080662700X,2005-09,1
0806635711,2005-07,1
0806638982,2005-08,1
0806645962,2005-07,1
0806649364,2005-08,1
0806651059,2005-06,1
0806651083,2005-05,1
080665130X,2005-01,1
0806651458,2005-09,1
0806651776,2005-08,1
0806651792,2005-07,1
0806901861,2005-09,1
0806904968,2005-05,1
0806925272,2005-05,1
0806926996,2005-10,1
0806940409,2005-09,1
0806943394,2005-08,1
0806948221,2005-06,1
080694837X,2005-04,1
0806948388,2005-09,1
0806948779,2005-08,1
0806955198,2005-10,1
0806958022,2005-10,1
0806961716,2005-03,1
080696345X,2005-09,1
0806972165,2005-02,1
0806974869,2005-02,1
080697561X,2005-10,1
0806975644,2005-09,1
080697589X,2005-05,1
0806976292,2005-10,1
0806978961,2005-09,1
0806982640,2005-06,1
0806982640,2005-09,1
0806984694,2005-08,1
0806987391,2005-07,2
0806989130,2005-08,1
0806991992,2005-06,1
080699391X,2005-08,1
0806993987,2005-02,1
080699424X,2005-10,1
0807002348,2005-02,1
0807004227,2005-09,1
0807009571,2005-08,1
0807010529,2005-05,1
0807012394,2005-03,1
0807012394,2005-04,1
0807012432,2005-06,1
0807016179,2005-05,1
0807021148,2005-09,1
0807032670,2005-07,1
0807032727,2005-09,1
0807043443,2005-01,1
0807043761,2005-03,1
0807046604,2005-01,1
0807047058,2005-07,1
0807059099,2005-08,1
0807064734,2005-08,1
0807065226,2005-10,1
0807066613,2005-06,1
080706789X,2005-05,1
0807067938,2005-08,1
0807068314,2005-05,1
0807068772,2005-10,1
0807070718,2005-08,1
0807072125,2005-09,1
0807072524,2005-04,1
0807072583,2005-04,1
0807072605,2005-06,1
0807072621,2005-08,2
0807072664,2005-05,1
0807077143,2005-03,1
0807077143,2005-09,1
0807077224,2005-02,1
0807077224,2005-08,1
0807083178,2005-10,1
0807107832,2005-03,1
0807113522,2005-04,1
0807116904,2005-07,1
0807118540,2005-08,1
0807118737,2005-09,1
0807119679,2005-07,1
0807121363,2005-08,1
0807126802,2005-09,1
0807127914,2005-06,1
0807131113,2005-09,1
0807206121,2005-06,1
0807206121,2005-09,1
0807218677,2005-07,1
0807219657,2005-08,1
0807220299,2005-09,2
0807223166,2005-08,1
0807261688,2005-07,1
0807261785,2005-07,1
0807262013,2005-08,1
0807262021,2005-06,1
0807275565,2005-09,1
0807281913,2005-09,1
0807281948,2005-08,2
0807281948,2005-09,2
0807281956,2005-10,1
0807282324,2005-09,1
0807282588,2005-07,1
0807282596,2005-07,1
0807282596,2005-08,1
0807282596,2005-09,3
0807282596,2005-10,1
0807404837,2005-07,1
0807408832,2005-09,1
0807501875,2005-09,1
0807507857,2005-05,1
0807511528,2005-09,1
080751697X,2005-08,1
0807542105,2005-07,1
0807552216,2005-02,1
0807563390,2005-08,1
0807563803,2005-08,1
0807574589,2005-04,1
0807574910,2005-09,1
080757550X,2005-08,1
0807578223,2005-01,1
0807591092,2005-09,1
0807609560,2005-06,1
0807614572,2005-09,1
0807734470,2005-01,1
0807736732,2005-10,1
0807812536,2005-08,1
0807820962,2005-09,1
0807826480,2005-05,1
0807826731,2005-08,1
0807828289,2005-06,1
0807828939,2005-06,1
0807829099,2005-04,1
0807829218,2005-06,1
0807829218,2005-07,1
0807829218,2005-09,1
0807841471,2005-09,1
0807843490,2005-08,1
0807844209,2005-09,1
0807844705,2005-05,1
0807844705,2005-07,1
0807845949,2005-06,1
0807847860,2005-03,1
0807847909,2005-07,1
0807847909,2005-10,1
0807849111,2005-08,1
080784926X,2005-02,1
0807854158,2005-09,1
0807854794,2005-09,1
0807855014,2005-05,1
0807855103,2005-07,1
0807855154,2005-07,1
0807855618,2005-02,1
0809001608,2005-02,1
0809015803,2005-07,1
0809028581,2005-02,1
0809028581,2005-05,1
0809029561,2005-03,1
0809029561,2005-05,1
0809029561,2005-09,1
0809069512,2005-01,1
0809080737,2005-03,1
080908970X,2005-08,1
0809095335,2005-10,1
0809104881,2005-07,1
0809117541,2005-07,1
0809122332,2005-10,1
0809123452,2005-07,1
0809127059,2005-09,1
0809128969,2005-08,1
0809129590,2005-06,1
0809133997,2005-01,1
0809134632,2005-03,1
0809135140,2005-08,1
0809135795,2005-08,1
0809135795,2005-10,2
0809136678,2005-09,1
0809139227,2005-07,1
0809139553,2005-08,1
0809139596,2005-10,1
0809139731,2005-07,1
0809140934,2005-07,1
0809142651,2005-07,1
0809142708,2005-05,1
0809143011,2005-05,1
0809143283,2005-05,1
0809167018,2005-09,1
0809167085,2005-08,1
0809222272,2005-08,1
0809224275,2005-08,1
0809224275,2005-09,2
0809225034,2005-08,1
0809225352,2005-09,1
0809225379,2005-07,1
0809225921,2005-07,1
0809225921,2005-08,1
0809229099,2005-03,1
0809229099,2005-06,1
0809230585,2005-03,1
0809232197,2005-01,1
0809234998,2005-10,1
0809235005,2005-01,1
0809235668,2005-07,1
0809238403,2005-03,1
0809240726,2005-08,1
0809241315,2005-10,1
0809244748,2005-09,1
0809244756,2005-05,1
0809245914,2005-02,1
0809246295,2005-09,1
0809247275,2005-04,1
0809247992,2005-09,1
0809258811,2005-08,1
0809275449,2005-09,1
0809294192,2005-07,1
0809294583,2005-02,1
0809294699,2005-08,1
0809297469,2005-02,1
0809298805,2005-10,1
0809308800,2005-05,1
0809311984,2005-05,1
0809314665,2005-05,1
0809314673,2005-05,1
0809316927,2005-05,1
0809316935,2005-05,1
0809319640,2005-05,1
0809320347,2005-06,1
080932198X,2005-05,1
0809322765,2005-05,1
0809324326,2005-10,1
0809324903,2005-02,1
0809325950,2005-03,1
0809325985,2005-02,1
0809326272,2005-09,1
0809326310,2005-09,1
0809326329,2005-09,1
0809326450,2005-07,1
080943427X,2005-02,1
0809452456,2005-07,1
0809500450,2005-07,1
0809510715,2005-03,1
0809510979,2005-04,1
0809510987,2005-09,1
0809511193,2005-01,1
0809511266,2005-08,1
0809511290,2005-06,1
0809530864,2005-08,1
0809533677,2005-08,1
0809550970,2005-09,1
0809592789,2005-01,1
0809810239,2005-07,1
0810004097,2005-08,1
0810110202,2005-04,1
0810112906,2005-08,1
0810114275,2005-09,1
0810115492,2005-01,1
0810117444,2005-07,1
0810117657,2005-06,1
0810118769,2005-02,1
0810160234,2005-06,1
081016065X,2005-01,1
081016065X,2005-05,1
0810394901,2005-07,1
0810456877,2005-06,1
0810827832,2005-07,1
081083796X,2005-01,1
0810839431,2005-03,1
0810841312,2005-09,1
0810847388,2005-06,1
0810847779,2005-03,1
0810848147,2005-04,1
0810848201,2005-09,1
0810848449,2005-09,1
0810848848,2005-05,1
0810849976,2005-05,1
0810851326,2005-09,1
0810851598,2005-08,1
0810905582,2005-09,1
0810906244,2005-09,1
0810910098,2005-08,1
0810913712,2005-06,1
0810916746,2005-09,1
0810918684,2005-10,1
0810925087,2005-08,1
0810932911,2005-09,1
0810932962,2005-02,1
0810932989,2005-08,1
0810933519,2005-08,1
0810934817,2005-01,1
0810935309,2005-09,1
0810935325,2005-01,1
0810935333,2005-09,1
0810935406,2005-10,1
0810938138,2005-02,1
0810939304,2005-05,1
0810941228,2005-09,1
0810941864,2005-09,1
0810942178,2005-09,1
0810942534,2005-07,1
0810942747,2005-09,1
0810943409,2005-05,1
0810943565,2005-08,1
0810943697,2005-04,1
0810943743,2005-04,1
0810944413,2005-04,1
0810944472,2005-09,1
0810945320,2005-09,1
0810945398,2005-10,1
0810945436,2005-09,1
0810945797,2005-04,1
0810946033,2005-09,1
0810946661,2005-09,1
0810948214,2005-02,1
0810948478,2005-03,1
0810949385,2005-09,1
0810949415,2005-02,1
0810949415,2005-07,1
0810949520,2005-09,1
0810949547,2005-07,1
0810949687,2005-03,1
0810949709,2005-01,1
0810949709,2005-08,1
0810949792,2005-09,1
0810950146,2005-06,1
0810950391,2005-07,1
0810955849,2005-07,1
0810955911,2005-09,1
0810955946,2005-03,1
0810956047,2005-03,1
081095608X,2005-01,1
0810956136,2005-08,1
0810956268,2005-08,1
0810956551,2005-08,1
0810957809,2005-10,1
0810957868,2005-08,1
0810957876,2005-09,1
0810958597,2005-05,1
0810958686,2005-07,1
0810958724,2005-04,1
0810958740,2005-08,1
0810958740,2005-09,2
0810958856,2005-08,1
0810958864,2005-03,1
0810958937,2005-06,1
0810958945,2005-06,1
081095897X,2005-09,1
0810959011,2005-06,1
0810959011,2005-07,1
0810959038,2005-10,1
0810959062,2005-08,1
0810959429,2005-10,1
0810965941,2005-08,1
0810966085,2005-04,1
0810967960,2005-09,1
0810981270,2005-07,1
0810982013,2005-04,1
0810985942,2005-01,1
0810987767,2005-08,1
0810991055,2005-02,1
0810991055,2005-03,1
0810991055,2005-07,1
0810991179,2005-03,1
0810992000,2005-06,3
0810992000,2005-08,1
0810992000,2005-09,1
0810992108,2005-10,1
0811200418,2005-04,1
0811200426,2005-01,1
0811200612,2005-02,1
081120118X,2005-01,1
0811201546,2005-07,1
0811201805,2005-08,1
081120491X,2005-01,1
0811205746,2005-10,1
081121138X,2005-10,1
0811212696,2005-05,1
0811212882,2005-04,1
0811214206,2005-05,1
0811214575,2005-06,1
0811214885,2005-03,1
0811215865,2005-03,1
0811215865,2005-07,1
081121592X,2005-08,1
0811216071,2005-08,1
0811216195,2005-07,1
0811700194,2005-08,1
0811700615,2005-01,1
0811700615,2005-08,1
0811700798,2005-10,1
081170128X,2005-09,1
0811701441,2005-10,1
0811701980,2005-02,1
0811705781,2005-07,1
0811709272,2005-10,1
0811715663,2005-07,1
0811716538,2005-09,1
0811722260,2005-08,1
0811722260,2005-09,2
0811726045,2005-08,1
0811726347,2005-06,1
0811726371,2005-05,1
0811726495,2005-08,1
0811726738,2005-06,1
0811727939,2005-09,1
0811728110,2005-10,1
0811728196,2005-08,1
0811728463,2005-06,1
0811728986,2005-04,1
0811729117,2005-03,1
0811729117,2005-04,1
0811729427,2005-05,1
0811729710,2005-08,1
0811729710,2005-09,1
0811729885,2005-09,1
0811730042,2005-07,1
0811731014,2005-05,1
0811731804,2005-03,1
0811731812,2005-04,1
0811731839,2005-08,1
0811731987,2005-07,1
0811732193,2005-10,1
081173238X,2005-09,1
0811808173,2005-08,1
081180870X,2005-03,1
0811808858,2005-07,1
0811809692,2005-07,1
081181064X,2005-08,1
0811811212,2005-01,1
0811811212,2005-07,1
0811811514,2005-04,1
0811811565,2005-01,1
0811813541,2005-09,2
0811814238,2005-01,1
0811815706,2005-07,1
0811816664,2005-09,1
0811817318,2005-09,1
0811818128,2005-05,1
0811818179,2005-08,1
0811818438,2005-09,1
0811820718,2005-09,1
0811820866,2005-09,1
0811822141,2005-02,1
0811823059,2005-07,1
0811824195,2005-01,1
0811824462,2005-08,1
0811824659,2005-07,1
0811824659,2005-10,1
0811824896,2005-03,1
0811825558,2005-08,1
0811826023,2005-08,1
0811826538,2005-05,1
0811826600,2005-07,1
0811826880,2005-01,1
0811827569,2005-07,1
0811827593,2005-02,1
0811827917,2005-05,1
0811828255,2005-01,1
0811828468,2005-09,1
0811828506,2005-02,1
0811828689,2005-07,1
0811828867,2005-07,1
0811828891,2005-04,1
0811828964,2005-06,1
0811828980,2005-03,1
0811829189,2005-09,1
0811829677,2005-06,1
0811830195,2005-10,1
0811830225,2005-07,1
0811830225,2005-09,1
0811831256,2005-04,1
0811831477,2005-09,1
0811831779,2005-10,1
0811831973,2005-03,1
0811831973,2005-06,1
0811831973,2005-07,1
0811831973,2005-08,1
0811833283,2005-04,1
0811833550,2005-08,1
0811833836,2005-07,1
0811833836,2005-09,1
0811834352,2005-09,1
0811834514,2005-05,1
0811834514,2005-07,1
081183493X,2005-04,1
081183493X,2005-05,1
0811834948,2005-06,1
0811834948,2005-08,1
0811834964,2005-01,1
0811835111,2005-08,1
0811835162,2005-08,1
0811835340,2005-07,1
0811835480,2005-09,1
0811835952,2005-03,1
0811835987,2005-04,1
0811836428,2005-09,1
0811836525,2005-09,1
0811836746,2005-03,1
0811836835,2005-08,1
0811836983,2005-01,1
0811837858,2005-08,1
0811838099,2005-03,1
0811838188,2005-09,1
0811838285,2005-08,1
0811838447,2005-01,1
0811839591,2005-07,2
0811839591,2005-10,1
0811839893,2005-02,1
0811840026,2005-07,1
0811840484,2005-10,1
0811840549,2005-02,1
0811840549,2005-03,1
0811840867,2005-10,1
0811840913,2005-10,1
0811840921,2005-09,1
0811841154,2005-08,1
0811841308,2005-10,1
0811841472,2005-08,1
0811841529,2005-01,1
0811842118,2005-07,1
0811842118,2005-09,1
0811842126,2005-06,1
0811842126,2005-07,1
0811842134,2005-09,1
0811842169,2005-05,1
0811842169,2005-09,1
0811842436,2005-10,1
0811842460,2005-09,1
0811842487,2005-01,1
081184305X,2005-06,1
081184305X,2005-07,1
081184305X,2005-09,1
0811843084,2005-09,1
0811843130,2005-01,1
0811843203,2005-06,1
0811843211,2005-06,1
0811843211,2005-07,1
0811843211,2005-09,2
0811843432,2005-09,1
081184384X,2005-07,1
0811843971,2005-01,1
0811844307,2005-10,1
0811844331,2005-02,1
0811844420,2005-08,1
081184501X,2005-06,1
0811845044,2005-05,1
0811845052,2005-02,1
0811845052,2005-04,1
0811845052,2005-05,1
0811845052,2005-08,1
0811845052,2005-09,1
0811845052,2005-10,1
0811845109,2005-01,1
0811845117,2005-01,1
0811845362,2005-02,1
0811845362,2005-03,1
0811845362,2005-06,1
0811845362,2005-07,1
0811845427,2005-08,1
0811845451,2005-09,1
0811845540,2005-09,1
0811845613,2005-08,1
0811845923,2005-09,1
0811845923,2005-10,1
0811846040,2005-05,1
0811846067,2005-07,2
0811846350,2005-08,1
0811846350,2005-09,2
081184658X,2005-08,1
0811846695,2005-09,1
0811847470,2005-05,1
0811848159,2005-06,1
0811848248,2005-03,1
0811848248,2005-08,1
0811848248,2005-09,2
0811848566,2005-10,1
0811848655,2005-10,1
0811848833,2005-10,1
0811849481,2005-08,2
0811849902,2005-09,1
0811850161,2005-08,1
0812004760,2005-09,1
0812005473,2005-06,1
0812006372,2005-08,1
0812013565,2005-09,1
0812016874,2005-07,1
0812019423,2005-03,1
0812020847,2005-04,1
0812027000,2005-07,1
0812040902,2005-04,1
0812040902,2005-10,1
0812045297,2005-03,1
0812046013,2005-02,1
0812065530,2005-06,1
0812074793,2005-10,1
0812080165,2005-09,1
0812090187,2005-10,1
0812090349,2005-05,1
0812091418,2005-07,1
0812091418,2005-10,1
0812093240,2005-08,1
0812094107,2005-04,1
0812094689,2005-10,1
0812096045,2005-01,1
0812096487,2005-03,1
0812096533,2005-04,1
0812096533,2005-08,1
0812096533,2005-09,1
0812097491,2005-09,1
0812099168,2005-10,1
0812211561,2005-07,1
0812212517,2005-07,1
0812212762,2005-01,1
0812213823,2005-10,1
0812216792,2005-08,1
0812217268,2005-09,1
0812217721,2005-02,1
0812218191,2005-07,1
0812218604,2005-09,1
0812218698,2005-09,1
0812237005,2005-04,1
0812237714,2005-07,1
0812238079,2005-07,1
0812238087,2005-03,1
0812238508,2005-10,1
0812238966,2005-09,1
081242302X,2005-01,1
0812505042,2005-01,1
0812510488,2005-07,1
0812511638,2005-10,1
0812511816,2005-08,2
0812511816,2005-09,1
0812513711,2005-08,1
0812513738,2005-08,1
0812515285,2005-08,2
0812516524,2005-08,1
0812516834,2005-10,1
0812517024,2005-06,1
0812517725,2005-08,1
0812519655,2005-06,1
0812520297,2005-08,1
0812520610,2005-10,1
0812520971,2005-04,1
0812521390,2005-07,1
0812521463,2005-08,1
0812522222,2005-09,1
0812523350,2005-09,1
0812524020,2005-03,1
0812524020,2005-04,1
0812524853,2005-05,1
0812524896,2005-07,1
0812533178,2005-09,1
0812533844,2005-04,1
081253882X,2005-04,1
0812540077,2005-06,1
0812540077,2005-10,1
0812540395,2005-04,1
0812541626,2005-04,1
0812541642,2005-05,1
0812541928,2005-08,1
0812541928,2005-09,1
0812542835,2005-02,1
0812542835,2005-08,1
0812544501,2005-03,1
0812544641,2005-04,1
0812547381,2005-09,1
0812549139,2005-09,1
0812549333,2005-02,1
0812550447,2005-08,1
0812550757,2005-07,1
0812550757,2005-09,1
0812551087,2005-05,1
0812553926,2005-06,1
0812555481,2005-08,1
0812562615,2005-03,1
0812564626,2005-01,1
081256541X,2005-09,1
0812565959,2005-03,1
081256653X,2005-09,1
0812566548,2005-08,1
0812566629,2005-02,1
0812566793,2005-09,1
0812566998,2005-09,1
0812570030,2005-07,1
0812571053,2005-05,1
0812571088,2005-01,1
0812571339,2005-02,1
0812571339,2005-07,3
0812571339,2005-09,3
0812571355,2005-09,1
0812574664,2005-10,1
0812575059,2005-04,1
0812575482,2005-07,1
0812575490,2005-07,1
081257558X,2005-09,1
0812575601,2005-08,1
0812575717,2005-06,1
0812576063,2005-08,1
0812576330,2005-04,1
0812576365,2005-05,1
081257639X,2005-04,1
0812576403,2005-06,1
0812577795,2005-08,1
0812578546,2005-08,1
0812579410,2005-09,1
0812579488,2005-08,1
0812579844,2005-01,1
0812579844,2005-09,1
0812580036,2005-02,1
0812580311,2005-09,1
0812580346,2005-06,1
081258435X,2005-04,1
0812589262,2005-08,1
0812589718,2005-09,1
0812589815,2005-04,1
0812589831,2005-10,1
0812590619,2005-06,1
0812590961,2005-07,1
0812693663,2005-03,1
0812693906,2005-09,1
081269404X,2005-07,1
0812694333,2005-08,1
0812694554,2005-09,1
0812695631,2005-01,1
0812695755,2005-08,1
0812695771,2005-04,1
0812695836,2005-04,1
0812817966,2005-03,1
0812821661,2005-07,1
081282749X,2005-10,1
0812901665,2005-09,1
0812906241,2005-08,1
0812907582,2005-10,1
0812910826,2005-03,1
0812917561,2005-01,1
0812917561,2005-04,1
081291970X,2005-07,1
0812920996,2005-09,1
0812921666,2005-09,1
0812922654,2005-09,1
0812924029,2005-01,1
0812925300,2005-09,1
0812925866,2005-09,1
0812928881,2005-08,1
081292990X,2005-01,1
0812929985,2005-08,1
0812931076,2005-01,1
0812931173,2005-08,1
0812931416,2005-05,1
0812932188,2005-01,1
0812932188,2005-07,1
0812932188,2005-08,1
0812932293,2005-08,2
0812932307,2005-08,1
081293332X,2005-08,1
0812933753,2005-01,1
0812934393,2005-02,1
0812935152,2005-08,1
0812935810,2005-06,1
0812935810,2005-08,1
0812936132,2005-08,1
0812936531,2005-10,1
081296618X,2005-04,1
081296618X,2005-08,1
081296666X,2005-02,1
0812966678,2005-05,1
0812966767,2005-07,1
0812966902,2005-08,1
0812966929,2005-03,1
0812966929,2005-09,1
0812967089,2005-03,1
0812967089,2005-09,1
0812967127,2005-06,1
0812967216,2005-08,1
0812967267,2005-05,1
0812967267,2005-07,1
0812967348,2005-07,1
0812967623,2005-05,1
0812967682,2005-03,1
0812967852,2005-08,1
0812967879,2005-08,1
0812967941,2005-04,1
0812968204,2005-05,1
0812968379,2005-01,1
0812968379,2005-09,2
0812968425,2005-07,1
081296845X,2005-09,1
0812968557,2005-07,1
0812968581,2005-10,1
0812968972,2005-02,2
0812968972,2005-08,1
0812968980,2005-04,1
0812969006,2005-06,1
0812969006,2005-07,1
0812969006,2005-08,1
0812969014,2005-05,1
0812969014,2005-06,1
0812969014,2005-09,1
0812969472,2005-08,1
0812969553,2005-05,1
0812969596,2005-04,1
0812970667,2005-05,1
0812971043,2005-06,1
0812971043,2005-09,1
081297106X,2005-01,1
081297106X,2005-02,1
081297106X,2005-04,1
081297106X,2005-08,1
081297106X,2005-09,1
081297106X,2005-10,1
0812971337,2005-04,1
0812971469,2005-09,1
0812971531,2005-07,1
0812971531,2005-08,1
0812972120,2005-01,1
0812972511,2005-09,1
0812972597,2005-07,1
0812972597,2005-08,1
0812972864,2005-07,1
0812972961,2005-09,1
0812973011,2005-06,2
0812973038,2005-05,1
0812973151,2005-02,1
0812973607,2005-08,1
0812973925,2005-07,1
0812974417,2005-06,1
0812991001,2005-09,1
0812991001,2005-10,1
0812991079,2005-04,1
0812992199,2005-09,1
0812992520,2005-08,1
0813015472,2005-04,1
0813016770,2005-02,1
081301767X,2005-08,1
0813026156,2005-09,1
0813026369,2005-04,1
081302644X,2005-10,1
0813028388,2005-10,1
0813101778,2005-07,1
0813108101,2005-07,1
0813109558,2005-04,1
0813114594,2005-09,1
081311859X,2005-08,1
0813119502,2005-04,1
0813120470,2005-01,1
0813120497,2005-09,1
0813121221,2005-07,1
0813122309,2005-07,1
0813122333,2005-04,1
0813122430,2005-05,1
0813122600,2005-07,1
0813122678,2005-05,1
0813122678,2005-07,1
0813123097,2005-09,1
0813123259,2005-05,1
0813123445,2005-08,1
0813123488,2005-09,1
081312350X,2005-07,1
0813200962,2005-07,1
0813206332,2005-10,1
0813208653,2005-08,1
0813209714,2005-08,1
0813209722,2005-04,1
0813301661,2005-07,1
0813310636,2005-04,1
0813324785,2005-06,1
0813326427,2005-03,1
0813326621,2005-07,1
0813335337,2005-01,1
0813338786,2005-09,1
0813339367,2005-03,1
0813340489,2005-10,1
0813340861,2005-06,1
0813340861,2005-08,1
0813341388,2005-05,1
0813341531,2005-02,1
081334218X,2005-02,1
0813342511,2005-04,1
0813342511,2005-08,1
0813343046,2005-07,1
0813343143,2005-09,1
0813365635,2005-08,1
0813365961,2005-05,1
0813366208,2005-08,1
0813391539,2005-04,1
0813391563,2005-08,1
0813391563,2005-09,1
0813507251,2005-04,1
0813522242,2005-08,1
0813528747,2005-05,1
0813530032,2005-05,1
081353030X,2005-07,1
0813530369,2005-03,1
0813530369,2005-06,1
081353433X,2005-06,1
0813534712,2005-02,1
0813534933,2005-08,1
0813535042,2005-05,1
0813535077,2005-09,1
0813535476,2005-10,1
0813535530,2005-06,1
0813535662,2005-05,1
0813536006,2005-08,2
0813536847,2005-09,1
0813628199,2005-07,1
081365632X,2005-03,1
0813803195,2005-06,1
081380423X,2005-09,1
0813807387,2005-08,1
0813808081,2005-04,1
0813808081,2005-05,1
0813808545,2005-07,1
081381328X,2005-06,1
0813821495,2005-08,1
0813821495,2005-09,1
0813912652,2005-01,1
0813912660,2005-02,1
0813912660,2005-04,1
0813912997,2005-09,1
0813917581,2005-09,1
0813923239,2005-08,1
0814118720,2005-07,1
0814158161,2005-07,1
0814205364,2005-06,1
0814205429,2005-09,1
0814250912,2005-03,1
081432228X,2005-08,1
0814331289,2005-09,1
0814332277,2005-06,1
0814332331,2005-07,1
0814402437,2005-04,1
0814403565,2005-09,1
0814404332,2005-04,1
0814404804,2005-01,1
0814405053,2005-03,1
0814405991,2005-03,1
0814406505,2005-08,1
081440667X,2005-03,1
0814407935,2005-09,2
0814408095,2005-07,1
0814408435,2005-04,1
0814408540,2005-03,1
0814408540,2005-08,1
0814408656,2005-09,2
0814408656,2005-10,1
0814470548,2005-09,1
0814470637,2005-03,1
0814470653,2005-06,1
0814470726,2005-07,1
0814471056,2005-03,2
0814471056,2005-06,1
0814471536,2005-07,1
0814471609,2005-03,1
0814471609,2005-05,1
0814471684,2005-03,1
0814472028,2005-04,1
0814472079,2005-01,1
0814472109,2005-02,4
0814472109,2005-05,2
0814472214,2005-02,1
0814472435,2005-08,1
0814472451,2005-03,1
0814472494,2005-01,1
0814472494,2005-02,2
0814472494,2005-06,1
0814472494,2005-08,1
0814472494,2005-09,1
0814472621,2005-01,1
0814472699,2005-02,2
0814472753,2005-04,1
0814472753,2005-05,1
0814472796,2005-05,1
081447280X,2005-09,1
0814472990,2005-10,1
0814477208,2005-07,1
0814477232,2005-04,1
0814478808,2005-04,1
081447926X,2005-07,1
0814479774,2005-07,1
0814479952,2005-08,1
0814604323,2005-09,1
0814612245,2005-09,1
0814613632,2005-09,1
081461518X,2005-04,1
0814619665,2005-09,1
0814620280,2005-09,1
0814620590,2005-09,1
0814620752,2005-08,1
0814621279,2005-08,1
0814621546,2005-08,1
0814624332,2005-06,1
0814627609,2005-05,1
081462796X,2005-08,1
0814627978,2005-09,1
0814628338,2005-07,1
0814628338,2005-08,1
0814628338,2005-09,1
0814628729,2005-10,1
0814629849,2005-02,1
0814630189,2005-07,1
0814650783,2005-02,1
0814651585,2005-01,1
0814652190,2005-02,1
0814652891,2005-09,1
0814657885,2005-09,1
0814658121,2005-07,1
0814660851,2005-04,1
0814690513,2005-03,1
0814690513,2005-04,2
0814690513,2005-07,1
0814713289,2005-03,1
081472714X,2005-09,1
0814747752,2005-05,1
081475550X,2005-09,1
0814756530,2005-03,1
0814756867,2005-02,1
0814758169,2005-05,1
0814767109,2005-02,1
0814782825,2005-08,1
0814782922,2005-09,1
0814796982,2005-04,1
081515609X,2005-08,1
0815170599,2005-09,1
0815190727,2005-09,1
0815316216,2005-10,1
0815320450,2005-08,1
0815332181,2005-09,1
0815404514,2005-05,1
0815410093,2005-05,1
0815410220,2005-06,1
0815410425,2005-08,1
0815410700,2005-08,1
0815412045,2005-03,1
0815412045,2005-08,1
0815412134,2005-03,1
0815412894,2005-03,1
0815602545,2005-09,1
0815603665,2005-10,1
0815604998,2005-07,1
0815605846,2005-09,1
0815607571,2005-07,1
0815628218,2005-06,1
0815629575,2005-04,1
0815629591,2005-06,1
0815715013,2005-06,1
0815716176,2005-08,1
0815752040,2005-05,1
0815752040,2005-09,1
0815764758,2005-07,1
0815783000,2005-07,1
0815797281,2005-07,1
0815968078,2005-03,1
0816011680,2005-03,1
0816030723,2005-09,1
0816036497,2005-08,1
0816038287,2005-07,2
0816039615,2005-03,1
0816040362,2005-09,1
0816044015,2005-03,1
0816044562,2005-07,1
0816044570,2005-07,1
081604578X,2005-09,1
0816046719,2005-08,1
0816047022,2005-03,1
0816051232,2005-03,1
0816051232,2005-08,1
0816160341,2005-03,1
0816319790,2005-10,1
0816512566,2005-03,1
0816512892,2005-09,1
0816514801,2005-09,1
0816518874,2005-09,1
0816520232,2005-09,1
0816520577,2005-07,1
0816520577,2005-08,1
0816522421,2005-08,1
0816618003,2005-04,1
081662089X,2005-07,1
0816622353,2005-07,1
0816627541,2005-03,1
081662979X,2005-03,1
0816632421,2005-10,1
0816634971,2005-02,1
081663551X,2005-09,1
0816636737,2005-09,1
0816642680,2005-07,1
0816643369,2005-08,1
0816643377,2005-03,1
0816713170,2005-10,1
0817011218,2005-09,1
0817014799,2005-07,1
0817242724,2005-07,1
0817313931,2005-01,1
0817314008,2005-02,1
0817314148,2005-02,1
0817314156,2005-04,1
0817424563,2005-06,1
0817433112,2005-03,1
0817433252,2005-04,1
0817434852,2005-03,1
0817435425,2005-03,1
0817435425,2005-09,1
081743710X,2005-03,1
081743738X,2005-08,1
0817437789,2005-06,1
0817440240,2005-01,1
0817440240,2005-02,1
0817440526,2005-06,1
0817440593,2005-01,1
0817440593,2005-02,1
0817440593,2005-03,2
0817441816,2005-10,1
0817442324,2005-09,1
0817445455,2005-08,1
0817450157,2005-08,1
0817450416,2005-05,1
0817450416,2005-09,1
0817454276,2005-08,1
0817454276,2005-09,1
0817454276,2005-10,1
0817456023,2005-08,1
081745926X,2005-05,1
0817459278,2005-08,1
0817463003,2005-02,1
0817463003,2005-06,1
0817463003,2005-08,1
0817463003,2005-09,3
0817463003,2005-10,1
0817463542,2005-06,1
0817464166,2005-09,1
0817470719,2005-07,1
0817632360,2005-06,1
0817640614,2005-02,1
0817641742,2005-05,1
0818403969,2005-07,1
0818404302,2005-04,1
0818404566,2005-04,1
0818405716,2005-06,1
0818406054,2005-01,1
0818406054,2005-04,1
0818406305,2005-01,1
0818406356,2005-05,1
0818406402,2005-03,1
0818406429,2005-05,1
0818406429,2005-07,1
0818406429,2005-08,3
0818406429,2005-10,1
081840647X,2005-08,1
081840647X,2005-09,1
0818406488,2005-10,1
0818904100,2005-09,1
081890822X,2005-03,1
0818909757,2005-03,1
0819104736,2005-08,1
0819125822,2005-07,1
0819178322,2005-09,1
0819194913,2005-08,1
0819214760,2005-02,1
0819215856,2005-06,1
0819217158,2005-09,1
0819217689,2005-08,1
0819217700,2005-06,1
0819218200,2005-09,1
0819218308,2005-08,1
0819218715,2005-07,1
0819218863,2005-08,1
081921910X,2005-09,1
0819219150,2005-09,1
0819219487,2005-09,1
0819219673,2005-08,1
0819219673,2005-09,2
0819221139,2005-03,1
0819221139,2005-10,1
0819221198,2005-07,1
0819221384,2005-05,1
081922152X,2005-07,1
0819221783,2005-05,1
0819303941,2005-02,1
0819305162,2005-09,1
0819309133,2005-03,1
081955233X,2005-09,1
0819561444,2005-08,1
0819563293,2005-03,1
0819564516,2005-01,1
0819564656,2005-08,1
0819564818,2005-06,1
0819566713,2005-04,1
0819567507,2005-03,1
0819700150,2005-08,1
0819705985,2005-07,1
0819707198,2005-08,1
0819815306,2005-04,1
0819839833,2005-07,1
081986479X,2005-09,1
0819873942,2005-03,1
0819909211,2005-07,1
0819909815,2005-08,1
0820111074,2005-08,1
0820310263,2005-07,1
0820316369,2005-07,1
0820316636,2005-04,1
0820321753,2005-09,1
0820322741,2005-08,1
0820323586,2005-07,1
0820324914,2005-01,1
082032499X,2005-07,1
0820326550,2005-09,1
0820327115,2005-08,1
0820327433,2005-09,1
0820437808,2005-08,1
0820467596,2005-09,1
0820470716,2005-09,1
0820474088,2005-07,1
082054910X,2005-09,1
0820550272,2005-05,1
0821217992,2005-03,1
0821219243,2005-07,1
0821220160,2005-05,1
0821222821,2005-08,1
082122459X,2005-08,1
0821224697,2005-07,1
0821224956,2005-08,1
0821225162,2005-03,1
0821225650,2005-06,1
0821226118,2005-09,1
0821226770,2005-05,1
0821227300,2005-07,1
0821227653,2005-08,1
0821228005,2005-10,1
0821228188,2005-09,1
0821228439,2005-01,1
0821228455,2005-09,1
0821228463,2005-02,1
0821228617,2005-10,1
0821228692,2005-08,1
082125698X,2005-09,1
0821257153,2005-08,1
0821261851,2005-04,1
0821261967,2005-09,1
0821277545,2005-05,1
0821358235,2005-07,1
0821359339,2005-08,1
082141237X,2005-01,1
0821576119,2005-08,1
0821714570,2005-06,1
0821717154,2005-06,1
082171922X,2005-06,1
0821719912,2005-05,1
0821725599,2005-05,1
0821728946,2005-05,1
0821730460,2005-03,1
0821735608,2005-05,1
0821736752,2005-08,1
0821738232,2005-06,1
082173864X,2005-02,1
0821746529,2005-03,1
082174755X,2005-04,1
0821752677,2005-03,1
0821754289,2005-01,1
0821756788,2005-03,1
0821760106,2005-03,1
0821760955,2005-03,1
0821762400,2005-04,1
0821765213,2005-09,1
0821768670,2005-04,1
0821769057,2005-01,1
0821769073,2005-01,1
0821771221,2005-04,1
0821771418,2005-04,1
0821771426,2005-04,1
0821772198,2005-01,1
0821772384,2005-04,1
0821772899,2005-02,1
0821772929,2005-04,1
0821772961,2005-03,1
0821773828,2005-04,1
0821773917,2005-03,1
0821774018,2005-09,1
082177493X,2005-02,1
0821775014,2005-03,1
0821775022,2005-07,1
0821775146,2005-05,1
0821775146,2005-08,1
0821775294,2005-09,1
0821775456,2005-03,1
082177591X,2005-07,1
0821776061,2005-01,1
0821776142,2005-08,1
0821776207,2005-01,1
0821776320,2005-08,1
0821776843,2005-06,1
082177686X,2005-06,1
0821776924,2005-05,1
0821776967,2005-04,1
0821777459,2005-03,1
0821777505,2005-06,1
0821777548,2005-04,1
0821777661,2005-01,2
082177767X,2005-01,1
0821778072,2005-10,1
0821778269,2005-09,1
0821778315,2005-02,1
0821778315,2005-04,1
0821778331,2005-04,1
082177848X,2005-03,1
082177848X,2005-04,1
082177848X,2005-05,1
082177851X,2005-10,1
0821819313,2005-06,1
0821821628,2005-07,1
0821836749,2005-07,1
0821925377,2005-09,1
0822020335,2005-02,1
0822020599,2005-02,1
0822053357,2005-09,1
0822200651,2005-06,1
0822201046,2005-09,1
0822201437,2005-05,1
0822203545,2005-08,1
0822204185,2005-06,1
0822205009,2005-06,1
0822205904,2005-08,1
0822205955,2005-09,1
0822212706,2005-09,1
0822217244,2005-08,1
0822218348,2005-03,1
0822218887,2005-08,1
0822319241,2005-05,1
0822321947,2005-02,1
082232217X,2005-06,1
0822323346,2005-04,1
0822327171,2005-01,1
0822332469,2005-03,1
0822333244,2005-02,1
0822334941,2005-09,1
082250605X,2005-04,1
0822595575,2005-08,1
0822595575,2005-10,1
0822936658,2005-05,1
0822942682,2005-10,2
0822953137,2005-09,1
0822957507,2005-04,1
0822957892,2005-04,1
0822958589,2005-01,1
0822958597,2005-05,1
0822958775,2005-08,1
0823001024,2005-05,1
0823001601,2005-09,1
082300192X,2005-08,1
0823002292,2005-06,1
0823002764,2005-06,1
0823002977,2005-09,1
0823003078,2005-03,2
0823003078,2005-05,1
0823003671,2005-03,1
0823004996,2005-01,1
0823005100,2005-08,1
0823005917,2005-08,1
0823005933,2005-08,1
0823005941,2005-08,1
0823006867,2005-01,1
0823007618,2005-08,1
0823007626,2005-10,1
0823010082,2005-08,1
0823010082,2005-09,1
0823010309,2005-08,1
0823010449,2005-04,1
0823011240,2005-06,2
0823011240,2005-08,2
0823013421,2005-02,1
0823013421,2005-10,1
0823013731,2005-03,1
0823013987,2005-01,1
0823014037,2005-02,1
0823014037,2005-07,1
0823016242,2005-09,1
0823016293,2005-08,1
0823016412,2005-09,1
0823016498,2005-01,1
0823016536,2005-08,1
0823021874,2005-03,1
0823022633,2005-06,1
0823023346,2005-07,1
0823023753,2005-08,1
0823023796,2005-05,1
0823023834,2005-09,1
0823024555,2005-09,1
0823024970,2005-05,1
0823025128,2005-09,1
0823025160,2005-06,1
0823025268,2005-03,1
0823027457,2005-09,1
0823029735,2005-05,1
0823029751,2005-09,1
082302976X,2005-10,1
0823029808,2005-09,1
0823029921,2005-09,1
0823030148,2005-08,1
0823030385,2005-08,1
0823031284,2005-09,1
0823031497,2005-06,1
0823031497,2005-08,1
0823031594,2005-04,1
0823031594,2005-08,1
0823032329,2005-02,1
0823032698,2005-08,1
0823032698,2005-09,1
0823033112,2005-08,1
0823036332,2005-05,1
0823038157,2005-07,1
0823039072,2005-06,1
0823040976,2005-08,1
0823047660,2005-04,1
0823048152,2005-07,1
0823052273,2005-06,1
0823053687,2005-03,1
0823056201,2005-06,1
0823056406,2005-02,1
0823056406,2005-09,1
082305649X,2005-01,1
0823056600,2005-09,1
0823057011,2005-06,1
0823057070,2005-09,1
0823057089,2005-01,1
0823061310,2005-03,1
0823069818,2005-10,2
0823071782,2005-07,1
0823082504,2005-10,1
0823083004,2005-03,1
0823083225,2005-02,1
0823083322,2005-06,1
0823083667,2005-04,1
0823084043,2005-10,1
0823084124,2005-02,1
0823084353,2005-01,1
0823084507,2005-07,1
0823091937,2005-05,1
0823218287,2005-09,1
0823224406,2005-05,1
0823224406,2005-07,2
0823224686,2005-07,1
082340093X,2005-03,1
0823403769,2005-07,1
0823412717,2005-08,1
0823414450,2005-05,1
0823415619,2005-07,1
0823415856,2005-04,1
0823416836,2005-02,1
0823416879,2005-09,1
0823418081,2005-09,1
0823418200,2005-07,1
0823418545,2005-02,1
0823418707,2005-09,1
0823659909,2005-09,1
0823922960,2005-05,1
0823932656,2005-09,1
0823953009,2005-05,1
0823958345,2005-09,1
0824500156,2005-08,1
0824508572,2005-09,1
0824512596,2005-05,1
0824514122,2005-03,1
0824516796,2005-09,1
0824518330,2005-04,1
0824519655,2005-04,1
0824519744,2005-05,1
0824519868,2005-08,1
0824519868,2005-09,1
0824520114,2005-07,1
0824521412,2005-08,1
0824522818,2005-10,1
0824522982,2005-09,1
0824522990,2005-09,1
0824523008,2005-09,2
0824523091,2005-05,1
0824525035,2005-10,1
0824603052,2005-09,1
0824603540,2005-10,1
0824603931,2005-10,1
0824604253,2005-09,1
0824604539,2005-09,1
082475493X,2005-09,1
082479561X,2005-01,1
0824796667,2005-07,1
0824798295,2005-06,1
0824799070,2005-01,1
0824810686,2005-09,1
082481083X,2005-07,1
082481178X,2005-06,1
0824813030,2005-05,1
0824813928,2005-09,1
0824815491,2005-08,1
0824816870,2005-02,1
0824818520,2005-08,1
0824821548,2005-09,1
0824821769,2005-09,1
0824823567,2005-09,1
0824825918,2005-08,1
082482766X,2005-09,1
0824827686,2005-02,1
0824828488,2005-10,1
0824942175,2005-03,1
0824946391,2005-03,1
0824951514,2005-09,1
0824953541,2005-10,1
0824965892,2005-09,1
0824965906,2005-09,1
0825305322,2005-06,1
0825305357,2005-09,1
0825414571,2005-10,1
082542030X,2005-08,1
0825420474,2005-06,1
0825420474,2005-08,1
0825420709,2005-03,1
0825420962,2005-09,1
0825420997,2005-05,1
082542237X,2005-08,1
0825423848,2005-06,1
0825423848,2005-09,1
0825423880,2005-06,1
0825424003,2005-08,1
0825424003,2005-09,1
0825424909,2005-07,1
0825425085,2005-08,1
0825425093,2005-10,1
0825427088,2005-08,1
0825428955,2005-08,1
0825430992,2005-08,1
0825431557,2005-05,1
0825431859,2005-01,1
0825431891,2005-03,1
0825431905,2005-01,1
0825431921,2005-04,1
0825431964,2005-02,1
0825431972,2005-07,1
0825432286,2005-10,1
082543324X,2005-08,1
0825433436,2005-10,1
0825434874,2005-06,1
0825435331,2005-07,1
082543601X,2005-07,1
0825436397,2005-02,1
0825436486,2005-06,1
0825436958,2005-03,1
082543839X,2005-09,1
0825439248,2005-06,1
0825439671,2005-09,1
0825441099,2005-07,1
082546207X,2005-04,1
082546207X,2005-08,1
082546207X,2005-09,1
0825515408,2005-02,1
0825601886,2005-03,1
0825603234,2005-09,1
0825612845,2005-09,1
0825615143,2005-07,1
0825615313,2005-09,1
0825616026,2005-06,1
0825616026,2005-09,1
0825616034,2005-09,1
0825616042,2005-08,1
0825616042,2005-09,1
0825616174,2005-08,1
0825616212,2005-07,1
082561824X,2005-07,1
0825619300,2005-08,1
0825624398,2005-08,1
0825625416,2005-04,1
0825627125,2005-01,1
0825627206,2005-07,1
0825629977,2005-09,1
0825672538,2005-06,1
0825672805,2005-07,1
0825672872,2005-01,1
0825673151,2005-07,1
0825697034,2005-02,1
0825803853,2005-08,1
0825803853,2005-09,1
082580440X,2005-09,1
0826123759,2005-10,1
0826202160,2005-02,1
0826211674,2005-03,1
0826213588,2005-04,1
0826214789,2005-02,1
0826215661,2005-08,1
0826215688,2005-07,1
0826215734,2005-10,1
0826303773,2005-05,1
0826322603,2005-09,1
0826322735,2005-07,1
082632388X,2005-07,2
0826331823,2005-03,1
0826332234,2005-09,1
0826334326,2005-06,1
0826339158,2005-08,1
0826408028,2005-07,1
082641124X,2005-05,1
0826411843,2005-03,1
082641236X,2005-07,1
0826414346,2005-09,1
0826414931,2005-09,1
082641494X,2005-08,1
0826414974,2005-03,1
0826415490,2005-03,1
0826415687,2005-01,1
0826415687,2005-03,1
0826415687,2005-06,1
0826415687,2005-08,1
0826416330,2005-01,1
0826416357,2005-07,1
0826416586,2005-04,1
0826416586,2005-08,1
0826416705,2005-08,1
0826416748,2005-07,1
0826416845,2005-10,1
0826449956,2005-06,1
0826453341,2005-01,1
0826457193,2005-03,1
0826458076,2005-04,1
0826464505,2005-03,1
0826472621,2005-10,1
0826514677,2005-04,1
0826514855,2005-08,1
0826604668,2005-03,1
0826705006,2005-08,1
0826904556,2005-10,1
0827212496,2005-05,1
0827216203,2005-03,1
0827221304,2005-04,1
0827345178,2005-04,1
0827349386,2005-09,1
0827358717,2005-04,1
0827386273,2005-09,1
0827600771,2005-07,1
0827603665,2005-04,1
0827606974,2005-06,1
082760811X,2005-07,1
0828015619,2005-09,1
0828017298,2005-10,1
0828017603,2005-08,2
0828314403,2005-08,1
082941441X,2005-04,1
0829419861,2005-09,1
082942072X,2005-07,1
082942072X,2005-08,1
0829742379,2005-10,1
0829742646,2005-08,1
082981163X,2005-10,1
0829813233,2005-06,1
0829813985,2005-09,1
082981597X,2005-06,1
0829816194,2005-03,1
082981650X,2005-10,1
0829816607,2005-09,1
0830611630,2005-07,1
0830611851,2005-06,1
0830615733,2005-10,1
0830627898,2005-02,1
0830627898,2005-04,1
0830627898,2005-09,1
0830641297,2005-02,1
0830704159,2005-01,1
0830704159,2005-03,1
0830709258,2005-05,1
0830717544,2005-10,1
0830719008,2005-08,1
0830719008,2005-09,1
0830723730,2005-09,1
0830724966,2005-03,1
0830725695,2005-08,1
0830729135,2005-08,1
0830729240,2005-10,1
0830731237,2005-07,1
0830731245,2005-07,1
0830732454,2005-05,1
0830733639,2005-08,1
0830733701,2005-09,1
0830734422,2005-04,1
0830734864,2005-08,1
0830736794,2005-06,1
0830736794,2005-09,1
0830737308,2005-08,2
0830811206,2005-01,1
0830812377,2005-08,1
0830812822,2005-08,1
0830812865,2005-06,1
0830812865,2005-09,1
0830812873,2005-04,1
0830813241,2005-08,1
0830814477,2005-08,1
0830814930,2005-09,1
0830815058,2005-09,1
0830815058,2005-10,1
0830815279,2005-07,1
0830815279,2005-08,1
0830815422,2005-10,1
0830815724,2005-09,1
083081650X,2005-09,1
0830817638,2005-08,1
0830817743,2005-09,1
0830818049,2005-09,1
0830818529,2005-08,1
0830818529,2005-09,1
083081891X,2005-05,1
0830819290,2005-08,1
0830819460,2005-03,1
0830819711,2005-09,1
0830819916,2005-09,1
0830822267,2005-08,1
0830822496,2005-03,1
0830822569,2005-09,1
0830822844,2005-10,1
083082300X,2005-07,1
0830823093,2005-08,1
083082314X,2005-06,1
083082314X,2005-07,1
0830823166,2005-04,1
0830823166,2005-05,1
0830823387,2005-02,1
0830823387,2005-06,1
0830823727,2005-05,1
0830823751,2005-08,1
0830823751,2005-09,1
0830823751,2005-10,1
0830823948,2005-09,1
0830826661,2005-04,1
0830826661,2005-07,1
0830827285,2005-08,1
0830827323,2005-07,1
0830827358,2005-03,1
0830827358,2005-07,1
0830827382,2005-05,1
0830827382,2005-07,1
0830827390,2005-09,1
0830827706,2005-08,1
0830827803,2005-10,1
0830827889,2005-04,1
0830832025,2005-06,1
0830832025,2005-09,1
0830832149,2005-06,1
0830832149,2005-09,1
0830832696,2005-08,1
0830832823,2005-02,1
0830853669,2005-09,1
0830865497,2005-09,1
0831111267,2005-09,1
0831111550,2005-01,1
0831126000,2005-04,1
0831127279,2005-08,1
083113173X,2005-09,1
0831131829,2005-10,1
0831132019,2005-09,1
0831773987,2005-08,1
0832305359,2005-10,1
0832903922,2005-03,1
0832918407,2005-01,1
0833117033,2005-04,1
0834003503,2005-09,1
083410007X,2005-08,1
0834117940,2005-10,1
083411903X,2005-01,1
0834119382,2005-10,1
0834120976,2005-07,1
0834800799,2005-01,1
0834800799,2005-02,1
0834800799,2005-07,1
0834800799,2005-09,2
0834801515,2005-02,1
0834802295,2005-08,1
0834802368,2005-06,1
0834804158,2005-01,1
0834804255,2005-03,1
0834804484,2005-03,1
0834804522,2005-06,1
0835126765,2005-08,1
0835126781,2005-03,1
0835606848,2005-03,1
0835606910,2005-02,1
0835607194,2005-07,1
0835607224,2005-09,1
0835607852,2005-02,1
083580559X,2005-07,1
083580643X,2005-10,1
0835808610,2005-01,1
0835809811,2005-10,1
0835809994,2005-09,1
0835919196,2005-03,1
0836133994,2005-09,1
083613561X,2005-03,1
0836190157,2005-08,1
0836190971,2005-06,1
0836191706,2005-09,1
0836192974,2005-08,1
0836208196,2005-09,1
0836218833,2005-03,1
0836218981,2005-09,1
0836220854,2005-08,1
0836228065,2005-07,1
0836267672,2005-07,1
0836269195,2005-03,1
0836280008,2005-05,1
0836280008,2005-06,1
0836280180,2005-05,1
0836289099,2005-04,1
0836954521,2005-08,1
0836969626,2005-04,1
0837157749,2005-08,1
0837167477,2005-08,1
0837350727,2005-08,1
0837353459,2005-08,1
0837362016,2005-05,1
0837366461,2005-07,1
0837600707,2005-10,1
0837600960,2005-09,1
0837601606,2005-09,1
0837602262,2005-02,1
0837602262,2005-04,1
0837602351,2005-10,1
0837602858,2005-09,2
0837603250,2005-09,1
0837603285,2005-09,1
0837603633,2005-07,1
0837603668,2005-07,1
0837603668,2005-08,1
0837603765,2005-09,1
0837603846,2005-10,1
0837610338,2005-07,1
0837612497,2005-09,1
0837612519,2005-08,1
0837612519,2005-09,1
0837713374,2005-10,1
0837737265,2005-10,1
0838406599,2005-10,1
0838413692,2005-02,1
0838457819,2005-09,1
083858117X,2005-05,1
0838590756,2005-09,1
0838636888,2005-08,1
083864077X,2005-08,1
0838817807,2005-09,1
0838908705,2005-08,1
0839531060,2005-09,1
0839533497,2005-08,1
0840700415,2005-09,1
0840720718,2005-02,1
0840721285,2005-10,2
0840732155,2005-03,1
0840742827,2005-08,1
0840744196,2005-06,1
0840752725,2005-09,1
0840757719,2005-03,1
0840759304,2005-03,1
0840759320,2005-03,1
0840769040,2005-09,1
0841232539,2005-06,1
0841621705,2005-09,1
0841625174,2005-03,1
0841625174,2005-08,2
0842050337,2005-02,1
0842050558,2005-01,1
0842300074,2005-08,1
0842300988,2005-03,1
0842302425,2005-03,1
0842303383,2005-09,1
0842305068,2005-09,1
0842309071,2005-08,1
0842311017,2005-04,1
0842311440,2005-09,1
0842313206,2005-08,1
0842314296,2005-05,1
0842314296,2005-07,1
0842329129,2005-02,1
0842329129,2005-05,1
0842329129,2005-10,1
0842329218,2005-08,1
0842329250,2005-08,1
0842332294,2005-05,1
0842332294,2005-08,1
0842332847,2005-09,1
0842333916,2005-10,1
084233498X,2005-06,1
0842335684,2005-09,1
0842335722,2005-09,1
0842336222,2005-08,2
084233792X,2005-03,1
0842338845,2005-08,1
0842339140,2005-10,1
0842339523,2005-08,2
0842339523,2005-09,2
0842339876,2005-10,1
0842340416,2005-08,1
0842342532,2005-08,1
0842342958,2005-09,1
0842343512,2005-05,1
0842343520,2005-08,1
0842343628,2005-05,1
0842345485,2005-08,1
0842345523,2005-07,1
0842345523,2005-09,1
084234571X,2005-09,1
0842348921,2005-10,1
084235090X,2005-08,1
0842351477,2005-10,1
084235266X,2005-09,1
0842352678,2005-09,1
0842352880,2005-08,1
0842353607,2005-02,1
0842355081,2005-04,1
0842355308,2005-08,1
0842356223,2005-07,1
0842358935,2005-06,1
0842359907,2005-06,1
0842359915,2005-06,1
0842359915,2005-08,1
0842360565,2005-03,2
0842360565,2005-05,1
0842360565,2005-07,1
0842360565,2005-08,1
0842361715,2005-02,1
0842362398,2005-04,1
0842369309,2005-02,1
0842369309,2005-03,1
0842369961,2005-09,1
0842370358,2005-03,1
0842373624,2005-02,1
0842375090,2005-09,1
0842375155,2005-09,1
0842377492,2005-08,1
0842377492,2005-09,1
0842377506,2005-05,1
0842377506,2005-08,1
0842377522,2005-08,1
0842379428,2005-05,1
0842379428,2005-07,1
0842379428,2005-08,1
0842379428,2005-09,5
0842379681,2005-10,1
0842381384,2005-04,1
0842382674,2005-10,1
0842382879,2005-09,1
0842383522,2005-02,1
0842384189,2005-03,1
0842384340,2005-09,1
0842384375,2005-06,1
0842384383,2005-07,1
0842386173,2005-07,1
0842386882,2005-08,1
0842386904,2005-10,1
0842387129,2005-07,1
0842387439,2005-06,1
0842387439,2005-07,1
0842387439,2005-08,1
0842387595,2005-10,1
0842513140,2005-09,1
0843128682,2005-04,1
0843149477,2005-08,1
0843174234,2005-09,1
0843708646,2005-08,1
0843708743,2005-09,1
0843717998,2005-07,1
0843936495,2005-08,1
0843937424,2005-08,1
0843940336,2005-08,1
0843940344,2005-08,1
0843940352,2005-08,1
0843940697,2005-08,1
084394272X,2005-04,1
084394305X,2005-08,1
0843943289,2005-08,1
0843943726,2005-08,1
0843944382,2005-08,1
0843944463,2005-03,1
0843944463,2005-06,1
0843944463,2005-09,1
0843944595,2005-07,1
0843944838,2005-02,1
0843945575,2005-08,1
0843945893,2005-08,1
084394658X,2005-09,1
0843947365,2005-03,1
0843947527,2005-05,1
0843947551,2005-10,1
0843947667,2005-07,1
0843948191,2005-01,1
0843948507,2005-07,1
0843948760,2005-03,1
0843949414,2005-01,1
0843949570,2005-02,1
0843949740,2005-04,1
0843949880,2005-06,1
0843949910,2005-03,1
084395020X,2005-03,1
0843950455,2005-03,1
0843950471,2005-08,1
0843950498,2005-07,1
084395096X,2005-07,1
0843951346,2005-03,1
0843951354,2005-04,1
0843951605,2005-07,1
084395177X,2005-03,1
0843951834,2005-08,1
0843951842,2005-08,1
0843952008,2005-05,1
0843952016,2005-01,1
0843952016,2005-08,4
0843952032,2005-07,1
0843952032,2005-08,1
0843952180,2005-06,1
084395261X,2005-01,1
0843952741,2005-06,1
0843952814,2005-02,1
0843953012,2005-04,1
0843953071,2005-05,1
0843953144,2005-01,1
0843953187,2005-02,1
0843953241,2005-04,1
0843953373,2005-01,1
0843953500,2005-02,1
0843953519,2005-02,1
0843953519,2005-03,1
0843953527,2005-03,1
0843953608,2005-07,1
0843953640,2005-04,1
0843953705,2005-05,1
0843953993,2005-06,1
0843954094,2005-05,1
0843954124,2005-09,1
0843954159,2005-08,1
0843954256,2005-10,1
0843954663,2005-03,1
0843955082,2005-06,1
0843955090,2005-03,1
0843955147,2005-06,1
0843955287,2005-04,1
0843955422,2005-08,1
0843955430,2005-06,1
084395549X,2005-05,1
0843955538,2005-07,1
0843955546,2005-08,1
0843955627,2005-09,1
0843955775,2005-09,1
0844202312,2005-02,1
0844204625,2005-01,1
0844223956,2005-01,1
0844226173,2005-09,1
0844226521,2005-09,1
0844238546,2005-08,1
0844238562,2005-05,1
0844242497,2005-09,1
0844253073,2005-09,1
0844259640,2005-10,1
0844270520,2005-09,1
0844272450,2005-09,1
0844272515,2005-05,1
0844273341,2005-08,1
0844283509,2005-02,1
0844284467,2005-08,1
0844284955,2005-08,1
0844408549,2005-02,1
0844622478,2005-05,1
084474171X,2005-10,1
0846401959,2005-05,1
0847662535,2005-09,1
0847673596,2005-08,1
0847685179,2005-03,1
0847688356,2005-07,1
0847692655,2005-02,1
084769299X,2005-07,1
0847694291,2005-03,1
0847694291,2005-07,1
0847695077,2005-08,1
084780738X,2005-10,1
0847818500,2005-10,1
0847819248,2005-08,1
0847820335,2005-04,1
084782215X,2005-09,1
084782280X,2005-01,1
0847825574,2005-10,1
0847825779,2005-06,1
0847825817,2005-04,1
0847826198,2005-04,1
0847826333,2005-10,1
0847826465,2005-02,1
0847826570,2005-07,1
0847826635,2005-06,1
0847826740,2005-08,1
0847826902,2005-09,1
0847826945,2005-04,1
0847826961,2005-06,1
0847827615,2005-04,2
0847827615,2005-05,1
0847827615,2005-06,1
0847827615,2005-09,1
0847827615,2005-10,1
0848207130,2005-09,1
0848703332,2005-03,1
0848714628,2005-09,1
0848714792,2005-10,1
0848716817,2005-09,1
084871945X,2005-01,1
084871945X,2005-02,1
084871945X,2005-03,1
084871945X,2005-09,1
0848719514,2005-05,1
0848725239,2005-06,1
0848726227,2005-05,1
0848727096,2005-05,1
0848727258,2005-08,1
0848727436,2005-08,1
0848727576,2005-09,1
0848727592,2005-10,1
0848727606,2005-10,1
0848727975,2005-08,2
0848728254,2005-02,1
0848730542,2005-08,1
0848730615,2005-07,1
0848730615,2005-09,1
084880385X,2005-09,1
0848804236,2005-02,1
0848817567,2005-05,1
084930072X,2005-08,1
084930072X,2005-10,1
0849304407,2005-07,1
0849307104,2005-09,1
0849308887,2005-07,1
0849310717,2005-06,1
0849311373,2005-02,1
0849312744,2005-10,1
0849316510,2005-03,1
0849316758,2005-09,1
084931707X,2005-07,1
084931707X,2005-09,1
0849319560,2005-07,1
0849320321,2005-03,1
0849320321,2005-06,1
0849320526,2005-09,1
0849321093,2005-07,1
0849334918,2005-09,1
0849344093,2005-07,1
0849378796,2005-10,1
0849381282,2005-07,1
0849900158,2005-09,1
0849902029,2005-08,1
084990434X,2005-07,1
0849904374,2005-09,1
0849904579,2005-08,1
0849906334,2005-10,1
0849910056,2005-03,1
084991163X,2005-09,1
084991180X,2005-05,3
084991180X,2005-08,1
084991180X,2005-09,2
084991180X,2005-10,1
0849912229,2005-06,1
0849913896,2005-09,1
0849916097,2005-03,1
0849916461,2005-09,1
0849916550,2005-04,1
0849916739,2005-07,1
0849916917,2005-07,1
0849916917,2005-09,1
0849917611,2005-04,1
0849917883,2005-10,1
0849917905,2005-02,1
0849918057,2005-09,1
0849918111,2005-04,1
0849918200,2005-09,1
0849918235,2005-02,1
084991826X,2005-09,1
0849918278,2005-09,1
0849918383,2005-09,1
084993236X,2005-10,1
0849932378,2005-08,2
0849937140,2005-03,1
0849937388,2005-05,1
0849938619,2005-02,1
0849940508,2005-05,1
0849940702,2005-01,1
0849942055,2005-06,1
0849942055,2005-08,1
0849942055,2005-09,1
0849942365,2005-07,1
0849942411,2005-06,1
0849942527,2005-09,1
0849942942,2005-01,1
0849943272,2005-09,1
0849943655,2005-03,1
0849943736,2005-02,1
0849943736,2005-06,1
0849943760,2005-08,1
0849943787,2005-03,1
0849943809,2005-07,1
0849944031,2005-09,1
0849944058,2005-08,2
0849944244,2005-09,1
0849944295,2005-08,1
0849944384,2005-08,1
0849944473,2005-08,1
0849944775,2005-10,1
0849944791,2005-07,1
0849945232,2005-09,2
0849945267,2005-09,1
0849945321,2005-09,2
0849951305,2005-09,1
0849952484,2005-10,1
0849954452,2005-09,1
0849955068,2005-08,1
0849955815,2005-08,1
0849957397,2005-09,1
084995911X,2005-09,1
0849962099,2005-09,1
0849962862,2005-05,1
0849963443,2005-09,1
0849977908,2005-08,1
0849988217,2005-10,1
0849990319,2005-09,1
0849996627,2005-05,1
0850307430,2005-09,1
0850308437,2005-09,1
0850450845,2005-03,1
0850453062,2005-08,1
0850521130,2005-06,1
0850527465,2005-08,1
0851119905,2005-04,1
0851158390,2005-08,1
0851158404,2005-08,1
0851310419,2005-09,1
0851317049,2005-08,1
0851317251,2005-07,1
0851317588,2005-03,1
0851318932,2005-10,1
0851514782,2005-06,1
0851515126,2005-08,1
0851515215,2005-06,1
0851516610,2005-07,1
0851516939,2005-02,1
0851517552,2005-09,1
0851518214,2005-09,1
0851518877,2005-03,1
0851705561,2005-10,1
0851705669,2005-07,1
085170624X,2005-05,1
0851707548,2005-04,1
0851707602,2005-06,1
0851707777,2005-01,1
0851709311,2005-08,1
0851709389,2005-06,1
0851709494,2005-10,1
0851777481,2005-07,1
0851778933,2005-04,1
0851779212,2005-07,1
0852072619,2005-09,1
0852073259,2005-09,1
0852345178,2005-09,1
0852345178,2005-10,1
0852345216,2005-07,1
0852345860,2005-10,1
0852442084,2005-07,1
0852443315,2005-06,1
0853237794,2005-05,1
0853237794,2005-08,1
0853319081,2005-03,1
0853459916,2005-02,1
0853609365,2005-10,1
0853980683,2005-02,1
0854298037,2005-07,1
085435493X,2005-03,1
085435493X,2005-06,1
0855206926,2005-09,1
0855327960,2005-06,1
0855328029,2005-08,1
0855328185,2005-05,1
0855328355,2005-09,1
0855328940,2005-08,1
0855329289,2005-09,1
0855329378,2005-03,1
0856675962,2005-09,1
0856854360,2005-03,1
0856962406,2005-08,1
0856966975,2005-05,1
085696980X,2005-02,1
0859531821,2005-08,1
0859536580,2005-02,1
0859650839,2005-01,1
0859653145,2005-03,1
0859653153,2005-03,1
0859653536,2005-10,1
0859695328,2005-02,1
0859780651,2005-09,1
0859914976,2005-09,1
0859975118,2005-01,1
0860018512,2005-09,1
0860514501,2005-03,1
0860915468,2005-03,1
0860917886,2005-08,1
0860917967,2005-07,1
086171072X,2005-02,1
086171072X,2005-06,1
086171136X,2005-02,1
0861711483,2005-08,1
0861711823,2005-01,1
0861712781,2005-10,1
0861713168,2005-08,1
0861713214,2005-08,1
0861713338,2005-05,1
0861713400,2005-05,1
0861713656,2005-10,1
086171380X,2005-08,1
0861713958,2005-05,1
0861714954,2005-10,1
0861714970,2005-08,1
0862209293,2005-06,1
0862415349,2005-08,1
0863040403,2005-07,1
0863150926,2005-10,1
0863153585,2005-05,1
0863153674,2005-08,1
086315431X,2005-04,1
0863155278,2005-09,1
086316157X,2005-04,1
0863183565,2005-03,1
0863223192,2005-04,1
0863563686,2005-08,1
0863563953,2005-04,1
0863565484,2005-09,1
0864425635,2005-06,1
0864425813,2005-01,1
0864425813,2005-02,1
0864425902,2005-06,1
0864427697,2005-09,1
0865163553,2005-04,1
0865164436,2005-09,1
086516536X,2005-03,1
0865165920,2005-06,1
0865300410,2005-05,1
0865304572,2005-09,1
0865340986,2005-06,1
0865343209,2005-08,1
0865344167,2005-02,1
0865344426,2005-10,1
0865380783,2005-08,1
0865432392,2005-09,1
0865471185,2005-05,1
0865471975,2005-05,1
0865472106,2005-08,1
0865473994,2005-10,1
0865474524,2005-06,1
0865475091,2005-05,1
0865475261,2005-07,1
0865475296,2005-03,1
0865475407,2005-01,1
0865475814,2005-01,1
0865475814,2005-05,1
0865475873,2005-08,2
0865476063,2005-08,2
0865476322,2005-06,1
0865476357,2005-03,1
0865476470,2005-04,1
0865476527,2005-04,1
0865476640,2005-02,1
0865476853,2005-03,1
0865476993,2005-02,1
0865477248,2005-07,1
0865542279,2005-01,1
0865547637,2005-09,1
086554848X,2005-06,1
0865549206,2005-09,1
0865549354,2005-05,1
0865549397,2005-02,1
0865620164,2005-02,1
0865620415,2005-08,1
0865620520,2005-10,1
0865620865,2005-04,1
086562089X,2005-10,1
0865680213,2005-07,1
0865681589,2005-06,1
0865681724,2005-07,1
0865682097,2005-08,1
0865714223,2005-05,1
0865714401,2005-05,1
0865714487,2005-05,1
0865714495,2005-04,1
0865714622,2005-06,1
0865714622,2005-07,1
0865714622,2005-08,1
0865714711,2005-01,1
0865714754,2005-07,1
0865714762,2005-08,1
0865714827,2005-06,2
0865714827,2005-09,1
0865715076,2005-01,1
0865715076,2005-03,1
0865715076,2005-04,1
0865715106,2005-04,1
0865715106,2005-10,2
0865715149,2005-10,1
0865715181,2005-08,1
0865715327,2005-08,1
0865715408,2005-01,1
0865715408,2005-02,2
0865715408,2005-04,1
0865715408,2005-05,1
0865715408,2005-07,2
0865715408,2005-08,1
0865715408,2005-10,1
0865715432,2005-08,1
086573108X,2005-09,1
0865731578,2005-07,1
0865732000,2005-10,1
0865733279,2005-05,1
0865733457,2005-08,1
0865734275,2005-03,2
0865734283,2005-06,1
0865734283,2005-09,1
0865734291,2005-09,1
0865734348,2005-08,1
0865734720,2005-09,1
0865735778,2005-08,1
0865735808,2005-01,1
0865735816,2005-03,1
0865776857,2005-08,1
0865778078,2005-08,1
086577918X,2005-09,1
0865779570,2005-08,1
0865850704,2005-01,1
0865878145,2005-09,1
0865971382,2005-06,1
0865971439,2005-06,1
0865971447,2005-10,1
0865972885,2005-07,1
0865974098,2005-06,1
0866222650,2005-02,1
0866223851,2005-04,1
0866225277,2005-07,1
0866227407,2005-06,1
0866227598,2005-02,1
0866515097,2005-09,1
0866539972,2005-09,1
0866852972,2005-06,1
0866855955,2005-08,1
086690087X,2005-08,1
086690431X,2005-08,1
0866904875,2005-09,1
0866981527,2005-05,1
0866982868,2005-07,1
0867094397,2005-05,1
0867095229,2005-04,1
0867095784,2005-04,1
0867130911,2005-09,1
0867154004,2005-08,1
0867162449,2005-07,1
0867163526,2005-08,1
0867165960,2005-08,1
0867193743,2005-07,1
0867193840,2005-04,1
0867194014,2005-09,1
0867194057,2005-01,1
0867194278,2005-07,1
0867194650,2005-10,1
0867194731,2005-09,1
086719507X,2005-09,1
0867195444,2005-09,1
0867195657,2005-02,1
086719586X,2005-05,1
0867196149,2005-01,1
0867196181,2005-08,1
0867196661,2005-07,1
0867199016,2005-09,1
0867200170,2005-08,1
0867307846,2005-02,1
0867309075,2005-10,1
0867342153,2005-05,1
0870022059,2005-03,1
0870032143,2005-07,1
0870043617,2005-04,1
0870044133,2005-01,1
0870044354,2005-04,1
0870113143,2005-06,1
0870113992,2005-07,1
0870135430,2005-08,1
0870136887,2005-03,1
0870137107,2005-05,1
0870213202,2005-10,1
0870215698,2005-09,1
0870216953,2005-06,1
0870217569,2005-09,1
0870237306,2005-08,1
0870293214,2005-09,1
0870293451,2005-05,1
0870310658,2005-09,1
0870334778,2005-01,1
0870335138,2005-09,1
0870335294,2005-06,1
0870335456,2005-02,1
087033560X,2005-06,1
0870340565,2005-07,1
0870340611,2005-07,1
087040461X,2005-02,1
0870407619,2005-04,1
087040962X,2005-04,1
0870541560,2005-07,1
0870610635,2005-09,1
0870671081,2005-03,1
0870671081,2005-05,1
0870678655,2005-01,1
087067935X,2005-05,1
0870684833,2005-04,1
0870700952,2005-09,1
0870703412,2005-08,1
0870706357,2005-07,1
0870714864,2005-08,1
0870714937,2005-08,1
0870714996,2005-10,1
0870743686,2005-06,1
0870744720,2005-08,1
0870744755,2005-09,1
087081365X,2005-09,1
087081513X,2005-08,1
0870815342,2005-03,1
0870816217,2005-06,1
0870817833,2005-01,1
087082967X,2005-03,1
0871085127,2005-08,1
0871087715,2005-10,1
0871132656,2005-05,1
0871133474,2005-09,1
0871136643,2005-04,1
0871136643,2005-07,1
0871136791,2005-05,1
0871138425,2005-05,1
0871138492,2005-08,1
0871138514,2005-01,1
0871138549,2005-07,1
0871138719,2005-01,1
0871138743,2005-03,2
0871138808,2005-08,1
0871138816,2005-06,2
0871138816,2005-07,1
0871138816,2005-09,1
0871138840,2005-08,1
0871138859,2005-04,1
0871138875,2005-07,1
0871138883,2005-05,5
0871138883,2005-06,3
0871138883,2005-08,3
0871138883,2005-09,1
0871138883,2005-10,1
0871138905,2005-06,2
0871138905,2005-07,2
0871138905,2005-09,3
0871138905,2005-10,1
087113893X,2005-09,1
0871138956,2005-09,2
0871138956,2005-10,1
0871138972,2005-08,1
0871139103,2005-06,1
0871139111,2005-04,2
0871139111,2005-05,1
087113912X,2005-02,1
0871139138,2005-02,2
0871139197,2005-03,1
0871139243,2005-01,1
087113926X,2005-09,1
0871161915,2005-06,1
0871161915,2005-09,1
0871161990,2005-05,1
0871162024,2005-10,1
0871162172,2005-06,1
0871203758,2005-09,1
0871205041,2005-06,1
0871209721,2005-06,1
0871234653,2005-04,1
0871237970,2005-03,1
0871238705,2005-03,1
0871272520,2005-09,1
0871272598,2005-08,1
0871272598,2005-09,1
0871292467,2005-04,1
0871312050,2005-03,1
0871312565,2005-05,1
0871313588,2005-09,1
0871314282,2005-09,1
0871314797,2005-02,1
0871316021,2005-06,1
0871316021,2005-10,1
0871319128,2005-08,1
0871319349,2005-03,1
0871319640,2005-05,1
0871319748,2005-06,1
0871356430,2005-09,1
0871359022,2005-09,1
0871401525,2005-08,1
0871401622,2005-05,1
0871401738,2005-07,1
0871401754,2005-06,1
0871482274,2005-01,1
0871485338,2005-06,1
0871488620,2005-06,1
0871562782,2005-06,1
0871564300,2005-03,1
0871564378,2005-10,1
0871568772,2005-04,1
0871568896,2005-07,1
0871591243,2005-03,1
0871620065,2005-02,1
0871628686,2005-02,1
0871628686,2005-07,1
0871628686,2005-08,1
0871664836,2005-09,1
0871667347,2005-07,1
0871667630,2005-09,1
0871669153,2005-09,1
0871923874,2005-07,1
0871924935,2005-05,1
0871961296,2005-09,1
0871974258,2005-06,1
0872072452,2005-03,1
0872074560,2005-07,1
0872166899,2005-06,1
0872200086,2005-09,1
0872201775,2005-02,1
0872202992,2005-10,1
0872204847,2005-03,1
0872205525,2005-06,1
0872205525,2005-10,1
0872205738,2005-10,1
0872205819,2005-03,1
0872262952,2005-02,1
0872265455,2005-04,1
0872431398,2005-03,1
0872432181,2005-02,1
0872490912,2005-04,1
0872598047,2005-09,1
0872598659,2005-04,1
0872598810,2005-02,1
0872599167,2005-02,1
0872634922,2005-07,1
0872720403,2005-09,1
0872860175,2005-04,1
0872860744,2005-06,1
0872861716,2005-06,1
0872863239,2005-02,2
0872863514,2005-09,1
0872864332,2005-09,1
0872864499,2005-10,1
0872884481,2005-03,1
0872885836,2005-04,1
087319036X,2005-03,1
0873224035,2005-08,1
087328187X,2005-06,1
0873326210,2005-07,1
0873328205,2005-08,1
0873374193,2005-08,1
0873378253,2005-08,1
0873378334,2005-05,1
0873379101,2005-09,1
087337990X,2005-01,1
0873384458,2005-08,1
0873386892,2005-08,1
0873387007,2005-08,1
0873415612,2005-07,1
0873416325,2005-09,1
0873416376,2005-09,1
0873416694,2005-05,1
0873416694,2005-09,1
0873417828,2005-07,1
0873418212,2005-09,1
0873418271,2005-06,1
0873418271,2005-07,1
0873418824,2005-07,1
0873419707,2005-03,1
0873419936,2005-09,1
0873419995,2005-04,1
0873489578,2005-10,1
0873491866,2005-10,1
087349346X,2005-01,1
0873493575,2005-08,1
0873493583,2005-07,1
0873493656,2005-01,1
0873493885,2005-08,1
0873493958,2005-09,1
0873494857,2005-08,1
0873495039,2005-09,1
0873495098,2005-08,1
0873495217,2005-06,1
0873495438,2005-10,1
0873495586,2005-09,1
0873495624,2005-07,1
0873495764,2005-02,1
0873495799,2005-07,1
0873496167,2005-10,1
0873496655,2005-07,1
0873496779,2005-06,1
0873496841,2005-06,1
0873497163,2005-03,1
0873497244,2005-06,2
087349749X,2005-05,1
087349749X,2005-06,1
0873497503,2005-08,1
0873497554,2005-06,1
0873497589,2005-07,1
087349816X,2005-09,1
0873498186,2005-08,1
0873498259,2005-08,1
0873498712,2005-09,1
0873498739,2005-08,1
0873498844,2005-01,1
0873498992,2005-02,1
0873498992,2005-05,1
0873498992,2005-06,1
087349900X,2005-09,1
0873499042,2005-07,1
0873499050,2005-03,1
0873499050,2005-04,1
0873499050,2005-09,1
087349931X,2005-06,1
0873499611,2005-08,1
0873499654,2005-06,1
0873499654,2005-08,1
0873499654,2005-09,1
0873499689,2005-05,1
0873499875,2005-07,1
0873499980,2005-10,1
0873503767,2005-07,1
0873512812,2005-04,1
0873513193,2005-03,1
0873513932,2005-01,1
0873513932,2005-08,1
0873514068,2005-07,1
0873515048,2005-01,1
0873515048,2005-05,1
087351517X,2005-07,1
0873515277,2005-09,1
0873529863,2005-09,2
0873582004,2005-07,1
0873585925,2005-09,1
0873587243,2005-07,1
0873587480,2005-01,1
0873587871,2005-09,1
0873588258,2005-07,1
0873640284,2005-02,1
0873641566,2005-02,1
0873642155,2005-04,1
0873642473,2005-02,1
0873642589,2005-03,1
0873644972,2005-02,1
0873644972,2005-10,1
087364543X,2005-03,1
0873646754,2005-10,1
0873647041,2005-09,1
0873647432,2005-01,1
0873647513,2005-05,1
0873648196,2005-04,1
087364851X,2005-08,1
0873648595,2005-08,1
0873648862,2005-07,1
0873648951,2005-05,1
0873648986,2005-04,1
0873648986,2005-08,1
0873649125,2005-10,1
0873649214,2005-08,1
087364929X,2005-10,1
0873649346,2005-07,1
0873649575,2005-06,1
0873649699,2005-04,1
0873649869,2005-02,1
0873649907,2005-08,1
0873649974,2005-02,1
0873651995,2005-07,1
0873674847,2005-05,1
0873718860,2005-09,1
0873890760,2005-08,1
0873892666,2005-04,1
0873895916,2005-08,1
0873895916,2005-09,1
087389619X,2005-05,1
0873896432,2005-10,1
087395954X,2005-04,1
0873985605,2005-07,1
0874066751,2005-10,1
0874137721,2005-02,1
0874171679,2005-02,1
0874175232,2005-05,1
0874208947,2005-10,1
0874215617,2005-08,1
0874215935,2005-04,1
0874215978,2005-04,1
0874221293,2005-06,1
0874313015,2005-02,1
0874413311,2005-09,1
0874477034,2005-05,1
0874477182,2005-02,1
0874477182,2005-04,1
0874477182,2005-05,1
0874515793,2005-10,1
0874515815,2005-09,1
0874517389,2005-05,1
0874517451,2005-08,1
0874519209,2005-06,1
0874604508,2005-08,1
087462052X,2005-03,1
0874621607,2005-08,1
0874748410,2005-05,1
0874771501,2005-06,1
0874771951,2005-05,1
0874775043,2005-01,1
0874775043,2005-06,1
0874775043,2005-09,1
0874775132,2005-09,1
0874776317,2005-10,1
0874776929,2005-05,1
0874776945,2005-07,1
0874776953,2005-09,1
0874777984,2005-06,1
0874777984,2005-07,1
0874777984,2005-09,1
0874778034,2005-06,1
0874778050,2005-04,1
0874778565,2005-09,1
087477876X,2005-07,1
0874779057,2005-03,1
0874779057,2005-09,1
0874779227,2005-02,1
0874779405,2005-05,1
0874779707,2005-05,1
0874807158,2005-09,1
0874808227,2005-09,1
0874810418,2005-05,1
0874810418,2005-09,1
0874813735,2005-02,1
0874836549,2005-04,1
0874871441,2005-09,1
0874871638,2005-09,1
0874875846,2005-03,1
087487940X,2005-09,1
0875080189,2005-09,1
0875081886,2005-01,1
0875081886,2005-04,1
0875083757,2005-08,1
0875086985,2005-10,1
0875087876,2005-05,1
0875093663,2005-09,1
0875095224,2005-05,1
087509712X,2005-09,1
087516000X,2005-05,2
087516000X,2005-06,1
087516000X,2005-07,1
087516000X,2005-08,2
087516000X,2005-09,1
0875160786,2005-07,1
0875162142,2005-08,1
087516319X,2005-01,1
0875163238,2005-02,2
0875163238,2005-03,1
0875163238,2005-05,2
0875163238,2005-08,3
0875165389,2005-09,1
0875165508,2005-09,1
0875165516,2005-08,1
0875166105,2005-09,1
0875305628,2005-10,1
0875305660,2005-10,1
0875420036,2005-09,1
0875420052,2005-01,1
0875420281,2005-05,1
0875420486,2005-10,1
0875420915,2005-06,1
0875421180,2005-09,1
0875421229,2005-02,1
0875421229,2005-08,1
0875421261,2005-02,1
0875421296,2005-04,1
0875421296,2005-10,1
0875421830,2005-09,1
0875421903,2005-09,1
0875422470,2005-05,1
0875423205,2005-06,1
0875423574,2005-10,1
0875425771,2005-03,1
0875426700,2005-03,1
0875427790,2005-01,1
0875427847,2005-09,1
087542791X,2005-06,1
087542791X,2005-07,1
087542869X,2005-07,1
0875428940,2005-10,1
0875522017,2005-10,1
0875522238,2005-08,1
0875522696,2005-10,1
0875523382,2005-08,1
0875523595,2005-01,1
0875525105,2005-10,1
0875525237,2005-04,1
0875526063,2005-04,1
0875526063,2005-09,1
0875526071,2005-07,1
0875526071,2005-10,1
087552608X,2005-09,1
0875526438,2005-02,1
0875526438,2005-04,1
0875526438,2005-07,2
0875526438,2005-09,1
0875526497,2005-02,1
0875526500,2005-08,1
0875526632,2005-08,1
0875526799,2005-08,1
0875527086,2005-06,1
0875527159,2005-03,1
0875527205,2005-01,1
0875527205,2005-06,1
0875527205,2005-08,1
0875527868,2005-07,1
0875528279,2005-06,1
087552849X,2005-07,1
087554603X,2005-07,1
0875730221,2005-07,1
0875730701,2005-08,1
0875790534,2005-05,1
0875792529,2005-02,1
0875796001,2005-10,1
0875796370,2005-09,1
0875796397,2005-06,1
0875799612,2005-03,1
0875843662,2005-10,1
0875844030,2005-06,1
0875847404,2005-07,1
0875847471,2005-07,1
0875848192,2005-06,1
0875848575,2005-08,1
087584863X,2005-06,1
087584863X,2005-09,1
0875849342,2005-01,1
0875849466,2005-08,1
0875862136,2005-04,1
087586337X,2005-05,1
0875882196,2005-09,1
0875885187,2005-07,1
0875902928,2005-06,1
0875951600,2005-10,1
0875962823,2005-08,1
087596379X,2005-03,1
0875964044,2005-09,1
0875964486,2005-07,1
0875964486,2005-08,1
0875964680,2005-08,1
0875967442,2005-05,1
0875967604,2005-09,1
0875967612,2005-10,1
0875968201,2005-09,1
0875968201,2005-10,1
0875968228,2005-10,1
0875968473,2005-04,1
0875968708,2005-04,1
0875968805,2005-02,1
087596897X,2005-04,1
0875969143,2005-07,1
0875969186,2005-09,1
0875969801,2005-09,1
0875969879,2005-03,1
0875969879,2005-09,1
087596995X,2005-10,2
0876031874,2005-04,1
0876040032,2005-08,1
0876041071,2005-09,1
0876044224,2005-05,1
0876044399,2005-09,1
0876044429,2005-02,1
0876044461,2005-06,1
0876044577,2005-05,1
0876044925,2005-01,1
0876052014,2005-02,1
0876052014,2005-04,1
0876052014,2005-05,1
0876052014,2005-08,1
0876052014,2005-09,2
0876054173,2005-09,1
0876055528,2005-05,1
0876056060,2005-09,1
0876056192,2005-09,1
0876056664,2005-09,2
0876057350,2005-07,1
0876057407,2005-09,1
0876059396,2005-04,1
0876091648,2005-08,1
0876120796,2005-01,1
0876120796,2005-04,1
0876120796,2005-05,1
0876120796,2005-07,1
0876120796,2005-09,3
0876120796,2005-10,1
0876120958,2005-04,1
0876121911,2005-09,1
0876122810,2005-10,1
0876124619,2005-06,1
0876125550,2005-03,2
0876125550,2005-05,2
0876144857,2005-01,1
087626500X,2005-08,1
0876281145,2005-05,1
0876284349,2005-09,1
0876287984,2005-08,1
0876289146,2005-07,1
0876293577,2005-05,1
087630868X,2005-09,1
0876390092,2005-10,1
0876390106,2005-08,1
0876390467,2005-06,1
0876390483,2005-08,1
0876390599,2005-03,1
0876590008,2005-08,1
0876591640,2005-07,1
0876591683,2005-07,1
0876591950,2005-07,1
0876592809,2005-01,1
0876592825,2005-10,1
0876608381,2005-10,1
0876618018,2005-09,1
0876639252,2005-07,1
0876856490,2005-05,1
0876859260,2005-01,1
0876912064,2005-09,1
0876913583,2005-01,1
0877011087,2005-04,1
0877017883,2005-07,1
0877180202,2005-09,1
0877192774,2005-07,1
0877192774,2005-08,1
087719386X,2005-10,1
0877200416,2005-08,1
0877200971,2005-07,1
0877228922,2005-09,1
0877280649,2005-01,1
0877280738,2005-01,1
0877285039,2005-03,1
0877286361,2005-09,1
0877286477,2005-05,1
0877286833,2005-07,1
0877287309,2005-02,1
0877287872,2005-09,1
087728847X,2005-04,1
0877453691,2005-08,1
0877456380,2005-07,1
0877456712,2005-09,1
0877458944,2005-01,1
0877479429,2005-03,1
0877656231,2005-10,1
0877731268,2005-07,1
0877733759,2005-03,1
0877734151,2005-03,1
0877734224,2005-08,1
0877734313,2005-09,1
0877735107,2005-09,1
0877735131,2005-01,1
0877735190,2005-10,1
0877735263,2005-09,1
0877735697,2005-06,1
0877736030,2005-04,1
0877736537,2005-07,1
0877736677,2005-06,1
0877736758,2005-08,1
0877738629,2005-02,1
0877790477,2005-08,2
0877791694,2005-09,1
0877792062,2005-02,1
0877794200,2005-09,1
0877794707,2005-07,1
0877796521,2005-07,1
0877798087,2005-01,1
0877798087,2005-07,1
0877798095,2005-09,1
087779913X,2005-08,1
087779913X,2005-09,1
0877799156,2005-08,1
0877799164,2005-04,1
0877799164,2005-06,1
0877799164,2005-10,1
0877842507,2005-09,1
0877842876,2005-04,1
0877842981,2005-04,1
0877843899,2005-04,1
0877847509,2005-04,1
0877848106,2005-06,1
0877849226,2005-05,1
0877849420,2005-07,1
087784996X,2005-04,1
0877880425,2005-03,1
0877880719,2005-01,1
0877880905,2005-09,1
0877883068,2005-08,1
0877883548,2005-08,1
087788935X,2005-09,1
0877936250,2005-09,1
087793746X,2005-04,1
0877939322,2005-02,1
0877939322,2005-07,1
0877939446,2005-08,1
0877939861,2005-09,1
0878058370,2005-07,2
0878058990,2005-02,1
0878084320,2005-03,1
0878146547,2005-09,1
087822369X,2005-08,1
0878300031,2005-08,1
0878300201,2005-07,1
087830987X,2005-09,1
0878331689,2005-03,1
0878331700,2005-08,1
0878332162,2005-08,1
0878332316,2005-09,1
0878332626,2005-07,1
0878333029,2005-03,1
0878337210,2005-01,1
0878338624,2005-07,1
0878391711,2005-01,1
0878421521,2005-06,1
0878422013,2005-03,1
0878422285,2005-07,1
0878423060,2005-09,1
0878423915,2005-05,1
0878424091,2005-09,1
0878424989,2005-05,1
0878425055,2005-08,1
0878440879,2005-03,1
0878466886,2005-09,1
0878570047,2005-07,1
0878572392,2005-07,1
0878573410,2005-02,1
0878573410,2005-09,1
0878685855,2005-09,1
0878873775,2005-02,1
0878913386,2005-08,1
0878913467,2005-10,1
0878914013,2005-03,1
0878914358,2005-08,1
0878914358,2005-09,1
0878914501,2005-04,1
0878915648,2005-03,1
0878915656,2005-03,1
0878917527,2005-05,1
0878919023,2005-07,1
0878930418,2005-04,1
0878934391,2005-08,1
0879051639,2005-08,1
0879054786,2005-09,1
087905882X,2005-03,1
0879058854,2005-01,1
0879059508,2005-09,1
0879059729,2005-01,1
0879059729,2005-08,1
0879079045,2005-09,1
0879100362,2005-09,1
0879101865,2005-04,1
0879101970,2005-09,1
0879103124,2005-06,1
0879191295,2005-04,1
0879233338,2005-08,1
087923573X,2005-07,1
0879237511,2005-05,1
0879238542,2005-10,1
0879280719,2005-10,1
0879303727,2005-02,1
0879304227,2005-09,1
087930460X,2005-03,1
0879306114,2005-03,1
0879306114,2005-05,1
0879306173,2005-08,1
0879306173,2005-10,1
0879306335,2005-06,1
0879306386,2005-03,1
0879306416,2005-10,1
0879307161,2005-07,1
0879307277,2005-05,1
0879307277,2005-07,1
0879307277,2005-10,1
0879307498,2005-06,1
0879307498,2005-09,1
087930751X,2005-08,1
0879307587,2005-09,1
0879307773,2005-09,1
0879308249,2005-07,1
0879308249,2005-09,1
0879308303,2005-03,1
0879308303,2005-08,1
0879308346,2005-04,1
0879308370,2005-08,1
0879308370,2005-10,1
0879308419,2005-09,1
0879308656,2005-10,1
0879388498,2005-08,1
0879389303,2005-09,1
0879462809,2005-02,1
0879462809,2005-07,1
0879462892,2005-09,2
0879472510,2005-10,1
0879474149,2005-03,1
0879474246,2005-01,1
0879514795,2005-09,1
0879516178,2005-02,1
0879516178,2005-07,1
0879516283,2005-06,1
0879516283,2005-08,1
0879516283,2005-09,1
0879517204,2005-09,1
0879657081,2005-09,1
0879695838,2005-08,1
0879696346,2005-08,1
0879696753,2005-04,1
0879730188,2005-03,1
0879733926,2005-01,1
0879734337,2005-04,1
0879735538,2005-10,1
0879735791,2005-08,1
0879738510,2005-07,1
087975124X,2005-07,1
087975124X,2005-09,1
0879752092,2005-01,1
0879752106,2005-08,1
0879755253,2005-08,1
0879755350,2005-05,1
0879755733,2005-08,1
0879756381,2005-04,1
0879756764,2005-02,1
0879757744,2005-09,1
0879758775,2005-09,1
0879759356,2005-02,1
0879759844,2005-03,1
0879759844,2005-08,1
0879759895,2005-01,1
0879800232,2005-08,1
0879800429,2005-02,1
0879801654,2005-03,1
0879802251,2005-06,1
0879802723,2005-03,1
0879803479,2005-08,1
0879803975,2005-03,1
0879804211,2005-09,3
087983515X,2005-10,1
0879836024,2005-07,1
0879837195,2005-07,1
0879837608,2005-08,1
0879837942,2005-07,1
0879838159,2005-09,1
0879838167,2005-05,1
0879838167,2005-08,1
0879838167,2005-10,2
0879857544,2005-01,1
0879857986,2005-01,1
0879974877,2005-09,1
0879975636,2005-03,1
0879976462,2005-07,1
0879978996,2005-07,1
0880012463,2005-05,1
0880014504,2005-08,1
088001539X,2005-09,1
0880015403,2005-01,1
0880015691,2005-10,1
0880071311,2005-01,1
0880071745,2005-06,1
0880104279,2005-07,1
0880105267,2005-01,1
0880105534,2005-08,1
0880115580,2005-09,1
0880116048,2005-08,1
0880117354,2005-06,1
0880117354,2005-07,1
0880119136,2005-05,1
0880223723,2005-08,1
0880290552,2005-06,1
088029065X,2005-08,1
0880295627,2005-07,1
088032404X,2005-06,1
0880324198,2005-09,1
0880451211,2005-02,1
0880451645,2005-08,1
0880487127,2005-09,1
0880509996,2005-10,1
0880621494,2005-09,1
088064124X,2005-03,1
0880641789,2005-09,1
088064219X,2005-02,1
0880642599,2005-06,1
0880709464,2005-05,1
0880780045,2005-02,1
0880791276,2005-05,1
0880791489,2005-04,1
0880793562,2005-08,1
0880795506,2005-01,1
0880796650,2005-04,1
0880796863,2005-04,1
0880796863,2005-08,1
0880796863,2005-09,1
0880880783,2005-07,1
0880881976,2005-05,1
0880882735,2005-08,1
088088648X,2005-08,1
088088648X,2005-09,1
0880886676,2005-04,1
0880886684,2005-03,1
0880924659,2005-09,1
0881010081,2005-09,1
0881030368,2005-02,1
0881068772,2005-01,1
0881069116,2005-03,1
0881254878,2005-09,1
0881255289,2005-10,1
0881257788,2005-08,1
0881333050,2005-08,1
0881339245,2005-06,1
0881339423,2005-08,1
0881410187,2005-08,1
088141042X,2005-07,1
0881412333,2005-09,1
088150159X,2005-08,1
0881502057,2005-06,1
0881504211,2005-04,1
0881505331,2005-01,1
0881505358,2005-09,1
0881505811,2005-07,1
088150629X,2005-08,1
0881506303,2005-04,1
0881506303,2005-08,1
0881506419,2005-07,2
0881506532,2005-07,1
0881506591,2005-09,1
0881506753,2005-10,1
0881633968,2005-05,1
0881664049,2005-10,1
088166474X,2005-10,1
0881791369,2005-07,1
0881791911,2005-03,1
0881791911,2005-08,1
0881791911,2005-09,1
0881791989,2005-08,1
0881792012,2005-04,1
0881792055,2005-08,1
0881842583,2005-06,1
0881845973,2005-01,1
0881847399,2005-01,1
0881882607,2005-08,1
0881883077,2005-02,1
0881886157,2005-08,1
0881887579,2005-08,1
0881889008,2005-05,1
0881889075,2005-09,1
0881923982,2005-09,1
0881924008,2005-09,1
0881924148,2005-09,1
0881924148,2005-10,1
0881924210,2005-09,1
0881924350,2005-08,1
0881924350,2005-09,1
0881924423,2005-09,1
0881924857,2005-07,1
0881924881,2005-09,1
0881925012,2005-07,1
0881925071,2005-04,1
088192508X,2005-04,1
0881925535,2005-04,1
0881925594,2005-02,1
0881926019,2005-01,1
0881926183,2005-08,1
088192637X,2005-04,1
0881926442,2005-04,1
088192654X,2005-09,1
0881926647,2005-08,1
0881926728,2005-03,1
0881926736,2005-10,1
0881926787,2005-08,1
0881926809,2005-06,1
088192685X,2005-04,1
0881927023,2005-09,1
0881927112,2005-04,1
0881955094,2005-09,1
0881956473,2005-08,1
0881957151,2005-03,1
0881958719,2005-02,1
0882077112,2005-04,1
0882078135,2005-09,1
0882143719,2005-08,1
0882145134,2005-09,1
0882190296,2005-01,1
088240511X,2005-02,1
0882405136,2005-03,2
0882405136,2005-05,1
0882405136,2005-07,1
0882405136,2005-08,1
0882405136,2005-09,1
088240539X,2005-10,1
0882405772,2005-10,1
0882433199,2005-04,1
0882434748,2005-03,1
0882436120,2005-07,1
0882643290,2005-03,1
0882662953,2005-03,1
088266378X,2005-08,1
0882663917,2005-04,1
0882666118,2005-05,1
0882666126,2005-09,1
0882667033,2005-08,1
0882668889,2005-09,1
0882669133,2005-10,1
0882669842,2005-10,1
0882669850,2005-05,1
088266994X,2005-09,1
0882681494,2005-09,1
0882681575,2005-09,1
0882681583,2005-07,1
0882700960,2005-03,1
0882700979,2005-09,1
0882706209,2005-02,1
0882706209,2005-05,1
0882706306,2005-09,1
0882707205,2005-08,1
088270947X,2005-10,1
0882710583,2005-05,1
0882791257,2005-04,1
0882791346,2005-10,1
0882821520,2005-02,1
0882821962,2005-08,1
0882822586,2005-01,1
0882822586,2005-03,1
0882840142,2005-07,1
0882840622,2005-05,1
0882842978,2005-02,1
0882844849,2005-07,1
0882846345,2005-08,1
0882846361,2005-08,1
0882846752,2005-05,1
0882847295,2005-08,1
0882848720,2005-03,1
0882894110,2005-07,1
0882898760,2005-03,1
0882906070,2005-04,1
0882907743,2005-08,1
0882952250,2005-09,1
0882952323,2005-01,1
0882959417,2005-09,1
0883171074,2005-08,1
0883172739,2005-09,1
0883172798,2005-06,1
088317314X,2005-01,1
0883261529,2005-09,1
0883310945,2005-09,1
0883312190,2005-08,1
0883323273,2005-08,1
0883446847,2005-09,1
0883638754,2005-10,1
0883659948,2005-08,1
0883681250,2005-06,1
0883681250,2005-09,1
0883681250,2005-10,1
0883682796,2005-04,1
0883683237,2005-08,1
0883683725,2005-08,1
088368442X,2005-09,1
0883684977,2005-07,1
0883685418,2005-07,1
0883685426,2005-07,1
0883685442,2005-08,1
0883685906,2005-08,1
0883686570,2005-04,1
0883688263,2005-09,1
088368876X,2005-03,1
088368876X,2005-09,1
0883782634,2005-07,1
0883855402,2005-01,1
0883855453,2005-09,1
0883856220,2005-07,1
0883857014,2005-08,1
0883880466,2005-03,1
0883940000,2005-08,1
0883969238,2005-08,1
0884020215,2005-06,1
0884022595,2005-08,1
088404341X,2005-03,1
0884046818,2005-01,1
0884111539,2005-02,1
0884111660,2005-04,1
0884111660,2005-05,1
0884116778,2005-05,1
0884119033,2005-03,1
088411905X,2005-01,1
0884119726,2005-04,1
0884153509,2005-09,1
0884193624,2005-09,1
0884194515,2005-02,1
0884194612,2005-08,1
0884195627,2005-08,1
0884196615,2005-08,1
088419793X,2005-03,1
0884198847,2005-08,1
0884198863,2005-10,1
0884199487,2005-06,1
0884199487,2005-08,1
0884199495,2005-09,1
0884271153,2005-02,1
0884271153,2005-08,1
0884271781,2005-06,1
0884271781,2005-08,2
0884326098,2005-08,1
088432723X,2005-07,1
0884827585,2005-02,1
0884860639,2005-02,1
0884860809,2005-10,1
0884861279,2005-09,1
0884872033,2005-01,1
0884897109,2005-06,1
0884945030,2005-01,1
0884963128,2005-04,1
0886461820,2005-02,1
0886770335,2005-07,1
0886773520,2005-01,1
0886773520,2005-03,1
0886774012,2005-03,1
0886774268,2005-03,1
0886774454,2005-05,1
0886774454,2005-06,1
0886774632,2005-01,1
0886774713,2005-04,1
0886775167,2005-09,1
0886775361,2005-07,1
0886776740,2005-09,1
0886777100,2005-04,1
0886777100,2005-06,1
0886777283,2005-01,1
0886777356,2005-06,1
0886777712,2005-07,1
0886777801,2005-04,1
0886777844,2005-01,1
0886778034,2005-05,1
0886778379,2005-06,1
0886778395,2005-04,1
0886778492,2005-08,1
0886778964,2005-07,1
0886779758,2005-10,1
0886779898,2005-07,1
0886852129,2005-07,2
0886852161,2005-08,1
0886852404,2005-07,1
0886852412,2005-03,1
0886852412,2005-09,1
0886852528,2005-07,1
0886901278,2005-08,1
0887060242,2005-04,1
0887065112,2005-08,1
0887066860,2005-01,1
0887070388,2005-02,1
0887073344,2005-07,1
0887080685,2005-09,1
0887100333,2005-06,1
0887100643,2005-04,1
088710066X,2005-08,1
0887101372,2005-07,1
0887245811,2005-03,1
0887290906,2005-01,1
0887291996,2005-07,1
0887295541,2005-09,1
0887306004,2005-09,1
0887306101,2005-09,1
0887306292,2005-02,1
0887306667,2005-07,1
0887306667,2005-08,2
0887307280,2005-03,1
0887307280,2005-08,2
0887308309,2005-02,1
0887308511,2005-03,1
0887308856,2005-06,1
0887309674,2005-07,1
088730995X,2005-01,1
0887387543,2005-08,1
0887404413,2005-07,1
0887405177,2005-07,1
088740619X,2005-06,1
0887407048,2005-07,1
0887408516,2005-09,1
0887431453,2005-03,1
0887431461,2005-08,1
0887431496,2005-08,1
088743293X,2005-08,1
0887434029,2005-02,1
0887483364,2005-08,1
0887761747,2005-01,1
0887764371,2005-05,1
0887764606,2005-09,1
0887764614,2005-09,1
0887766994,2005-09,1
0887805213,2005-01,1
0887806511,2005-08,1
088784524X,2005-04,1
0888350325,2005-01,1
0888651902,2005-09,1
0888990375,2005-04,1
0888995954,2005-03,1
0889082812,2005-10,1
0889372934,2005-09,1
0889614474,2005-04,1
0889626278,2005-07,1
088968281X,2005-08,1
0889682828,2005-09,1
0889682917,2005-09,1
0889953031,2005-08,1
0890065462,2005-08,1
0890090556,2005-03,1
0890132399,2005-08,1
089019033X,2005-05,1
0890243697,2005-03,1
0890243808,2005-07,1
0890244235,2005-10,1
0890244480,2005-09,1
0890244537,2005-09,1
0890244650,2005-08,1
0890245762,2005-10,1
0890245827,2005-10,1
0890420254,2005-10,1
0890420270,2005-04,1
0890439869,2005-01,1
0890439869,2005-08,1
0890510032,2005-08,1
0890511209,2005-02,1
0890511586,2005-07,1
0890511748,2005-02,1
0890512078,2005-10,1
0890512531,2005-05,1
0890512574,2005-05,1
0890512574,2005-07,1
0890512760,2005-07,1
0890513406,2005-06,1
0890513414,2005-01,1
0890513600,2005-07,1
0890513600,2005-08,1
0890513600,2005-10,1
0890513910,2005-03,1
0890514356,2005-07,1
0890792674,2005-09,1
0890796831,2005-10,1
0890812853,2005-09,1
0890814414,2005-06,1
0890814414,2005-07,1
0890815534,2005-07,1
0890875243,2005-09,1
0890877149,2005-03,1
0890877394,2005-06,1
0890877556,2005-09,1
0890877645,2005-10,1
0890877904,2005-03,1
0890893144,2005-10,1
0890893438,2005-08,1
0890897239,2005-04,1
089104115X,2005-03,1
0891060871,2005-10,1
089107290X,2005-04,1
0891073825,2005-10,1
089107418X,2005-02,1
0891074511,2005-09,1
0891075275,2005-02,1
0891075380,2005-09,1
0891077367,2005-08,1
0891078126,2005-06,1
0891078665,2005-09,1
0891079319,2005-03,1
0891079319,2005-05,1
0891079319,2005-09,1
0891079831,2005-08,1
0891096973,2005-05,1
0891098364,2005-06,1
0891230777,2005-04,1
089134148X,2005-09,1
0891344012,2005-08,1
0891347178,2005-09,1
0891347208,2005-09,1
0891347216,2005-07,1
0891347364,2005-08,1
0891347712,2005-08,1
089134800X,2005-09,1
0891348670,2005-02,1
0891349456,2005-08,1
0891349553,2005-04,1
0891349693,2005-09,1
0891349790,2005-10,1
089135087X,2005-01,1
0891410309,2005-09,1
0891411739,2005-04,1
0891411739,2005-09,1
0891412425,2005-03,1
0891414274,2005-04,1
089141486X,2005-03,1
0891415378,2005-06,1
0891415726,2005-01,1
0891415726,2005-08,1
089141617X,2005-06,1
0891417192,2005-03,1
0891417281,2005-09,1
0891417338,2005-07,1
0891417451,2005-08,1
0891417702,2005-07,2
0891417826,2005-01,1
0891417990,2005-05,1
0891418121,2005-05,1
0891418121,2005-08,1
0891418148,2005-02,1
0891418210,2005-08,1
0891418369,2005-05,1
0891418369,2005-08,1
0891418431,2005-10,1
0891418504,2005-04,1
0891418725,2005-05,2
0891418725,2005-06,1
0891418725,2005-08,4
0891418725,2005-09,2
0891418733,2005-04,1
0891418733,2005-07,1
0891418733,2005-09,1
0891418806,2005-09,1
0891451994,2005-01,1
0891453474,2005-09,1
0891454071,2005-03,1
0891454837,2005-05,1
0891456589,2005-09,1
0891457291,2005-03,1
0891458557,2005-07,1
0891458557,2005-09,1
0891458840,2005-09,1
0891480161,2005-01,1
089148079X,2005-03,1
0891740066,2005-09,1
0891893520,2005-06,1
0891894373,2005-10,1
0891900519,2005-01,1
0891903550,2005-04,1
0891916040,2005-09,1
0892046880,2005-01,1
0892047682,2005-05,1
089207292X,2005-05,1
0892073217,2005-04,1
0892132949,2005-08,1
0892133252,2005-02,1
0892133252,2005-08,1
0892210354,2005-09,1
0892211237,2005-07,1
0892211237,2005-09,1
0892215828,2005-05,1
0892216212,2005-08,1
0892216239,2005-06,1
0892253568,2005-06,1
0892281391,2005-02,1
089229003X,2005-09,1
0892341122,2005-08,1
0892341122,2005-09,1
0892341122,2005-10,1
0892363053,2005-09,1
0892364467,2005-04,1
0892364726,2005-03,1
0892366850,2005-01,1
0892367172,2005-10,1
0892367199,2005-07,1
0892390328,2005-08,1
0892438908,2005-04,1
0892438916,2005-04,1
0892440554,2005-04,1
0892541121,2005-09,1
0892551240,2005-07,1
089255245X,2005-08,1
0892552824,2005-09,1
0892656484,2005-08,1
0892723653,2005-07,1
089272420X,2005-08,1
089272479X,2005-04,1
0892725087,2005-09,1
089272529X,2005-05,1
0892725338,2005-01,1
0892725338,2005-03,1
0892725753,2005-02,1
0892726113,2005-09,1
089272627X,2005-09,1
0892726458,2005-03,1
0892726806,2005-10,1
0892741848,2005-09,1
0892749164,2005-08,1
0892749504,2005-06,1
0892749504,2005-09,1
0892760850,2005-08,1
0892764015,2005-08,1
0892765046,2005-09,1
089276516X,2005-03,1
0892765275,2005-06,1
0892810912,2005-06,1
0892810955,2005-09,1
089281098X,2005-09,1
0892810998,2005-02,1
0892811285,2005-08,1
0892811455,2005-06,1
0892812702,2005-05,1
0892813113,2005-09,1
0892813687,2005-02,1
0892814500,2005-06,1
0892814853,2005-04,1
089281506X,2005-01,1
0892815256,2005-07,1
0892815256,2005-09,1
0892815353,2005-02,1
0892815507,2005-01,1
0892816260,2005-10,1
0892816635,2005-01,1
0892816635,2005-09,1
0892817038,2005-03,1
0892817445,2005-09,1
089281764X,2005-05,1
089281764X,2005-08,1
0892817887,2005-03,1
0892818042,2005-10,1
0892818115,2005-07,1
0892818131,2005-10,1
0892818689,2005-08,1
0892818875,2005-01,1
0892819057,2005-09,1
0892819111,2005-02,2
0892819235,2005-08,1
089281957X,2005-01,1
0892819758,2005-02,1
0892819782,2005-05,1
0892819790,2005-04,1
0892819790,2005-05,1
0892819901,2005-06,1
0892831812,2005-03,1
0892832193,2005-03,1
0892836164,2005-07,1
0892836385,2005-03,1
0892836512,2005-10,1
0892837780,2005-07,1
0892837896,2005-07,1
0892839988,2005-02,1
0892873051,2005-09,1
0892876557,2005-08,1
0892876913,2005-09,1
0892877502,2005-08,1
0892877820,2005-08,1
0892878193,2005-09,1
0892878436,2005-09,1
0892878584,2005-08,1
0892878878,2005-09,1
0892878894,2005-09,1
0892879181,2005-08,1
0892879181,2005-09,1
0892879270,2005-09,1
089296006X,2005-09,1
0892963700,2005-09,1
0892967544,2005-03,1
089296782X,2005-04,1
0892967838,2005-05,1
0892967870,2005-07,1
0892967919,2005-05,1
0892967951,2005-03,1
0892967994,2005-01,2
0892968001,2005-09,1
0892968028,2005-05,1
0892968095,2005-09,1
0892968095,2005-10,1
0893170321,2005-07,1
0893300128,2005-08,1
0893300136,2005-07,1
0893300136,2005-09,1
0893300144,2005-09,1
0893300667,2005-09,1
0893342939,2005-10,1
0893343854,2005-05,1
0893401560,2005-09,1
0893468282,2005-07,1
0893468428,2005-07,1
0893468452,2005-10,1
089357080X,2005-05,1
089381296X,2005-02,1
0893814393,2005-09,1
0893814458,2005-09,1
089381525X,2005-01,1
0893815381,2005-08,1
0893817414,2005-01,1
0893817449,2005-10,1
0893860220,2005-06,1
0893860220,2005-09,1
0893860220,2005-10,1
0893860336,2005-04,1
0893860336,2005-09,1
0893891568,2005-07,1
0893892459,2005-06,1
0894103601,2005-09,1
0894121596,2005-07,1
0894202448,2005-08,1
0894202995,2005-07,1
0894550179,2005-08,1
0894550381,2005-04,1
0894682199,2005-09,1
0894717413,2005-04,1
0894717766,2005-01,1
0894800213,2005-01,1
0894800566,2005-02,1
0894801406,2005-04,1
0894801406,2005-08,1
0894802046,2005-02,1
0894803123,2005-03,1
0894803123,2005-08,3
0894803123,2005-09,2
0894803417,2005-03,2
0894806297,2005-01,1
089480698X,2005-04,1
089480698X,2005-08,1
0894807536,2005-08,1
0894807544,2005-03,1
0894807625,2005-09,1
0894807668,2005-09,1
0894808354,2005-06,1
0894809393,2005-09,1
0894809946,2005-07,1
0894863940,2005-08,1
0894864025,2005-03,1
0894864025,2005-07,1
0894864025,2005-08,1
0894867253,2005-08,1
0894867415,2005-09,1
0894900757,2005-01,1
0894990284,2005-08,1
0895246104,2005-07,1
0895247380,2005-01,1
0895260050,2005-07,1
0895260050,2005-09,1
0895260131,2005-07,2
0895260131,2005-08,4
0895260131,2005-09,8
0895260131,2005-10,3
0895260158,2005-08,1
0895260158,2005-09,3
0895260158,2005-10,1
0895260166,2005-08,1
0895260166,2005-09,1
0895260174,2005-01,1
0895260174,2005-03,1
0895260190,2005-04,1
0895260190,2005-08,1
0895260344,2005-08,3
0895260344,2005-09,2
0895260387,2005-06,1
0895260387,2005-08,3
0895260387,2005-09,3
0895260409,2005-08,1
0895260409,2005-09,2
0895260417,2005-03,2
0895260425,2005-01,2
0895260425,2005-03,2
0895260433,2005-04,1
0895260433,2005-06,1
0895260476,2005-01,3
0895260476,2005-02,5
0895260476,2005-03,7
0895260476,2005-04,1
0895260476,2005-06,1
0895260476,2005-08,2
0895260476,2005-09,2
0895260506,2005-02,7
0895260506,2005-03,5
0895260506,2005-04,2
0895260506,2005-07,2
0895260506,2005-08,1
0895260506,2005-09,2
0895260530,2005-04,1
0895260603,2005-07,1
0895260654,2005-07,1
0895260654,2005-09,1
089526076X,2005-01,2
089526076X,2005-08,1
0895260859,2005-09,1
0895260905,2005-01,1
0895260905,2005-06,1
0895261014,2005-08,1
0895261146,2005-03,1
0895261286,2005-03,1
0895261359,2005-01,1
0895261405,2005-04,1
0895261456,2005-03,1
0895261456,2005-08,1
0895261480,2005-03,1
0895261480,2005-09,1
0895261596,2005-07,1
0895261650,2005-01,1
0895261650,2005-10,1
0895261715,2005-08,1
0895262002,2005-05,1
0895262002,2005-09,1
0895262177,2005-03,1
0895262258,2005-03,1
0895262355,2005-03,1
0895262479,2005-09,1
0895262762,2005-09,1
0895263998,2005-06,1
0895264293,2005-06,1
0895265370,2005-09,1
0895265494,2005-03,1
0895267519,2005-08,1
0895267896,2005-04,1
0895267896,2005-08,1
0895267934,2005-07,1
0895293234,2005-06,1
0895295954,2005-01,1
0895296586,2005-08,1
0895296721,2005-07,1
0895296845,2005-05,1
0895298171,2005-08,1
0895298384,2005-02,1
0895298694,2005-08,1
0895381036,2005-09,1
0895550024,2005-09,1
0895550156,2005-04,1
0895550482,2005-09,1
089555058X,2005-06,1
0895550709,2005-08,1
0895551659,2005-09,1
0895552167,2005-09,1
0895552450,2005-06,1
0895552795,2005-09,1
089555321X,2005-07,1
0895553538,2005-03,1
0895554623,2005-04,1
089555464X,2005-09,1
0895554658,2005-04,1
0895554666,2005-04,1
0895554682,2005-03,1
0895554755,2005-04,1
0895555018,2005-09,1
0895555972,2005-03,1
0895556421,2005-01,1
089555643X,2005-05,1
0895556766,2005-10,1
0895557576,2005-07,1
0895561506,2005-08,1
0895770210,2005-10,1
0895770288,2005-03,1
0895773511,2005-08,2
0895778599,2005-03,1
0895778718,2005-01,1
0895778726,2005-02,1
0895779331,2005-09,1
0895779390,2005-08,1
0895810085,2005-09,1
0895860473,2005-09,1
0895861283,2005-08,1
0895861860,2005-10,1
0895862387,2005-09,1
0895862662,2005-01,1
0895863014,2005-04,1
0895863774,2005-08,1
0895864029,2005-08,1
0895864231,2005-09,1
0895864797,2005-08,1
0895870665,2005-09,1
0895871106,2005-09,1
0895871912,2005-04,1
0895873052,2005-06,1
0895945096,2005-01,1
0895949903,2005-08,1
0896084140,2005-08,1
0896086283,2005-03,1
0896087271,2005-09,1
0896103145,2005-04,1
0896103730,2005-09,1
0896223957,2005-03,1
0896226956,2005-09,1
0896227243,2005-09,1
0896382583,2005-09,1
089651451X,2005-02,1
0896584178,2005-08,1
089658481X,2005-09,1
0896585085,2005-08,1
0896585522,2005-08,1
0896585565,2005-07,1
0896585654,2005-10,1
0896585891,2005-07,1
0896586545,2005-03,1
0896586758,2005-09,1
0896597989,2005-08,1
0896597989,2005-10,1
0896599035,2005-07,1
0896599302,2005-07,1
0896599310,2005-08,1
0896600661,2005-09,1
0896723917,2005-04,1
0896725111,2005-03,1
0896725200,2005-09,1
0896725316,2005-03,1
0896725332,2005-09,1
0896760820,2005-07,1
0896761258,2005-09,1
0896762394,2005-09,1
0896762513,2005-06,1
0896891402,2005-04,1
0896891402,2005-06,1
0896891410,2005-06,1
0896891607,2005-07,2
0896891682,2005-09,1
0896891933,2005-08,2
0896892654,2005-09,1
0896936597,2005-07,1
0897211820,2005-04,1
0897214242,2005-07,1
0897241207,2005-08,1
0897244869,2005-08,1
0897245865,2005-09,1
089732403X,2005-03,1
0897325486,2005-10,1
0897325524,2005-07,1
0897330536,2005-05,1
0897331214,2005-03,1
0897331818,2005-08,1
0897332733,2005-07,1
0897333659,2005-03,1
0897334078,2005-02,1
0897334213,2005-08,1
0897334973,2005-03,1
089733499X,2005-05,1
0897335287,2005-09,2
0897460685,2005-07,1
0897500024,2005-06,1
0897500482,2005-09,1
089750058X,2005-08,1
0897501403,2005-05,1
0897501446,2005-08,1
0897501446,2005-09,2
0897501454,2005-09,1
0897893549,2005-01,1
0897931645,2005-08,1
0897931653,2005-09,1
0897933974,2005-09,1
0897934032,2005-08,1
0897934377,2005-07,1
0897934393,2005-07,1
0897934474,2005-06,1
0897934490,2005-03,1
0898002621,2005-08,1
089804099X,2005-06,1
0898151899,2005-10,1
089815197X,2005-01,1
0898152925,2005-02,1
0898154081,2005-09,1
0898155177,2005-07,1
089815555X,2005-09,1
0898157617,2005-07,1
089815927X,2005-03,1
089815944X,2005-06,1
0898159539,2005-09,1
0898159954,2005-07,1
0898201462,2005-01,1
0898214246,2005-09,1
0898249716,2005-06,1
0898457920,2005-07,1
0898458714,2005-04,1
0898620341,2005-10,1
0898621283,2005-08,1
0898621283,2005-09,1
0898621798,2005-03,1
0898693527,2005-08,1
0898700809,2005-09,2
0898701775,2005-06,1
0898701775,2005-09,1
0898702046,2005-03,1
0898702623,2005-05,1
0898702631,2005-02,1
0898702976,2005-02,1
0898702976,2005-05,1
0898704197,2005-04,1
0898704456,2005-09,1
0898704529,2005-08,1
0898705320,2005-05,1
0898705525,2005-04,1
0898705525,2005-06,1
0898705533,2005-07,1
0898705533,2005-10,1
0898705789,2005-08,1
0898705800,2005-08,1
0898705886,2005-08,1
089870605X,2005-01,1
0898706408,2005-10,1
0898706866,2005-10,1
0898706904,2005-04,1
0898707021,2005-04,1
0898707021,2005-05,1
0898707021,2005-06,1
0898707102,2005-08,1
0898707315,2005-08,1
0898707536,2005-06,1
0898707536,2005-07,1
0898708192,2005-08,1
0898708249,2005-02,1
0898708451,2005-06,1
0898708540,2005-07,1
0898709253,2005-06,1
0898709547,2005-07,1
0898709628,2005-05,1
0898709628,2005-08,1
0898709636,2005-08,1
0898709717,2005-08,1
089870975X,2005-03,1
0898709822,2005-08,1
0898709849,2005-08,1
0898709989,2005-05,1
0898713285,2005-06,1
0898713838,2005-01,1
0898715113,2005-08,1
089874752X,2005-04,1
0898755980,2005-03,1
089879255X,2005-10,1
0898793475,2005-09,1
0898795109,2005-05,1
0898797756,2005-01,1
089879868X,2005-02,1
0898799058,2005-02,1
0898799058,2005-07,1
0898799082,2005-06,1
0898799279,2005-05,1
0898799325,2005-01,1
0898799325,2005-07,1
0898799511,2005-08,1
089879983X,2005-07,1
089879983X,2005-09,1
0898799953,2005-09,1
0898860970,2005-09,1
0898864801,2005-09,1
0898865573,2005-08,1
0898865905,2005-08,1
0898866103,2005-09,1
0898866189,2005-02,1
0898866251,2005-07,1
0898866782,2005-08,1
0898867169,2005-04,1
0898867304,2005-09,1
0898867495,2005-08,1
0898867770,2005-08,1
0898867789,2005-01,1
0898867908,2005-09,1
0898868157,2005-07,1
0898868580,2005-06,1
0898868696,2005-10,1
0898869080,2005-06,1
0898869110,2005-08,1
0898869412,2005-08,1
0898869544,2005-09,1
0898869595,2005-08,1
0898869625,2005-02,1
0898869862,2005-09,1
0898986966,2005-04,1
089898890X,2005-05,1
0899061788,2005-07,1
0899067174,2005-02,1
0899093108,2005-09,1
0899193803,2005-02,1
0899194427,2005-06,1
0899332374,2005-09,1
0899332536,2005-09,1
0899332536,2005-10,1
0899332773,2005-07,1
0899332773,2005-10,1
089933282X,2005-09,1
0899332862,2005-08,1
0899332897,2005-09,1
0899333206,2005-08,1
0899333214,2005-08,1
0899333338,2005-08,1
0899333397,2005-09,1
0899333532,2005-04,1
0899421210,2005-10,1
0899423655,2005-10,1
0899429327,2005-09,1
089950163X,2005-05,1
0899504558,2005-06,1
0899507522,2005-04,1
0899571492,2005-04,1
0899571492,2005-09,1
0899571700,2005-03,1
0899573789,2005-08,1
0899574459,2005-04,1
0899576516,2005-07,1
0899576567,2005-07,1
0899576877,2005-06,1
0899576877,2005-07,1
0899576877,2005-08,1
0899661742,2005-04,1
0899663567,2005-08,1
0899667287,2005-04,1
0899668054,2005-03,2
0899683061,2005-01,1
0899703380,2005-08,1
0899972292,2005-09,1
0899972608,2005-09,1
0899972969,2005-01,1
0899973353,2005-06,1
0899973779,2005-07,1
090038414X,2005-10,1
0900588616,2005-02,1
0900612878,2005-06,1
0901938041,2005-05,1
0903505231,2005-10,1
0903873214,2005-02,1
0904311120,2005-01,1
0905138368,2005-03,1
0905138805,2005-02,1
090613823X,2005-08,1
0906212855,2005-07,1
0906362431,2005-09,1
0906672694,2005-05,1
0906720311,2005-03,1
0907077390,2005-01,1
0907259065,2005-01,1
0907261035,2005-05,1
090732570X,2005-08,1
0907516955,2005-08,1
0907797105,2005-09,1
0907845991,2005-09,1
0907871755,2005-05,1
0910019681,2005-09,1
0910034737,2005-07,1
0910034974,2005-06,1
0910055998,2005-09,1
0910055998,2005-10,2
0910146217,2005-09,1
0910155593,2005-05,1
0910167028,2005-05,1
0910267014,2005-08,1
0910299013,2005-09,1
0910305005,2005-10,1
091031103X,2005-09,1
0910311315,2005-06,1
0910311587,2005-03,1
0910311617,2005-05,1
0910311641,2005-09,1
0910367531,2005-07,1
0910367531,2005-08,1
0910413533,2005-01,1
0910542880,2005-08,1
0910575185,2005-08,1
091061847X,2005-08,1
0910667268,2005-09,1
0910707510,2005-08,1
0910707545,2005-09,1
0910707642,2005-02,1
0910707677,2005-08,1
0910707707,2005-10,1
0910791694,2005-06,1
0910923221,2005-09,1
091096551X,2005-09,1
0910965714,2005-10,1
0911005137,2005-03,1
0911010602,2005-07,1
0911104216,2005-01,1
0911104216,2005-09,1
0911104577,2005-07,1
0911122109,2005-05,1
091113929X,2005-09,1
0911203230,2005-08,1
0911203443,2005-09,1
0911207023,2005-08,1
0911207023,2005-09,1
0911226230,2005-09,1
0911295534,2005-10,1
0911311602,2005-01,1
0911378200,2005-10,1
0911469036,2005-05,1
0911560637,2005-10,1
0911572406,2005-10,1
091159227X,2005-03,1
0911662286,2005-08,1
0911747397,2005-09,1
0911842314,2005-07,1
0911903356,2005-08,1
0911903739,2005-04,1
0911903763,2005-08,1
0911903968,2005-08,1
0911903968,2005-09,1
0911910107,2005-10,1
0911910506,2005-07,1
0911921702,2005-09,1
0911977007,2005-09,1
0911977058,2005-09,1
0911977082,2005-08,1
0912111542,2005-07,1
0912299231,2005-09,1
0912301538,2005-02,1
0912333022,2005-05,1
0912333987,2005-04,1
091242320X,2005-10,1
0912423242,2005-05,1
0912500859,2005-09,1
0912510013,2005-03,1
0912517123,2005-06,1
0912660201,2005-03,1
0912724382,2005-08,1
0912724501,2005-01,1
0912783370,2005-03,1
0912835001,2005-09,1
0912856904,2005-04,1
0912944781,2005-10,1
0912986212,2005-06,1
0912986212,2005-09,1
0912986409,2005-06,1
0913022349,2005-08,1
091305609X,2005-05,1
0913063029,2005-05,1
0913063029,2005-09,1
0913342459,2005-01,1
0913383333,2005-03,1
091342871X,2005-04,1
0913546836,2005-07,1
0913573868,2005-04,1
0913589160,2005-06,1
0913589608,2005-01,1
0913757691,2005-09,1
0913836117,2005-07,1
0913836397,2005-07,1
0913866229,2005-07,1
0913923109,2005-09,1
0913966568,2005-08,1
0913990426,2005-04,1
0913990604,2005-07,1
0913990736,2005-01,1
0913990795,2005-07,1
0914061550,2005-06,1
0914061917,2005-05,1
0914094750,2005-07,1
0914098705,2005-09,1
0914098713,2005-10,1
0914156020,2005-06,1
0914168797,2005-02,1
0914293559,2005-03,1
0914513400,2005-10,1
0914520431,2005-09,1
0914839195,2005-09,1
0914846175,2005-02,1
0914846809,2005-08,1
091486307X,2005-02,1
091486307X,2005-10,1
0914875191,2005-09,1
091488185X,2005-06,1
091488185X,2005-09,1
0914881922,2005-01,1
0914941852,2005-02,1
0914941852,2005-07,2
0914955926,2005-05,1
0915005042,2005-08,1
0915005050,2005-09,1
0915009757,2005-03,1
0915024659,2005-03,1
091502473X,2005-08,1
0915031027,2005-02,1
0915035278,2005-08,1
0915132397,2005-05,1
0915132893,2005-10,1
0915132982,2005-09,1
091514459X,2005-03,1
0915145855,2005-10,1
091516650X,2005-09,1
0915179822,2005-01,1
0915230151,2005-09,2
0915269058,2005-06,1
0915297019,2005-06,1
0915297019,2005-08,1
0915297256,2005-04,1
0915297256,2005-08,1
0915299143,2005-09,1
0915299151,2005-09,1
0915299364,2005-02,1
0915516438,2005-03,1
091554024X,2005-09,1
0915540509,2005-09,1
0915597071,2005-01,1
0915611902,2005-04,1
0915749203,2005-08,1
0915765896,2005-10,1
0915780003,2005-09,1
0915801639,2005-10,1
0915807025,2005-08,1
0915811006,2005-10,1
0915811049,2005-06,1
0915811499,2005-09,1
091581160X,2005-08,1
0915811812,2005-02,1
0915811812,2005-09,1
0915811898,2005-07,1
0915811936,2005-08,1
0915815354,2005-08,1
0915815354,2005-10,1
0915950839,2005-06,1
0916078582,2005-03,1
0916124290,2005-06,1
0916189082,2005-01,1
0916189082,2005-04,1
0916189104,2005-07,1
0916219208,2005-03,1
0916260879,2005-03,1
0916260879,2005-08,1
0916260917,2005-05,1
0916288455,2005-09,1
0916291456,2005-10,1
0916365689,2005-07,1
0916370100,2005-09,1
0916374769,2005-10,1
0916392066,2005-02,1
0916489582,2005-09,1
0916489647,2005-02,1
0916503046,2005-08,1
0916552284,2005-04,1
0916583759,2005-07,1
0916586820,2005-08,1
0916586995,2005-05,1
0916700518,2005-07,1
0916766713,2005-08,1
0916773477,2005-02,1
0916773914,2005-03,1
0916773965,2005-09,1
0916856011,2005-09,1
0916927091,2005-09,1
0916938069,2005-09,1
0916938131,2005-10,1
0916938166,2005-10,1
0917006011,2005-07,1
0917006240,2005-08,1
0917086805,2005-08,1
091718100X,2005-06,1
0917191021,2005-06,1
0917304659,2005-09,1
0917334264,2005-09,1
0917406257,2005-10,1
0917510232,2005-07,1
0917634314,2005-02,1
0917643127,2005-09,1
0917800001,2005-06,1
0917849221,2005-08,1
0918080762,2005-09,1
0918222885,2005-08,1
091822635X,2005-02,1
0918273781,2005-04,1
0918316049,2005-10,1
091832159X,2005-06,1
0918321727,2005-04,1
0918371198,2005-08,1
0918399173,2005-08,1
0918399181,2005-08,1
0918471664,2005-01,1
0918477425,2005-10,1
0918618649,2005-02,1
0918684331,2005-03,1
091868451X,2005-09,1
091868465X,2005-01,1
0918684730,2005-10,1
0918736641,2005-08,1
0918804299,2005-07,1
091880440X,2005-09,1
0918812054,2005-06,1
091897304X,2005-09,1
0919123589,2005-07,1
0919123600,2005-08,2
0919123848,2005-09,1
0919123902,2005-10,1
0919345522,2005-01,1
0919345921,2005-08,1
0919345980,2005-09,1
0919359078,2005-03,1
0919359159,2005-03,1
0919985041,2005-08,1
0919985386,2005-08,1
0919985386,2005-10,1
0919985432,2005-05,1
0920236162,2005-07,1
0920236162,2005-09,2
0920236642,2005-08,1
0920470483,2005-07,1
0920490700,2005-04,1
0920515002,2005-05,1
0920668364,2005-07,1
0920668372,2005-07,1
0920668372,2005-08,2
0920668496,2005-07,1
0920698549,2005-02,1
0920855180,2005-10,1
0921149220,2005-09,1
0921451067,2005-07,1
0921513054,2005-10,1
0921835175,2005-06,1
092187202X,2005-04,1
0921991460,2005-03,1
0921991703,2005-06,2
0922029938,2005-09,1
0922233063,2005-02,1
0922352011,2005-02,1
0922433445,2005-09,1
0922769311,2005-06,1
0922769311,2005-07,1
0922802823,2005-10,1
0922915121,2005-06,1
0922915784,2005-04,1
0922915792,2005-09,1
0922915814,2005-09,1
0922915849,2005-10,1
0922915865,2005-02,1
0923521518,2005-10,1
0923550127,2005-07,1
0923550453,2005-06,1
0923980814,2005-01,1
0924357207,2005-10,1
0924486759,2005-10,1
0924486953,2005-06,1
0924608269,2005-03,1
0924722002,2005-10,1
0924886102,2005-07,1
0925168009,2005-06,1
0925168998,2005-10,1
0925190594,2005-07,1
0925794201,2005-09,1
0925873012,2005-08,1
0926412205,2005-03,1
0926494139,2005-08,1
0926524585,2005-09,1
092688803X,2005-09,1
0926888048,2005-08,1
0926888110,2005-05,1
0927015250,2005-02,1
092753438X,2005-10,1
0927978199,2005-04,1
0927978202,2005-02,1
0929173422,2005-06,1
092923913X,2005-10,1
0929239393,2005-09,1
0929239989,2005-05,1
092926181X,2005-08,1
0929306333,2005-01,1
0929311051,2005-02,1
0929371240,2005-08,1
0929384504,2005-09,1
0929385314,2005-03,1
0929386124,2005-07,1
0929392787,2005-02,1
0929459016,2005-08,1
0929480317,2005-09,1
0929521404,2005-02,1
092959150X,2005-09,1
0929591801,2005-08,1
0929591801,2005-10,1
092959181X,2005-08,1
0929591828,2005-06,1
0929591836,2005-06,1
0929605489,2005-10,1
0929619021,2005-05,1
092961903X,2005-05,1
0929652010,2005-06,1
0929701755,2005-07,1
0929712056,2005-07,1
0929712110,2005-03,1
0929712366,2005-01,1
0929712366,2005-07,1
0929845064,2005-06,1
0929895258,2005-08,1
0929895282,2005-07,1
0929895355,2005-08,1
0929895363,2005-09,1
0929975324,2005-05,1
0929975367,2005-06,1
0929980158,2005-06,1
0929980220,2005-07,1
0930031385,2005-04,1
093003175X,2005-08,1
0930031970,2005-07,1
0930031970,2005-08,1
0930073002,2005-06,1
0930073274,2005-07,1
0930100948,2005-01,1
0930113160,2005-01,1
0930118294,2005-09,1
0930213408,2005-05,1
0930265343,2005-03,1
0930289234,2005-05,1
0930289234,2005-09,1
0930289366,2005-06,1
0930289382,2005-09,1
0930289447,2005-06,1
0930289455,2005-01,1
0930289455,2005-04,1
0930289455,2005-06,1
0930289528,2005-07,1
0930289528,2005-08,3
0930289528,2005-09,1
0930289560,2005-07,1
0930289595,2005-08,1
0930289668,2005-05,1
0930289943,2005-08,1
0930289986,2005-07,1
0930313046,2005-10,1
0930324900,2005-08,1
0930330382,2005-02,1
093033051X,2005-07,1
093035091X,2005-05,1
0930407504,2005-07,1
0930452941,2005-04,1
0930464540,2005-01,1
0930464745,2005-04,1
0930741536,2005-03,1
0930769112,2005-04,1
0930851056,2005-03,1
0930852311,2005-06,1
0930852311,2005-07,1
0930852311,2005-08,1
0930852354,2005-01,1
0930852400,2005-05,1
0930878264,2005-06,1
0930897692,2005-08,1
0930926269,2005-09,1
0930948106,2005-06,1
0930982525,2005-09,1
0931015006,2005-08,1
0931104351,2005-04,1
0931213177,2005-08,1
0931271738,2005-09,1
0931411289,2005-08,1
0931431123,2005-10,1
0931432782,2005-02,1
0931432820,2005-08,1
0931432820,2005-10,1
0931432952,2005-07,1
0931464315,2005-10,1
0931560004,2005-10,1
0931613191,2005-09,1
0931674441,2005-10,1
0931722268,2005-07,1
0931759102,2005-07,1
0931759331,2005-03,1
0931759331,2005-08,1
0931761972,2005-07,1
093178302X,2005-08,1
0931866979,2005-09,1
0931892813,2005-09,1
0931968410,2005-03,1
0931993954,2005-07,1
0932040381,2005-01,1
0932052479,2005-01,1
0932086195,2005-03,1
0932102123,2005-07,2
0932194176,2005-06,1
0932194400,2005-08,1
0932212883,2005-08,1
0932212883,2005-10,1
0932265685,2005-07,1
0932367119,2005-05,1
0932412114,2005-03,1
0932415628,2005-05,1
093244055X,2005-06,1
0932529771,2005-03,1
0932551394,2005-08,1
0932586031,2005-02,1
0932592104,2005-03,1
0932592104,2005-07,1
0932592856,2005-01,1
0932592856,2005-07,1
0932592856,2005-08,2
0932592856,2005-09,2
0932592856,2005-10,1
0932633293,2005-05,1
0932633331,2005-08,1
0932633390,2005-10,1
0932633439,2005-08,1
0932633536,2005-03,1
0932633544,2005-05,1
0932813119,2005-09,1
0932813186,2005-08,1
0932813518,2005-07,1
0932813747,2005-04,1
0932813747,2005-05,1
0932813747,2005-06,1
0932813747,2005-09,2
0932813747,2005-10,1
0932813917,2005-04,1
0932859585,2005-08,1
093286337X,2005-05,1
0932945384,2005-10,1
0932945430,2005-09,1
0932956254,2005-04,1
0933029845,2005-08,1
0933062249,2005-05,1
0933121199,2005-09,1
0933121261,2005-08,1
0933121768,2005-08,1
0933140460,2005-10,1
0933149646,2005-09,1
0933149980,2005-07,1
0933174659,2005-04,1
0933216246,2005-09,1
0933224206,2005-04,1
0933224494,2005-09,1
0933239378,2005-09,1
0933248059,2005-10,1
0933405014,2005-02,1
0933511116,2005-04,1
0933635559,2005-07,1
0933670044,2005-03,2
0933849672,2005-07,1
0933852762,2005-08,1
0933884540,2005-07,1
0933884931,2005-10,1
0933999518,2005-01,1
0934009929,2005-09,1
0934026971,2005-09,1
0934041059,2005-08,1
0934041288,2005-10,1
0934041571,2005-08,1
0934041822,2005-07,1
0934041822,2005-10,1
0934041857,2005-08,1
0934041962,2005-10,1
0934211639,2005-07,1
0934211671,2005-09,1
0934211922,2005-05,1
0934211965,2005-10,1
0934252459,2005-01,1
0934252459,2005-10,1
0934252912,2005-07,1
0934380309,2005-03,1
0934380538,2005-02,1
0934380538,2005-05,1
0934380708,2005-06,1
0934419353,2005-08,1
0934426015,2005-04,1
0934666024,2005-05,1
093467227X,2005-10,1
0934678162,2005-09,1
0934798664,2005-09,1
0934953457,2005-05,1
0934977143,2005-07,1
0935039031,2005-03,1
0935039600,2005-09,1
0935039678,2005-09,1
0935039783,2005-05,1
0935047360,2005-05,1
0935127046,2005-09,1
0935127305,2005-03,1
093512733X,2005-03,1
0935127674,2005-10,1
0935127682,2005-09,1
0935182721,2005-08,1
0935216146,2005-08,1
0935216154,2005-08,1
0935257004,2005-09,1
0935278419,2005-08,1
0935278427,2005-08,2
0935526382,2005-05,1
0935526854,2005-07,1
0935553223,2005-01,1
0935553487,2005-03,1
0935621466,2005-09,1
0935699007,2005-08,1
0935699201,2005-07,1
093570261X,2005-03,1
0935702970,2005-01,1
0935741135,2005-09,1
0935741194,2005-09,1
0935755780,2005-03,1
0935810749,2005-07,1
0935882030,2005-07,1
0935907076,2005-09,1
0935908420,2005-07,1
0935921095,2005-06,1
0935926240,2005-10,1
0935926259,2005-07,1
0935926259,2005-09,2
0935926259,2005-10,1
0935952861,2005-04,1
0936028017,2005-09,1
0936034025,2005-03,1
093607020X,2005-08,2
0936070226,2005-08,1
0936070226,2005-09,1
0936070277,2005-04,1
0936070307,2005-03,1
0936070331,2005-03,1
093607731X,2005-09,1
0936077506,2005-09,1
0936184191,2005-07,1
0936184515,2005-05,1
0936184515,2005-08,1
0936184663,2005-02,1
093618471X,2005-05,1
0936184744,2005-02,1
0936184744,2005-04,2
0936184744,2005-07,2
0936184744,2005-08,1
0936184744,2005-09,2
0936184752,2005-03,1
0936184752,2005-08,1
0936184795,2005-08,1
0936184795,2005-09,2
0936184809,2005-08,1
0936184817,2005-09,1
0936184825,2005-01,1
0936184825,2005-09,1
0936184868,2005-08,1
0936184868,2005-09,1
0936184876,2005-09,1
0936185082,2005-05,1
0936185732,2005-09,1
0936185929,2005-09,2
0936197390,2005-05,1
0936197439,2005-08,1
0936197447,2005-01,1
093619748X,2005-02,1
093619748X,2005-08,1
0936240245,2005-06,1
0936262370,2005-05,1
0936310146,2005-08,1
0936348070,2005-10,1
093638431X,2005-09,1
0936399465,2005-08,1
0936399562,2005-02,1
0936602481,2005-02,1
0936608064,2005-10,1
0936663367,2005-08,1
0936713011,2005-07,1
0936738030,2005-04,1
0936760192,2005-08,1
093678332X,2005-08,1
0936783397,2005-03,1
0936783435,2005-08,1
0936784482,2005-05,1
0936799005,2005-07,1
093679920X,2005-03,1
0936834471,2005-07,1
0936916036,2005-08,1
0936965045,2005-05,1
0936965045,2005-09,1
0936965088,2005-02,1
0936965088,2005-06,1
0937036013,2005-08,1
0937058599,2005-08,1
0937274747,2005-06,1
0937274828,2005-06,1
0937360066,2005-06,1
0937381500,2005-04,1
0937381500,2005-05,1
093738156X,2005-08,1
0937381748,2005-09,1
0937381829,2005-09,1
0937381845,2005-07,1
0937382000,2005-10,1
0937404632,2005-09,1
093742238X,2005-05,1
0937422606,2005-06,1
0937539651,2005-02,1
0937539651,2005-07,1
0937548480,2005-05,1
0937548561,2005-08,1
0937552178,2005-03,1
0937611018,2005-09,1
0937611468,2005-05,1
0937663093,2005-09,1
0937750115,2005-10,1
0937750174,2005-04,1
0937822566,2005-08,1
0937822582,2005-04,1
0937866229,2005-09,1
093787745X,2005-08,1
0937877468,2005-10,1
0937938661,2005-08,1
0937938726,2005-07,1
0937938874,2005-06,1
0937944130,2005-02,1
0937959189,2005-07,1
0937986690,2005-05,1
0938045253,2005-03,1
0938045253,2005-10,1
0938045326,2005-09,1
0938045350,2005-02,1
0938045369,2005-07,1
0938045385,2005-01,1
0938045431,2005-07,1
0938045431,2005-08,1
0938045482,2005-06,1
0938045520,2005-06,1
0938045520,2005-10,1
0938045652,2005-08,1
0938077929,2005-02,1
0938078739,2005-07,1
0938216120,2005-09,1
0938250019,2005-08,1
0938317717,2005-03,1
0938329014,2005-07,1
0938349406,2005-03,1
0938497103,2005-09,1
0938497154,2005-09,1
0938497189,2005-02,1
093853002X,2005-09,1
0938626647,2005-08,1
0938635301,2005-08,1
0938635859,2005-01,1
0938644327,2005-10,1
0938665839,2005-08,1
0938721976,2005-03,1
0938817396,2005-02,1
0938818066,2005-07,1
0938864211,2005-08,1
0938935208,2005-04,1
0939009900,2005-02,1
0939040158,2005-04,1
0939149133,2005-05,1
0939165538,2005-05,1
0939214342,2005-02,1
0939217406,2005-09,1
0939217422,2005-09,1
0939217627,2005-07,1
0939246384,2005-05,1
0939301105,2005-09,1
093930192X,2005-08,1
0939302268,2005-09,1
0939302322,2005-07,1
0939343398,2005-03,1
0939479206,2005-09,1
0939481545,2005-08,1
0939481561,2005-09,1
093948157X,2005-08,1
0939481677,2005-01,1
0939482029,2005-04,1
0939482223,2005-10,1
0939516225,2005-06,1
0939616114,2005-03,1
0939616335,2005-08,1
0939631466,2005-08,1
0939650444,2005-05,1
093965749X,2005-09,1
093966030X,2005-09,1
0939680866,2005-08,1
093968098X,2005-07,1
0939691086,2005-02,1
0939837498,2005-03,1
0939837544,2005-08,1
0939837641,2005-09,1
093983765X,2005-07,1
0939895080,2005-09,1
0939923874,2005-08,1
0940110431,2005-09,1
0940112108,2005-09,1
0940149036,2005-05,1
0940149451,2005-03,1
0940159732,2005-04,1
0940182106,2005-02,1
0940182262,2005-08,1
0940208164,2005-04,1
094020827X,2005-08,1
0940232006,2005-09,1
0940232537,2005-07,1
094026269X,2005-02,1
0940262835,2005-07,1
094027972X,2005-08,1
0940322064,2005-06,1
0940322226,2005-09,1
0940322250,2005-03,1
0940322471,2005-05,1
0940322560,2005-06,1
0940322668,2005-04,1
0940322668,2005-09,2
0940322889,2005-04,1
0940322919,2005-06,1
0940322994,2005-10,1
0940328046,2005-08,1
0940352141,2005-05,1
0940352168,2005-08,1
0940450186,2005-09,1
0940450542,2005-05,1
0940512424,2005-09,1
0940646250,2005-09,1
094066934X,2005-09,1
0940672642,2005-06,1
0940672642,2005-08,1
0940672642,2005-10,1
0940672693,2005-08,1
0940672731,2005-04,1
0940685949,2005-03,1
0940745062,2005-06,1
0940780453,2005-10,1
0940780496,2005-07,1
0940780496,2005-08,1
0940780658,2005-03,1
0940884127,2005-08,1
0940899272,2005-10,1
0940907143,2005-08,1
0940920123,2005-10,1
0940920174,2005-10,1
0940984563,2005-09,1
0940985845,2005-08,1
0940999307,2005-07,1
0941017680,2005-09,1
0941130053,2005-09,1
0941130843,2005-07,1
0941130924,2005-03,1
0941188108,2005-09,1
0941188248,2005-10,1
0941188280,2005-04,1
0941188337,2005-06,1
0941188337,2005-08,1
0941188701,2005-08,1
0941188701,2005-09,2
0941188736,2005-05,1
0941188779,2005-06,1
0941188809,2005-04,1
0941188949,2005-09,1
0941188973,2005-08,1
0941241130,2005-09,1
0941301362,2005-09,1
0941332969,2005-10,1
0941355519,2005-08,1
0941355632,2005-09,1
0941405117,2005-09,1
0941405222,2005-09,1
0941405443,2005-09,1
0941423735,2005-01,1
094143432X,2005-06,1
0941478297,2005-09,1
0941491080,2005-10,1
0941524612,2005-08,1
0941524612,2005-09,1
0941524655,2005-10,1
0941524744,2005-10,1
0941524760,2005-10,1
0941543285,2005-02,1
0941570134,2005-09,1
094159906X,2005-09,1
0941599523,2005-02,1
0941676013,2005-08,1
0941676250,2005-03,1
0941676269,2005-02,1
0941676269,2005-04,1
0941676285,2005-08,1
0941676498,2005-03,1
0941676684,2005-06,1
0941693007,2005-10,1
0941936562,2005-09,2
0941936724,2005-08,1
0941936864,2005-09,1
0941967077,2005-08,1
094197314X,2005-09,1
0941995046,2005-09,1
0942018133,2005-09,1
0942018222,2005-10,1
094205525X,2005-09,1
0942102460,2005-07,1
0942143027,2005-06,1
0942154959,2005-03,1
094223748X,2005-08,1
0942237781,2005-03,1
0942237900,2005-08,1
0942323289,2005-05,1
0942375033,2005-08,1
0942456181,2005-02,1
0942617142,2005-08,1
0942617460,2005-06,1
0942620674,2005-08,1
0942637461,2005-03,1
0942637577,2005-08,1
0942639634,2005-02,1
0942639723,2005-10,1
0942639804,2005-09,1
094267927X,2005-01,1
0942679296,2005-09,1
0942785312,2005-09,1
0942817087,2005-08,1
0943079012,2005-08,1
0943126444,2005-09,1
0943151201,2005-04,1
0943151643,2005-08,1
0943151651,2005-07,1
0943151651,2005-08,1
0943151902,2005-01,1
0943351669,2005-09,1
0943389186,2005-09,1
0943400821,2005-05,1
0943414814,2005-08,1
0943575516,2005-09,1
0943575621,2005-06,1
0943595886,2005-06,1
0943604214,2005-08,1
094360432X,2005-09,1
0943604532,2005-08,1
0943604575,2005-05,1
0943604575,2005-08,1
0943604583,2005-08,1
0943665000,2005-09,1
0943685397,2005-03,1
0943706742,2005-02,1
0943748933,2005-05,1
094374895X,2005-08,1
0943763010,2005-03,1
0943763177,2005-07,1
0943763312,2005-07,1
0943763355,2005-03,1
0943822556,2005-09,1
0943914744,2005-08,1
094395570X,2005-08,1
0943972094,2005-09,1
0943990386,2005-01,1
0943990424,2005-01,1
0943990491,2005-01,1
0943990742,2005-06,1
0944029922,2005-06,1
0944031943,2005-07,1
0944031978,2005-09,1
0944092691,2005-09,1
0944379184,2005-03,1
0944386148,2005-09,1
0944428703,2005-10,1
0944428711,2005-08,1
0944435424,2005-06,1
0944435424,2005-08,1
0944435548,2005-04,1
094450213X,2005-03,1
0944502334,2005-01,1
0944502598,2005-08,1
0944510191,2005-02,1
0944560288,2005-08,1
0944599087,2005-10,1
0944613179,2005-04,1
0944627560,2005-03,1
0944634486,2005-08,1
0944817653,2005-05,1
0944817653,2005-07,1
0944835023,2005-07,1
0944875564,2005-08,1
094487598X,2005-07,1
094487598X,2005-08,1
0944918042,2005-04,1
0944934218,2005-01,1
0944934218,2005-09,1
0944934293,2005-07,1
0944934293,2005-08,1
0944934315,2005-06,1
0945001533,2005-05,1
0945001533,2005-10,1
0945053266,2005-05,1
0945053274,2005-02,1
0945053290,2005-01,1
0945053304,2005-01,1
0945053304,2005-05,1
0945111002,2005-09,1
0945167504,2005-08,1
0945315236,2005-09,1
0945320531,2005-05,1
0945353871,2005-09,1
094535438X,2005-08,1
0945383347,2005-09,1
0945397836,2005-10,1
0945434049,2005-03,1
094546617X,2005-04,1
094546617X,2005-05,1
0945466307,2005-03,1
0945466358,2005-02,1
0945495366,2005-09,1
0945512015,2005-01,1
0945585020,2005-09,1
0945668155,2005-03,1
0945685033,2005-09,1
0945707010,2005-03,1
0945707045,2005-04,1
0945707118,2005-06,1
0945707339,2005-01,1
0945760388,2005-10,1
0945774109,2005-04,1
0945774109,2005-07,1
0945822065,2005-07,1
0945959524,2005-01,1
094648791X,2005-04,1
0946535051,2005-05,1
0946621322,2005-03,1
0946621810,2005-07,1
0946719497,2005-04,1
0946719616,2005-07,1
0946719705,2005-09,1
0947117806,2005-05,1
0947981446,2005-08,1
0948006374,2005-03,1
0948207973,2005-08,1
0948390409,2005-05,1
0948660031,2005-01,1
0949749508,2005-10,1
0951244752,2005-09,1
095194133X,2005-03,1
0952162059,2005-04,1
095216440X,2005-06,1
0952322528,2005-08,1
0952328836,2005-01,1
0952517256,2005-04,1
0952537508,2005-02,1
0952537508,2005-09,1
0952614766,2005-05,1
0952632098,2005-09,2
0952789507,2005-02,1
0952912104,2005-03,1
0952921529,2005-03,1
0952954044,2005-08,1
0953096424,2005-09,1
0953131114,2005-09,1
0953176622,2005-01,1
0953176622,2005-04,1
095332611X,2005-09,1
0953519112,2005-10,1
095371120X,2005-06,1
0953818055,2005-08,1
0953881024,2005-02,1
0953881024,2005-03,1
0953881024,2005-07,1
0953881067,2005-05,2
0953881067,2005-07,3
0953881067,2005-08,3
0953881067,2005-09,1
0953933601,2005-07,1
0954106369,2005-08,1
0954161793,2005-09,1
0954296346,2005-09,1
0954358902,2005-09,1
0954395921,2005-01,1
0954446607,2005-04,1
0954500709,2005-03,1
0954500709,2005-07,1
0954627520,2005-04,1
0954627563,2005-05,1
0954734319,2005-10,1
0954779215,2005-06,1
0954779223,2005-09,1
0957798105,2005-08,1
0957884419,2005-08,1
0957900716,2005-08,1
0957921861,2005-06,1
0957921861,2005-08,1
0957921861,2005-09,2
095792187X,2005-01,1
0957921896,2005-09,1
0957985835,2005-03,1
0958054355,2005-03,1
0958189145,2005-08,1
0958249504,2005-07,1
0958578346,2005-02,1
0958670056,2005-02,1
0958670080,2005-09,1
0958670099,2005-10,1
0958789142,2005-07,1
0959774661,2005-01,1
0959774661,2005-08,1
0960040013,2005-07,1
0960057013,2005-01,1
0960087621,2005-08,1
0960170618,2005-05,1
0960283862,2005-10,1
0960308229,2005-10,1
0960394672,2005-07,1
0960412875,2005-01,1
0960412875,2005-08,1
0960475419,2005-03,1
0960522603,2005-08,1
0960522603,2005-09,1
0960638881,2005-04,1
096063889X,2005-02,1
096063889X,2005-03,1
096063889X,2005-06,1
0960695400,2005-08,1
0960707611,2005-01,1
0960726802,2005-03,1
0960735658,2005-09,1
0960850090,2005-06,1
0960851461,2005-06,1
0960883606,2005-09,1
0960971408,2005-06,1
0961047062,2005-10,1
096107227X,2005-01,1
0961143800,2005-09,1
0961248408,2005-09,1
0961302674,2005-04,1
0961320745,2005-08,1
0961350318,2005-09,1
096139210X,2005-03,1
0961392142,2005-08,1
0961392150,2005-01,1
0961392150,2005-03,1
0961416866,2005-01,1
0961424826,2005-03,1
0961444401,2005-08,1
0961454733,2005-09,1
0961470194,2005-03,1
0961519762,2005-06,1
0961582944,2005-10,1
0961584823,2005-07,1
0961593806,2005-03,1
0961598484,2005-07,1
0961598484,2005-09,1
0961630663,2005-05,1
0961641274,2005-02,1
0961648643,2005-09,1
0961663308,2005-08,1
0961726679,2005-07,1
0961748176,2005-08,1
0961757000,2005-08,1
0961808837,2005-09,1
0961840668,2005-03,1
0961882131,2005-09,1
0961907207,2005-08,1
096192201X,2005-10,1
0961934506,2005-01,1
0961959533,2005-04,1
0961959533,2005-08,1
0962052728,2005-01,1
0962052728,2005-09,1
0962060836,2005-01,1
0962060836,2005-03,1
0962067121,2005-01,1
0962094129,2005-09,1
0962114200,2005-02,1
0962117293,2005-02,1
0962125733,2005-07,1
0962125784,2005-07,1
0962138533,2005-05,1
0962145386,2005-10,1
0962155144,2005-02,1
0962167452,2005-06,1
0962211001,2005-09,1
0962213209,2005-07,1
0962226408,2005-01,1
096225956X,2005-07,1
0962289035,2005-05,1
0962306703,2005-09,1
0962395315,2005-05,1
0962423645,2005-01,1
0962423645,2005-02,1
0962423645,2005-10,1
0962426482,2005-05,1
0962453137,2005-04,1
096246483X,2005-08,1
0962477060,2005-05,1
0962477060,2005-06,1
0962477060,2005-09,1
0962477966,2005-04,1
0962515043,2005-09,1
0962533661,2005-08,1
0962535109,2005-01,1
0962570761,2005-09,1
0962596361,2005-10,1
0962597716,2005-10,1
0962612421,2005-04,1
0962622818,2005-09,1
096263591X,2005-03,1
0962643807,2005-03,1
0962644668,2005-02,1
0962644668,2005-04,1
0962670472,2005-09,1
0962673056,2005-02,1
0962673099,2005-02,1
096267625X,2005-09,1
0962713821,2005-07,1
096272095X,2005-06,1
0962724637,2005-04,1
0962726311,2005-10,1
0962741779,2005-04,1
096278155X,2005-07,1
0962783277,2005-07,1
0962818216,2005-07,1
0962819034,2005-06,1
0962833029,2005-02,1
0962833029,2005-07,1
0962833029,2005-08,4
0962833029,2005-10,1
0962836907,2005-05,1
0962846767,2005-01,1
0962855529,2005-09,1
0962897108,2005-09,1
0962904910,2005-10,1
096290497X,2005-07,1
0962904988,2005-07,1
0962904988,2005-09,1
0962907618,2005-04,1
0962911925,2005-09,1
0962911933,2005-09,1
0962912328,2005-03,1
096293030X,2005-08,1
0962936022,2005-09,1
0962936065,2005-09,2
0962962813,2005-07,1
0962962899,2005-04,1
0962988804,2005-04,1
0962994235,2005-09,1
0963009621,2005-03,1
0963022008,2005-01,1
0963034014,2005-05,1
0963039059,2005-09,1
0963087878,2005-08,1
0963096850,2005-08,1
0963096850,2005-09,1
0963106090,2005-08,1
0963120417,2005-06,1
0963120425,2005-06,1
0963120433,2005-06,1
0963121707,2005-07,1
0963122991,2005-06,1
0963122991,2005-09,1
0963122991,2005-10,1
096312921X,2005-07,1
0963129244,2005-07,1
0963151835,2005-02,1
096318671X,2005-08,1
096319822X,2005-09,1
0963198238,2005-09,1
0963206702,2005-02,1
0963209159,2005-04,1
0963209159,2005-07,1
096321943X,2005-08,1
0963235931,2005-09,1
0963263773,2005-08,1
0963281437,2005-09,1
0963288687,2005-01,1
0963290673,2005-09,1
0963298208,2005-08,1
0963319906,2005-07,1
0963330306,2005-03,1
0963370324,2005-09,1
0963406302,2005-08,1
0963406337,2005-08,1
0963411284,2005-04,1
0963446606,2005-08,1
0963456024,2005-08,1
0963457454,2005-02,1
0963463527,2005-09,1
0963473263,2005-09,1
0963487167,2005-07,1
0963564234,2005-03,1
0963571222,2005-10,1
0963596403,2005-10,1
096362198X,2005-07,1
096362198X,2005-08,1
096362556X,2005-07,1
0963630407,2005-08,1
0963630423,2005-08,1
0963643509,2005-06,1
0963643509,2005-08,1
0963643533,2005-05,1
0963651714,2005-07,1
0963651730,2005-04,1
0963675133,2005-03,1
096368289X,2005-10,1
0963703005,2005-10,1
096373248X,2005-02,1
0963733613,2005-09,1
096373363X,2005-07,1
0963753959,2005-03,1
096376120X,2005-03,1
0963761226,2005-03,1
0963778463,2005-05,1
0963783203,2005-09,1
0963796836,2005-07,1
0963796836,2005-09,1
096380314X,2005-03,1
0963805835,2005-01,1
0963809601,2005-05,1
0963815210,2005-01,1
0963818368,2005-06,1
0963818368,2005-09,1
0963823132,2005-04,2
0963845829,2005-07,1
0963845829,2005-09,1
0963846191,2005-02,1
096384721X,2005-09,1
0963847228,2005-08,1
0963847260,2005-09,1
0963847279,2005-02,1
0963847279,2005-06,1
0963847279,2005-10,1
0963859501,2005-08,1
0963860607,2005-09,1
0963865005,2005-03,1
0963865439,2005-03,1
0963869558,2005-01,1
0963869558,2005-04,1
0963869558,2005-06,1
0963869566,2005-09,1
0963869574,2005-01,1
0963869574,2005-04,1
0963869574,2005-06,1
096387151X,2005-01,1
0963876406,2005-01,1
0963878735,2005-01,1
0963881450,2005-09,1
0963907689,2005-04,1
0963910337,2005-09,1
0963921002,2005-08,1
0963926209,2005-01,1
0963926209,2005-08,1
0963937162,2005-09,1
0963942964,2005-09,1
0963942999,2005-09,2
0963947419,2005-08,2
0963956655,2005-10,1
0963971611,2005-07,1
0963976389,2005-08,1
0964012561,2005-07,1
0964048531,2005-01,1
096406054X,2005-09,1
0964060566,2005-09,1
0964060582,2005-06,1
0964084813,2005-07,1
0964084961,2005-07,1
0964089904,2005-05,1
096409102X,2005-05,1
0964093316,2005-04,1
0964094584,2005-03,1
0964100495,2005-05,1
0964107007,2005-02,1
0964107058,2005-08,1
0964108003,2005-08,1
0964120186,2005-07,2
0964120186,2005-08,1
0964120186,2005-10,1
0964122014,2005-07,1
0964130521,2005-05,1
0964135892,2005-08,2
0964144433,2005-06,1
0964160307,2005-08,1
0964164094,2005-09,1
0964170612,2005-09,1
0964212803,2005-07,1
0964216809,2005-09,1
0964216825,2005-07,1
0964216833,2005-01,1
0964216833,2005-09,1
0964216868,2005-05,1
0964216868,2005-08,1
0964216868,2005-09,1
0964232901,2005-04,1
0964238624,2005-10,1
0964242672,2005-08,1
0964243512,2005-09,1
0964261081,2005-08,1
0964271346,2005-08,1
096431584X,2005-09,1
0964321033,2005-10,1
0964326191,2005-08,2
0964326191,2005-10,1
0964336901,2005-03,1
0964350408,2005-07,1
096436476X,2005-06,1
096442410X,2005-01,1
0964425351,2005-09,1
0964425890,2005-08,1
0964442752,2005-07,1
0964460122,2005-08,1
096447963X,2005-03,1
0964519127,2005-08,1
0964546752,2005-01,1
0964547872,2005-08,1
0964548615,2005-07,1
0964559846,2005-07,1
0964568152,2005-04,1
0964569329,2005-03,1
0964571315,2005-05,1
0964596032,2005-05,1
0964596040,2005-05,1
0964596059,2005-10,1
0964596075,2005-03,1
0964597284,2005-09,1
0964598272,2005-09,1
0964601001,2005-08,1
096460101X,2005-08,1
0964603659,2005-09,1
096460728X,2005-08,1
0964628929,2005-09,1
0964629100,2005-05,1
0964631075,2005-09,1
0964631601,2005-05,1
0964639823,2005-09,1
0964654105,2005-02,1
0964661853,2005-04,1
0964668424,2005-08,1
0964702533,2005-08,1
0964711621,2005-09,1
0964718723,2005-03,1
0964738627,2005-09,1
0964739410,2005-08,1
0964758113,2005-08,1
0964760908,2005-03,1
0964760975,2005-05,1
0964763575,2005-10,1
0964783231,2005-08,1
0964859114,2005-01,1
0964874687,2005-03,1
0964876310,2005-09,1
0964888602,2005-01,1
0964888610,2005-07,1
0964894238,2005-02,1
0964894262,2005-01,1
0964911388,2005-08,1
0964914182,2005-06,1
0964920506,2005-09,1
0964920514,2005-04,1
0964974002,2005-07,1
0965026302,2005-10,1
096503917X,2005-02,1
0965040909,2005-08,1
096504453X,2005-08,1
0965047709,2005-04,1
0965047709,2005-06,1
0965047709,2005-10,1
0965053490,2005-03,1
0965057755,2005-10,1
0965058409,2005-06,1
096507241X,2005-06,1
0965104257,2005-07,1
0965104265,2005-05,1
0965113108,2005-09,1
0965114511,2005-01,1
0965114546,2005-02,2
0965114589,2005-02,1
0965120732,2005-08,2
0965124053,2005-02,1
0965145824,2005-10,1
0965148718,2005-07,1
0965150917,2005-07,1
0965150941,2005-07,1
096516960X,2005-08,1
096516960X,2005-09,2
096516960X,2005-10,1
0965200574,2005-09,1
0965213676,2005-04,1
0965236943,2005-09,1
0965242269,2005-07,1
0965242269,2005-08,1
0965242285,2005-07,1
0965242285,2005-08,1
0965250938,2005-05,1
0965250962,2005-10,1
0965253104,2005-03,1
0965253147,2005-08,1
0965253147,2005-10,1
0965260313,2005-03,1
0965260313,2005-09,2
0965287742,2005-05,1
096529840X,2005-07,1
0965308715,2005-04,1
0965310701,2005-08,1
0965313247,2005-08,1
0965327507,2005-09,1
0965353338,2005-05,1
096535752X,2005-06,1
0965376648,2005-09,1
0965391140,2005-07,1
0965433609,2005-06,1
0965435288,2005-09,1
0965451704,2005-09,1
0965456773,2005-09,1
096546377X,2005-05,1
0965466833,2005-07,1
0965480607,2005-07,1
096548811X,2005-04,1
0965516105,2005-02,1
0965521001,2005-03,1
0965521818,2005-07,1
0965530914,2005-06,1
0965541231,2005-06,1
096556620X,2005-09,1
0965568237,2005-08,1
0965578003,2005-04,1
096562160X,2005-09,1
0965623009,2005-09,1
0965623904,2005-02,1
0965624781,2005-08,1
0965642801,2005-01,1
0965659305,2005-10,1
0965678415,2005-08,1
0965678415,2005-09,1
0965683613,2005-10,1
0965694089,2005-03,1
0965701611,2005-01,1
0965701611,2005-03,1
0965703150,2005-02,1
0965734102,2005-08,1
0965743039,2005-08,1
0965743039,2005-09,1
096574373X,2005-08,1
0965748367,2005-10,1
0965755827,2005-09,1
0965758435,2005-04,1
0965763919,2005-04,1
0965765997,2005-07,1
0965780627,2005-08,1
0965792676,2005-02,1
0965800733,2005-09,1
0965810801,2005-01,1
0965821846,2005-08,2
0965824209,2005-04,1
0965840573,2005-08,1
0965853349,2005-06,1
096585454X,2005-09,1
0965855902,2005-09,1
0965857409,2005-05,1
0965867404,2005-04,1
0965879445,2005-05,1
0965879445,2005-09,1
0965880311,2005-09,1
0965881199,2005-07,1
0965890147,2005-07,1
0965894258,2005-04,1
0965911381,2005-05,1
0965922529,2005-10,1
0965922812,2005-08,1
0965922820,2005-07,1
0965922847,2005-03,1
0965925072,2005-05,1
0965925838,2005-10,1
0965931188,2005-09,1
0965942228,2005-10,1
0965951316,2005-02,1
0965951316,2005-05,1
0965972135,2005-08,1
0965981703,2005-03,1
0965987302,2005-01,1
0966001516,2005-04,1
0966001532,2005-04,1
0966001931,2005-08,1
0966016548,2005-10,1
0966034619,2005-03,1
0966034694,2005-09,2
0966034694,2005-10,1
0966036646,2005-06,1
0966036654,2005-09,1
0966036700,2005-03,1
0966043626,2005-09,1
0966043642,2005-09,1
0966066871,2005-06,1
0966068521,2005-09,1
0966085604,2005-03,1
0966097203,2005-09,1
0966100700,2005-07,1
0966100719,2005-08,1
0966106601,2005-08,1
0966107292,2005-09,1
0966107594,2005-04,1
0966128206,2005-08,1
0966132777,2005-09,1
0966132785,2005-03,1
0966164202,2005-03,1
0966172000,2005-01,1
096618260X,2005-02,1
0966187601,2005-02,1
0966189906,2005-02,1
0966189922,2005-04,1
0966189922,2005-06,1
0966189981,2005-02,1
0966190858,2005-10,1
0966197003,2005-08,1
0966197933,2005-08,1
0966211715,2005-09,1
0966220617,2005-06,1
0966225767,2005-09,1
0966228502,2005-01,1
0966234138,2005-06,1
0966234162,2005-03,1
0966236319,2005-02,1
0966237889,2005-10,1
0966250400,2005-10,1
0966264959,2005-04,1
0966269616,2005-09,1
0966270975,2005-05,1
0966287630,2005-06,1
0966287657,2005-06,1
0966287657,2005-09,1
0966287673,2005-06,1
0966290674,2005-07,1
0966297903,2005-08,1
096632238X,2005-10,1
0966326008,2005-06,1
0966326016,2005-06,1
096633552X,2005-08,1
0966339231,2005-06,1
0966339770,2005-07,1
0966349504,2005-09,1
0966351711,2005-03,1
0966367219,2005-07,1
0966373103,2005-08,1
0966373103,2005-09,1
096637732X,2005-01,1
0966396685,2005-06,1
096639772X,2005-04,1
0966402790,2005-01,1
0966408101,2005-08,1
0966408217,2005-08,1
0966421701,2005-04,1
096642171X,2005-09,1
0966425502,2005-02,1
0966439503,2005-09,1
0966446119,2005-08,1
0966446755,2005-06,1
0966446755,2005-08,1
0966447603,2005-10,1
0966452321,2005-07,1
0966459229,2005-05,1
0966462475,2005-08,1
0966469119,2005-02,1
0966469119,2005-09,1
096647161X,2005-07,1
0966476948,2005-06,1
0966477502,2005-09,1
0966480503,2005-10,1
0966484908,2005-10,1
0966492811,2005-08,1
0966493303,2005-07,1
0966500601,2005-09,1
0966517113,2005-05,1
0966517687,2005-02,1
0966517695,2005-03,1
0966526635,2005-09,1
0966526686,2005-01,1
0966537343,2005-08,1
0966553535,2005-08,1
0966561805,2005-08,1
0966561805,2005-09,1
0966564049,2005-07,1
096656765X,2005-09,1
0966583299,2005-08,1
0966587138,2005-03,1
0966588010,2005-01,1
0966588010,2005-05,1
0966611705,2005-09,1
096662291X,2005-09,1
0966637801,2005-04,1
0966638328,2005-09,1
0966638956,2005-01,1
0966638980,2005-04,1
0966638980,2005-08,1
0966638999,2005-04,1
0966661060,2005-08,1
0966665732,2005-03,1
0966666879,2005-08,1
0966678702,2005-09,1
0966693213,2005-09,1
0966696727,2005-03,1
0966701305,2005-05,1
096670360X,2005-09,2
096670732X,2005-08,1
0966712706,2005-07,1
0966728513,2005-04,1
096673839X,2005-02,1
096673937X,2005-02,1
0966758706,2005-03,1
0966758706,2005-06,1
0966770447,2005-02,1
0966770447,2005-06,1
0966770498,2005-09,1
0966772628,2005-06,1
0966772652,2005-08,1
0966773233,2005-09,1
0966780701,2005-01,1
0966784839,2005-01,1
0966784847,2005-01,1
0966787595,2005-01,1
0966797000,2005-09,2
0966803035,2005-06,1
0966813103,2005-01,1
0966816013,2005-09,1
0966818504,2005-06,1
0966828925,2005-07,1
0966828925,2005-08,1
0966828941,2005-07,1
0966835239,2005-06,1
0966836774,2005-09,1
0966852109,2005-09,1
0966854802,2005-03,1
0966862309,2005-01,1
0966876636,2005-09,1
0966894901,2005-09,1
0966904214,2005-09,1
0966904745,2005-06,1
096690480X,2005-09,1
0966915828,2005-07,1
0966916859,2005-02,1
096692021X,2005-09,1
0966921917,2005-08,1
0966931203,2005-08,1
0966935926,2005-05,1
0966942507,2005-09,1
0966971094,2005-08,1
0967005701,2005-08,1
0967007240,2005-07,1
0967017610,2005-10,1
0967029104,2005-01,1
0967029309,2005-02,1
0967030714,2005-03,1
0967038103,2005-09,1
096704510X,2005-07,1
0967049202,2005-10,1
0967050723,2005-09,1
0967059607,2005-02,1
0967059844,2005-06,1
0967059844,2005-08,1
0967059852,2005-06,1
0967061105,2005-09,1
0967065402,2005-07,1
0967077494,2005-04,1
0967089328,2005-02,1
0967089328,2005-05,1
0967089328,2005-07,1
0967089328,2005-08,1
0967089328,2005-09,1
0967089700,2005-06,1
0967089700,2005-09,2
0967089735,2005-01,1
0967089735,2005-02,1
0967089735,2005-03,1
0967089735,2005-08,1
0967089735,2005-10,1
0967089743,2005-04,1
0967091705,2005-02,1
0967094755,2005-01,1
0967096405,2005-10,1
0967096413,2005-09,1
0967096413,2005-10,1
0967097320,2005-04,1
0967098807,2005-03,1
0967105803,2005-05,1
0967142822,2005-08,1
0967143209,2005-10,1
0967145643,2005-06,1
0967146631,2005-01,1
0967152305,2005-04,1
0967175402,2005-04,1
0967178142,2005-08,1
0967180309,2005-07,1
0967183405,2005-09,1
0967183405,2005-10,1
0967187109,2005-07,1
0967189101,2005-06,1
0967193788,2005-06,1
0967197929,2005-03,1
0967206715,2005-03,1
0967206715,2005-06,1
096722490X,2005-07,1
096722490X,2005-09,1
0967224969,2005-08,1
0967224969,2005-09,1
0967224977,2005-08,1
0967224977,2005-09,1
0967225345,2005-07,1
0967232309,2005-08,1
096723820X,2005-02,1
0967251419,2005-08,1
0967256410,2005-05,1
0967263034,2005-05,1
0967270707,2005-10,1
0967271002,2005-04,1
0967271045,2005-04,1
0967271045,2005-08,1
0967277000,2005-05,1
0967279712,2005-07,1
0967282225,2005-03,1
0967287006,2005-06,1
0967303575,2005-09,1
0967323800,2005-09,1
0967323819,2005-04,1
0967327911,2005-06,1
0967330602,2005-04,1
0967344204,2005-08,1
0967375207,2005-09,1
0967375517,2005-07,1
0967375517,2005-09,1
0967377315,2005-01,1
0967377315,2005-03,1
0967378508,2005-02,1
0967386969,2005-08,1
0967407494,2005-08,1
0967407508,2005-06,1
0967412897,2005-01,1
0967412897,2005-02,1
0967412897,2005-06,2
0967417406,2005-07,1
0967418100,2005-10,1
0967435110,2005-10,1
0967441609,2005-04,1
0967450616,2005-09,1
0967450659,2005-04,1
0967459540,2005-04,1
0967468124,2005-07,1
0967469783,2005-04,1
0967469783,2005-09,1
0967479606,2005-01,1
0967479606,2005-04,1
0967479606,2005-07,1
0967479649,2005-07,1
0967481708,2005-10,1
0967483204,2005-05,1
0967498104,2005-10,1
0967499011,2005-05,1
0967499119,2005-06,1
0967502918,2005-09,1
0967512301,2005-09,1
0967513626,2005-10,1
096751410X,2005-01,1
0967518822,2005-02,1
0967518822,2005-03,1
0967518830,2005-09,1
0967519144,2005-02,1
0967519144,2005-07,1
0967520002,2005-01,1
0967539439,2005-05,1
0967539838,2005-09,1
0967575621,2005-08,1
096757563X,2005-07,1
096757563X,2005-08,1
0967578833,2005-05,1
0967596130,2005-06,1
0967606160,2005-01,1
0967608058,2005-10,1
0967633230,2005-07,1
0967633230,2005-10,1
0967642809,2005-07,1
0967642817,2005-07,1
0967654351,2005-10,1
0967663504,2005-09,1
096767476X,2005-09,1
0967687802,2005-08,1
0967697425,2005-07,1
0967714702,2005-08,1
0967714923,2005-03,1
0967718902,2005-07,1
0967724805,2005-07,1
0967725518,2005-04,1
0967748143,2005-09,1
0967759404,2005-09,2
0967760356,2005-08,1
0967790107,2005-06,1
0967793416,2005-01,1
0967794811,2005-09,1
0967805910,2005-07,1
0967809827,2005-08,1
0967811228,2005-08,1
0967816807,2005-01,1
0967817064,2005-08,1
0967817072,2005-03,1
0967822106,2005-02,1
0967822106,2005-05,1
0967822149,2005-03,1
0967826373,2005-03,1
0967838258,2005-09,1
0967841437,2005-08,1
0967851408,2005-06,1
0967857503,2005-10,1
0967868009,2005-04,1
0967879809,2005-01,1
0967882001,2005-10,1
096788330X,2005-02,1
096788330X,2005-04,1
096788764X,2005-08,1
0967890438,2005-09,1
0967893607,2005-06,1
0967893801,2005-05,1
0967911311,2005-06,1
0967917107,2005-09,1
0967928834,2005-07,1
0967933501,2005-04,1
0967945801,2005-02,1
0967950317,2005-09,1
0967954614,2005-04,1
0967958903,2005-04,1
0967958903,2005-08,1
0967965519,2005-03,1
0967967503,2005-10,1
0967967562,2005-02,1
0967970318,2005-01,1
0967970318,2005-03,1
0967970318,2005-09,1
0967970458,2005-06,1
096797903X,2005-01,1
0967984351,2005-03,1
0967987024,2005-01,1
0967991536,2005-04,1
096802923X,2005-09,1
0968058728,2005-03,1
0968214932,2005-09,1
0968240801,2005-09,1
0968331823,2005-02,1
096835470X,2005-05,1
0968354718,2005-10,1
0968368905,2005-03,1
0968400426,2005-03,1
0968447309,2005-02,1
0968492827,2005-06,1
0968519512,2005-04,1
0968519512,2005-08,1
0968601405,2005-05,1
0968628907,2005-09,1
0968707505,2005-04,1
0968751903,2005-08,1
0968768946,2005-04,1
0968772501,2005-06,1
0968838952,2005-06,1
0968850715,2005-08,1
0968871518,2005-07,1
0968871550,2005-02,1
0968925901,2005-05,1
096892591X,2005-09,1
0968935702,2005-08,1
0968941974,2005-09,1
0968950205,2005-08,1
0969179200,2005-03,1
0969582226,2005-05,1
0969641427,2005-07,1
0969677316,2005-08,2
0969677340,2005-09,1
0969677359,2005-09,1
096969220X,2005-01,1
0969856938,2005-08,1
0969987927,2005-05,1
0970005717,2005-07,1
0970005717,2005-08,1
0970006322,2005-07,1
0970013027,2005-08,2
0970014759,2005-07,1
0970014767,2005-03,1
0970028776,2005-09,1
0970028776,2005-10,1
0970042809,2005-08,1
0970045514,2005-06,1
0970055218,2005-01,1
0970055226,2005-08,1
0970055234,2005-09,1
0970055234,2005-10,1
0970057644,2005-09,1
0970060610,2005-08,2
0970067704,2005-05,1
0970073380,2005-07,1
0970083645,2005-03,1
0970093349,2005-09,1
0970094868,2005-10,1
0970097999,2005-03,1
0970116225,2005-07,1
0970141947,2005-09,1
0970145683,2005-09,1
0970146655,2005-02,1
097014668X,2005-08,1
0970161700,2005-05,1
0970161700,2005-08,1
0970161700,2005-09,1
0970162421,2005-01,1
0970162421,2005-06,1
0970162421,2005-08,1
0970162421,2005-09,2
0970183275,2005-01,1
097018431X,2005-08,1
0970185804,2005-01,1
0970186916,2005-05,1
0970207808,2005-09,1
0970215215,2005-02,1
0970219660,2005-09,1
0970220308,2005-07,1
0970222467,2005-09,1
0970231407,2005-08,1
0970238339,2005-09,1
0970247117,2005-09,1
0970247214,2005-04,1
0970247265,2005-05,1
0970247265,2005-07,1
0970247281,2005-02,1
0970247281,2005-03,1
0970247281,2005-08,1
0970262124,2005-09,1
0970273193,2005-06,1
0970278500,2005-06,1
0970279329,2005-09,1
0970279329,2005-10,1
0970302207,2005-02,1
0970310072,2005-08,1
0970312555,2005-07,1
0970313012,2005-09,1
0970323077,2005-08,2
0970323093,2005-08,1
0970335520,2005-10,1
0970347316,2005-03,1
0970352522,2005-09,1
0970365217,2005-08,1
0970378408,2005-09,1
0970378408,2005-10,1
0970382405,2005-08,1
0970400004,2005-09,1
0970400012,2005-09,1
0970406509,2005-08,1
0970434480,2005-04,1
0970451547,2005-08,1
0970458347,2005-09,1
0970479107,2005-08,1
0970479522,2005-08,1
0970481713,2005-07,1
0970481934,2005-10,1
0970490836,2005-07,1
0970507909,2005-08,1
0970540116,2005-09,1
0970543824,2005-08,1
0970544979,2005-09,1
0970546629,2005-09,1
0970557469,2005-06,1
0970557469,2005-07,1
0970557469,2005-08,1
0970560516,2005-07,1
0970568207,2005-08,1
0970568215,2005-08,1
0970568479,2005-04,1
0970573413,2005-01,1
0970575203,2005-01,1
0970576811,2005-10,1
0970583109,2005-01,1
0970595611,2005-09,1
0970601999,2005-08,1
0970624212,2005-10,1
0970626126,2005-07,1
0970626126,2005-08,1
0970626193,2005-04,1
0970631219,2005-04,1
0970659105,2005-05,1
0970659164,2005-09,1
0970673906,2005-10,1
0970682913,2005-07,1
0970682964,2005-08,1
0970685521,2005-09,1
0970687303,2005-01,1
0970690037,2005-09,1
0970692676,2005-05,1
0970692811,2005-02,1
0970692811,2005-08,1
0970704607,2005-06,1
0970709536,2005-05,1
0970709536,2005-08,1
0970714637,2005-07,1
0970726309,2005-07,1
0970730500,2005-09,1
097073462X,2005-04,1
097073462X,2005-09,1
0970742053,2005-04,1
0970742215,2005-06,1
0970746865,2005-06,1
0970750781,2005-08,1
0970753004,2005-03,1
0970775679,2005-09,1
0970777620,2005-09,1
0970784902,2005-05,1
0970791917,2005-05,1
0970799705,2005-08,1
0970807597,2005-03,1
097080881X,2005-09,1
0970821646,2005-04,1
0970822650,2005-06,1
0970822650,2005-09,1
0970825307,2005-07,1
0970827342,2005-03,1
0970849338,2005-06,1
0970863349,2005-04,1
0970864515,2005-04,1
0970867417,2005-09,1
0970869630,2005-08,1
0970874642,2005-08,1
0970874693,2005-09,1
0970886950,2005-09,1
0970886950,2005-10,1
0970886977,2005-02,1
0970886977,2005-04,1
0970886977,2005-07,1
0970886985,2005-04,1
0970886985,2005-07,1
0970886985,2005-08,1
0970910118,2005-04,1
0970911718,2005-07,1
0970917031,2005-07,1
0970919506,2005-07,1
0970930704,2005-06,1
0970944667,2005-02,1
0970970315,2005-09,1
0970972652,2005-10,1
0970996519,2005-02,1
0971019754,2005-02,1
0971024952,2005-02,1
097103141X,2005-06,1
0971032610,2005-08,1
0971035601,2005-09,1
0971049319,2005-04,1
0971049319,2005-07,1
0971078610,2005-01,1
097107965X,2005-02,1
097107965X,2005-06,1
097107965X,2005-07,1
0971082642,2005-01,1
0971084114,2005-07,1
0971084130,2005-07,1
0971084130,2005-09,1
0971100047,2005-07,1
0971102007,2005-02,1
0971116296,2005-01,1
0971128103,2005-04,1
0971131724,2005-07,1
0971131740,2005-05,1
0971144702,2005-02,1
0971144702,2005-07,1
0971147205,2005-08,1
0971151032,2005-02,1
0971151067,2005-08,2
0971151067,2005-09,3
0971164738,2005-01,1
0971164738,2005-04,1
0971164738,2005-07,1
0971164738,2005-08,1
0971164738,2005-09,1
0971164738,2005-10,1
0971164770,2005-09,1
0971164789,2005-06,2
0971174814,2005-01,1
0971180318,2005-06,1
097120196X,2005-03,1
0971202206,2005-10,1
0971207046,2005-09,1
0971214921,2005-01,1
0971217505,2005-04,1
0971217505,2005-10,1
0971222002,2005-03,1
0971222010,2005-10,1
0971229007,2005-01,1
0971237018,2005-08,1
0971237034,2005-06,1
0971237034,2005-09,1
0971237042,2005-04,1
0971237042,2005-05,1
0971237042,2005-06,1
0971237085,2005-06,1
0971246440,2005-01,1
0971246440,2005-10,1
0971252602,2005-08,1
0971255873,2005-09,1
0971257000,2005-02,1
0971257000,2005-09,1
097126161X,2005-09,1
0971276110,2005-05,1
0971278601,2005-03,1
0971278601,2005-06,1
0971281203,2005-09,1
0971281408,2005-05,1
0971281408,2005-08,1
0971297207,2005-07,1
0971300305,2005-07,1
0971309957,2005-02,1
0971327823,2005-05,1
0971341575,2005-02,1
0971341575,2005-10,1
0971344094,2005-01,1
0971347255,2005-07,1
0971357234,2005-06,1
0971357234,2005-10,2
0971357250,2005-04,1
0971357250,2005-06,1
0971358222,2005-04,1
0971360820,2005-03,1
0971365903,2005-09,1
0971386609,2005-10,1
0971398909,2005-03,1
0971398909,2005-05,1
0971400326,2005-09,1
0971401020,2005-05,1
0971407207,2005-07,1
0971407207,2005-09,1
0971407339,2005-05,1
0971407339,2005-07,1
0971407339,2005-08,2
0971407339,2005-09,1
0971408653,2005-10,1
0971410089,2005-07,1
0971410283,2005-06,1
0971412901,2005-03,1
0971412901,2005-08,1
0971412936,2005-03,1
0971412944,2005-03,1
0971412944,2005-08,1
0971422907,2005-08,1
0971427224,2005-09,1
0971437211,2005-02,2
0971440506,2005-01,1
0971448124,2005-07,1
0971451516,2005-03,1
0971453209,2005-02,2
0971453209,2005-03,3
0971453209,2005-04,1
0971453209,2005-05,1
0971453209,2005-07,3
0971453209,2005-08,4
0971453209,2005-09,4
0971453233,2005-07,1
0971457689,2005-08,1
097146670X,2005-05,1
0971466890,2005-04,1
0971466890,2005-06,1
0971473633,2005-02,1
0971476993,2005-06,1
0971476993,2005-08,1
0971476993,2005-09,1
0971489467,2005-06,1
0971490856,2005-03,1
0971500703,2005-06,1
097150072X,2005-07,1
097150072X,2005-09,2
0971518319,2005-02,1
0971537402,2005-02,1
0971537402,2005-09,2
0971539804,2005-09,1
0971551480,2005-01,1
0971553629,2005-08,1
0971553629,2005-09,1
0971554498,2005-08,1
0971556504,2005-08,1
0971564000,2005-09,2
0971573603,2005-02,1
0971573603,2005-07,1
0971580804,2005-05,1
0971584753,2005-02,1
0971588902,2005-06,1
097159404X,2005-03,1
0971601305,2005-08,1
0971609101,2005-09,1
0971614512,2005-08,1
0971633878,2005-08,1
0971634912,2005-07,1
0971639906,2005-09,2
0971645965,2005-08,1
0971659702,2005-09,1
0971662304,2005-10,1
0971662355,2005-06,1
0971662355,2005-07,1
0971662355,2005-10,1
0971695873,2005-04,1
0971700931,2005-01,1
0971702144,2005-08,2
0971702144,2005-09,1
0971703612,2005-09,1
0971703647,2005-08,2
0971711925,2005-05,1
0971712417,2005-08,1
0971725403,2005-09,1
0971727910,2005-04,1
0971727910,2005-07,1
0971727929,2005-05,1
0971727929,2005-06,1
0971727929,2005-09,2
0971727929,2005-10,1
0971727937,2005-08,1
0971727937,2005-09,3
0971727937,2005-10,2
0971729638,2005-05,1
0971729638,2005-08,1
0971731659,2005-08,1
097173660X,2005-10,1
0971741808,2005-06,1
0971745412,2005-02,1
0971745412,2005-06,1
0971757593,2005-07,1
0971759502,2005-08,1
097176204X,2005-08,1
0971765022,2005-01,1
0971765022,2005-08,1
0971778019,2005-06,1
0971784345,2005-03,1
0971784345,2005-07,1
0971784345,2005-08,1
0971784345,2005-09,2
0971791104,2005-02,1
0971793565,2005-01,2
0971793565,2005-05,1
0971793573,2005-09,1
0971794006,2005-02,1
0971796505,2005-04,1
0971801428,2005-08,1
0971801428,2005-10,1
0971814309,2005-04,1
0971815054,2005-05,1
0971815119,2005-02,1
0971818509,2005-02,1
0971851522,2005-08,1
0971851522,2005-09,1
0971860033,2005-01,1
0971873402,2005-08,1
0971879605,2005-07,1
0971889708,2005-05,1
0971890102,2005-04,1
0971890102,2005-07,1
0971891109,2005-09,1
0971891117,2005-08,1
0971921199,2005-08,1
0971933405,2005-01,1
0971933413,2005-04,1
0971933413,2005-08,1
0971934088,2005-10,1
0971938830,2005-08,1
0971939241,2005-02,1
0971942439,2005-04,1
0971958106,2005-02,2
0971961204,2005-02,1
0971964300,2005-08,1
097196940X,2005-07,1
0971988404,2005-08,1
0971994501,2005-07,1
0972002626,2005-08,1
0972005064,2005-07,1
0972008039,2005-09,1
0972016414,2005-03,1
0972016414,2005-10,1
0972018417,2005-05,1
0972018417,2005-08,4
0972018417,2005-09,1
0972020748,2005-05,1
0972020748,2005-09,1
0972020772,2005-09,1
0972020799,2005-01,1
0972022724,2005-06,1
0972025413,2005-04,1
0972028277,2005-08,1
0972029206,2005-06,1
0972029222,2005-06,1
0972030107,2005-08,1
0972030107,2005-09,1
097203840X,2005-02,1
0972044221,2005-07,3
0972044221,2005-08,3
0972066217,2005-09,1
0972066268,2005-09,1
0972072837,2005-07,1
0972072837,2005-09,2
0972072837,2005-10,1
0972094164,2005-01,1
0972094164,2005-09,1
0972101802,2005-07,1
0972109803,2005-07,1
0972112804,2005-09,1
0972115293,2005-07,1
0972120211,2005-09,1
097212022X,2005-09,1
097212179X,2005-01,1
097212179X,2005-09,1
097212182X,2005-03,1
0972121838,2005-04,1
0972121897,2005-07,1
0972123342,2005-03,1
0972123377,2005-09,1
097212960X,2005-02,1
097212960X,2005-09,2
097212960X,2005-10,1
0972132112,2005-09,1
0972143602,2005-01,1
0972151206,2005-04,1
0972151249,2005-04,1
0972153209,2005-09,1
0972167412,2005-04,1
0972168729,2005-02,1
0972202668,2005-10,1
0972209115,2005-01,1
0972222006,2005-10,1
0972223002,2005-03,1
0972238565,2005-10,1
0972247815,2005-09,1
0972247831,2005-01,1
0972247831,2005-09,1
0972254420,2005-06,1
0972262423,2005-01,1
0972277196,2005-08,1
097227880X,2005-09,1
0972281908,2005-01,1
0972295658,2005-02,1
0972299017,2005-03,1
0972311009,2005-08,1
0972311017,2005-06,1
0972317937,2005-08,1
0972324372,2005-05,1
0972353208,2005-03,1
097235350X,2005-07,1
0972356215,2005-02,1
0972363904,2005-09,1
0972368655,2005-03,1
0972380108,2005-01,1
0972380108,2005-02,1
0972380132,2005-04,1
0972380132,2005-07,1
0972380132,2005-09,1
0972383042,2005-03,1
0972393617,2005-06,1
0972393625,2005-04,1
0972393625,2005-07,1
0972393625,2005-09,1
0972393633,2005-08,1
097239432X,2005-03,1
0972400370,2005-02,1
0972417346,2005-07,1
0972417354,2005-08,1
0972424113,2005-09,1
0972429530,2005-06,1
0972437738,2005-06,1
0972437746,2005-10,1
097244128X,2005-05,1
0972441409,2005-05,1
0972441409,2005-08,1
0972441409,2005-09,1
0972445013,2005-08,1
0972445013,2005-09,1
0972455302,2005-06,1
0972456295,2005-02,1
0972456295,2005-04,1
0972456910,2005-08,1
097246641X,2005-08,1
097246865X,2005-02,2
0972469036,2005-05,1
0972469036,2005-07,2
0972469060,2005-09,1
0972486720,2005-01,1
0972492607,2005-01,1
0972507841,2005-06,1
0972510001,2005-04,1
0972510419,2005-08,1
0972529012,2005-05,1
0972529012,2005-08,1
097253380X,2005-10,1
0972534806,2005-08,1
0972537902,2005-09,1
0972538437,2005-03,1
0972543600,2005-04,1
0972545425,2005-09,2
0972553606,2005-07,1
0972553746,2005-08,1
0972553762,2005-09,1
0972563806,2005-09,1
0972572880,2005-02,1
0972577025,2005-09,1
0972588019,2005-08,1
0972589813,2005-08,1
0972598111,2005-06,1
0972606408,2005-03,1
0972617086,2005-08,1
0972619720,2005-04,1
0972619879,2005-07,1
0972621504,2005-07,1
0972624414,2005-08,1
0972635750,2005-03,1
0972635750,2005-07,1
0972635785,2005-04,1
0972640142,2005-06,1
097264380X,2005-01,1
0972650431,2005-01,1
0972652914,2005-07,1
0972672958,2005-08,1
0972675604,2005-02,1
0972683917,2005-06,1
0972688811,2005-02,1
097268882X,2005-09,1
097269675X,2005-08,2
0972705554,2005-03,1
097270731X,2005-03,1
0972712119,2005-02,1
0972712119,2005-10,1
0972714405,2005-05,1
097271491X,2005-07,1
0972749306,2005-03,1
0972751319,2005-05,1
0972751955,2005-08,1
0972753702,2005-08,1
0972759298,2005-03,1
097276612X,2005-08,1
097276710X,2005-09,1
0972783210,2005-07,1
0972795332,2005-07,1
0972800557,2005-09,1
0972800565,2005-06,1
0972800581,2005-09,1
0972805028,2005-01,1
0972805028,2005-08,1
0972805370,2005-08,1
0972807101,2005-08,1
0972807152,2005-06,1
0972807152,2005-09,1
0972822399,2005-07,1
0972825207,2005-07,1
0972831010,2005-02,1
0972831010,2005-08,1
097283981X,2005-09,1
0972844732,2005-09,1
097284502X,2005-03,1
0972851887,2005-03,1
0972852905,2005-01,1
0972852905,2005-02,1
0972852905,2005-08,1
0972852905,2005-09,1
0972852913,2005-02,1
0972852913,2005-03,1
0972852913,2005-04,1
0972858547,2005-09,1
0972860320,2005-09,1
0972863419,2005-02,1
0972872604,2005-09,1
0972883584,2005-09,2
0972885013,2005-04,2
097288999X,2005-10,1
0972890300,2005-05,1
097289070X,2005-08,1
0972893806,2005-09,1
0972896961,2005-02,1
097291871X,2005-03,1
097291871X,2005-05,1
0972918736,2005-03,1
0972918744,2005-06,1
0972922652,2005-02,1
0972922903,2005-02,1
0972923705,2005-04,1
0972929622,2005-07,1
0972930930,2005-05,1
0972931708,2005-07,1
0972932518,2005-05,1
0972936211,2005-04,1
0972937706,2005-04,1
0972942734,2005-09,1
0972944508,2005-02,1
0972959815,2005-04,1
0972959815,2005-07,1
0972959823,2005-08,1
0972959831,2005-06,1
0972959874,2005-06,1
0972959890,2005-04,1
0972959890,2005-06,1
0972959890,2005-09,1
0972959890,2005-10,1
0972962506,2005-07,1
0972967303,2005-01,1
0972967303,2005-04,1
0972967303,2005-07,1
0972967303,2005-08,2
0972967303,2005-09,4
0972967303,2005-10,1
0972973036,2005-02,1
0972978100,2005-08,1
0972986618,2005-04,1
0972987762,2005-08,1
0972992901,2005-08,1
0973027010,2005-06,1
0973083174,2005-02,1
0973083727,2005-06,1
0973119705,2005-05,1
0973157003,2005-09,1
097315702X,2005-07,1
097316980X,2005-08,1
0973224002,2005-06,2
0973224002,2005-07,1
0973224002,2005-10,1
0973225483,2005-02,1
0973274808,2005-08,1
0973275200,2005-07,1
0973278676,2005-01,1
0973278676,2005-09,1
0973322802,2005-08,1
0973323302,2005-09,1
0973323310,2005-09,1
0973349212,2005-10,1
0973358602,2005-08,1
0973378603,2005-03,1
0973381760,2005-09,1
0973405406,2005-09,1
0973405481,2005-09,1
0973467622,2005-08,2
0973534133,2005-07,1
0973540907,2005-02,1
0973651202,2005-08,1
0973673605,2005-09,1
0973673605,2005-10,1
0973690402,2005-02,1
0973690402,2005-04,2
0973690402,2005-08,1
0973731702,2005-06,1
0973735201,2005-10,1
0973779608,2005-06,1
097401320X,2005-02,1
0974013218,2005-02,1
0974013900,2005-02,1
0974014001,2005-09,1
0974019038,2005-09,1
0974028614,2005-08,1
0974032301,2005-07,1
0974035904,2005-05,1
0974035904,2005-08,1
0974039454,2005-08,1
0974041114,2005-06,1
0974041114,2005-08,1
0974056022,2005-10,1
0974056731,2005-07,1
0974061026,2005-04,1
0974062146,2005-08,1
0974068748,2005-06,1
0974072516,2005-02,1
0974072516,2005-03,1
0974081906,2005-08,1
0974082503,2005-09,1
0974092118,2005-03,1
0974092800,2005-04,1
0974095524,2005-04,1
0974106003,2005-09,1
0974137715,2005-03,1
0974137715,2005-08,1
0974142808,2005-05,1
0974145718,2005-01,1
0974145718,2005-04,1
0974145718,2005-06,1
0974145742,2005-07,1
0974145742,2005-10,2
0974146803,2005-02,1
0974150002,2005-08,1
0974150207,2005-05,1
0974153001,2005-04,2
0974161705,2005-04,1
0974161705,2005-06,1
0974166464,2005-02,1
0974170046,2005-04,1
0974171425,2005-06,1
0974188700,2005-04,1
0974189405,2005-02,1
0974195510,2005-09,1
0974226912,2005-04,1
0974226912,2005-08,1
097423060X,2005-06,1
0974237159,2005-09,1
0974239011,2005-05,1
0974239011,2005-09,1
0974239100,2005-06,1
0974240508,2005-06,1
0974240559,2005-08,1
097424340X,2005-09,1
0974255211,2005-08,1
0974256919,2005-08,1
097426721X,2005-05,1
097426721X,2005-08,1
0974271004,2005-06,1
0974275433,2005-03,1
0974275433,2005-09,2
0974275573,2005-10,1
0974279056,2005-07,1
0974291536,2005-10,1
0974304824,2005-05,1
0974306649,2005-07,1
0974317608,2005-03,1
0974327417,2005-07,1
0974339105,2005-04,1
0974348104,2005-08,1
0974359602,2005-08,1
0974363626,2005-03,1
0974363650,2005-08,1
0974363685,2005-01,1
0974363685,2005-03,1
0974363685,2005-10,1
0974363960,2005-05,1
0974363995,2005-02,1
0974363995,2005-04,1
0974372102,2005-01,1
0974377619,2005-09,1
0974381411,2005-02,1
0974381411,2005-05,1
0974381411,2005-09,1
0974387606,2005-07,1
0974392340,2005-09,1
0974403784,2005-08,1
0974409200,2005-01,1
0974409200,2005-03,1
0974416002,2005-03,1
0974416118,2005-05,1
0974420212,2005-08,2
0974423009,2005-08,1
0974434477,2005-09,1
0974435449,2005-05,1
0974435546,2005-03,1
0974437433,2005-01,1
0974439800,2005-03,1
097443986X,2005-09,1
0974452424,2005-07,1
0974464406,2005-03,1
0974470619,2005-09,1
0974472107,2005-07,1
0974476455,2005-02,1
0974483907,2005-07,2
0974497908,2005-04,1
0974501433,2005-04,1
0974503134,2005-09,1
0974513806,2005-02,1
0974513806,2005-09,1
0974514004,2005-02,1
0974514039,2005-06,1
0974514039,2005-08,1
0974514039,2005-09,1
0974514047,2005-07,1
0974514047,2005-08,1
0974514047,2005-09,1
0974514055,2005-04,1
0974514063,2005-05,1
0974514063,2005-08,1
0974519804,2005-07,1
0974521272,2005-06,1
0974524603,2005-04,1
0974524603,2005-07,1
097452462X,2005-06,1
0974524638,2005-01,1
0974524638,2005-06,1
0974524662,2005-07,1
0974524670,2005-04,1
0974524689,2005-05,1
0974524697,2005-03,1
0974524697,2005-09,1
0974525308,2005-08,1
0974530905,2005-07,1
0974530905,2005-08,1
0974531324,2005-01,1
0974537608,2005-06,1
0974537616,2005-01,1
0974537632,2005-05,3
0974537632,2005-07,1
0974537632,2005-08,2
0974537632,2005-09,2
0974554502,2005-06,1
0974558303,2005-06,1
0974558303,2005-08,1
0974558702,2005-09,1
0974560324,2005-07,1
0974575046,2005-07,1
0974577685,2005-09,1
0974582905,2005-06,1
097458293X,2005-09,1
0974582972,2005-06,1
0974594504,2005-06,1
097461338X,2005-05,1
097461338X,2005-09,1
097461369X,2005-03,1
097462103X,2005-06,1
0974622907,2005-05,1
0974629022,2005-07,1
0974637009,2005-01,1
0974648183,2005-09,1
0974658758,2005-02,1
097465891X,2005-09,1
0974666521,2005-09,1
0974670103,2005-03,1
0974670103,2005-08,1
0974670138,2005-06,1
0974670138,2005-07,1
0974676306,2005-08,1
0974684465,2005-09,1
0974688711,2005-02,1
0974690244,2005-07,1
0974693235,2005-07,1
0974694207,2005-02,1
0974694258,2005-01,1
0974694258,2005-08,1
0974694290,2005-02,1
0974696633,2005-09,1
0974698105,2005-10,1
0974699004,2005-04,2
0974699004,2005-06,1
0974702501,2005-02,1
0974702528,2005-06,1
0974702560,2005-02,1
0974702560,2005-10,1
0974702579,2005-05,1
0974707414,2005-09,1
0974707708,2005-10,1
0974719137,2005-03,1
0974722103,2005-07,1
0974722103,2005-10,1
0974722146,2005-08,1
0974732311,2005-05,1
0974732532,2005-01,1
097474431X,2005-10,1
0974745502,2005-03,1
0974745502,2005-09,1
0974748005,2005-08,1
0974750131,2005-05,2
097475210X,2005-08,1
0974764507,2005-08,1
0974766038,2005-08,1
0974767808,2005-03,1
097476809X,2005-03,1
097476809X,2005-07,1
0974773034,2005-08,1
0974779113,2005-09,1
097478690X,2005-01,1
0974789542,2005-09,1
0974791504,2005-10,1
097479550X,2005-08,1
0974803200,2005-07,1
0974805114,2005-10,1
0974805130,2005-09,1
0974820814,2005-09,1
0974824909,2005-08,1
0974827002,2005-04,1
0974827401,2005-10,1
097483050X,2005-09,1
0974839205,2005-08,1
0974844144,2005-07,1
0974844187,2005-08,1
0974848417,2005-09,1
0974848808,2005-04,1
0974848808,2005-07,1
0974853348,2005-09,1
0974856606,2005-07,1
0974856606,2005-10,1
0974857009,2005-01,1
0974858013,2005-08,1
097485803X,2005-08,1
097485803X,2005-10,1
0974868450,2005-02,1
0974874507,2005-03,1
0974876542,2005-03,1
0974884324,2005-03,1
097488670X,2005-01,1
0974886807,2005-06,1
097488684X,2005-05,1
097488684X,2005-06,1
0974886858,2005-06,2
0974899712,2005-07,1
0974908037,2005-08,1
0974914541,2005-09,1
0974917915,2005-04,1
0974917915,2005-05,1
0974929808,2005-01,1
0974929816,2005-10,1
0974930008,2005-07,1
097493030X,2005-03,1
0974930326,2005-04,1
0974930407,2005-03,1
0974930407,2005-07,1
0974939609,2005-07,1
0974945005,2005-06,1
0974947113,2005-08,1
0974953652,2005-02,1
0974953652,2005-03,1
0974953652,2005-09,1
0974955205,2005-01,1
0974960888,2005-01,1
0974960942,2005-09,1
0974970433,2005-07,1
0974980102,2005-09,1
0974980404,2005-04,1
0974993352,2005-07,1
0974995851,2005-04,1
0975126407,2005-10,1
097515947X,2005-09,1
097521280X,2005-06,1
0975212818,2005-05,1
0975213903,2005-10,1
0975249002,2005-05,2
0975249002,2005-07,3
0975257382,2005-10,1
0975258907,2005-06,1
0975258907,2005-09,1
0975258923,2005-04,1
0975258923,2005-06,1
0975264540,2005-07,1
0975264583,2005-08,1
0975270605,2005-09,1
0975282204,2005-06,1
0975283707,2005-05,1
0975283715,2005-08,1
0975286706,2005-02,1
0975289616,2005-01,1
0975291203,2005-08,1
0975297619,2005-10,1
0975297627,2005-08,2
0975298003,2005-06,1
0975298003,2005-08,2
0975302701,2005-04,1
0975306073,2005-02,1
0975306626,2005-02,1
0975306626,2005-07,1
0975306626,2005-09,1
0975306642,2005-05,1
0975306693,2005-09,1
0975320408,2005-02,1
0975322443,2005-08,1
0975322451,2005-08,1
0975324608,2005-09,1
097532490X,2005-03,1
0975325906,2005-05,1
0975329901,2005-08,1
0975329901,2005-10,1
0975329944,2005-08,1
0975339702,2005-08,1
0975342207,2005-04,1
0975345540,2005-09,1
0975348809,2005-08,1
097535048X,2005-04,1
097537561X,2005-03,1
097537561X,2005-08,1
097537561X,2005-09,2
0975376535,2005-05,1
0975380826,2005-08,1
097538130X,2005-10,1
0975381326,2005-10,1
0975389203,2005-03,1
0975396439,2005-10,1
0975397044,2005-09,1
0975404903,2005-09,1
0975406000,2005-08,1
0975410105,2005-02,1
0975415670,2005-04,1
0975417908,2005-03,1
0975427008,2005-04,1
0975436600,2005-09,1
0975436619,2005-08,1
0975436708,2005-01,1
0975436708,2005-04,1
0975443402,2005-02,1
0975451626,2005-08,1
0975451626,2005-09,1
0975451634,2005-09,2
0975453378,2005-06,1
0975453386,2005-09,1
0975480456,2005-07,1
0975492217,2005-02,1
0975496905,2005-08,1
0975496905,2005-09,2
0975503200,2005-07,1
0975516205,2005-05,1
0975519913,2005-01,1
0975519913,2005-03,1
0975521616,2005-01,1
0975527800,2005-09,1
0975533126,2005-06,1
097554036X,2005-09,1
0975541706,2005-03,1
0975553402,2005-02,1
0975562207,2005-04,1
0975563009,2005-09,1
0975566733,2005-05,1
0975566733,2005-08,1
0975568604,2005-03,1
0975572202,2005-04,1
0975572210,2005-04,1
0975573926,2005-07,1
0975581104,2005-01,1
0975591401,2005-01,1
0975592904,2005-06,1
0975594605,2005-08,1
0975597108,2005-02,1
0975597108,2005-09,1
097559740X,2005-01,1
097559740X,2005-06,1
097559950X,2005-01,4
097559950X,2005-02,7
097559950X,2005-03,2
097559950X,2005-04,1
097559950X,2005-05,1
097559950X,2005-08,1
0975599518,2005-07,3
0975599518,2005-08,20
0975599518,2005-09,18
0975599518,2005-10,2
0975717405,2005-10,1
0975720007,2005-02,1
0975850326,2005-07,1
0975850806,2005-01,1
0975857088,2005-07,1
0975857096,2005-06,1
0975867911,2005-09,1
0975874411,2005-08,1
0975876945,2005-09,1
0975886541,2005-06,1
0975891413,2005-09,1
0975892800,2005-08,1
0975896806,2005-09,1
0975917102,2005-08,1
0975922947,2005-09,1
0975925539,2005-09,1
0975938207,2005-04,1
0975944622,2005-02,1
0975944622,2005-07,1
0975944630,2005-07,1
0975946102,2005-07,1
0975948806,2005-10,1
0975961500,2005-04,1
0975963201,2005-02,1
0975965328,2005-04,1
0975965344,2005-06,1
0975966006,2005-08,1
0975967606,2005-07,1
0975983660,2005-03,1
0975985310,2005-06,1
0975988409,2005-09,1
0975989006,2005-01,1
0975989006,2005-02,1
0975991477,2005-03,2
0975991477,2005-06,2
0975991477,2005-07,1
0975991477,2005-08,5
0975998110,2005-03,1
0975998110,2005-10,1
0975999206,2005-07,1
0976001101,2005-06,1
0976017407,2005-08,1
0976020505,2005-05,1
0976023571,2005-09,1
0976035715,2005-07,1
0976035723,2005-08,1
0976039001,2005-04,1
0976049201,2005-03,1
0976052504,2005-08,1
0976057409,2005-02,1
0976057409,2005-07,1
0976057549,2005-06,1
0976057611,2005-05,1
0976061805,2005-03,1
0976061805,2005-07,2
0976061821,2005-06,1
0976068001,2005-05,1
0976072602,2005-07,1
0976073919,2005-05,1
0976073919,2005-08,1
0976082217,2005-08,1
0976086514,2005-02,1
0976090139,2005-03,1
0976096315,2005-08,1
0976096501,2005-09,1
097609925X,2005-03,1
0976112000,2005-06,1
0976114100,2005-07,1
0976118106,2005-04,1
0976118106,2005-06,1
0976119005,2005-05,1
0976141086,2005-04,1
0976141086,2005-07,1
097614140X,2005-03,1
0976153505,2005-01,1
0976154706,2005-02,1
0976154706,2005-08,1
0976155508,2005-03,1
0976159104,2005-06,1
0976159104,2005-07,1
0976165902,2005-04,2
0976165902,2005-05,5
0976165902,2005-06,1
0976165902,2005-08,1
0976165902,2005-09,2
0976165902,2005-10,1
0976166011,2005-10,1
097617040X,2005-05,1
0976187000,2005-07,1
0976187809,2005-04,1
097619130X,2005-06,1
0976195410,2005-02,1
0976196204,2005-06,1
0976211300,2005-02,1
0976214709,2005-07,1
0976227916,2005-04,1
0976234904,2005-02,1
0976234912,2005-02,1
0976234912,2005-05,1
0976234920,2005-04,1
0976234920,2005-05,1
0976234920,2005-07,1
0976234963,2005-10,1
0976247909,2005-05,1
0976249707,2005-01,1
0976249707,2005-07,1
0976249804,2005-03,1
0976251604,2005-05,2
0976251604,2005-08,2
0976252708,2005-03,2
0976254263,2005-01,1
0976256525,2005-08,2
0976261308,2005-08,1
0976261308,2005-09,1
0976268604,2005-04,1
0976270900,2005-09,1
0976279401,2005-04,1
0976287404,2005-07,1
0976303809,2005-05,1
0976305054,2005-02,1
0976305054,2005-07,1
0976340801,2005-09,1
0976341107,2005-09,2
0976349205,2005-04,1
0976353911,2005-07,1
0976358107,2005-08,1
0976377705,2005-06,1
0976386232,2005-08,1
0976393514,2005-06,1
0976395908,2005-06,1
0976395908,2005-10,1
097640110X,2005-03,1
0976405008,2005-01,1
0976405903,2005-01,1
0976405903,2005-03,1
0976422603,2005-05,1
0976422603,2005-08,1
0976436809,2005-07,1
0976465507,2005-02,2
0976465507,2005-07,1
0976465515,2005-07,2
0976470101,2005-04,1
0976476525,2005-08,1
0976491907,2005-08,1
0976494329,2005-09,2
0976498138,2005-08,1
0976506203,2005-07,1
0976519836,2005-08,1
0976519836,2005-09,2
0976526611,2005-09,1
097652810X,2005-10,1
0976542609,2005-08,1
0976542633,2005-10,1
097655030X,2005-07,1
0976553007,2005-07,1
0976554100,2005-04,1
0976556502,2005-05,1
0976557916,2005-09,1
0976578301,2005-09,1
0976585707,2005-07,1
0976585707,2005-09,1
0976595788,2005-09,1
0976595788,2005-10,2
0976598604,2005-05,1
0976600714,2005-07,1
0976604507,2005-08,2
0976604507,2005-09,2
0976604507,2005-10,1
0976613212,2005-08,1
0976623102,2005-10,1
0976628708,2005-09,1
0976631008,2005-06,1
0976637219,2005-07,2
0976638819,2005-10,1
0976649004,2005-05,1
097666190X,2005-09,1
0976682206,2005-09,1
097669400X,2005-09,2
0976701219,2005-05,1
0976718669,2005-07,1
0976718669,2005-08,1
0976723417,2005-06,1
0976726904,2005-09,7
0976738007,2005-09,1
0976739011,2005-08,1
0976742527,2005-07,1
0976744104,2005-09,1
0976744112,2005-07,1
0976744112,2005-10,1
0976744120,2005-09,1
0976744201,2005-08,1
097674421X,2005-08,1
0976747308,2005-09,1
097676640X,2005-09,1
0976776405,2005-07,1
0976789418,2005-09,2
0976799227,2005-08,1
0976830302,2005-10,1
0976857804,2005-08,1
0976860007,2005-08,1
0976861208,2005-07,1
0976867001,2005-10,1
0976877201,2005-10,1
0976888505,2005-10,1
0976895900,2005-07,2
0976915901,2005-07,1
0976932407,2005-09,1
0976933403,2005-07,1
0977002608,2005-07,1
0977007022,2005-08,1
0977010783,2005-09,1
0977050602,2005-08,1
0977080412,2005-10,1
0977085538,2005-09,1
0977134830,2005-09,1
0977189309,2005-10,1
1000001687,2005-06,1
1400000084,2005-09,1
1400011329,2005-08,1
1400012813,2005-03,1
1400013208,2005-09,1
1400013690,2005-06,1
1400013690,2005-08,1
1400013755,2005-10,1
1400013763,2005-09,1
1400014077,2005-08,1
1400014085,2005-09,1
1400014190,2005-07,1
1400014190,2005-08,1
1400014913,2005-07,1
1400020239,2005-08,1
1400020271,2005-02,1
1400020549,2005-09,1
1400020751,2005-09,1
1400021170,2005-04,1
1400021839,2005-08,1
1400030021,2005-02,1
1400030080,2005-02,1
1400030080,2005-06,1
1400030099,2005-09,1
1400030250,2005-09,1
1400030382,2005-07,1
1400030609,2005-05,1
1400030609,2005-08,1
140003065X,2005-04,1
140003065X,2005-09,1
1400030838,2005-08,1
1400030927,2005-01,1
1400031001,2005-08,1
1400031087,2005-02,1
1400031087,2005-06,2
1400031087,2005-07,1
1400031087,2005-08,1
1400031087,2005-09,1
1400031133,2005-02,1
1400031354,2005-07,1
1400031532,2005-05,1
1400031540,2005-10,1
1400031575,2005-07,1
1400031699,2005-01,1
1400031699,2005-03,1
1400031702,2005-08,2
140003180X,2005-05,1
1400031818,2005-03,1
1400031818,2005-08,1
1400031885,2005-08,1
1400032083,2005-05,1
1400032350,2005-02,1
1400032369,2005-09,1
140003258X,2005-07,1
1400032652,2005-02,1
1400032717,2005-01,1
1400032717,2005-02,3
1400032717,2005-03,4
1400032717,2005-04,1
1400032717,2005-07,1
1400032717,2005-08,3
1400032717,2005-09,4
1400032717,2005-10,3
1400032806,2005-02,1
1400032806,2005-03,1
1400032806,2005-06,1
1400032806,2005-08,1
1400032806,2005-09,2
1400032806,2005-10,1
1400032903,2005-06,1
1400032903,2005-07,1
1400032903,2005-08,2
1400032903,2005-09,1
1400033756,2005-09,1
1400033764,2005-10,1
1400033802,2005-06,1
1400033918,2005-09,1
1400034116,2005-06,1
1400034183,2005-05,1
1400034469,2005-05,1
140003468X,2005-06,1
1400034728,2005-09,1
1400034779,2005-04,1
1400034779,2005-05,1
1400040019,2005-08,1
1400040035,2005-09,1
140004006X,2005-08,1
140004006X,2005-09,5
1400040264,2005-09,1
1400040310,2005-01,1
1400040310,2005-03,2
1400040310,2005-04,1
1400040353,2005-08,2
1400040442,2005-06,1
1400040442,2005-08,1
1400040450,2005-05,1
1400040450,2005-08,1
1400040450,2005-09,1
1400040566,2005-07,1
1400040671,2005-07,1
1400040744,2005-10,1
1400040760,2005-09,1
1400040795,2005-07,1
1400040868,2005-07,1
1400040930,2005-03,1
1400040957,2005-06,1
1400041112,2005-03,1
1400041287,2005-04,1
140004135X,2005-06,1
140004135X,2005-09,1
1400041457,2005-05,1
1400041473,2005-07,1
1400041570,2005-08,1
1400041619,2005-02,1
1400041619,2005-03,1
1400041619,2005-05,1
1400041619,2005-07,1
1400041619,2005-09,1
1400041759,2005-03,1
1400041759,2005-04,1
1400041767,2005-07,1
1400041996,2005-02,1
1400042011,2005-03,1
1400042011,2005-04,1
1400042127,2005-01,3
1400042127,2005-02,3
1400042127,2005-03,4
1400042127,2005-04,1
1400042127,2005-05,1
1400042127,2005-06,2
1400042127,2005-07,3
1400042127,2005-08,3
1400042127,2005-09,2
1400042135,2005-05,1
1400042216,2005-04,1
1400042240,2005-07,1
1400042267,2005-04,1
1400042267,2005-05,1
140004233X,2005-01,1
140004233X,2005-04,1
1400042488,2005-01,1
1400042755,2005-05,1
140004281X,2005-03,3
140004281X,2005-06,1
140004281X,2005-09,1
1400042909,2005-01,1
1400042909,2005-02,1
1400043085,2005-05,2
1400043085,2005-08,1
1400043123,2005-06,2
1400043123,2005-09,1
140004314X,2005-10,3
1400043379,2005-09,1
1400043395,2005-04,8
1400043395,2005-05,2
1400043395,2005-06,3
1400043395,2005-07,1
1400043395,2005-08,3
1400043395,2005-09,1
1400043417,2005-05,1
1400043417,2005-07,1
1400043646,2005-07,1
1400043662,2005-02,2
1400043662,2005-03,2
1400043662,2005-04,1
1400043662,2005-05,1
1400043662,2005-06,1
1400043700,2005-04,2
1400043700,2005-10,1
1400043816,2005-07,2
1400043816,2005-08,1
1400043816,2005-09,1
1400045371,2005-05,1
1400045371,2005-07,1
1400045371,2005-09,1
1400045371,2005-10,1
1400045509,2005-04,1
1400045940,2005-01,1
1400046122,2005-06,1
140004622X,2005-06,1
1400046408,2005-01,1
1400046408,2005-03,1
1400046408,2005-04,1
1400046408,2005-05,1
1400046416,2005-09,1
1400046475,2005-01,1
1400046475,2005-07,1
1400046475,2005-09,1
140004684X,2005-08,1
1400046874,2005-07,1
1400046955,2005-08,1
1400046955,2005-09,1
1400047285,2005-05,1
1400047285,2005-06,1
1400047323,2005-01,1
1400047595,2005-01,1
1400047641,2005-04,1
140004765X,2005-07,1
1400047862,2005-09,1
1400047927,2005-04,2
140004796X,2005-07,1
1400048001,2005-03,1
1400048389,2005-03,1
1400048656,2005-04,1
1400048672,2005-09,1
1400048672,2005-10,1
1400048710,2005-03,1
1400048737,2005-07,1
1400048753,2005-08,1
1400048842,2005-01,1
1400048931,2005-02,1
1400049199,2005-03,1
1400049202,2005-02,1
1400049210,2005-03,1
1400049210,2005-05,1
1400049229,2005-01,1
1400049350,2005-01,2
1400049350,2005-02,1
1400049350,2005-08,1
1400049520,2005-03,1
1400049628,2005-01,1
1400049628,2005-04,1
1400049628,2005-05,1
1400049628,2005-07,1
1400049628,2005-08,1
1400049628,2005-09,1
1400049687,2005-10,1
1400049709,2005-08,1
1400049741,2005-05,1
1400049903,2005-09,1
1400050081,2005-04,3
1400050111,2005-06,1
1400050111,2005-08,2
1400050219,2005-07,1
140005026X,2005-05,1
1400050332,2005-08,1
1400050359,2005-01,1
1400050421,2005-07,1
1400050448,2005-08,1
1400050456,2005-09,1
1400050588,2005-02,1
1400050685,2005-10,1
1400050715,2005-07,1
1400050790,2005-02,1
1400050847,2005-03,1
1400050847,2005-04,1
1400051029,2005-08,1
140005107X,2005-05,1
1400051347,2005-10,1
1400051428,2005-07,1
1400051452,2005-01,1
1400051452,2005-07,1
1400051495,2005-09,1
1400051576,2005-04,1
1400051576,2005-08,1
1400051576,2005-09,1
1400051576,2005-10,1
1400051606,2005-08,1
140005169X,2005-09,1
1400051711,2005-08,1
1400051711,2005-09,1
1400051754,2005-10,1
1400051878,2005-01,1
1400051908,2005-01,1
1400052114,2005-02,1
1400052157,2005-08,1
1400052378,2005-04,1
1400052408,2005-01,1
1400052424,2005-03,1
1400052483,2005-06,1
1400052564,2005-06,1
1400052580,2005-03,14
1400052580,2005-04,1
1400052580,2005-05,1
1400052580,2005-07,1
1400052580,2005-08,2
1400052580,2005-09,3
1400052688,2005-08,1
1400052718,2005-03,1
1400052726,2005-08,1
1400052734,2005-06,1
1400052793,2005-07,1
140005284X,2005-03,2
140005284X,2005-07,1
140005284X,2005-08,1
140005284X,2005-10,1
1400052858,2005-06,2
1400052882,2005-07,1
1400052904,2005-01,1
1400052998,2005-07,1
1400053064,2005-03,1
1400053153,2005-09,1
1400053161,2005-09,1
1400053250,2005-09,1
1400053439,2005-04,1
1400053625,2005-05,1
140005365X,2005-08,1
1400053668,2005-05,1
1400053684,2005-07,1
1400053684,2005-08,3
1400053684,2005-09,1
1400053684,2005-10,1
1400053781,2005-07,1
140005382X,2005-06,1
1400054095,2005-08,1
1400054184,2005-01,2
1400054184,2005-04,1
1400054184,2005-06,1
1400054184,2005-07,1
1400054184,2005-09,3
1400054745,2005-03,1
1400054761,2005-06,1
140005477X,2005-07,1
1400054788,2005-10,1
1400054877,2005-03,1
1400054877,2005-08,1
1400059453,2005-05,1
1400060028,2005-08,1
1400060036,2005-09,1
1400060060,2005-01,1
1400060079,2005-07,1
1400060079,2005-08,5
1400060168,2005-07,1
1400060176,2005-07,1
1400060184,2005-02,2
1400060281,2005-07,1
1400060281,2005-08,2
1400060281,2005-09,3
140006032X,2005-08,1
1400060397,2005-04,1
1400060397,2005-08,1
1400060400,2005-02,1
1400060494,2005-08,1
1400060508,2005-06,2
1400060516,2005-02,1
1400060516,2005-09,1
1400060621,2005-07,1
1400060761,2005-02,1
1400060818,2005-07,1
1400060842,2005-04,1
1400060842,2005-05,5
1400060842,2005-06,1
1400060842,2005-07,4
1400060842,2005-09,1
1400060869,2005-04,1
1400060923,2005-05,1
1400060990,2005-08,1
1400061016,2005-03,1
1400061091,2005-09,1
1400061164,2005-01,1
1400061180,2005-08,1
1400061199,2005-02,1
1400061245,2005-06,1
1400061245,2005-07,1
1400061245,2005-08,1
1400061245,2005-10,1
1400061326,2005-09,1
1400061504,2005-03,1
1400061504,2005-04,1
140006158X,2005-04,1
140006158X,2005-08,1
140006158X,2005-09,1
1400061601,2005-05,4
1400061601,2005-06,2
1400061652,2005-09,1
1400061784,2005-10,1
1400061849,2005-01,2
1400061849,2005-04,3
1400061946,2005-02,1
1400061946,2005-10,1
1400061989,2005-09,2
1400062136,2005-07,1
1400062144,2005-07,2
1400062217,2005-09,1
1400062292,2005-08,1
1400062314,2005-01,2
1400062314,2005-02,2
1400062314,2005-03,1
1400062314,2005-04,1
1400062314,2005-07,1
1400062314,2005-08,2
1400062411,2005-10,1
1400062438,2005-01,1
1400062500,2005-01,1
1400062500,2005-02,1
1400062500,2005-05,1
1400062527,2005-05,1
1400062594,2005-10,1
1400062659,2005-03,1
1400062659,2005-04,1
1400062659,2005-09,1
1400062659,2005-10,1
1400062667,2005-08,1
1400062845,2005-01,1
1400062896,2005-01,1
1400062896,2005-08,2
1400062918,2005-05,1
1400062918,2005-06,3
1400062918,2005-09,1
1400063043,2005-01,1
1400063043,2005-09,1
1400063051,2005-06,1
1400063108,2005-07,2
1400063175,2005-08,2
1400063175,2005-09,1
1400063272,2005-04,1
140006337X,2005-01,3
140006337X,2005-04,1
140006337X,2005-05,1
140006337X,2005-06,1
140006337X,2005-09,1
1400063426,2005-01,1
1400063450,2005-09,1
1400063450,2005-10,1
1400063469,2005-08,1
1400063493,2005-09,1
1400063531,2005-04,1
1400063531,2005-05,1
1400063701,2005-05,1
1400063701,2005-06,1
1400063701,2005-07,1
1400063779,2005-10,1
1400063833,2005-08,11
1400063833,2005-09,1
1400063922,2005-04,3
1400063922,2005-07,2
1400063922,2005-08,1
1400064031,2005-10,1
1400064074,2005-09,1
1400064090,2005-10,1
1400064562,2005-05,1
1400064740,2005-09,4
1400064740,2005-10,4
1400071267,2005-09,1
1400075289,2005-06,1
1400075602,2005-05,1
1400076099,2005-01,1
1400076099,2005-03,1
1400076145,2005-10,1
1400076544,2005-09,1
1400076609,2005-08,1
1400076943,2005-08,1
1400076943,2005-09,1
1400076951,2005-08,1
1400077087,2005-05,1
1400077087,2005-06,2
1400077087,2005-07,2
1400078008,2005-09,1
1400078377,2005-09,1
1400078377,2005-10,1
1400078520,2005-03,1
1400078679,2005-07,1
1400078679,2005-08,1
1400078970,2005-08,1
1400078970,2005-09,1
1400078970,2005-10,1
1400079322,2005-08,1
1400079322,2005-09,1
1400079446,2005-06,1
1400079446,2005-08,2
1400079934,2005-03,1
1400079934,2005-10,1
1400079950,2005-05,1
1400079950,2005-06,1
1400079950,2005-09,1
1400080363,2005-07,1
1400080452,2005-03,1
1400080479,2005-07,3
1400080495,2005-06,1
1400080517,2005-04,1
1400080592,2005-09,1
1400081009,2005-08,2
1400081009,2005-09,3
1400081025,2005-06,1
1400081033,2005-07,1
1400081033,2005-09,2
1400081440,2005-08,1
1400081599,2005-07,1
1400081599,2005-08,1
1400081599,2005-09,1
140008170X,2005-06,1
1400081807,2005-07,1
1400081882,2005-05,1
1400081882,2005-07,1
1400081882,2005-09,1
140008198X,2005-04,3
140008198X,2005-08,1
140008198X,2005-09,1
1400082315,2005-08,1
1400082315,2005-09,18
1400082315,2005-10,2
1400082366,2005-06,1
1400082382,2005-05,1
1400082536,2005-03,1
1400082536,2005-08,2
1400082587,2005-07,1
1400082587,2005-08,3
1400082773,2005-03,1
1400082773,2005-05,1
1400082773,2005-06,1
1400082781,2005-07,1
1400082781,2005-08,2
1400082781,2005-09,3
1400082870,2005-06,1
1400082870,2005-07,1
1400082870,2005-09,2
1400082943,2005-06,3
1400082943,2005-08,2
1400085314,2005-08,1
1400090687,2005-05,2
1400095085,2005-01,1
1400095085,2005-09,1
1400095093,2005-03,1
1400095093,2005-07,1
1400095360,2005-09,2
1400095808,2005-07,1
1400095913,2005-08,2
1400095913,2005-09,2
1400095913,2005-10,1
1400097355,2005-08,1
140009741X,2005-04,1
140009741X,2005-05,1
140009741X,2005-06,1
140009741X,2005-07,2
140009741X,2005-08,1
1400097711,2005-07,1
1400097711,2005-08,1
1400097916,2005-06,1
1400097916,2005-08,1
1400098424,2005-10,1
1400099188,2005-09,1
1400099498,2005-08,1
1400099625,2005-06,1
1400100259,2005-07,1
1400100577,2005-02,1
1400101565,2005-09,1
1400101573,2005-09,1
1400101719,2005-08,1
1400303842,2005-09,1
1400304644,2005-09,1
1400305284,2005-09,1
1400305292,2005-08,1
1400305667,2005-08,1
1400306590,2005-08,1
1401027407,2005-03,1
1401029043,2005-05,1
140103473X,2005-01,1
1401038840,2005-03,1
1401044751,2005-03,1
1401044832,2005-10,1
1401052975,2005-08,1
1401054080,2005-08,1
1401054986,2005-02,1
1401060978,2005-05,1
1401064515,2005-01,1
1401069274,2005-08,1
1401072658,2005-02,1
1401074146,2005-06,1
1401081274,2005-01,1
1401085873,2005-07,1
1401086276,2005-05,1
1401091490,2005-08,1
140109242X,2005-06,1
1401200079,2005-04,1
1401200087,2005-06,1
1401200605,2005-06,1
1401200621,2005-01,1
140120077X,2005-07,1
1401200893,2005-04,1
1401200923,2005-06,1
1401200990,2005-07,1
1401201180,2005-01,1
1401201180,2005-05,1
1401201245,2005-02,1
1401201288,2005-01,1
1401201695,2005-08,1
1401201911,2005-09,1
1401201938,2005-07,1
1401201946,2005-03,1
1401202012,2005-07,1
1401202071,2005-01,1
1401202098,2005-09,1
1401202187,2005-02,1
1401202187,2005-03,1
1401202225,2005-07,1
1401202322,2005-07,1
1401202403,2005-05,1
1401202411,2005-08,1
1401202438,2005-06,1
1401202519,2005-02,1
1401202543,2005-09,1
140120256X,2005-07,1
1401202691,2005-07,1
1401202691,2005-08,1
1401202799,2005-09,1
1401203272,2005-01,1
1401203418,2005-09,1
1401203442,2005-09,1
1401203477,2005-03,1
1401203477,2005-04,1
1401203914,2005-09,1
1401204228,2005-05,1
1401204244,2005-08,1
1401204260,2005-09,1
1401204341,2005-03,1
1401204376,2005-09,1
1401204406,2005-08,1
1401204430,2005-09,1
1401204686,2005-07,1
1401204732,2005-04,1
1401204740,2005-06,1
1401204740,2005-08,1
1401204805,2005-08,1
1401204864,2005-07,1
1401204929,2005-05,1
1401204929,2005-08,1
1401204953,2005-06,1
1401204953,2005-09,1
140120502X,2005-07,1
1401205127,2005-07,1
1401205380,2005-10,1
1401206123,2005-10,1
1401206565,2005-02,1
1401206905,2005-07,2
1401206999,2005-08,1
1401207278,2005-09,1
1401300286,2005-08,1
1401300340,2005-09,1
1401300367,2005-06,1
1401300391,2005-03,1
1401300391,2005-05,2
1401300391,2005-06,1
1401300391,2005-08,1
1401300464,2005-05,1
1401300464,2005-09,1
1401300642,2005-09,3
1401300642,2005-10,1
1401300707,2005-03,1
1401300715,2005-09,1
1401300731,2005-07,1
1401300731,2005-08,3
1401300731,2005-10,1
1401300871,2005-05,1
1401300871,2005-08,1
1401300901,2005-02,1
1401301010,2005-05,1
1401301010,2005-10,1
140130107X,2005-06,1
1401301088,2005-07,1
1401301126,2005-03,2
1401301126,2005-04,1
1401301177,2005-03,1
1401301177,2005-08,1
1401301282,2005-04,1
1401301282,2005-05,1
1401301312,2005-01,1
1401301428,2005-08,3
1401301495,2005-08,1
1401301495,2005-09,2
1401301568,2005-03,1
1401301711,2005-07,1
1401301800,2005-06,3
1401301800,2005-07,4
1401301800,2005-08,1
1401301819,2005-04,1
1401301819,2005-05,2
1401301894,2005-05,1
1401301894,2005-06,1
1401301894,2005-07,1
1401301894,2005-08,1
1401301894,2005-10,1
1401301916,2005-09,1
1401301916,2005-10,1
1401302009,2005-06,1
1401302009,2005-08,1
1401302289,2005-04,1
1401302289,2005-05,1
1401302289,2005-06,1
1401302351,2005-08,1
1401302351,2005-09,1
1401302424,2005-09,1
1401307442,2005-08,1
1401307663,2005-03,1
1401307663,2005-07,1
1401307663,2005-09,1
1401307698,2005-05,1
1401307795,2005-07,1
1401308104,2005-03,2
1401308104,2005-05,1
1401308104,2005-09,1
1401337031,2005-09,1
1401351964,2005-03,1
140135209X,2005-09,1
1401352154,2005-02,1
1401352154,2005-04,1
1401352154,2005-05,1
1401352154,2005-07,1
1401352197,2005-03,1
1401352197,2005-04,1
1401352227,2005-06,1
1401352227,2005-08,1
1401352243,2005-08,1
1401352243,2005-09,1
1401352294,2005-07,1
1401352316,2005-01,1
1401352316,2005-06,1
1401352367,2005-07,3
1401359345,2005-08,2
1401359345,2005-09,3
1401359345,2005-10,1
1401359620,2005-07,1
1401359620,2005-09,1
1401382339,2005-05,1
1401397530,2005-03,1
1401399169,2005-05,1
1401600085,2005-08,1
1401600204,2005-10,1
1401600751,2005-09,1
1401601073,2005-01,1
1401601103,2005-04,1
1401601111,2005-08,1
1401601146,2005-04,1
1401602029,2005-09,1
140160207X,2005-08,1
140160207X,2005-09,1
1401602126,2005-05,1
1401602169,2005-02,1
1401602177,2005-10,1
1401812066,2005-03,1
1401812066,2005-09,1
1401815324,2005-09,1
1401819826,2005-07,1
1401820492,2005-01,1
1401824196,2005-03,1
1401825540,2005-09,2
1401837654,2005-07,1
1401839673,2005-09,1
140184006X,2005-03,1
140184362X,2005-07,2
1401843808,2005-09,1
1401848184,2005-10,1
140185060X,2005-10,1
1401852068,2005-08,1
1401857043,2005-08,1
1401864961,2005-06,1
1401871097,2005-07,1
1401878180,2005-03,1
1401878385,2005-02,1
1401878776,2005-08,1
1401878776,2005-09,1
1401881548,2005-08,1
140188203X,2005-10,1
1401883850,2005-03,1
1401883850,2005-09,1
1401888763,2005-03,1
1401900313,2005-08,1
1401900488,2005-01,1
1401900488,2005-04,1
1401900526,2005-01,1
1401900526,2005-09,1
1401900631,2005-01,1
1401900852,2005-02,1
1401900852,2005-08,3
1401900852,2005-09,1
140190100X,2005-10,1
1401901115,2005-10,1
1401901123,2005-06,1
1401901204,2005-03,1
1401901204,2005-08,2
140190131X,2005-04,1
140190131X,2005-08,1
140190131X,2005-10,1
1401901387,2005-08,1
1401901921,2005-07,1
1401902049,2005-06,1
1401902081,2005-07,1
1401902103,2005-05,1
1401902154,2005-02,1
1401902154,2005-03,2
1401902154,2005-05,1
1401902154,2005-06,1
1401902154,2005-08,2
1401902154,2005-10,1
1401902324,2005-07,1
1401902340,2005-02,1
1401902340,2005-09,1
1401902413,2005-09,1
1401902448,2005-02,1
1401902480,2005-01,1
1401902480,2005-03,1
140190257X,2005-07,1
1401902618,2005-08,1
1401902669,2005-08,1
1401902758,2005-07,2
1401902901,2005-04,1
1401902901,2005-07,1
1401902901,2005-08,1
1401902928,2005-06,1
1401903002,2005-06,1
1401903010,2005-08,1
1401903010,2005-10,1
1401903096,2005-02,1
1401903096,2005-03,1
140190310X,2005-07,1
1401903185,2005-08,1
1401903193,2005-09,1
140190324X,2005-04,1
1401903339,2005-09,1
140190341X,2005-06,1
1401903517,2005-10,1
1401903584,2005-08,1
1401903789,2005-09,1
1401903983,2005-07,1
1401903991,2005-08,1
140190405X,2005-03,1
1401904157,2005-01,1
140190419X,2005-01,1
140190419X,2005-03,1
1401904238,2005-08,1
1401904238,2005-09,1
1401904432,2005-09,1
1401904599,2005-01,2
1401904599,2005-02,3
1401904599,2005-04,1
1401904599,2005-06,1
1401904599,2005-07,2
1401904599,2005-08,6
1401904599,2005-09,3
1401904599,2005-10,3
1401904602,2005-04,1
140190467X,2005-03,1
140190467X,2005-06,1
1401905153,2005-08,1
1401905153,2005-09,2
1401905323,2005-09,1
1401905404,2005-07,1
1401905668,2005-03,2
1401905668,2005-04,4
1401905668,2005-05,1
1401905668,2005-06,2
1401905668,2005-07,1
1401905668,2005-08,1
1401905676,2005-04,1
1401905676,2005-09,1
1401906109,2005-08,1
1401906125,2005-05,1
1401906257,2005-09,1
1401907350,2005-08,1
1401907350,2005-10,1
1401907474,2005-09,1
1402072791,2005-08,1
1402074018,2005-06,1
1402076665,2005-09,1
140207672X,2005-07,1
1402080913,2005-08,1
1402200153,2005-02,1
1402200455,2005-09,2
1402200617,2005-09,1
1402202172,2005-03,1
1402202296,2005-01,1
1402202377,2005-03,1
1402202652,2005-08,1
1402202695,2005-08,2
1402202733,2005-02,2
1402202733,2005-03,1
1402202733,2005-04,1
1402202733,2005-05,1
1402202733,2005-06,1
1402202733,2005-08,1
1402203063,2005-01,1
1402203349,2005-07,1
140220342X,2005-04,1
1402203462,2005-10,1
1402203748,2005-08,1
1402203748,2005-09,1
1402203810,2005-05,1
1402203810,2005-10,1
1402204000,2005-06,1
1402204094,2005-05,1
1402541775,2005-10,1
1402541805,2005-03,1
1402555989,2005-08,1
1402558945,2005-05,1
1402573723,2005-10,1
1402575629,2005-07,1
1402581386,2005-09,1
1402583648,2005-09,2
1402594291,2005-06,1
1402597665,2005-08,1
1402700598,2005-03,1
1402704100,2005-09,1
1402705697,2005-09,1
1402705778,2005-08,1
1402706596,2005-04,1
1402707436,2005-05,1
1402707975,2005-06,1
1402708890,2005-05,1
1402710593,2005-07,1
1402711018,2005-07,1
1402711476,2005-10,1
1402712073,2005-07,1
1402713231,2005-04,1
1402714203,2005-08,1
1402714424,2005-02,1
1402714424,2005-07,1
1402714580,2005-09,1
1402716125,2005-08,3
1402717288,2005-05,1
1402717288,2005-07,1
1402718381,2005-08,1
1402718616,2005-04,1
1402718616,2005-06,2
1402718616,2005-08,2
1402718616,2005-09,3
1402718616,2005-10,1
1402718756,2005-08,1
1402718802,2005-07,1
1402719442,2005-10,1
1402719965,2005-07,1
140272005X,2005-05,1
140272005X,2005-09,1
140272022X,2005-08,1
140272022X,2005-09,1
1402721390,2005-09,1
1402721536,2005-05,1
1402721544,2005-06,1
1402723490,2005-08,1
140272568X,2005-04,1
1402732805,2005-09,1
1402809654,2005-06,1
1403300291,2005-02,1
1403306095,2005-04,1
1403308004,2005-09,1
1403321981,2005-02,1
1403325510,2005-06,1
1403337748,2005-09,1
1403346089,2005-06,1
1403348065,2005-04,1
1403353123,2005-01,1
1403357110,2005-01,1
140335958X,2005-09,1
1403364222,2005-01,1
1403370192,2005-02,1
1403373515,2005-07,1
1403382387,2005-06,1
1403388830,2005-03,1
1403394733,2005-08,1
1403903050,2005-08,1
1403911770,2005-06,1
1403911770,2005-07,1
1403915075,2005-09,1
1403934037,2005-06,1
1403941092,2005-06,1
1403942633,2005-09,1
140396131X,2005-03,2
1403961557,2005-04,1
1403962294,2005-05,1
1403962383,2005-07,1
1403963037,2005-06,1
1403963541,2005-08,1
1403964300,2005-04,1
1403964335,2005-09,1
1403965382,2005-02,1
1403966869,2005-07,1
1403966982,2005-08,1
1403967261,2005-04,1
140396792X,2005-08,1
140396792X,2005-09,1
140396839X,2005-10,1
1403968950,2005-05,1
1403969213,2005-06,1
1403969213,2005-08,1
140397201X,2005-10,1
1404100954,2005-07,1
140410187X,2005-08,1
1404101926,2005-04,1
1404102116,2005-09,1
1404184961,2005-05,1
1404314504,2005-02,1
1404345302,2005-07,1
140500116X,2005-09,1
1405103264,2005-02,1
1405103310,2005-08,1
1405103418,2005-08,2
1405103418,2005-10,1
1405103426,2005-07,1
1405104503,2005-10,1
1405105305,2005-05,1
1405106824,2005-07,1
1405125241,2005-03,1
1405125241,2005-04,1
1405201711,2005-09,1
1405211296,2005-09,1
1410101924,2005-07,1
1410103323,2005-03,1
1410105083,2005-07,1
1410106632,2005-10,1
1410201570,2005-08,1
1410201953,2005-08,1
1410212394,2005-07,1
1410213560,2005-03,1
1410219992,2005-03,1
1410401901,2005-06,1
1410402193,2005-01,1
1410402193,2005-06,1
1410701727,2005-09,1
1410704211,2005-07,1
1410704459,2005-09,1
1410708454,2005-01,1
1410716732,2005-06,1
1410717305,2005-02,1
141071764X,2005-08,1
1410717666,2005-02,1
1410717666,2005-08,1
1410729397,2005-02,1
1410730883,2005-06,1
1410738507,2005-03,1
1410740110,2005-03,1
1410741168,2005-09,1
1410742008,2005-07,1
1410749428,2005-10,1
1410750833,2005-07,1
1410752828,2005-09,1
1410753476,2005-07,1
1410753476,2005-10,1
1410765652,2005-05,2
1410765857,2005-08,1
1410779130,2005-07,1
1410785149,2005-02,1
1410785149,2005-07,1
1410791998,2005-08,2
1410793680,2005-02,1
1410793680,2005-05,1
1410796949,2005-09,1
1411603443,2005-07,1
1411603605,2005-03,1
1411607546,2005-07,1
1411608313,2005-06,1
1411608313,2005-08,1
1411608313,2005-09,1
1411608542,2005-01,1
1411609158,2005-09,1
1411611462,2005-09,1
1411612507,2005-04,1
1411613236,2005-09,1
1411613279,2005-08,1
1411613384,2005-05,1
1411613961,2005-01,1
141161609X,2005-01,1
1411616669,2005-05,1
141161836X,2005-06,1
141161836X,2005-08,1
1411618726,2005-08,1
1411619188,2005-10,1
1411621425,2005-09,1
1411621913,2005-05,1
1411622103,2005-08,1
1411622987,2005-07,1
1411624505,2005-04,1
1411624815,2005-05,1
141162520X,2005-06,1
1411625307,2005-09,1
141162551X,2005-08,1
141162551X,2005-09,1
1411627148,2005-06,1
1411627148,2005-08,1
1411627644,2005-07,1
1411628179,2005-10,1
1411628985,2005-05,1
1411629205,2005-08,1
1411632389,2005-06,1
1411634535,2005-08,1
1411634616,2005-08,1
1411635515,2005-09,1
1411635892,2005-07,1
1411636872,2005-07,1
1411637488,2005-09,1
1411639626,2005-08,1
1411641361,2005-08,1
1411642910,2005-08,1
1411644573,2005-09,1
1411646746,2005-09,1
1411647211,2005-10,1
1411647289,2005-10,1
1412000882,2005-09,1
1412004772,2005-07,1
1412005078,2005-08,1
1412006686,2005-09,1
1412006848,2005-09,1
1412007607,2005-03,1
1412012651,2005-04,1
1412013607,2005-06,1
141201607X,2005-08,1
1412023548,2005-05,1
1412028744,2005-07,1
1412032245,2005-08,1
1412032423,2005-01,1
1412032482,2005-07,1
1412033209,2005-10,1
1412033853,2005-06,1
1412035651,2005-10,1
141203633X,2005-04,1
1412037735,2005-01,1
1412037735,2005-02,1
1412039096,2005-03,2
1412039312,2005-07,1
1412040191,2005-04,1
1412040558,2005-06,1
1412041171,2005-07,1
1412045320,2005-09,3
1412045320,2005-10,1
1412048435,2005-08,1
1412050189,2005-06,1
1412050189,2005-08,1
1412050189,2005-09,1
1412700523,2005-08,1
1412915104,2005-08,1
1412916496,2005-06,1
1413001785,2005-05,1
1413300405,2005-09,1
1413300782,2005-05,1
1413300855,2005-07,1
141330088X,2005-09,1
1413301479,2005-07,1
1413301479,2005-09,1
1413301800,2005-10,1
1413301878,2005-08,1
1413302165,2005-08,1
1413303722,2005-10,1
141340488X,2005-09,1
1413406114,2005-01,1
141340720X,2005-04,1
1413409849,2005-05,1
1413410960,2005-03,1
1413411983,2005-05,1
1413412203,2005-06,1
1413414265,2005-03,1
1413416144,2005-05,1
1413420680,2005-08,1
1413420699,2005-08,1
1413422691,2005-04,1
1413426220,2005-09,1
1413431992,2005-03,1
1413434819,2005-02,1
1413434819,2005-03,1
1413434819,2005-04,3
1413434819,2005-05,3
1413434819,2005-06,1
1413434819,2005-09,1
1413440002,2005-09,1
1413444539,2005-03,1
1413446663,2005-06,1
1413448879,2005-04,1
1413450156,2005-05,1
1413451012,2005-09,1
1413451365,2005-05,1
1413451438,2005-04,1
1413451942,2005-03,1
1413453767,2005-09,1
1413454763,2005-10,2
1413458548,2005-05,1
1413458548,2005-06,1
1413459234,2005-08,1
1413461980,2005-06,1
1413463134,2005-04,1
1413465323,2005-05,1
1413466621,2005-05,1
1413468136,2005-02,1
1413468845,2005-03,1
1413469183,2005-09,1
1413469353,2005-06,1
141346937X,2005-06,1
1413470998,2005-06,1
1413473474,2005-04,1
1413477801,2005-05,1
1413478654,2005-07,1
1413482023,2005-02,1
141348297X,2005-09,1
1413484050,2005-10,1
1413487777,2005-05,1
1413488781,2005-10,1
1413488811,2005-08,1
1413701426,2005-07,1
1413701949,2005-08,1
1413702767,2005-04,1
1413703771,2005-07,1
1413705898,2005-08,1
1413706045,2005-09,1
1413707491,2005-04,1
1413712878,2005-04,1
1413713106,2005-07,1
1413713823,2005-03,1
1413713963,2005-03,1
1413716121,2005-03,1
1413719627,2005-05,1
1413719708,2005-01,1
1413720536,2005-06,1
1413721648,2005-08,1
1413723071,2005-02,1
1413723241,2005-01,1
1413726453,2005-03,1
1413726593,2005-07,1
1413726755,2005-03,2
1413728898,2005-08,1
1413729142,2005-09,1
1413729789,2005-05,1
1413729789,2005-07,1
1413730779,2005-10,1
1413730841,2005-04,1
1413730957,2005-04,1
1413732755,2005-05,1
141373278X,2005-06,1
1413737099,2005-03,1
1413739555,2005-02,1
1413740073,2005-03,1
1413740243,2005-10,1
1413740650,2005-08,1
1413741614,2005-02,1
1413741800,2005-02,1
1413741959,2005-04,1
1413742130,2005-03,1
1413742998,2005-01,1
1413743838,2005-03,1
1413744877,2005-07,1
1413744877,2005-09,1
141374527X,2005-04,1
1413747124,2005-03,1
1413748546,2005-03,1
1413749542,2005-02,1
1413750419,2005-03,1
141375161X,2005-06,1
1413752020,2005-04,1
1413754317,2005-03,1
1413755453,2005-09,1
141375645X,2005-04,1
1413756808,2005-06,1
1413757855,2005-06,1
1413757944,2005-05,1
1413759106,2005-09,1
1413760031,2005-09,1
1413760821,2005-08,1
1413761445,2005-06,1
1413761844,2005-09,1
141376231X,2005-08,1
1413762328,2005-06,1
1413762468,2005-09,1
1413762476,2005-09,1
1413763928,2005-07,1
1413763960,2005-08,1
1413764592,2005-09,1
1413764851,2005-08,1
141376598X,2005-07,1
1413765998,2005-08,1
1413766153,2005-10,1
1413766455,2005-08,1
1413768687,2005-08,1
1413769624,2005-06,1
1413769713,2005-09,1
1413769993,2005-06,1
1413772730,2005-07,1
1413774342,2005-08,1
1413775519,2005-07,2
1413776469,2005-06,1
141377668X,2005-07,1
1413777457,2005-08,1
1413777503,2005-07,1
1413778038,2005-06,1
1413778348,2005-08,1
1413778631,2005-07,1
1413779107,2005-09,1
1413780229,2005-08,1
1413780776,2005-08,1
1413781322,2005-08,1
1413783775,2005-07,1
1413785379,2005-10,1
1413785468,2005-09,1
1413786650,2005-08,1
141378920X,2005-10,1
1413789935,2005-10,1
1413790968,2005-08,1
1413794548,2005-10,1
1413900178,2005-03,1
1413900267,2005-09,1
1413901441,2005-05,1
1413901794,2005-06,1
1413902340,2005-07,1
1413902340,2005-09,1
1413903177,2005-09,1
141400303X,2005-01,1
1414023715,2005-02,1
1414024746,2005-02,1
1414025017,2005-07,1
1414034458,2005-06,1
1414047487,2005-01,1
1414072740,2005-06,1
1414078013,2005-03,1
1414100574,2005-06,2
1414101406,2005-01,1
1414101406,2005-02,1
1414101856,2005-04,1
1414103697,2005-08,1
1414236824,2005-08,1
1414258011,2005-08,1
1414275897,2005-05,1
1414283024,2005-05,1
1414300336,2005-02,1
1414300360,2005-01,1
1414300395,2005-03,1
1414300395,2005-04,1
1414300395,2005-07,1
1414300786,2005-07,1
1414300786,2005-10,1
1414300913,2005-09,1
1414301383,2005-09,1
1414302045,2005-08,1
1414302134,2005-08,1
1414302606,2005-08,1
1414302797,2005-02,1
1414303424,2005-08,1
1414303432,2005-07,4
1414303432,2005-08,6
1414303432,2005-09,4
1414303432,2005-10,1
1414304501,2005-09,1
1414306385,2005-10,1
1414702043,2005-09,1
1416001263,2005-09,1
1416001298,2005-09,1
1416002944,2005-08,1
1416002944,2005-09,1
1416023127,2005-10,1
1416500200,2005-04,1
1416500448,2005-03,1
1416500464,2005-08,1
1416501622,2005-05,1
1416503560,2005-09,1
1416503595,2005-05,1
1416503595,2005-10,1
1416504176,2005-10,1
1416504273,2005-08,1
1416504419,2005-09,1
1416504915,2005-01,1
1416505202,2005-09,1
1416505458,2005-07,2
1416505458,2005-09,1
1416507507,2005-09,1
1416507558,2005-09,2
1416507825,2005-10,1
1416508937,2005-08,2
1416508945,2005-07,1
1416508945,2005-08,2
1416509682,2005-09,1
1416509690,2005-06,1
1416509690,2005-08,1
1416509690,2005-10,1
1416513116,2005-09,1
1416900144,2005-08,1
1416900233,2005-04,1
141690056X,2005-07,1
141690056X,2005-08,5
1416900667,2005-08,1
141690235X,2005-06,1
141690235X,2005-08,2
1416902414,2005-06,1
1416902414,2005-08,2
1416902414,2005-09,3
1416902473,2005-07,1
1416902473,2005-08,1
1416902597,2005-08,1
1416906703,2005-06,1
1416907106,2005-07,1
1416907106,2005-09,1
1416909532,2005-08,1
1416913912,2005-08,2
1416913912,2005-09,1
1417617853,2005-01,1
1417635959,2005-02,1
1417903198,2005-08,1
1417942444,2005-09,1
1417949864,2005-09,1
1417978066,2005-09,1
1418005665,2005-09,1
141802046X,2005-09,1
1418169773,2005-08,1
1418403199,2005-04,1
1418404616,2005-03,1
1418404993,2005-01,1
1418408891,2005-02,1
1418409014,2005-08,1
1418413380,2005-09,1
1418418668,2005-03,1
1418420174,2005-06,1
1418423122,2005-01,1
1418425036,2005-01,1
1418425559,2005-09,1
1418426539,2005-02,1
1418430072,2005-07,1
1418430714,2005-04,1
1418432237,2005-04,1
1418434027,2005-05,1
1418434426,2005-02,1
1418435058,2005-08,1
1418435635,2005-01,1
1418437824,2005-03,1
1418440663,2005-08,1
1418440841,2005-09,1
1418444804,2005-09,1
141844538X,2005-06,1
1418445916,2005-07,1
1418449210,2005-05,1
1418453277,2005-06,1
1418453331,2005-03,1
141845589X,2005-07,1
1418466360,2005-06,1
1418474789,2005-08,1
1418475181,2005-07,1
1418478946,2005-02,1
1418481157,2005-02,1
1418481157,2005-08,1
1418481165,2005-02,1
1418481165,2005-09,1
1418481394,2005-10,1
1418485756,2005-03,1
1418487082,2005-05,1
1418488437,2005-02,1
1418488437,2005-04,1
1418491454,2005-06,1
1418491454,2005-07,1
1418491462,2005-06,1
1418493260,2005-02,1
1418494070,2005-09,1
1418494283,2005-04,1
1418494372,2005-02,1
1418496251,2005-03,1
1418498068,2005-02,1
1418498149,2005-01,1
1418499404,2005-05,1
1418835617,2005-09,1
1419116665,2005-08,1
1419132318,2005-04,1
1419138499,2005-08,1
1419153501,2005-08,1
1419156853,2005-07,1
1419160826,2005-08,1
1419165046,2005-08,1
1419304801,2005-09,1
1419333828,2005-09,1
141933591X,2005-08,1
141934322X,2005-05,1
1419349996,2005-09,1
1419361538,2005-10,1
1419501577,2005-06,1
1419505017,2005-08,1
1419505149,2005-08,1
1419505149,2005-09,1
1419600109,2005-08,1
1419600206,2005-03,1
1419600923,2005-07,1
1419601806,2005-05,1
1419601806,2005-10,1
1419602616,2005-08,1
1419602640,2005-06,1
1419602926,2005-09,1
1419605011,2005-08,1
1419605127,2005-06,1
1419605917,2005-09,1
1419606018,2005-09,1
1419606530,2005-09,1
1419607561,2005-08,1
141960807X,2005-08,1
1419608142,2005-09,1
1419609300,2005-09,1
1419610481,2005-08,1
1419950037,2005-03,1
141995007X,2005-04,1
141995010X,2005-03,1
1419950282,2005-01,1
1419950339,2005-10,1
141995038X,2005-08,1
1419950487,2005-09,1
1419950509,2005-03,1
1419950908,2005-08,1
1419950916,2005-10,1
1419951009,2005-07,1
1419951076,2005-04,1
1419951076,2005-08,1
1419951114,2005-10,1
1419951130,2005-10,1
1419951157,2005-07,1
141995122X,2005-03,1
141995122X,2005-08,1
1419951238,2005-08,1
1419951238,2005-09,1
1419951378,2005-08,1
1419951491,2005-10,1
1419951572,2005-03,1
1419951610,2005-07,1
141995170X,2005-09,1
1419951807,2005-08,1
1419952080,2005-10,1
1420631225,2005-09,1
1420802054,2005-02,1
1420802321,2005-08,1
1420803387,2005-04,1
1420803778,2005-10,1
1420803905,2005-07,1
1420804715,2005-02,1
1420805223,2005-08,1
1420806947,2005-08,1
1420807005,2005-05,1
1420807617,2005-02,1
1420808052,2005-07,1
1420808265,2005-04,1
142080846X,2005-04,1
1420809822,2005-03,1
1420812173,2005-02,2
1420812173,2005-08,1
1420812793,2005-04,1
1420814583,2005-09,1
1420815628,2005-02,1
1420816799,2005-08,1
1420820451,2005-10,1
1420823876,2005-07,1
1420824414,2005-04,1
1420825895,2005-03,1
1420826905,2005-08,1
1420831445,2005-07,1
1420834614,2005-07,1
1420836722,2005-09,1
1420836749,2005-05,1
1420837818,2005-08,1
1420840169,2005-09,1
1420841033,2005-07,1
1420841300,2005-08,1
1420843818,2005-09,1
1420845225,2005-08,1
1420849212,2005-08,1
1420849549,2005-07,1
1420850083,2005-10,1
1420851594,2005-08,1
1420857983,2005-07,1
1420859455,2005-09,1
1420862987,2005-09,1
1420867423,2005-08,1
1420868535,2005-09,1
1463422423,2005-05,1
1550022997,2005-09,1
1550023624,2005-02,1
1550023780,2005-08,1
1550024779,2005-01,1
1550173502,2005-08,1
1550223852,2005-08,1
1550224611,2005-09,1
1550224700,2005-09,1
1550224743,2005-08,1
1550225391,2005-07,1
1550225405,2005-02,1
1550225480,2005-01,1
1550225480,2005-09,1
1550225677,2005-02,1
1550225839,2005-08,1
1550225847,2005-04,1
1550226185,2005-09,1
1550226215,2005-08,1
1550226568,2005-04,1
1550226568,2005-10,1
1550226576,2005-08,1
1550226614,2005-01,1
1550226614,2005-02,1
1550226614,2005-04,1
1550226614,2005-07,1
1550226614,2005-08,1
1550226614,2005-10,1
1550226649,2005-01,1
1550226649,2005-05,1
1550226843,2005-08,1
1550286250,2005-09,1
1550370987,2005-08,1
1550372653,2005-07,1
1550374842,2005-05,1
1550376330,2005-10,1
155037883X,2005-03,1
1550379100,2005-08,1
1550391518,2005-07,1
1550412949,2005-07,1
1550463322,2005-03,1
1550463659,2005-08,1
1550464051,2005-08,1
1550548913,2005-02,1
1550549855,2005-08,1
1550711229,2005-08,1
1550747797,2005-09,1
155074805X,2005-09,1
1550749595,2005-04,1
1550749595,2005-07,1
1551052261,2005-10,1
1551053810,2005-08,1
1551054280,2005-08,2
1551055201,2005-09,1
1551091623,2005-04,1
1551103982,2005-05,1
1551103982,2005-06,1
1551110172,2005-04,1
1551302616,2005-08,1
1551381346,2005-07,1
1551430959,2005-08,1
1551432552,2005-03,1
1551520672,2005-10,1
1551521067,2005-05,1
1551521806,2005-07,1
1551562189,2005-10,1
1551562871,2005-01,1
1551562871,2005-10,1
1551563266,2005-10,1
1551563495,2005-09,1
1551563991,2005-09,1
1551564610,2005-09,1
1551665042,2005-03,1
1551665093,2005-07,1
1551665344,2005-03,1
1551665638,2005-06,1
1551666189,2005-02,1
1551666472,2005-06,1
155166660X,2005-06,1
1551667940,2005-08,1
1551667940,2005-09,1
1551668335,2005-03,1
1551668998,2005-08,1
1551669048,2005-01,1
1551669226,2005-03,1
1551669293,2005-01,1
155166965X,2005-09,1
1551800594,2005-06,1
1551803542,2005-09,1
1551805693,2005-08,1
1551926334,2005-05,1
1551926385,2005-07,1
1551990210,2005-03,1
1551990814,2005-09,1
1552090159,2005-08,1
1552092062,2005-06,1
1552092984,2005-01,1
1552093026,2005-08,1
1552093158,2005-07,1
1552093425,2005-05,1
1552093735,2005-09,1
1552096106,2005-10,1
1552096335,2005-08,1
1552100154,2005-04,1
1552100154,2005-08,1
1552123073,2005-03,1
1552451313,2005-10,1
1552460746,2005-02,1
1552633071,2005-09,1
1552635171,2005-09,1
1552636127,2005-01,1
1552636127,2005-10,1
1552636143,2005-05,1
1552781607,2005-08,1
1552850749,2005-06,1
1552852113,2005-09,1
155285227X,2005-05,1
1552854973,2005-10,1
1552972224,2005-09,1
1552975487,2005-02,1
1552975762,2005-02,1
1552975762,2005-04,1
1552975924,2005-09,1
155297605X,2005-01,1
1552977188,2005-05,1
155297734X,2005-02,1
1552977498,2005-08,1
155297751X,2005-04,1
1552977862,2005-02,1
1552977978,2005-03,1
1552979512,2005-01,1
1552979512,2005-08,1
1552979660,2005-06,1
1553014073,2005-05,1
1553062655,2005-07,1
1553066561,2005-08,1
1553100387,2005-07,1
1553376609,2005-02,1
1553412311,2005-09,1
1553413458,2005-08,1
155341411X,2005-08,1
155341554X,2005-07,1
1553416074,2005-10,1
1553650018,2005-02,1
1553663055,2005-01,1
155369175X,2005-06,2
1553693078,2005-02,1
1553696042,2005-02,1
1553697898,2005-09,1
1553817532,2005-09,1
1553952081,2005-09,1
1553956303,2005-08,1
1553956303,2005-09,1
1554041066,2005-05,1
1554070120,2005-08,1
1554070244,2005-02,1
1554070325,2005-09,1
155407102X,2005-09,1
1554102170,2005-09,1
1555046258,2005-10,1
1555174019,2005-10,1
1555177948,2005-07,1
1555177956,2005-09,1
1555211550,2005-09,1
1555423566,2005-09,1
1555534007,2005-05,1
1555535798,2005-06,1
1555536034,2005-07,1
1555536239,2005-07,1
155557162X,2005-07,1
1555571948,2005-05,1
1555582419,2005-03,1
1555582419,2005-08,1
1555582869,2005-05,1
1555583016,2005-07,1
1555583156,2005-10,2
1555583164,2005-02,1
1555610277,2005-02,1
1555610730,2005-09,1
1555612482,2005-09,1
1555612881,2005-05,1
1555613462,2005-06,1
1555613462,2005-08,1
1555613462,2005-09,1
1555661173,2005-10,1
1555662188,2005-08,1
1555662498,2005-08,1
1555662838,2005-07,1
1555663192,2005-06,1
1555663273,2005-03,1
1555663273,2005-06,1
1555663273,2005-08,1
1555663494,2005-09,1
1555663559,2005-09,1
1555715494,2005-08,1
1555716334,2005-01,1
1555716334,2005-04,1
1555831567,2005-10,1
1555832342,2005-01,1
1555832903,2005-07,1
1555833837,2005-03,1
1555834701,2005-08,1
1555835384,2005-07,1
155583566X,2005-09,1
1555835856,2005-05,1
1555835864,2005-09,1
1555836062,2005-10,1
1555836534,2005-08,1
1555836585,2005-07,1
1555837441,2005-08,1
1555837468,2005-02,1
1555837581,2005-02,1
1555837891,2005-05,1
155583793X,2005-08,1
155583793X,2005-09,1
155583793X,2005-10,1
1555838103,2005-10,1
1555838170,2005-07,1
1555838197,2005-06,3
1555838197,2005-07,1
1555838197,2005-10,1
1555838235,2005-04,1
1555838405,2005-02,1
1555838405,2005-05,1
1555838405,2005-09,1
1555838537,2005-01,1
1555838545,2005-04,1
1555838545,2005-06,1
1555838596,2005-04,2
1555838596,2005-05,1
1555838596,2005-10,1
1555838634,2005-02,1
1555838715,2005-07,2
1555838812,2005-05,1
1555838812,2005-08,1
1555838847,2005-04,1
1555838847,2005-07,1
1555838855,2005-03,1
1555838855,2005-05,1
1555838898,2005-02,1
1555838898,2005-03,1
1555839037,2005-10,1
1555839061,2005-08,1
1555839088,2005-09,1
155583910X,2005-09,1
1555911390,2005-02,1
1555912532,2005-01,1
1555912559,2005-06,1
1555913024,2005-09,1
1555914128,2005-09,1
1555914195,2005-08,1
1555914616,2005-05,1
1555915116,2005-08,1
1555919030,2005-02,1
1555951783,2005-01,1
1555952399,2005-07,1
1555972608,2005-04,1
1555973183,2005-09,1
1555973639,2005-03,1
1555974198,2005-08,1
1556053657,2005-10,1
1556110332,2005-09,1
1556113471,2005-01,1
1556125658,2005-03,1
1556159005,2005-07,1
1556159005,2005-10,1
1556181566,2005-08,1
1556195052,2005-05,1
1556220782,2005-03,1
1556220782,2005-06,1
1556222297,2005-08,1
1556222297,2005-09,1
1556223242,2005-08,1
1556226373,2005-03,1
1556226950,2005-07,1
1556229135,2005-09,1
1556229224,2005-04,1
1556229240,2005-03,1
1556229984,2005-08,1
1556236832,2005-10,1
1556342330,2005-08,1
1556343302,2005-08,1
1556345658,2005-08,1
1556345933,2005-08,1
1556347294,2005-09,1
1556347340,2005-07,1
1556370040,2005-08,1
1556370385,2005-10,1
155637092X,2005-06,1
1556430744,2005-01,1
1556431740,2005-03,1
1556431767,2005-05,1
1556432038,2005-06,1
155643216X,2005-02,1
155643233X,2005-03,1
1556432410,2005-08,1
1556432607,2005-09,1
1556433212,2005-09,1
1556433255,2005-05,1
1556433468,2005-06,1
1556433565,2005-08,1
1556433794,2005-09,1
1556433875,2005-07,1
155643393X,2005-09,1
1556434073,2005-09,1
1556434251,2005-03,1
1556434308,2005-10,1
1556434650,2005-09,1
1556434855,2005-07,1
155643488X,2005-08,1
1556435061,2005-07,1
1556435193,2005-05,1
1556520581,2005-02,1
1556520743,2005-06,1
1556520743,2005-08,1
1556522371,2005-08,1
155652241X,2005-10,1
1556523181,2005-09,1
1556523521,2005-08,1
1556523750,2005-03,1
1556523750,2005-10,1
1556524005,2005-03,1
1556524056,2005-05,1
1556524625,2005-10,1
1556525060,2005-01,1
1556525206,2005-03,1
1556525222,2005-04,1
155652532X,2005-02,1
155652532X,2005-03,1
155652532X,2005-06,1
155652532X,2005-08,2
1556525591,2005-01,1
1556525648,2005-08,1
1556525656,2005-08,1
1556525672,2005-05,1
1556525737,2005-08,1
1556525745,2005-09,1
1556525761,2005-05,1
155652577X,2005-08,1
155652577X,2005-09,1
1556525869,2005-09,1
1556525966,2005-08,1
1556591896,2005-08,1
1556592019,2005-08,1
1556592019,2005-09,1
1556592213,2005-08,1
1556612664,2005-09,1
1556615736,2005-07,1
1556615760,2005-09,1
155661683X,2005-03,1
1556618042,2005-10,1
1556619820,2005-09,1
1556703260,2005-04,1
1556703260,2005-08,1
1556704704,2005-08,1
1556706308,2005-07,1
1556709668,2005-02,1
1556817177,2005-02,1
1556852193,2005-06,1
1557000026,2005-09,1
1557043167,2005-09,1
1557045658,2005-07,1
1557046492,2005-04,1
1557046514,2005-09,1
1557046654,2005-06,1
1557091420,2005-09,1
1557094713,2005-07,1
1557133581,2005-04,1
1557237026,2005-04,1
1557252165,2005-04,1
155725253X,2005-06,1
1557252912,2005-09,1
1557253064,2005-08,1
1557253447,2005-08,1
1557254052,2005-08,1
1557254052,2005-09,1
1557254184,2005-03,1
1557254206,2005-07,1
1557254281,2005-10,1
1557283044,2005-03,1
1557286019,2005-10,1
1557287902,2005-04,1
1557287902,2005-07,1
1557342350,2005-06,1
1557342911,2005-05,1
1557344205,2005-09,1
1557345546,2005-09,1
1557360200,2005-08,1
1557385556,2005-03,1
1557388733,2005-09,1
155738911X,2005-02,1
1557481105,2005-10,1
1557481822,2005-01,1
1557482640,2005-08,1
1557484619,2005-06,1
155750217X,2005-09,1
155750248X,2005-08,1
1557502641,2005-05,1
1557503877,2005-06,1
1557504180,2005-03,1
1557504253,2005-04,1
1557504881,2005-07,1
1557505306,2005-07,1
1557505365,2005-04,1
1557505365,2005-07,1
1557507198,2005-02,1
1557508097,2005-09,1
1557508313,2005-10,1
1557531455,2005-05,1
1557532818,2005-01,1
155766126X,2005-10,1
1557662363,2005-09,1
1557666466,2005-03,1
1557739870,2005-07,1
155776025X,2005-10,1
1557782075,2005-10,1
1557787611,2005-02,1
155778843X,2005-04,1
155778843X,2005-05,1
1557788472,2005-10,1
1557832471,2005-09,1
1557832773,2005-07,1
155783332X,2005-01,1
1557833575,2005-06,1
1557834474,2005-08,1
1557834598,2005-07,1
155783492X,2005-02,1
1557835055,2005-09,1
1557835071,2005-08,1
1557835519,2005-03,1
1557836000,2005-02,1
1557836000,2005-04,1
1557836000,2005-06,2
1557836000,2005-07,1
1557836361,2005-09,1
1557836388,2005-07,1
1557836388,2005-08,1
1557836531,2005-08,1
1557880204,2005-08,1
1557880468,2005-09,1
1557880557,2005-08,1
155788238X,2005-09,1
1557882452,2005-08,1
1557882622,2005-10,1
1557882649,2005-03,1
1557882940,2005-08,1
1557883432,2005-09,1
1557883467,2005-09,1
1557883521,2005-07,1
1557883610,2005-03,1
1557883610,2005-08,1
155788370X,2005-03,1
1557883718,2005-07,1
1557883874,2005-07,1
1557883947,2005-05,1
1557884234,2005-07,1
1557884234,2005-10,1
155788451X,2005-03,1
1557884536,2005-03,1
1557984115,2005-02,1
1557987912,2005-07,1
1557987912,2005-08,1
1557988889,2005-01,1
1557989605,2005-01,1
1557989788,2005-09,1
1557995788,2005-08,1
1557996067,2005-06,1
1557996555,2005-09,1
1557996563,2005-10,1
1557997659,2005-07,1
1557997667,2005-07,2
1557998116,2005-06,1
1557998140,2005-10,1
155799854X,2005-09,1
1557998566,2005-09,1
1557998914,2005-09,1
1557999309,2005-08,1
1557999422,2005-10,1
1557999708,2005-09,1
155802378X,2005-03,1
1558151672,2005-09,1
1558155066,2005-08,1
1558176594,2005-04,1
1558177418,2005-08,1
1558190333,2005-07,1
1558192506,2005-07,1
155819262X,2005-06,1
1558196536,2005-10,1
1558199500,2005-09,1
155821447X,2005-01,1
1558214526,2005-08,1
1558215433,2005-09,1
1558215662,2005-03,1
1558215948,2005-03,1
1558217215,2005-09,1
1558217916,2005-10,1
1558219293,2005-05,1
1558219528,2005-03,1
1558219528,2005-09,1
1558281800,2005-09,1
1558290699,2005-09,1
1558321144,2005-01,1
1558321152,2005-08,1
1558321179,2005-07,1
1558321276,2005-09,1
1558321527,2005-04,1
1558321527,2005-05,1
155832156X,2005-03,1
1558321772,2005-02,1
1558321810,2005-08,1
155832187X,2005-09,1
1558321950,2005-01,1
1558322027,2005-09,1
1558322035,2005-01,1
1558322051,2005-01,1
1558322051,2005-07,1
1558322116,2005-08,1
1558322337,2005-06,1
155832237X,2005-05,2
155832240X,2005-01,1
1558322426,2005-08,1
1558322426,2005-09,1
1558322450,2005-04,1
1558322450,2005-05,1
1558322450,2005-06,2
1558322450,2005-08,1
1558322450,2005-09,1
1558322450,2005-10,1
155832254X,2005-07,1
155832254X,2005-09,1
1558322620,2005-07,1
1558322620,2005-08,1
155832304X,2005-08,1
1558323074,2005-10,1
155849393X,2005-05,1
155849491X,2005-09,1
1558503048,2005-03,1
1558504206,2005-06,1
1558505822,2005-03,1
1558505822,2005-05,1
1558505822,2005-09,1
1558507124,2005-01,1
1558507280,2005-03,1
1558508457,2005-02,1
1558533834,2005-07,1
1558535969,2005-04,1
1558535969,2005-07,1
1558539352,2005-08,1
1558539395,2005-07,1
1558539522,2005-08,1
1558539654,2005-03,1
1558539786,2005-09,1
1558539913,2005-09,1
1558580093,2005-05,1
1558580093,2005-10,1
1558584226,2005-10,1
1558585362,2005-08,1
1558585362,2005-10,1
1558591184,2005-09,1
1558592199,2005-04,1
1558594744,2005-08,1
1558601368,2005-07,1
1558603395,2005-05,1
1558605614,2005-07,1
1558605827,2005-09,1
1558606432,2005-01,1
1558607013,2005-03,1
1558607366,2005-01,2
1558607587,2005-04,1
1558608745,2005-03,1
1558609067,2005-08,1
1558609164,2005-10,1
1558609172,2005-02,1
1558609326,2005-06,1
1558612742,2005-01,1
1558614745,2005-02,1
1558614923,2005-10,1
1558641297,2005-07,1
1558671102,2005-09,1
1558671145,2005-08,1
1558671242,2005-08,1
1558685197,2005-06,1
1558685219,2005-08,1
1558686398,2005-09,1
1558686797,2005-09,1
1558687025,2005-09,1
155868705X,2005-08,1
1558687742,2005-07,1
1558688501,2005-04,1
1558702067,2005-10,1
155870390X,2005-09,1
1558704655,2005-02,1
1558705201,2005-02,1
1558705325,2005-02,1
1558705600,2005-06,1
1558706070,2005-08,1
1558706429,2005-04,1
1558706852,2005-03,1
1558707395,2005-06,1
1558707441,2005-09,1
1558740422,2005-08,1
1558740546,2005-08,1
1558741119,2005-03,1
1558741127,2005-08,1
1558741798,2005-03,1
1558742778,2005-04,1
1558743669,2005-07,2
1558743669,2005-09,2
1558745157,2005-04,1
1558745157,2005-09,1
1558745262,2005-09,1
155874682X,2005-09,1
1558747060,2005-06,1
1558747060,2005-09,1
1558747192,2005-10,1
1558747540,2005-09,1
1558748792,2005-09,1
1558748989,2005-07,1
1558749373,2005-08,1
1558749373,2005-09,1
1558762590,2005-07,1
1558820582,2005-02,1
1558821023,2005-06,1
1558850260,2005-09,1
1558854169,2005-07,1
1558888470,2005-10,1
1558963456,2005-08,1
1558963758,2005-05,1
1558964487,2005-02,1
1559212519,2005-02,1
1559213140,2005-09,1
1559270357,2005-05,1
155927641X,2005-09,1
1559277777,2005-01,1
1559277874,2005-06,1
1559277874,2005-07,1
1559278064,2005-04,1
1559279001,2005-08,1
1559279311,2005-07,1
1559333065,2005-01,1
1559349158,2005-10,1
155935027X,2005-08,1
1559390212,2005-05,1
1559390697,2005-02,1
1559390743,2005-02,1
1559390921,2005-05,1
1559391030,2005-01,1
1559391200,2005-09,1
1559391294,2005-01,1
1559391553,2005-08,1
1559391693,2005-05,1
1559391766,2005-01,1
1559391790,2005-09,1
1559391995,2005-08,1
1559392169,2005-01,1
1559392266,2005-03,1
1559459042,2005-06,1
1559498951,2005-01,1
1559501103,2005-07,1
1559501782,2005-06,1
155950188X,2005-06,1
1559502096,2005-06,1
1559502290,2005-02,1
1559502401,2005-06,1
1559530138,2005-09,1
1559530693,2005-09,1
155953107X,2005-09,1
1559585595,2005-08,1
155963295X,2005-05,1
1559634340,2005-05,1
1559634669,2005-05,1
1559634952,2005-10,1
1559636327,2005-08,1
1559636378,2005-07,1
1559636815,2005-05,1
1559637501,2005-05,1
1559637706,2005-03,1
1559638575,2005-08,1
1559638605,2005-04,1
1559638923,2005-06,1
1559639776,2005-02,1
155963992X,2005-08,1
1559705302,2005-02,1
1559705477,2005-07,1
1559707100,2005-01,1
1559707879,2005-08,1
1559707879,2005-09,1
1559707895,2005-06,1
1559714581,2005-10,1
1559717955,2005-07,1
1559718706,2005-08,1
1559719052,2005-10,1
1559719060,2005-10,1
1559719168,2005-07,1
1559723157,2005-08,1
155972496X,2005-04,1
1559775661,2005-01,1
1559942339,2005-03,1
1559946679,2005-09,1
155994806X,2005-09,1
1559948361,2005-02,1
1559949902,2005-08,1
1560002514,2005-08,1
1560005319,2005-09,1
1560006218,2005-08,1
156001668X,2005-07,1
1560104481,2005-08,1
1560105828,2005-07,1
156010662X,2005-07,1
1560107405,2005-10,1
1560108037,2005-02,1
156015229X,2005-09,1
1560229993,2005-02,1
1560234466,2005-04,1
1560234466,2005-08,1
1560234792,2005-09,1
1560235055,2005-02,1
1560235179,2005-10,1
1560235225,2005-07,1
1560235241,2005-09,1
1560250461,2005-05,1
1560251689,2005-03,1
1560252200,2005-05,1
1560253010,2005-07,1
1560253142,2005-02,1
1560253258,2005-05,1
1560253959,2005-06,1
1560253967,2005-07,1
1560254041,2005-10,1
156025405X,2005-02,1
1560254424,2005-07,1
1560254424,2005-10,1
1560254475,2005-08,1
1560255110,2005-09,1
1560255153,2005-09,1
1560255269,2005-03,1
1560255269,2005-09,1
1560255307,2005-05,1
1560255315,2005-03,1
1560255498,2005-03,1
1560255552,2005-03,1
1560255692,2005-09,1
1560255781,2005-03,1
1560255897,2005-08,1
1560256117,2005-04,1
1560256141,2005-06,1
1560256214,2005-02,1
1560256230,2005-07,1
1560256230,2005-08,1
1560256257,2005-03,1
1560256362,2005-08,1
1560256494,2005-01,1
1560256516,2005-08,1
1560256532,2005-02,1
1560256532,2005-04,1
1560256532,2005-08,1
1560256591,2005-09,1
1560256672,2005-08,1
1560256842,2005-06,1
1560256869,2005-09,1
1560256907,2005-08,1
1560256931,2005-07,2
1560256931,2005-08,1
1560256931,2005-09,1
1560257105,2005-09,1
1560257164,2005-09,1
1560257172,2005-09,1
1560257504,2005-10,1
1560257636,2005-10,1
1560257644,2005-10,1
1560257806,2005-09,1
1560272112,2005-09,1
1560272171,2005-04,1
1560272171,2005-05,1
1560272171,2005-07,1
1560275375,2005-09,1
1560275510,2005-08,1
1560301457,2005-06,1
1560301767,2005-08,1
1560329920,2005-09,1
1560370386,2005-08,1
1560371927,2005-04,1
1560394196,2005-07,1
1560440627,2005-02,1
1560442514,2005-03,1
1560442514,2005-04,1
1560443952,2005-04,1
1560444010,2005-09,1
1560444029,2005-08,1
1560444312,2005-02,1
1560444754,2005-02,1
1560445637,2005-05,1
1560446331,2005-08,1
1560446331,2005-10,1
1560446455,2005-06,1
156044682X,2005-02,1
1560447249,2005-03,1
1560447893,2005-07,1
156044861X,2005-09,1
156044889X,2005-01,1
1560449683,2005-10,1
1560522615,2005-05,1
1560525533,2005-03,1
1560526696,2005-09,1
1560531037,2005-10,1
1560533560,2005-07,1
1560534621,2005-09,1
1560536314,2005-06,1
1560768703,2005-10,1
1560850175,2005-07,1
1560850892,2005-07,1
1560850973,2005-01,1
1560851082,2005-09,1
1560851104,2005-07,1
1560851570,2005-02,1
1560851570,2005-03,1
1560851570,2005-04,1
1560851570,2005-05,1
1560851570,2005-06,1
1560851570,2005-07,2
1560851570,2005-08,2
1560851791,2005-08,1
1560851813,2005-08,1
1560851821,2005-02,1
1560915269,2005-04,1
1560971207,2005-05,1
1560971266,2005-05,1
1560973668,2005-09,1
1560973862,2005-08,1
1560974028,2005-09,1
156097432X,2005-05,1
1560974362,2005-06,1
156097494X,2005-10,1
1560975296,2005-06,1
1560975369,2005-10,1
1560975458,2005-08,1
156097558X,2005-09,1
1560975601,2005-06,1
1560975733,2005-02,1
156097589X,2005-07,1
1560976160,2005-08,1
1560976209,2005-08,1
1560976276,2005-09,1
1560976322,2005-08,1
1560976470,2005-04,3
1560976470,2005-05,1
1560976470,2005-10,1
1560976527,2005-10,1
156097656X,2005-08,1
1560976802,2005-09,1
1560983248,2005-09,1
1560985410,2005-09,1
1560986352,2005-08,1
1560986530,2005-05,1
156098757X,2005-09,1
1560987804,2005-07,1
156098998X,2005-05,1
1561005495,2005-05,1
1561011843,2005-07,1
1561011967,2005-02,1
1561012246,2005-10,1
1561012629,2005-04,1
1561290505,2005-05,1
156131014X,2005-03,1
1561310700,2005-09,1
156138450X,2005-02,1
1561385263,2005-08,1
1561451088,2005-08,1
1561452114,2005-04,1
1561452963,2005-09,1
1561453102,2005-09,1
156145317X,2005-05,1
1561453447,2005-09,1
1561480711,2005-08,1
1561483397,2005-10,1
1561483605,2005-02,1
1561484385,2005-08,1
1561580589,2005-01,1
1561580686,2005-03,1
1561580953,2005-07,1
1561581143,2005-08,1
1561581585,2005-02,1
1561582360,2005-08,1
1561582476,2005-07,1
1561582700,2005-02,1
1561582700,2005-10,1
1561582891,2005-09,3
1561583391,2005-05,1
1561583421,2005-09,1
1561583510,2005-09,1
1561583537,2005-03,1
1561583537,2005-06,1
1561583596,2005-02,1
1561583855,2005-05,1
1561583855,2005-08,1
1561584118,2005-08,1
1561584215,2005-01,1
156158424X,2005-09,1
1561584266,2005-04,2
1561584266,2005-09,2
1561584363,2005-06,1
1561584371,2005-05,1
1561584789,2005-07,1
1561584789,2005-10,1
1561584843,2005-10,1
1561584940,2005-09,1
1561584991,2005-09,1
1561585122,2005-09,1
1561585270,2005-09,2
1561585319,2005-08,1
1561585343,2005-03,1
1561585343,2005-06,1
1561585351,2005-06,1
1561585351,2005-08,1
1561585408,2005-09,1
1561585513,2005-04,1
1561585610,2005-04,1
1561585858,2005-06,1
1561585920,2005-07,1
1561585939,2005-09,1
1561585955,2005-05,1
1561585963,2005-04,1
1561585963,2005-07,1
1561586102,2005-02,1
1561586161,2005-04,1
156158617X,2005-02,1
1561586277,2005-07,1
1561586501,2005-09,1
1561586579,2005-04,1
1561586595,2005-07,2
1561586625,2005-05,1
156158682X,2005-05,1
1561586838,2005-09,1
1561587125,2005-10,1
1561587303,2005-09,1
1561587338,2005-09,1
1561587486,2005-09,1
1561587699,2005-09,1
1561630446,2005-02,1
1561631833,2005-07,1
1561631892,2005-10,1
1561632309,2005-04,1
1561632759,2005-04,1
1561632791,2005-08,1
1561633445,2005-07,1
1561633771,2005-08,1
1561633828,2005-04,1
1561634255,2005-06,1
156164014X,2005-09,1
1561640484,2005-08,1
1561640964,2005-03,1
1561641340,2005-09,1
1561642126,2005-06,1
1561642290,2005-05,1
1561642851,2005-04,1
1561643041,2005-05,1
1561643114,2005-10,1
1561643130,2005-09,1
1561701688,2005-05,1
1561702919,2005-02,1
156170315X,2005-06,1
1561703249,2005-09,1
1561703370,2005-10,1
1561703850,2005-08,1
1561704601,2005-08,1
156170511X,2005-01,1
1561705314,2005-08,1
1561705861,2005-09,1
1561706280,2005-05,1
1561706671,2005-02,1
1561707228,2005-01,1
1561707309,2005-02,1
1561707503,2005-09,1
1561707856,2005-10,1
1561707929,2005-09,1
1561708070,2005-05,1
1561708739,2005-09,1
1561708755,2005-05,1
1561708755,2005-09,1
1561709298,2005-06,1
1561709336,2005-04,2
1561709336,2005-07,2
1561709336,2005-08,2
1561709336,2005-09,1
1561709727,2005-02,1
1561709743,2005-04,1
1561709786,2005-06,1
1561709794,2005-08,1
1561709913,2005-08,1
1561711764,2005-10,1
1561718807,2005-07,1
1561719145,2005-01,1
1561797006,2005-08,1
1561799041,2005-06,1
1561840262,2005-08,1
1561840262,2005-09,1
1561840564,2005-09,1
1561840572,2005-03,1
1561841625,2005-09,1
1561841633,2005-09,1
1561841641,2005-09,1
1561841978,2005-01,1
1561841986,2005-07,1
1561842354,2005-09,1
1561890898,2005-05,1
1561893676,2005-09,1
1561893692,2005-05,1
1561893692,2005-08,1
1561893692,2005-09,1
1561893749,2005-06,1
1561899089,2005-10,1
1561899259,2005-08,1
156201059X,2005-07,1
1562011154,2005-04,1
1562012614,2005-04,1
1562012614,2005-06,1
1562012916,2005-04,1
1562012959,2005-03,1
156201403X,2005-08,1
1562220764,2005-06,1
1562229478,2005-09,1
156224003X,2005-10,1
1562290037,2005-05,1
1562340743,2005-09,1
1562474820,2005-08,1
1562476661,2005-04,1
1562476661,2005-08,1
1562476661,2005-09,3
1562477684,2005-09,1
1562515497,2005-05,1
1562516728,2005-06,1
1562535366,2005-10,1
1562614207,2005-08,1
1562614266,2005-07,1
1562615300,2005-08,1
1562760165,2005-05,1
1562762869,2005-10,1
156279034X,2005-04,1
1562828460,2005-08,1
1562828762,2005-04,1
1562862715,2005-07,1
1562922106,2005-07,1
1562923048,2005-07,1
1562929755,2005-09,1
1563054345,2005-06,1
1563054426,2005-05,1
1563054426,2005-06,1
1563054434,2005-08,1
1563054442,2005-07,1
1563054884,2005-01,1
1563058669,2005-04,1
1563058669,2005-08,2
1563085208,2005-10,1
156308869X,2005-09,1
1563094371,2005-09,1
1563097249,2005-06,1
1563137674,2005-10,1
1563150883,2005-02,1
1563153211,2005-08,1
1563220865,2005-09,1
1563270536,2005-08,1
1563271095,2005-06,1
1563271737,2005-07,1
1563272466,2005-10,2
1563272628,2005-04,1
1563272989,2005-03,2
1563272989,2005-08,1
1563318296,2005-10,1
1563319276,2005-06,1
1563332760,2005-09,1
1563381877,2005-01,1
1563382288,2005-04,1
156338342X,2005-10,1
1563383578,2005-08,1
1563383772,2005-06,1
1563383780,2005-01,1
1563410982,2005-02,1
1563410982,2005-04,1
1563472813,2005-06,1
1563474565,2005-03,1
1563523108,2005-10,1
1563523302,2005-09,1
1563523876,2005-06,1
1563524651,2005-06,1
1563524848,2005-09,1
1563526859,2005-07,1
1563527502,2005-07,1
1563633647,2005-05,1
1563635151,2005-09,1
1563671026,2005-08,1
1563672235,2005-08,1
1563673096,2005-09,1
1563673398,2005-10,1
1563680483,2005-05,1
1563680920,2005-09,1
1563683113,2005-06,1
1563683113,2005-09,1
1563830558,2005-09,1
1563890054,2005-01,1
1563890178,2005-09,1
1563890283,2005-09,1
1563890291,2005-07,1
1563890666,2005-07,1
1563890712,2005-06,1
1563890895,2005-09,1
1563890976,2005-10,1
1563891018,2005-08,1
1563891506,2005-01,1
1563891913,2005-08,1
1563891980,2005-08,1
1563892626,2005-06,1
1563892731,2005-06,1
1563892936,2005-08,1
1563893088,2005-08,1
1563893304,2005-10,1
156389341X,2005-07,1
1563893428,2005-01,1
1563893428,2005-07,3
1563893428,2005-08,1
1563893428,2005-10,1
1563893789,2005-10,1
1563894025,2005-03,1
1563894254,2005-07,2
1563894459,2005-04,1
1563894572,2005-07,1
1563894696,2005-06,1
1563894696,2005-07,1
156389470X,2005-09,1
1563894815,2005-04,1
1563895005,2005-06,1
1563895269,2005-08,1
156389565X,2005-08,1
1563895684,2005-05,1
1563895765,2005-09,1
1563896117,2005-06,1
1563896133,2005-08,1
1563896761,2005-03,1
1563896818,2005-01,1
1563897008,2005-01,1
1563897008,2005-08,1
1563897032,2005-08,1
1563897148,2005-10,1
1563897164,2005-09,1
1563897261,2005-05,1
156389727X,2005-08,1
1563897431,2005-10,1
1563897784,2005-08,1
1563897989,2005-09,1
1563898012,2005-03,1
1563898055,2005-08,1
1563898446,2005-05,1
1563898446,2005-07,1
1563898470,2005-09,1
1563898497,2005-09,1
1563898586,2005-05,1
1563898608,2005-09,1
1563898616,2005-06,1
1563898640,2005-02,1
1563898683,2005-07,1
1563898683,2005-08,1
1563899027,2005-08,1
1563899078,2005-08,1
1563899086,2005-06,1
1563899221,2005-06,1
1563899264,2005-06,1
1563899647,2005-07,1
1563899671,2005-08,1
1563899809,2005-07,1
1563920689,2005-04,1
1563923777,2005-07,1
1563923807,2005-07,1
1563924420,2005-07,1
1563924471,2005-08,1
1563924552,2005-09,1
1563924889,2005-08,1
1563924897,2005-04,1
1563925109,2005-08,1
1563925230,2005-10,1
1563925478,2005-10,1
1563925486,2005-08,1
156397021X,2005-08,1
1563979764,2005-04,1
1564020290,2005-05,1
1564020320,2005-05,1
1564021017,2005-03,1
1564021017,2005-08,1
1564021599,2005-05,1
1564024733,2005-08,1
1564024733,2005-09,1
1564025020,2005-04,1
1564026205,2005-08,1
1564143961,2005-02,2
1564143996,2005-07,1
1564144771,2005-01,1
1564145522,2005-03,1
1564145743,2005-09,1
1564146642,2005-08,1
1564146871,2005-10,1
1564147118,2005-02,1
1564147118,2005-05,1
1564147169,2005-08,1
156414724X,2005-07,1
1564147401,2005-08,1
156414741X,2005-09,1
1564147487,2005-05,1
1564147568,2005-07,1
156414772X,2005-08,1
1564147835,2005-05,1
1564147843,2005-09,1
1564148068,2005-09,1
1564148130,2005-06,1
1564260518,2005-01,1
1564552217,2005-03,1
1564554201,2005-07,1
156455726X,2005-04,1
1564557359,2005-07,1
1564557456,2005-07,1
156455760X,2005-04,1
1564557987,2005-08,1
1564558304,2005-07,1
1564558304,2005-08,1
1564558320,2005-07,1
1564558452,2005-08,1
1564558673,2005-07,1
1564558797,2005-02,1
1564559246,2005-04,1
1564559416,2005-07,1
1564559459,2005-04,1
1564580652,2005-05,1
1564582558,2005-09,1
1564586251,2005-02,1
1564587185,2005-08,1
1564591158,2005-10,1
1564593312,2005-08,1
1564597156,2005-08,1
1564597458,2005-02,1
1564741281,2005-07,1
1564742555,2005-07,1
1564744388,2005-03,1
1564761223,2005-09,1
1564764826,2005-07,1
1564767892,2005-09,1
1564770419,2005-02,1
1564770753,2005-07,1
1564770753,2005-09,1
1564770818,2005-09,1
1564771849,2005-09,1
156477189X,2005-08,1
1564771989,2005-09,1
1564772047,2005-03,1
1564772101,2005-05,1
1564772713,2005-08,1
1564772829,2005-08,2
1564772829,2005-10,1
1564773221,2005-08,1
1564773280,2005-07,1
1564773612,2005-09,1
1564773795,2005-03,1
1564773809,2005-09,1
1564773930,2005-09,1
1564774163,2005-09,1
1564774341,2005-07,1
1564774775,2005-08,1
156477483X,2005-09,1
1564775011,2005-09,1
1564775283,2005-01,1
1564775348,2005-09,1
156477547X,2005-09,1
1564775658,2005-06,1
1564775658,2005-07,1
1564775658,2005-10,1
1564775666,2005-04,1
1564775704,2005-09,3
1564775747,2005-10,1
1564775801,2005-04,1
156477581X,2005-04,1
1564775844,2005-08,1
1564775852,2005-08,1
1564775941,2005-09,1
1564775941,2005-10,1
1564775968,2005-06,1
1564775968,2005-08,2
1564775976,2005-08,1
1564775984,2005-09,1
1564775992,2005-09,1
1564776220,2005-08,1
1564776379,2005-07,2
1564780961,2005-08,1
1564781313,2005-03,1
156478181X,2005-08,1
156478214X,2005-03,1
1564782735,2005-06,1
1564783928,2005-09,1
1564920895,2005-03,1
1564966208,2005-06,1
1564966763,2005-05,1
1564968510,2005-04,1
1564968677,2005-09,1
1564968952,2005-04,1
1564969223,2005-01,1
1564969428,2005-01,1
1564969436,2005-04,1
1564969541,2005-02,1
1564969568,2005-06,1
1564969975,2005-03,1
1564969975,2005-09,1
1565042808,2005-10,1
1565043367,2005-05,1
1565049098,2005-09,1
1565049462,2005-07,1
1565071263,2005-07,1
1565071999,2005-03,1
1565072286,2005-07,1
1565072537,2005-09,1
1565073282,2005-02,1
1565073282,2005-04,1
1565073479,2005-08,1
1565074432,2005-07,1
1565075722,2005-09,1
1565076982,2005-02,1
1565078454,2005-08,1
1565079051,2005-10,1
1565079329,2005-08,1
1565112148,2005-08,1
156511325X,2005-08,2
1565114175,2005-08,1
1565114205,2005-09,1
1565114248,2005-09,1
156511499X,2005-05,1
1565115104,2005-03,1
1565115392,2005-08,1
1565115392,2005-09,1
156511664X,2005-04,1
1565117301,2005-08,1
156511731X,2005-08,1
156511776X,2005-09,1
1565117808,2005-08,1
1565117972,2005-05,1
1565117972,2005-07,1
1565118197,2005-08,1
1565118278,2005-09,1
1565118553,2005-05,1
1565119169,2005-10,1
156511924X,2005-08,1
1565119290,2005-09,1
1565119312,2005-03,1
1565119347,2005-05,1
1565119568,2005-06,1
1565119568,2005-09,1
1565119576,2005-08,1
1565119738,2005-06,1
1565119851,2005-10,1
1565121112,2005-05,1
1565121929,2005-07,1
1565122712,2005-09,1
1565123166,2005-06,1
1565123409,2005-07,1
1565123514,2005-08,1
1565123603,2005-09,1
1565123727,2005-10,1
1565123921,2005-01,1
1565123921,2005-09,1
156512409X,2005-07,1
1565124219,2005-01,1
1565124219,2005-02,1
1565124219,2005-04,1
1565124219,2005-05,1
1565124227,2005-06,1
1565124227,2005-08,1
1565124294,2005-10,1
1565124499,2005-06,1
1565124502,2005-05,1
1565124502,2005-08,1
1565124510,2005-08,1
1565124766,2005-05,1
1565124936,2005-10,1
1565230043,2005-08,1
1565230051,2005-08,1
156523006X,2005-08,1
1565230078,2005-08,1
1565230361,2005-10,1
1565230914,2005-08,1
1565230981,2005-07,1
1565231015,2005-10,1
1565231783,2005-08,1
1565232070,2005-03,1
1565232070,2005-08,1
1565232070,2005-10,1
1565232135,2005-10,1
1565232216,2005-01,1
1565232313,2005-08,1
1565232585,2005-09,1
1565481895,2005-07,1
156550092X,2005-05,1
156554014X,2005-09,1
1565541219,2005-08,1
1565542061,2005-09,1
1565542568,2005-07,1
156554286X,2005-02,1
1565543440,2005-03,1
1565544463,2005-07,1
1565546504,2005-07,1
1565633253,2005-08,1
1565633253,2005-09,1
1565633962,2005-01,1
1565634365,2005-07,1
1565634365,2005-08,1
1565636597,2005-06,1
1565636791,2005-08,1
1565637763,2005-08,1
1565656288,2005-10,1
1565658841,2005-07,1
1565770161,2005-02,1
1565792289,2005-05,1
1565794435,2005-08,1
1565794990,2005-05,1
156584095X,2005-06,1
156584100X,2005-09,1
1565842138,2005-08,1
1565843738,2005-09,1
1565844394,2005-02,1
1565848004,2005-08,1
1565848322,2005-04,1
1565848357,2005-07,1
1565848365,2005-07,1
1565848403,2005-02,1
1565848608,2005-05,1
1565848640,2005-02,2
1565848705,2005-03,1
1565848705,2005-06,1
1565848772,2005-01,1
1565848845,2005-02,1
1565848845,2005-03,1
156584887X,2005-10,1
1565848918,2005-05,1
1565848918,2005-08,1
1565848942,2005-07,1
1565849043,2005-08,1
1565849086,2005-04,1
1565849353,2005-09,1
1565849426,2005-09,1
1565849515,2005-07,1
1565849558,2005-08,1
1565849558,2005-09,1
1565849639,2005-05,1
1565849736,2005-08,1
1565849825,2005-09,1
1565891805,2005-08,1
1565891910,2005-05,1
1565921321,2005-03,1
1565922573,2005-04,1
1565923472,2005-10,1
1565923839,2005-02,1
1565924266,2005-09,1
1565924274,2005-03,1
156592536X,2005-08,1
1565925394,2005-10,1
1565926420,2005-01,1
1565926595,2005-08,1
1565926730,2005-10,1
1565926811,2005-09,1
1565926978,2005-08,1
1565927206,2005-02,1
1565927249,2005-01,1
1565927249,2005-09,1
1565928393,2005-08,1
156592861X,2005-10,1
1565932692,2005-10,1
1565933958,2005-09,1
1565935438,2005-03,1
1565970438,2005-07,1
1566192889,2005-10,1
1566194024,2005-09,1
1566194032,2005-06,1
1566210313,2005-03,1
1566250048,2005-02,1
1566251087,2005-04,1
1566251346,2005-09,1
1566251737,2005-07,1
1566251761,2005-08,1
1566251826,2005-01,1
1566251974,2005-07,1
1566376955,2005-02,1
1566393213,2005-05,1
1566394546,2005-08,1
1566399319,2005-03,1
1566399513,2005-08,1
1566471850,2005-01,1
1566473268,2005-08,1
1566473470,2005-09,1
1566476518,2005-09,1
1566477026,2005-08,1
1566491053,2005-06,1
156649124X,2005-08,1
1566492564,2005-03,1
1566561868,2005-05,1
1566562937,2005-06,1
1566563135,2005-08,1
156656333X,2005-09,1
1566563747,2005-01,1
1566563887,2005-02,1
1566565014,2005-09,1
1566565529,2005-04,1
1566565529,2005-05,1
1566565529,2005-07,1
1566565707,2005-06,1
1566565839,2005-09,1
1566565847,2005-01,1
1566565847,2005-05,1
1566565847,2005-07,1
1566565960,2005-10,1
1566630991,2005-08,1
1566632285,2005-01,1
1566632714,2005-07,2
1566632951,2005-06,1
1566634180,2005-05,1
1566635055,2005-10,1
1566635519,2005-02,1
1566635624,2005-09,1
1566635640,2005-05,1
1566636086,2005-09,1
1566636140,2005-03,2
156663637X,2005-06,1
1566636426,2005-06,2
1566636434,2005-08,1
1566636434,2005-09,2
1566636434,2005-10,1
1566706300,2005-08,1
1566863848,2005-09,1
1566913101,2005-09,1
1566914183,2005-06,1
1566914310,2005-07,1
1566914310,2005-09,1
1566914337,2005-04,1
1566914817,2005-07,1
1566914825,2005-08,1
1566914949,2005-07,1
1566914973,2005-09,1
1566915007,2005-02,1
1566915058,2005-03,1
1566916062,2005-03,1
1566916186,2005-08,1
1566916208,2005-07,1
1566916232,2005-09,1
1566916526,2005-10,1
1566916666,2005-08,1
1566916712,2005-04,1
1566916712,2005-09,1
1566916712,2005-10,1
1566916763,2005-06,1
1566916771,2005-05,1
1566916771,2005-07,1
1566916771,2005-10,1
1566916798,2005-09,1
1566916828,2005-03,1
1566916828,2005-09,1
1566916836,2005-09,1
1566916844,2005-08,1
1566916879,2005-08,1
1566916887,2005-04,1
1566916887,2005-06,1
1566916887,2005-07,1
1566916992,2005-08,1
1566917867,2005-08,1
1566918847,2005-05,1
1566983479,2005-07,1
1567131751,2005-08,1
156718023X,2005-04,1
156718023X,2005-07,1
1567181082,2005-02,1
1567181198,2005-06,1
1567181325,2005-09,1
1567183360,2005-02,1
1567183360,2005-04,1
1567183603,2005-05,1
1567184006,2005-07,1
1567184081,2005-05,1
1567184464,2005-06,1
1567184510,2005-06,1
156718457X,2005-03,1
1567184677,2005-03,1
1567184693,2005-06,1
1567184855,2005-02,2
1567184995,2005-06,1
1567184995,2005-09,2
1567185274,2005-05,1
1567185312,2005-03,1
1567185371,2005-06,1
1567185584,2005-06,1
1567186718,2005-03,1
156718698X,2005-10,1
1567187455,2005-05,1
1567187943,2005-07,1
1567187986,2005-05,1
1567188176,2005-09,1
1567203876,2005-04,1
1567205038,2005-10,1
1567312365,2005-08,1
1567312993,2005-08,1
1567313264,2005-01,1
1567315437,2005-10,1
1567400930,2005-03,1
1567511252,2005-07,1
1567512925,2005-03,1
1567513042,2005-08,1
1567513107,2005-06,1
1567513182,2005-07,1
1567513220,2005-05,1
1567921051,2005-02,1
1567921299,2005-05,1
1567921841,2005-01,1
1567932150,2005-10,1
1567940455,2005-04,1
1568000707,2005-08,1
1568028288,2005-08,1
156802830X,2005-08,1
1568029055,2005-09,1
1568210442,2005-09,1
1568212186,2005-07,1
1568212305,2005-05,1
1568213220,2005-09,1
1568213840,2005-09,1
1568215002,2005-09,1
1568221983,2005-07,1
1568224796,2005-08,1
1568330049,2005-01,1
1568331916,2005-10,1
1568360177,2005-02,1
1568360223,2005-10,1
1568360320,2005-06,1
1568361483,2005-05,1
1568380550,2005-05,1
1568380836,2005-08,1
1568381409,2005-07,1
1568381905,2005-09,1
1568382014,2005-09,1
1568386214,2005-09,2
1568491417,2005-04,1
1568491980,2005-03,1
1568492294,2005-04,1
1568492545,2005-09,1
1568494750,2005-04,1
1568496990,2005-09,1
1568497318,2005-08,1
1568541139,2005-01,1
1568543387,2005-10,1
1568581025,2005-06,1
1568581246,2005-09,1
1568581769,2005-07,1
1568582102,2005-09,1
1568582196,2005-03,1
1568582196,2005-08,1
1568582269,2005-07,1
1568582862,2005-01,1
1568583095,2005-06,1
1568583168,2005-07,1
1568591772,2005-07,1
1568600623,2005-07,1
1568600887,2005-07,1
1568650493,2005-06,1
1568651155,2005-04,1
1568812116,2005-05,2
1568812167,2005-09,1
1568820461,2005-08,1
1568820690,2005-07,1
1568820941,2005-10,1
1568821042,2005-09,1
1568821468,2005-01,1
1568821573,2005-03,1
1568821670,2005-03,1
1568821727,2005-04,1
1568981694,2005-08,1
1568981988,2005-03,1
1568982496,2005-03,1
1568982976,2005-04,1
1568983069,2005-01,1
1568983239,2005-02,1
1568983549,2005-03,1
1568983972,2005-08,1
1568984057,2005-07,1
1568984456,2005-10,1
1568984561,2005-03,1
156898460X,2005-08,1
1568984650,2005-06,1
1568984685,2005-10,1
1568984782,2005-07,1
1568984936,2005-10,1
1568985029,2005-08,1
1568985029,2005-09,1
1568985312,2005-09,1
156899351X,2005-05,1
156906797X,2005-09,1
1569120501,2005-09,1
1569243670,2005-03,1
1569243670,2005-04,1
1569243719,2005-07,1
1569243778,2005-04,2
1569243778,2005-06,1
1569243972,2005-04,1
1569244022,2005-09,1
1569244197,2005-01,1
1569244197,2005-02,1
1569244197,2005-03,1
1569244197,2005-08,1
1569244197,2005-10,1
1569244200,2005-10,1
1569244286,2005-02,1
1569244286,2005-07,1
1569244286,2005-08,2
1569244324,2005-01,1
1569244367,2005-08,1
1569244375,2005-09,1
1569244510,2005-05,1
1569244510,2005-08,1
1569244537,2005-03,1
1569244537,2005-06,1
1569244618,2005-08,1
1569244677,2005-07,1
1569244677,2005-08,1
1569244677,2005-09,1
1569244685,2005-02,1
156924491X,2005-08,1
1569245002,2005-10,1
1569245096,2005-08,1
1569245134,2005-03,1
1569245134,2005-10,1
1569245207,2005-02,1
1569245215,2005-02,1
1569245223,2005-07,1
1569245320,2005-09,1
1569245444,2005-07,1
1569245460,2005-05,1
1569245460,2005-08,1
1569245460,2005-09,1
1569245479,2005-08,1
1569245665,2005-07,1
1569245843,2005-08,1
1569246009,2005-08,2
1569246084,2005-08,1
1569246211,2005-08,1
1569246297,2005-08,1
1569246297,2005-09,1
1569246378,2005-08,1
1569247153,2005-02,1
1569311935,2005-05,1
1569312893,2005-03,1
1569313229,2005-02,1
1569313369,2005-05,1
156931649X,2005-09,1
1569316554,2005-08,1
156931778X,2005-03,1
156931778X,2005-04,1
156931778X,2005-06,1
1569317798,2005-09,1
1569318077,2005-10,1
1569318417,2005-06,1
1569318689,2005-03,1
1569318697,2005-08,1
1569319537,2005-05,1
1569373124,2005-07,1
1569373965,2005-07,1
1569376190,2005-07,1
1569470154,2005-10,1
1569470200,2005-09,1
1569471509,2005-06,1
1569471622,2005-06,1
1569472807,2005-05,1
1569473137,2005-08,1
1569473307,2005-05,1
1569473390,2005-10,1
1569473439,2005-10,1
1569473455,2005-01,1
1569473455,2005-07,1
1569473692,2005-06,1
1569473692,2005-07,1
1569473706,2005-06,1
1569473765,2005-02,1
156947379X,2005-07,1
1569473803,2005-07,1
1569550239,2005-07,1
1569550956,2005-08,1
1569552142,2005-01,1
1569552924,2005-09,1
1569553211,2005-08,1
1569553688,2005-01,1
1569705445,2005-09,1
1569709467,2005-09,1
1569709521,2005-09,2
1569709696,2005-02,1
1569709777,2005-04,1
1569709785,2005-02,1
1569709793,2005-02,1
1569709793,2005-08,1
1569709807,2005-09,1
1569709866,2005-03,1
1569709912,2005-01,1
156971021X,2005-02,1
1569710635,2005-05,1
1569712352,2005-09,1
1569712441,2005-01,1
1569712697,2005-08,1
1569712972,2005-02,1
1569713758,2005-05,1
1569713782,2005-08,1
1569714029,2005-09,1
1569714290,2005-09,1
1569714819,2005-04,1
1569715157,2005-08,1
1569716056,2005-07,1
156971648X,2005-08,1
1569717494,2005-03,1
1569718164,2005-05,1
1569718822,2005-10,1
1569719047,2005-08,1
1569719403,2005-07,1
1569719624,2005-08,1
1569719640,2005-05,1
1569719780,2005-10,1
1569751684,2005-05,1
1569753040,2005-04,1
1569753059,2005-05,1
1569753202,2005-07,1
1569753903,2005-05,1
1569754128,2005-02,1
1569754128,2005-08,1
1569754128,2005-09,1
1569754144,2005-02,1
1569754152,2005-06,1
1569754217,2005-08,1
1569754306,2005-07,1
1569754381,2005-08,1
1569754578,2005-06,2
1569754578,2005-08,1
1569754594,2005-03,1
1569754772,2005-07,1
1569754780,2005-07,1
1569754780,2005-08,1
1569761388,2005-09,1
1569761523,2005-08,1
1569761523,2005-09,1
156976154X,2005-09,1
1569761744,2005-09,2
1569775036,2005-08,1
1569800863,2005-03,1
156980155X,2005-09,1
1569801657,2005-02,1
1569802327,2005-03,1
1569802475,2005-09,1
1569802521,2005-03,1
1569802629,2005-02,1
1569802742,2005-09,1
1569802858,2005-09,1
1570031096,2005-08,1
1570035121,2005-07,1
1570065357,2005-09,1
1570066361,2005-10,1
1570066396,2005-09,1
1570085188,2005-08,1
1570089841,2005-07,1
1570181519,2005-09,1
157019050X,2005-09,1
1570231990,2005-01,1
1570270392,2005-10,1
1570271410,2005-08,1
1570280754,2005-02,1
1570281823,2005-08,1
1570282021,2005-04,1
1570340404,2005-03,1
1570425388,2005-05,1
1570426287,2005-02,1
1570427933,2005-09,1
1570428131,2005-06,1
1570429693,2005-02,1
1570541116,2005-05,1
1570541116,2005-10,1
1570541175,2005-09,1
1570548080,2005-08,1
1570548374,2005-08,1
1570548587,2005-04,1
1570549605,2005-09,1
1570611327,2005-09,1
1570611807,2005-01,1
1570612226,2005-06,1
1570613168,2005-01,1
1570613591,2005-09,1
157061377X,2005-10,1
1570613818,2005-08,1
1570613818,2005-09,1
1570613818,2005-10,1
1570613966,2005-03,1
1570614156,2005-01,1
1570614253,2005-01,1
1570614253,2005-04,1
1570614261,2005-01,1
1570614482,2005-09,1
1570614555,2005-09,1
1570620504,2005-08,1
157062089X,2005-02,1
1570620938,2005-08,1
1570620962,2005-08,1
1570621152,2005-08,1
1570622310,2005-09,1
1570622345,2005-02,1
1570622426,2005-10,1
1570622590,2005-02,1
1570623007,2005-07,1
1570623074,2005-05,1
1570623449,2005-10,1
1570623503,2005-03,1
1570623503,2005-05,1
1570623945,2005-05,1
1570624127,2005-09,1
1570624364,2005-03,1
1570624526,2005-03,1
1570624763,2005-08,1
1570625549,2005-08,1
1570625549,2005-09,1
1570625840,2005-08,1
1570625875,2005-03,1
1570626111,2005-09,1
157062710X,2005-10,1
1570627118,2005-09,1
1570627134,2005-05,1
1570627428,2005-08,1
1570627703,2005-07,1
1570628041,2005-03,1
1570628092,2005-02,1
1570628122,2005-08,1
1570628122,2005-10,1
1570628521,2005-01,1
1570628599,2005-06,1
157062884X,2005-05,1
157062903X,2005-05,2
157062903X,2005-07,1
1570629137,2005-06,1
1570629307,2005-01,1
157062982X,2005-05,1
1570629838,2005-09,1
1570670196,2005-09,1
1570670250,2005-02,1
1570670692,2005-09,1
1570670994,2005-03,1
1570671036,2005-08,2
1570671036,2005-09,1
1570671176,2005-05,1
1570671362,2005-02,1
1570671435,2005-09,1
1570671443,2005-05,1
1570671516,2005-05,1
1570671613,2005-03,1
1570671613,2005-08,1
157067163X,2005-03,1
1570671672,2005-01,1
1570671699,2005-09,1
1570671796,2005-08,1
1570713383,2005-08,1
1570713960,2005-02,1
1570713960,2005-09,1
1570715106,2005-04,1
1570715114,2005-07,1
1570716242,2005-08,1
1570717141,2005-08,1
1570717540,2005-08,1
1570718318,2005-09,1
1570718423,2005-04,1
1570719063,2005-09,1
1570719322,2005-01,1
1570720428,2005-06,1
1570751692,2005-07,1
1570753113,2005-02,1
1570753113,2005-09,1
1570753318,2005-02,1
1570754047,2005-10,1
1570754195,2005-06,1
1570754330,2005-02,1
1570755450,2005-02,1
157075554X,2005-07,1
1570760187,2005-08,1
1570760845,2005-09,1
1570761183,2005-04,1
1570761361,2005-08,1
1570761841,2005-01,1
1570762120,2005-04,1
1570762163,2005-09,1
1570762228,2005-03,1
1570762333,2005-04,1
1570762481,2005-10,1
1570762619,2005-09,1
1570762821,2005-07,1
1570762821,2005-09,1
1570762848,2005-01,2
1570762848,2005-05,1
1570762856,2005-07,1
1570762856,2005-08,1
1570763127,2005-09,1
1570872929,2005-06,1
1570911525,2005-04,1
1570911649,2005-04,1
1570914176,2005-08,1
1570916020,2005-04,1
1570916187,2005-05,1
1570916209,2005-08,1
1570918775,2005-05,1
1570970157,2005-01,1
1570970157,2005-10,1
1570970238,2005-06,1
1570980217,2005-09,1
1571100814,2005-07,1
1571100857,2005-08,1
157110089X,2005-08,1
157110089X,2005-09,2
1571103074,2005-03,1
1571103104,2005-09,1
1571103198,2005-08,1
1571103538,2005-07,1
1571103732,2005-08,1
1571132481,2005-03,1
1571200193,2005-07,1
157120024X,2005-07,1
1571201025,2005-02,1
1571201505,2005-08,1
1571201688,2005-09,1
1571201734,2005-01,1
1571201734,2005-06,1
1571201734,2005-07,1
1571201912,2005-10,1
1571202048,2005-07,1
1571202099,2005-01,1
1571202102,2005-09,1
1571202110,2005-06,1
1571202161,2005-09,1
1571202226,2005-07,1
1571202234,2005-09,1
1571202269,2005-06,1
1571202366,2005-04,1
1571202412,2005-02,1
1571202412,2005-08,1
1571202412,2005-10,1
1571202447,2005-05,1
1571202447,2005-06,1
1571202455,2005-04,1
1571202544,2005-09,1
1571202560,2005-08,1
1571202781,2005-09,1
157120279X,2005-07,1
157120279X,2005-09,2
157120279X,2005-10,1
1571202803,2005-08,1
1571202811,2005-03,1
1571202811,2005-09,1
1571202854,2005-02,1
1571202862,2005-08,1
1571202927,2005-09,1
1571202943,2005-09,1
1571203079,2005-07,1
1571203079,2005-09,1
1571203079,2005-10,1
1571203095,2005-09,1
1571203125,2005-05,1
1571203125,2005-07,1
1571290370,2005-01,1
1571310444,2005-04,1
157143092X,2005-10,1
1571454535,2005-08,1
1571455825,2005-08,1
1571456864,2005-03,1
1571456899,2005-08,1
1571457151,2005-09,1
1571457895,2005-03,1
157145814X,2005-09,1
1571458409,2005-09,1
1571458794,2005-01,1
1571458816,2005-01,1
1571458816,2005-03,1
1571459707,2005-01,1
1571459774,2005-06,1
1571515437,2005-03,1
1571515895,2005-03,1
1571670068,2005-07,1
1571671536,2005-01,1
1571685863,2005-03,1
1571687653,2005-06,1
1571740627,2005-07,1
1571740767,2005-07,1
1571740872,2005-09,1
1571741062,2005-03,1
1571741062,2005-09,1
1571741208,2005-04,1
1571741437,2005-09,1
1571741704,2005-04,1
1571741739,2005-07,1
1571741836,2005-02,1
1571741917,2005-06,1
1571741976,2005-08,1
157174200X,2005-01,1
157174200X,2005-05,1
1571742212,2005-08,1
1571742263,2005-08,1
1571742298,2005-05,1
1571742387,2005-10,1
1571742549,2005-08,1
1571742786,2005-01,1
1571742786,2005-04,1
1571743227,2005-06,1
1571743227,2005-09,1
1571743251,2005-08,1
1571743294,2005-09,1
1571743499,2005-02,1
1571743537,2005-06,1
1571743669,2005-08,1
1571743774,2005-09,1
1571743790,2005-09,1
1571743812,2005-03,2
1571743812,2005-08,2
1571743812,2005-10,1
1571743847,2005-09,1
1571743863,2005-04,1
1571744045,2005-10,1
1571744126,2005-08,1
1571744134,2005-09,1
1571744215,2005-09,1
1571744231,2005-09,2
1571744290,2005-10,1
1571744347,2005-08,1
1571744363,2005-09,1
157174438X,2005-07,1
1571744401,2005-08,1
1571744428,2005-05,1
1571744509,2005-10,1
1571780300,2005-05,1
1571780386,2005-08,1
1571780890,2005-09,1
1571781803,2005-08,1
1571781803,2005-09,2
1571882006,2005-08,1
1571882979,2005-08,1
1571892451,2005-09,1
1571892508,2005-10,1
1571893016,2005-05,1
1571893199,2005-05,1
1571893199,2005-07,1
1571974342,2005-04,1
157218079X,2005-08,1
1572181443,2005-06,1
1572181443,2005-07,1
157223301X,2005-07,1
1572234059,2005-01,1
1572234059,2005-08,1
1572235810,2005-09,1
1572236825,2005-02,1
1572238844,2005-06,1
1572238844,2005-10,1
1572240016,2005-08,1
1572240407,2005-01,1
1572240407,2005-04,1
1572240504,2005-03,1
157224058X,2005-08,1
1572240628,2005-08,1
1572240709,2005-08,1
1572240806,2005-04,1
157224108X,2005-06,1
157224108X,2005-08,1
1572241152,2005-05,1
1572241349,2005-04,1
1572242086,2005-05,2
1572242108,2005-06,1
1572242191,2005-02,1
157224223X,2005-05,1
1572242310,2005-02,1
1572242310,2005-07,1
1572242310,2005-08,1
1572242388,2005-05,1
1572242388,2005-08,1
1572242388,2005-09,1
1572242396,2005-09,1
1572242582,2005-09,1
1572242841,2005-05,1
1572242914,2005-08,1
1572243066,2005-04,1
1572243260,2005-03,1
1572243287,2005-09,1
1572243317,2005-09,1
1572243422,2005-08,1
157224349X,2005-02,1
157224349X,2005-09,1
1572243562,2005-08,1
1572243635,2005-04,1
157224366X,2005-08,1
1572243759,2005-05,1
1572243759,2005-06,1
1572243759,2005-07,2
1572243759,2005-08,5
1572243805,2005-02,1
1572243899,2005-03,1
1572243961,2005-07,1
1572243996,2005-05,1
1572244038,2005-08,1
1572244089,2005-08,1
1572244275,2005-08,1
1572301155,2005-08,1
1572302801,2005-01,1
1572303077,2005-08,1
1572304510,2005-02,1
1572304510,2005-08,1
1572305258,2005-09,1
1572306254,2005-08,1
1572307188,2005-09,1
1572307609,2005-09,1
1572308702,2005-01,1
1572308796,2005-05,1
1572308796,2005-08,1
1572309059,2005-05,1
1572309288,2005-09,1
1572309784,2005-07,1
1572309881,2005-08,1
1572316217,2005-10,1
1572332816,2005-04,1
1572432837,2005-10,1
1572433493,2005-08,1
1572436727,2005-04,1
1572437243,2005-05,1
1572437448,2005-10,1
1572437545,2005-07,1
1572437553,2005-10,1
1572437790,2005-09,1
1572482206,2005-07,1
1572484551,2005-03,1
1572492511,2005-04,1
157249266X,2005-10,1
157249283X,2005-06,1
157249350X,2005-03,1
1572493739,2005-09,1
1572580143,2005-10,1
1572623284,2005-03,1
1572701137,2005-07,1
1572703210,2005-02,1
1572704357,2005-02,1
1572704462,2005-09,1
1572704691,2005-06,1
1572704691,2005-09,2
1572734345,2005-08,1
1572736070,2005-07,1
1572810661,2005-02,1
1572811234,2005-09,1
1572812583,2005-06,1
1572812915,2005-06,1
1572814349,2005-06,2
1572814349,2005-09,1
1572814659,2005-01,1
1572814683,2005-08,1
1572814683,2005-09,1
1572814764,2005-06,1
1572814888,2005-07,1
1572814888,2005-08,1
1572840420,2005-01,1
1572840579,2005-08,1
1572840781,2005-08,1
1572930373,2005-08,1
157293039X,2005-03,1
1572931167,2005-04,1
1572931256,2005-05,1
1572970111,2005-10,1
157297267X,2005-08,1
1573061115,2005-04,1
1573061425,2005-02,1
157306145X,2005-02,1
1573120944,2005-01,1
1573122874,2005-04,1
1573181226,2005-01,1
1573220558,2005-09,1
1573221112,2005-05,1
1573221597,2005-06,1
1573222259,2005-07,1
1573222453,2005-05,1
1573222453,2005-06,1
1573222453,2005-08,1
1573222453,2005-10,1
1573222518,2005-01,1
1573222631,2005-01,1
1573222631,2005-04,1
1573222666,2005-04,1
1573222739,2005-01,1
1573222763,2005-02,1
157322281X,2005-01,1
157322281X,2005-02,1
157322281X,2005-03,1
157322281X,2005-05,1
157322281X,2005-10,1
1573222852,2005-02,1
1573222968,2005-08,1
1573222976,2005-05,2
1573222976,2005-08,2
1573222976,2005-09,3
1573222984,2005-06,1
1573222992,2005-03,2
1573222992,2005-04,2
1573222992,2005-05,2
1573222992,2005-08,6
1573222992,2005-10,1
157322300X,2005-09,1
1573223026,2005-06,3
1573223026,2005-08,4
1573223026,2005-09,1
1573223026,2005-10,1
1573223042,2005-02,2
1573223042,2005-03,1
1573223042,2005-07,1
1573223077,2005-07,2
1573223085,2005-04,1
1573223085,2005-05,1
1573223093,2005-06,1
1573223093,2005-08,1
157322314X,2005-08,1
157322314X,2005-09,9
157322314X,2005-10,1
1573223158,2005-06,2
1573223158,2005-07,2
1573223158,2005-08,1
1573223158,2005-09,1
1573223247,2005-08,1
1573223328,2005-07,2
1573223328,2005-09,1
1573223425,2005-04,1
157322345X,2005-07,1
1573223573,2005-09,1
1573225053,2005-08,1
1573225096,2005-01,1
1573225142,2005-05,1
1573225320,2005-08,1
1573225789,2005-02,1
1573225789,2005-08,1
1573225789,2005-09,1
1573226106,2005-02,1
1573226106,2005-09,1
1573226327,2005-08,1
1573226513,2005-04,1
1573226521,2005-05,2
1573226521,2005-06,1
1573226521,2005-09,1
1573226882,2005-05,1
1573227218,2005-07,1
1573227331,2005-08,1
1573227358,2005-05,1
1573227811,2005-01,1
1573227846,2005-08,1
1573227889,2005-01,1
157322815X,2005-09,1
1573228710,2005-06,1
1573228834,2005-05,2
1573229202,2005-09,1
1573229326,2005-03,1
1573229377,2005-06,1
1573229865,2005-06,1
157322989X,2005-02,1
1573240362,2005-09,1
1573240532,2005-08,1
1573241016,2005-09,1
1573241903,2005-10,1
1573242136,2005-05,1
1573245704,2005-03,1
1573247022,2005-05,1
157324824X,2005-05,1
1573249122,2005-08,1
1573249122,2005-09,1
157324967X,2005-09,1
1573440795,2005-01,1
1573441066,2005-08,1
1573441333,2005-06,1
1573441368,2005-05,1
1573441449,2005-05,1
1573441511,2005-03,1
1573441562,2005-03,2
1573441562,2005-07,2
1573441635,2005-08,1
1573441678,2005-06,1
1573441686,2005-04,1
1573441686,2005-08,1
1573441872,2005-08,1
1573442046,2005-08,1
1573442143,2005-09,1
1573451576,2005-07,1
1573451878,2005-02,1
1573459194,2005-02,1
157356396X,2005-03,1
1573580287,2005-02,1
1573660817,2005-07,1
1573671908,2005-09,1
1573691372,2005-09,1
157383355X,2005-09,1
1573920053,2005-01,1
1573920517,2005-05,1
1573920614,2005-09,1
1573921661,2005-04,1
1573921661,2005-09,1
1573926213,2005-09,1
1573927783,2005-04,1
157392797X,2005-09,1
1573928151,2005-02,1
1573928410,2005-02,1
1573928968,2005-02,1
1573929344,2005-01,1
1573929425,2005-05,1
157392945X,2005-08,1
1573929727,2005-04,1
1574090194,2005-06,1
1574090232,2005-10,1
1574090275,2005-07,1
1574091247,2005-06,1
1574091778,2005-09,1
1574092138,2005-10,1
1574160060,2005-06,1
1574160265,2005-04,1
1574160400,2005-10,1
1574160737,2005-08,1
1574215450,2005-09,1
157421568X,2005-09,1
1574218174,2005-06,1
1574240625,2005-06,1
157424115X,2005-06,1
1574270567,2005-08,1
1574271547,2005-08,1
1574320041,2005-09,1
1574320289,2005-03,1
1574320319,2005-09,1
1574320971,2005-07,1
1574321560,2005-08,1
1574321641,2005-08,1
157432182X,2005-07,1
157432196X,2005-08,1
1574322036,2005-09,1
1574322125,2005-07,1
1574322206,2005-09,1
1574322850,2005-07,1
1574322990,2005-09,1
1574323253,2005-09,1
1574323539,2005-07,1
1574323539,2005-08,1
1574323806,2005-08,1
1574323903,2005-09,1
1574323938,2005-09,1
1574323954,2005-08,2
1574324055,2005-09,1
1574324098,2005-06,1
1574324128,2005-01,1
157432425X,2005-07,1
1574324349,2005-08,1
1574324357,2005-09,1
1574324489,2005-08,1
1574324594,2005-03,1
1574327968,2005-01,1
1574327968,2005-10,1
1574410121,2005-08,1
157441139X,2005-03,1
1574411586,2005-02,1
1574411780,2005-05,1
1574411780,2005-09,1
1574411853,2005-02,1
1574442236,2005-08,1
1574443402,2005-07,1
1574530305,2005-02,1
1574530860,2005-03,1
1574534025,2005-07,1
1574535110,2005-05,1
1574535110,2005-07,1
1574535250,2005-09,1
1574551094,2005-05,1
1574555561,2005-04,1
1574556924,2005-07,1
1574556924,2005-08,1
1574670883,2005-05,1
1574670972,2005-01,1
1574670980,2005-08,1
1574671081,2005-07,1
157467109X,2005-07,1
1574717235,2005-09,1
157471810X,2005-09,1
1574723103,2005-02,1
1574780018,2005-05,1
1574780018,2005-10,1
1574860542,2005-03,1
1574862030,2005-07,1
1574862820,2005-05,1
1574862820,2005-06,1
1574864432,2005-09,1
1574864564,2005-09,1
1574864599,2005-05,1
157486498X,2005-10,1
1574865048,2005-08,1
1574865102,2005-08,1
1574865102,2005-09,1
1574865110,2005-07,1
1574865110,2005-08,1
157488154X,2005-06,1
1574881809,2005-06,1
1574881809,2005-07,1
1574882198,2005-08,1
157488252X,2005-04,1
1574882627,2005-09,1
1574882856,2005-07,1
1574882864,2005-03,1
1574883186,2005-02,1
1574883356,2005-10,1
157488414X,2005-06,1
1574884360,2005-08,1
1574884417,2005-06,1
1574885189,2005-09,1
1574886398,2005-01,1
1574887599,2005-08,1
1574887963,2005-01,1
157488834X,2005-05,1
1574888498,2005-01,1
1574888498,2005-04,1
1574888498,2005-07,2
1574888498,2005-09,1
1574888528,2005-04,1
1574888560,2005-06,1
1574888560,2005-09,1
1574888900,2005-01,1
1574889079,2005-06,1
157488915X,2005-06,1
1574889621,2005-10,1
1574911384,2005-08,1
1575001772,2005-06,1
1575040123,2005-09,1
1575050285,2005-07,1
1575100479,2005-10,1
1575240459,2005-04,1
1575240459,2005-10,1
1575240653,2005-05,1
1575250128,2005-02,1
1575252368,2005-06,1
1575252384,2005-03,1
1575253496,2005-05,1
1575302942,2005-09,1
1575420139,2005-08,1
1575420554,2005-10,1
1575420899,2005-08,1
1575421127,2005-08,1
1575421283,2005-06,1
1575421305,2005-06,1
1575441136,2005-07,1
157558106X,2005-09,1
1575605147,2005-09,1
1575606550,2005-05,1
1575606798,2005-08,1
1575608235,2005-09,1
1575660350,2005-10,1
157566352X,2005-05,1
1575663570,2005-09,1
157566528X,2005-05,1
1575665379,2005-01,1
1575665379,2005-04,1
1575665557,2005-08,1
157566609X,2005-08,1
1575666618,2005-02,1
1575666987,2005-08,1
1575667258,2005-05,1
1575667355,2005-08,1
157566755X,2005-06,1
1575668548,2005-03,1
1575668777,2005-06,1
1575668882,2005-03,1
1575690039,2005-02,1
1575791250,2005-02,1
157579277X,2005-08,1
1575841886,2005-05,1
1575871726,2005-08,1
1575872005,2005-06,1
1575872110,2005-01,1
1576079872,2005-04,1
1576102912,2005-02,1
1576105253,2005-02,1
1576121682,2005-01,1
1576121682,2005-02,1
1576121682,2005-10,1
1576121917,2005-03,1
1576234436,2005-08,1
1576236196,2005-10,1
1576239969,2005-06,1
1576300447,2005-09,1
1576300587,2005-04,1
1576361616,2005-02,1
1576462404,2005-10,1
157646637X,2005-01,1
1576468429,2005-08,1
1576601250,2005-10,1
1576601331,2005-09,1
1576601390,2005-02,1
157660151X,2005-08,1
1576601919,2005-10,1
1576732754,2005-06,1
1576733165,2005-05,1
157673580X,2005-02,1
1576736083,2005-08,1
1576736423,2005-03,1
1576736644,2005-04,1
1576737063,2005-08,1
1576737071,2005-04,1
157673708X,2005-02,1
1576737098,2005-09,1
1576737330,2005-08,1
1576737330,2005-09,1
1576737551,2005-08,1
1576737578,2005-01,1
1576737748,2005-06,1
1576737772,2005-07,1
1576737799,2005-06,1
1576738167,2005-01,1
1576738167,2005-04,1
1576738167,2005-09,1
1576738167,2005-10,1
1576738191,2005-08,1
157673840X,2005-08,1
1576738892,2005-09,1
1576739252,2005-10,1
1576739759,2005-08,1
1576739902,2005-04,1
157675006X,2005-06,1
1576750507,2005-05,1
1576750507,2005-09,1
1576750744,2005-08,1
1576750914,2005-04,1
1576750949,2005-09,1
1576751198,2005-01,1
1576751244,2005-05,1
1576751244,2005-09,1
1576751678,2005-04,1
1576751740,2005-09,2
1576751988,2005-03,1
1576751988,2005-06,1
1576751988,2005-08,1
1576751996,2005-03,1
1576751996,2005-08,2
1576752003,2005-10,1
1576752259,2005-01,1
1576752267,2005-06,1
1576752321,2005-08,1
1576752518,2005-09,1
1576752577,2005-08,1
1576752585,2005-04,2
1576752585,2005-05,1
1576752585,2005-07,1
1576752585,2005-08,1
1576752585,2005-09,2
1576752860,2005-01,1
1576752860,2005-02,1
1576752887,2005-05,1
1576752887,2005-08,1
1576752895,2005-08,1
1576753018,2005-01,3
1576753018,2005-02,4
1576753018,2005-03,3
1576753018,2005-04,2
1576753018,2005-05,1
1576753018,2005-06,3
1576753018,2005-07,2
1576753018,2005-08,1
1576753018,2005-09,1
1576753018,2005-10,3
1576753158,2005-07,1
1576753174,2005-08,1
1576753174,2005-09,1
1576753301,2005-07,1
1576753492,2005-09,1
1576760588,2005-05,1
1576830020,2005-08,1
1576830454,2005-09,1
1576830470,2005-09,1
1576830942,2005-03,1
1576830969,2005-01,1
1576831280,2005-01,1
1576831973,2005-08,1
1576832899,2005-01,1
1576832961,2005-04,1
1576833445,2005-01,1
1576833755,2005-01,1
1576833992,2005-09,1
1576834301,2005-07,1
1576834344,2005-07,1
1576834727,2005-05,1
1576835197,2005-09,1
1576835251,2005-01,1
1576835251,2005-07,1
1576835251,2005-08,1
1576835766,2005-05,1
1576835774,2005-10,1
1576836541,2005-09,1
1576836673,2005-04,1
1576836673,2005-10,1
1576836703,2005-04,1
1576836827,2005-09,2
1576837971,2005-07,1
157683798X,2005-01,1
157683798X,2005-08,1
1576839109,2005-06,1
1576839109,2005-08,1
1576839109,2005-09,1
1576839141,2005-09,1
1576855007,2005-02,1
1576855007,2005-06,1
1576870987,2005-03,1
1576871509,2005-09,1
1576871568,2005-04,1
157687169X,2005-08,1
1576872106,2005-01,1
1576872327,2005-06,1
1576872513,2005-05,1
1577310640,2005-09,1
1577310764,2005-02,1
1577310799,2005-02,1
1577311302,2005-08,1
1577311337,2005-06,1
1577311477,2005-02,1
1577311825,2005-05,1
1577311825,2005-08,1
1577311922,2005-08,1
1577311949,2005-01,1
1577311957,2005-04,1
1577311957,2005-08,1
1577312082,2005-06,1
1577312082,2005-10,1
1577312295,2005-08,1
1577312333,2005-02,1
1577312333,2005-08,1
1577312341,2005-09,1
1577312406,2005-05,1
1577312457,2005-08,1
157731400X,2005-08,1
157731400X,2005-09,1
1577314131,2005-02,1
1577314131,2005-10,1
1577314212,2005-03,1
1577314239,2005-05,1
1577314263,2005-09,1
1577314506,2005-08,1
1577314522,2005-02,1
1577314557,2005-09,1
1577314565,2005-02,1
1577314611,2005-05,1
1577314638,2005-04,1
1577314646,2005-09,2
1577314670,2005-08,1
1577314689,2005-07,1
1577314689,2005-08,2
1577314689,2005-10,1
1577314697,2005-06,1
1577314700,2005-03,1
1577314808,2005-07,1
1577314808,2005-08,2
1577314808,2005-10,1
1577314816,2005-01,1
1577314816,2005-05,1
1577314816,2005-09,1
1577314913,2005-10,1
1577314980,2005-04,1
157731512X,2005-07,1
1577315146,2005-09,1
1577330366,2005-03,1
1577483421,2005-03,1
1577483944,2005-06,1
1577489470,2005-02,1
1577491181,2005-08,1
1577491343,2005-02,1
157749153X,2005-09,2
1577592956,2005-07,1
1577658051,2005-07,1
1577658124,2005-06,1
1577660315,2005-10,1
1577660633,2005-07,1
1577660633,2005-10,1
1577660757,2005-09,1
1577662180,2005-10,1
1577663144,2005-02,1
157768687X,2005-09,1
1577688236,2005-06,1
157770004X,2005-02,1
157778068X,2005-10,1
1577790294,2005-08,1
1577790375,2005-08,1
157779060X,2005-02,1
157779074X,2005-07,1
1577852982,2005-04,1
1577941217,2005-09,1
157794190X,2005-09,1
1577944704,2005-08,2
1577944704,2005-09,1
1577945379,2005-07,1
1577945611,2005-05,1
1578050871,2005-03,1
1578060516,2005-01,1
1578062101,2005-09,1
1578063280,2005-07,1
1578063531,2005-07,1
1578064708,2005-02,1
1578064821,2005-03,1
1578065232,2005-01,1
1578065968,2005-03,1
1578066379,2005-09,1
1578066492,2005-06,1
1578066786,2005-01,1
1578066964,2005-08,1
1578067286,2005-04,1
1578067499,2005-03,1
1578191505,2005-08,1
1578194474,2005-07,1
1578194474,2005-10,1
1578197074,2005-08,1
1578201241,2005-02,1
1578201276,2005-07,1
1578202086,2005-03,1
1578202086,2005-04,1
157820237X,2005-08,1
1578202396,2005-01,1
1578202396,2005-06,1
1578202396,2005-08,1
1578202426,2005-01,1
1578202426,2005-10,1
1578202493,2005-08,1
1578202493,2005-10,1
1578202566,2005-08,1
1578202566,2005-09,1
1578202647,2005-04,1
1578202663,2005-10,1
1578203007,2005-09,1
1578203155,2005-08,1
1578203155,2005-09,1
1578211271,2005-08,1
1578230306,2005-04,1
1578230985,2005-08,1
1578260868,2005-01,1
1578260868,2005-06,1
1578260868,2005-09,1
1578260906,2005-04,1
1578261171,2005-01,1
1578261236,2005-02,1
1578261791,2005-07,1
1578261813,2005-02,1
1578261821,2005-05,1
1578261856,2005-09,1
1578261864,2005-09,1
1578261945,2005-09,1
1578394759,2005-05,1
1578512387,2005-07,1
1578512549,2005-02,1
1578513308,2005-04,1
1578516145,2005-07,1
1578516803,2005-06,1
1578517087,2005-03,1
1578517095,2005-06,1
1578518261,2005-04,1
1578518377,2005-05,1
1578518520,2005-04,2
1578518520,2005-08,1
1578519314,2005-07,1
1578519497,2005-05,1
1578519497,2005-09,1
1578560640,2005-05,1
1578561221,2005-09,1
157856123X,2005-09,1
1578561264,2005-09,1
1578561280,2005-06,1
1578561493,2005-09,1
1578561795,2005-09,1
1578562260,2005-09,1
1578562589,2005-01,1
1578562759,2005-08,1
1578563232,2005-06,1
1578563232,2005-10,1
1578563682,2005-09,1
1578563933,2005-07,1
1578564026,2005-03,1
1578564239,2005-04,1
1578564271,2005-02,1
157856459X,2005-04,1
157856459X,2005-10,1
1578564719,2005-09,1
157856512X,2005-01,1
157856512X,2005-03,1
1578565154,2005-02,2
1578565200,2005-03,1
1578565235,2005-01,1
1578565235,2005-08,1
1578565235,2005-09,2
1578565375,2005-09,1
1578566851,2005-10,1
1578567297,2005-10,1
1578567300,2005-07,1
1578567300,2005-08,1
1578567300,2005-09,1
1578567335,2005-05,1
1578567335,2005-09,1
1578567459,2005-07,1
1578568234,2005-01,1
1578568234,2005-02,1
1578568323,2005-05,1
1578568560,2005-08,1
1578568560,2005-09,1
1578568935,2005-09,1
1578568994,2005-10,1
1578569052,2005-07,1
1578569052,2005-08,1
1578569052,2005-09,2
1578569052,2005-10,1
1578569141,2005-07,1
1578569583,2005-03,1
1578591368,2005-02,1
1578591465,2005-08,1
1578591546,2005-01,1
1578601657,2005-10,1
1578601843,2005-01,1
1578602092,2005-07,1
157860219X,2005-08,1
1578602238,2005-08,3
1578602238,2005-09,1
1578602378,2005-09,1
1578630002,2005-02,1
1578630266,2005-07,1
1578630487,2005-06,1
1578630487,2005-08,1
1578631106,2005-03,1
1578631378,2005-01,1
1578631394,2005-07,1
1578631823,2005-08,1
1578632471,2005-02,1
1578632765,2005-06,1
1578632803,2005-10,1
1578632943,2005-09,1
1578632978,2005-08,1
1578632978,2005-09,1
1578633079,2005-10,1
1578633095,2005-08,1
1578633257,2005-06,1
1578633281,2005-03,1
1578633281,2005-09,1
1578633613,2005-09,1
1578643031,2005-09,1
1578660637,2005-08,1
1578701082,2005-06,1
1578730279,2005-04,1
1578730449,2005-03,1
1578730457,2005-08,1
1578730651,2005-08,1
1578731151,2005-08,1
1578849209,2005-03,1
1578849209,2005-08,1
1578849209,2005-09,1
1578860113,2005-09,1
1579100996,2005-10,1
157910150X,2005-04,1
1579108598,2005-05,1
157910908X,2005-03,1
1579120423,2005-09,1
1579120679,2005-04,1
1579120776,2005-09,1
1579121489,2005-06,1
1579121489,2005-08,1
157912156X,2005-04,1
1579122353,2005-03,1
1579122639,2005-09,1
1579123228,2005-02,1
1579123228,2005-06,1
1579123228,2005-09,2
1579123643,2005-07,1
1579123694,2005-08,1
1579181244,2005-01,1
1579181473,2005-09,1
1579210074,2005-08,1
1579214851,2005-04,1
1579215815,2005-04,1
1579217370,2005-05,1
1579220266,2005-04,1
1579240690,2005-09,1
1579248179,2005-09,1
157940104X,2005-04,1
1579435874,2005-10,1
1579473032,2005-07,1
157947571X,2005-08,1
1579475752,2005-08,1
1579475795,2005-09,1
1579510590,2005-01,1
1579540813,2005-10,1
1579541011,2005-06,1
1579541178,2005-09,1
1579541712,2005-10,1
1579541917,2005-09,1
157954228X,2005-08,1
1579542514,2005-08,1
1579542646,2005-03,1
1579542905,2005-08,1
1579543650,2005-09,1
1579544150,2005-01,1
1579544789,2005-09,1
1579545920,2005-08,1
157954598X,2005-10,1
1579546013,2005-06,2
1579546013,2005-08,2
1579546013,2005-09,2
1579546269,2005-08,1
1579546463,2005-04,1
1579546463,2005-07,1
1579546463,2005-08,1
1579546463,2005-09,2
1579546501,2005-02,1
1579546501,2005-03,1
1579546544,2005-09,1
1579546579,2005-03,1
1579546579,2005-09,1
1579546897,2005-09,1
1579547141,2005-06,1
157954715X,2005-01,1
157954715X,2005-04,1
1579547257,2005-08,1
1579547346,2005-01,1
1579547451,2005-07,1
1579547486,2005-05,1
1579547591,2005-05,1
1579547826,2005-09,1
1579547826,2005-10,1
1579547931,2005-02,1
1579547966,2005-03,1
1579548008,2005-08,1
1579548318,2005-09,1
1579548369,2005-08,1
1579548490,2005-09,1
1579548504,2005-08,1
1579548717,2005-09,1
1579548806,2005-07,1
1579548822,2005-08,1
1579548830,2005-06,1
1579548830,2005-08,1
1579548911,2005-07,1
1579548911,2005-09,1
1579548970,2005-09,1
1579548989,2005-03,1
1579548989,2005-04,2
1579549020,2005-04,1
1579549055,2005-09,1
157954908X,2005-04,1
1579549101,2005-06,1
1579549101,2005-07,1
1579549292,2005-09,1
1579549438,2005-09,1
1579549543,2005-03,1
1579549543,2005-08,1
1579549543,2005-09,2
1579549551,2005-07,1
1579549551,2005-09,1
157954956X,2005-02,1
1579549578,2005-09,1
1579549659,2005-04,1
1579549659,2005-09,1
157954990X,2005-06,1
1579549926,2005-01,1
1579549985,2005-02,2
1579549985,2005-03,1
1579549985,2005-05,1
1579549985,2005-06,1
1579549985,2005-07,1
1579549985,2005-09,4
1579550088,2005-09,1
1579550096,2005-03,1
1579590268,2005-02,1
1579595278,2005-03,1
1579621007,2005-02,1
1579621104,2005-06,1
1579621104,2005-10,1
1579621198,2005-08,2
1579651143,2005-05,1
157965116X,2005-03,1
1579651607,2005-04,1
1579651844,2005-09,1
1579651895,2005-05,1
1579652107,2005-08,1
1579652174,2005-10,1
1579652395,2005-09,2
157965245X,2005-05,1
1579652468,2005-07,1
1579652611,2005-06,1
157965262X,2005-07,1
1579652743,2005-02,2
1579652875,2005-04,1
1579660622,2005-07,1
1579809677,2005-08,1
1579821464,2005-09,1
1579821863,2005-07,1
1579830021,2005-01,1
1579830129,2005-08,1
1579830137,2005-03,1
1579830137,2005-07,1
1579830137,2005-09,1
1579890598,2005-01,1
157990002X,2005-06,1
1579901484,2005-06,1
1579901492,2005-03,1
1579903010,2005-03,1
1579903185,2005-09,1
157990341X,2005-08,1
1579903479,2005-09,1
1579903533,2005-08,1
1579903622,2005-08,1
1579904440,2005-09,1
1579904556,2005-07,1
1579904599,2005-03,1
1579904599,2005-05,1
1579904602,2005-06,1
1579904602,2005-08,1
1579904653,2005-09,1
1579904815,2005-04,1
1579905080,2005-09,1
1579905080,2005-10,1
1579905250,2005-05,1
1579905366,2005-08,1
1579905366,2005-10,1
1579905382,2005-03,1
1579905471,2005-05,1
1579905471,2005-08,1
1579905498,2005-07,1
1579905498,2005-09,1
1579905722,2005-08,1
1579905781,2005-09,1
1579905803,2005-09,1
1579905811,2005-09,1
157990582X,2005-06,1
1579905897,2005-02,1
1579905897,2005-09,1
1579905927,2005-02,1
1579905935,2005-02,1
1579905935,2005-05,1
1579905943,2005-08,1
1579906117,2005-08,1
1579906125,2005-09,1
1579906184,2005-05,1
1579906192,2005-10,1
157990632X,2005-09,1
1579906338,2005-07,1
1579906370,2005-05,2
1579906494,2005-09,4
1579906494,2005-10,1
1579906559,2005-03,1
1579906559,2005-08,1
1579906559,2005-09,1
1579906923,2005-05,1
1579906923,2005-08,1
1579906958,2005-08,1
1579907059,2005-07,1
1579992064,2005-08,1
1580000770,2005-08,1
1580030777,2005-09,1
1580050093,2005-09,1
1580050581,2005-08,1
1580050719,2005-09,1
1580050824,2005-06,1
1580050883,2005-03,1
158005093X,2005-01,1
158005093X,2005-03,1
158005093X,2005-08,1
1580051030,2005-09,1
158005112X,2005-07,1
1580051200,2005-03,1
1580051278,2005-07,1
1580051308,2005-03,1
1580051308,2005-07,1
1580051359,2005-04,1
1580051405,2005-09,1
1580070728,2005-09,1
1580070809,2005-09,1
1580080014,2005-04,1
1580080030,2005-08,1
1580080227,2005-10,1
1580080480,2005-01,1
1580080936,2005-09,1
1580080979,2005-07,1
1580081304,2005-08,1
1580081436,2005-08,1
1580081592,2005-09,1
1580081916,2005-08,1
1580082149,2005-04,1
1580082238,2005-08,1
1580082319,2005-04,1
1580082653,2005-08,1
1580082688,2005-01,1
1580082688,2005-03,1
1580082688,2005-08,1
1580082815,2005-04,1
1580082947,2005-09,1
1580083102,2005-09,1
1580083153,2005-06,1
1580083366,2005-06,1
1580083765,2005-05,1
1580083897,2005-02,1
1580083897,2005-10,1
1580084192,2005-08,1
1580084222,2005-03,1
1580084222,2005-06,1
1580084222,2005-09,1
1580084311,2005-07,1
1580084311,2005-08,1
1580084524,2005-03,1
1580084540,2005-07,1
1580084559,2005-05,1
1580084591,2005-07,1
1580084699,2005-07,1
1580084702,2005-05,1
1580084702,2005-08,1
1580084834,2005-03,1
1580084877,2005-04,1
1580084893,2005-03,1
1580084893,2005-05,1
1580085164,2005-08,1
1580085229,2005-01,1
1580085318,2005-06,1
1580085393,2005-08,1
1580085520,2005-02,1
1580085520,2005-05,1
1580085598,2005-07,1
1580085628,2005-04,1
1580085628,2005-05,1
1580085628,2005-09,1
1580085687,2005-08,1
1580085695,2005-10,1
1580086152,2005-03,1
1580086306,2005-01,1
1580086349,2005-02,1
1580086373,2005-06,1
1580086373,2005-09,1
1580086519,2005-08,1
1580086519,2005-09,1
1580086578,2005-05,1
1580086713,2005-05,1
1580086748,2005-06,1
1580086748,2005-10,1
1580086810,2005-10,2
1580086993,2005-08,1
1580086993,2005-10,1
1580087205,2005-09,1
1580110037,2005-08,1
1580110045,2005-05,1
1580110045,2005-07,1
1580110789,2005-04,1
1580110800,2005-04,1
1580110835,2005-04,1
1580111165,2005-08,1
158011136X,2005-10,1
1580111378,2005-09,1
1580111386,2005-09,2
1580111505,2005-09,1
1580111602,2005-03,1
1580111602,2005-08,1
1580111602,2005-09,1
1580111815,2005-09,1
1580111866,2005-04,1
1580130232,2005-04,1
1580131697,2005-05,1
1580170455,2005-05,1
1580171087,2005-08,1
1580171265,2005-09,1
1580171265,2005-10,1
1580172121,2005-09,2
158017258X,2005-09,1
1580172628,2005-09,1
1580172733,2005-06,1
1580173098,2005-07,1
158017325X,2005-06,1
1580173659,2005-10,1
1580173853,2005-08,1
1580174124,2005-09,1
1580174248,2005-08,1
1580174485,2005-07,1
1580174485,2005-09,1
1580175201,2005-08,1
1580175244,2005-08,1
1580175260,2005-03,1
1580175260,2005-08,1
1580175279,2005-10,1
1580175309,2005-09,1
1580175376,2005-08,1
1580175546,2005-08,1
1580175627,2005-09,4
1580175740,2005-03,1
1580175856,2005-08,1
1580175899,2005-04,2
1580175899,2005-07,1
1580175899,2005-09,1
158017888X,2005-09,1
1580232000,2005-05,1
1580232116,2005-04,1
1580232523,2005-04,1
1580291023,2005-06,1
1580400132,2005-05,1
1580400159,2005-07,1
158040197X,2005-07,1
1580420729,2005-03,1
1580420818,2005-04,2
1580420818,2005-07,1
1580420818,2005-08,1
1580420818,2005-10,1
1580420826,2005-04,2
1580420826,2005-06,1
1580420826,2005-07,1
1580420826,2005-08,3
1580420826,2005-09,1
1580420842,2005-06,1
1580421326,2005-09,1
1580421369,2005-01,1
1580421369,2005-02,4
1580421369,2005-03,1
1580421369,2005-06,1
1580421431,2005-07,1
1580421458,2005-02,1
1580421482,2005-09,1
1580421490,2005-03,1
1580421601,2005-09,1
1580510531,2005-07,1
1580530214,2005-06,1
1580533418,2005-03,1
1580536557,2005-09,1
1580540341,2005-09,1
1580540449,2005-07,1
1580540538,2005-02,1
1580543545,2005-07,1
1580620051,2005-08,1
158062135X,2005-04,1
1580621902,2005-08,1
1580622011,2005-03,1
1580622011,2005-08,1
1580622038,2005-07,1
1580622038,2005-08,1
1580622534,2005-02,1
1580622534,2005-07,1
1580622577,2005-09,1
1580624073,2005-03,1
1580624553,2005-08,1
1580625037,2005-08,1
1580625142,2005-03,1
158062524X,2005-09,1
1580625495,2005-09,1
1580625541,2005-09,1
1580625568,2005-09,1
158062569X,2005-08,1
1580625894,2005-03,1
1580626130,2005-06,1
1580626823,2005-09,1
1580627560,2005-01,1
1580627560,2005-04,1
1580627560,2005-06,1
1580627560,2005-07,1
1580627560,2005-08,2
1580628133,2005-10,1
1580628494,2005-07,1
1580628494,2005-09,1
1580628702,2005-05,1
1580628834,2005-08,1
1580629326,2005-09,1
1580629334,2005-03,1
1580629342,2005-04,1
1580629601,2005-08,1
1580629733,2005-09,1
1580629784,2005-02,1
1580630456,2005-02,1
1580631398,2005-05,1
1580650031,2005-01,1
1580650120,2005-06,1
1580650155,2005-06,1
1580650155,2005-08,1
1580650155,2005-10,1
1580650627,2005-08,1
1580710352,2005-02,1
1580800300,2005-03,1
1580800718,2005-01,1
1580801277,2005-02,1
1580801293,2005-09,1
1580870619,2005-02,1
1580890105,2005-03,1
1580890555,2005-09,1
158089061X,2005-08,1
1580890954,2005-08,1
1580910262,2005-10,1
1580910416,2005-01,1
1580910432,2005-08,1
1580910637,2005-02,1
1580910890,2005-08,1
1580910904,2005-04,1
1580910904,2005-06,1
1580911080,2005-07,1
1580930476,2005-10,1
1580930972,2005-09,1
1580931464,2005-10,1
158097032X,2005-02,1
1581059973,2005-02,1
158110121X,2005-06,1
1581101562,2005-07,1
1581121954,2005-03,1
1581122616,2005-08,1
1581124260,2005-08,1
1581124341,2005-03,1
1581124724,2005-10,1
1581125011,2005-06,1
1581125186,2005-02,1
1581125623,2005-07,1
1581125666,2005-03,1
1581125666,2005-06,1
1581125844,2005-06,1
1581125976,2005-08,1
1581126018,2005-08,1
1581126018,2005-09,1
1581126263,2005-07,1
1581126263,2005-10,1
1581127197,2005-06,1
1581128312,2005-01,2
158112872X,2005-06,1
1581128762,2005-09,1
1581150202,2005-04,1
1581150962,2005-08,2
1581151969,2005-07,1
1581152035,2005-05,1
1581152507,2005-07,2
158115254X,2005-02,1
1581152566,2005-06,1
1581152809,2005-04,1
1581153023,2005-08,1
1581153120,2005-08,1
1581153481,2005-02,1
1581153848,2005-06,1
1581154011,2005-09,1
1581154097,2005-07,1
1581154097,2005-08,1
158117036X,2005-08,1
1581170424,2005-10,1
1581170912,2005-02,1
1581170912,2005-06,1
1581170912,2005-07,1
1581171463,2005-08,1
1581172184,2005-07,1
1581172672,2005-01,1
1581210191,2005-08,1
1581248105,2005-02,1
1581311826,2005-06,1
158131292X,2005-06,1
158131292X,2005-09,1
1581312962,2005-04,1
1581331371,2005-07,1
1581340478,2005-09,1
1581341792,2005-04,1
1581341865,2005-08,1
1581341865,2005-09,1
1581343485,2005-04,1
1581344023,2005-08,1
158134435X,2005-09,1
1581344414,2005-01,1
1581344589,2005-01,1
1581344589,2005-02,1
1581344589,2005-07,1
1581344589,2005-08,1
1581344589,2005-09,2
1581344643,2005-09,1
1581344872,2005-03,1
1581345151,2005-09,2
1581345224,2005-05,1
1581345615,2005-01,1
1581345615,2005-06,2
1581345615,2005-09,3
1581345798,2005-08,1
1581345984,2005-08,1
1581346034,2005-08,1
1581346069,2005-08,1
1581346220,2005-07,1
1581346395,2005-09,1
1581346395,2005-10,1
1581346409,2005-08,1
1581346506,2005-07,1
1581346549,2005-10,1
1581346573,2005-07,1
1581346646,2005-09,2
1581346735,2005-06,1
158134726X,2005-08,1
158134726X,2005-09,1
1581347308,2005-07,1
1581350260,2005-07,1
1581350287,2005-09,1
1581350716,2005-06,1
1581350724,2005-08,1
1581351127,2005-05,1
1581500246,2005-01,1
1581500904,2005-08,1
1581501226,2005-09,1
1581600372,2005-06,1
1581600488,2005-08,1
1581600585,2005-04,1
1581600747,2005-09,1
1581600941,2005-09,1
1581601271,2005-09,1
158160128X,2005-08,1
1581601433,2005-06,1
1581602820,2005-01,1
1581603177,2005-05,1
1581603401,2005-02,1
1581603401,2005-05,1
1581603673,2005-06,1
1581603770,2005-08,1
1581604041,2005-06,1
1581604270,2005-06,1
1581604483,2005-08,1
1581650302,2005-02,1
158170027X,2005-08,1
1581770995,2005-09,1
1581800053,2005-02,1
1581800053,2005-04,1
1581800088,2005-09,1
1581800088,2005-10,1
1581800274,2005-07,1
1581800533,2005-08,1
158180069X,2005-08,1
1581800711,2005-08,1
1581801181,2005-04,1
1581801300,2005-07,1
1581801475,2005-09,1
1581801661,2005-10,1
1581801785,2005-08,1
1581801866,2005-03,1
1581801882,2005-08,1
1581801998,2005-07,1
1581802161,2005-10,1
1581802366,2005-01,1
1581802366,2005-10,1
1581802560,2005-03,1
1581802684,2005-07,1
1581803079,2005-03,1
1581803435,2005-09,1
1581803591,2005-09,1
1581803761,2005-08,1
1581803788,2005-09,1
1581803796,2005-09,1
1581803974,2005-01,1
1581804091,2005-02,1
1581804237,2005-01,1
1581804237,2005-07,1
1581804318,2005-08,1
1581804334,2005-09,1
1581804369,2005-06,1
1581804385,2005-07,1
1581804393,2005-10,1
1581804725,2005-02,1
1581804768,2005-02,1
1581804806,2005-09,1
1581804849,2005-09,1
1581804865,2005-09,1
1581804865,2005-10,1
1581805012,2005-08,1
1581805136,2005-09,1
1581805489,2005-08,1
1581805519,2005-09,1
1581805527,2005-08,1
1581805578,2005-06,1
1581805578,2005-07,1
1581805632,2005-03,1
158180587X,2005-08,1
1581806086,2005-10,1
1581806507,2005-08,1
1581806507,2005-09,3
1581806515,2005-09,1
1581806787,2005-08,1
1581806787,2005-09,3
1581806787,2005-10,1
1581820348,2005-03,1
1581821905,2005-09,1
1581822391,2005-05,1
1581822456,2005-07,1
1581822650,2005-01,1
1581822804,2005-05,1
1581822871,2005-03,1
1581822928,2005-03,1
1581822952,2005-03,1
1581823460,2005-09,1
1581823665,2005-07,1
1581823908,2005-09,1
1581824335,2005-09,1
1581824432,2005-06,1
1581824432,2005-07,1
1581824572,2005-09,1
1581824580,2005-04,1
1581824599,2005-08,1
1581824599,2005-09,3
1581824599,2005-10,1
1581942036,2005-01,1
1581942052,2005-04,1
1581942060,2005-04,1
1581950136,2005-01,1
1581960263,2005-08,1
1581970218,2005-09,1
1582092648,2005-07,1
1582181365,2005-06,1
1582181462,2005-09,1
1582292973,2005-02,1
1582292973,2005-08,1
1582293767,2005-08,1
1582294267,2005-02,1
1582294267,2005-03,1
1582294275,2005-03,1
1582294275,2005-09,1
1582294380,2005-09,1
1582340331,2005-09,1
1582340455,2005-03,1
1582340455,2005-05,1
158234051X,2005-08,1
1582341028,2005-10,1
1582341036,2005-10,1
158234146X,2005-02,1
1582341591,2005-03,1
158234180X,2005-01,1
158234180X,2005-06,1
158234180X,2005-09,1
1582341931,2005-06,1
1582342113,2005-01,1
1582342229,2005-08,1
158234227X,2005-07,1
1582342474,2005-02,1
1582342873,2005-08,1
1582342903,2005-05,1
1582342903,2005-08,1
158234311X,2005-04,1
1582343284,2005-03,1
1582343497,2005-07,1
1582343578,2005-08,1
1582343586,2005-09,1
1582343675,2005-08,1
1582343829,2005-06,1
1582343853,2005-03,1
1582343926,2005-07,1
1582343934,2005-07,1
1582343969,2005-03,1
1582344167,2005-01,2
1582344167,2005-02,1
1582344167,2005-03,2
1582344167,2005-04,1
1582344167,2005-05,3
1582344167,2005-06,2
1582344167,2005-07,4
1582344167,2005-08,5
1582344175,2005-05,1
1582344205,2005-07,1
1582344256,2005-01,1
1582344450,2005-08,1
1582344582,2005-05,1
1582344825,2005-03,1
1582344833,2005-03,1
1582344833,2005-08,1
1582344841,2005-02,1
1582345066,2005-05,1
1582345082,2005-01,1
1582345082,2005-03,3
1582345082,2005-05,1
1582345082,2005-10,1
1582345090,2005-07,1
1582345112,2005-04,1
1582345171,2005-05,1
1582345228,2005-03,1
1582345236,2005-05,1
1582345295,2005-03,2
1582345503,2005-05,1
1582345643,2005-05,1
1582345643,2005-08,1
1582345821,2005-07,1
1582345821,2005-08,1
1582345821,2005-09,1
1582345856,2005-08,1
1582345856,2005-09,1
1582345864,2005-10,1
1582346038,2005-10,1
1582346186,2005-06,2
1582346186,2005-07,1
1582346186,2005-08,2
1582346461,2005-10,1
1582346860,2005-10,1
1582347530,2005-05,1
1582348251,2005-02,1
1582348286,2005-08,1
158234843X,2005-02,1
158234843X,2005-05,1
158234843X,2005-08,1
1582348898,2005-09,1
1582349533,2005-06,1
1582349924,2005-06,1
1582349932,2005-06,1
1582369003,2005-07,1
1582369003,2005-09,1
1582369046,2005-09,1
1582380783,2005-02,1
1582380902,2005-04,1
158238097X,2005-09,1
1582400016,2005-07,1
1582402108,2005-05,1
1582402604,2005-05,1
1582403309,2005-08,1
1582403333,2005-05,1
1582403589,2005-07,1
1582403589,2005-09,1
1582403813,2005-05,1
1582404011,2005-08,1
1582404135,2005-08,1
1582404771,2005-05,1
1582404801,2005-04,1
1582404801,2005-05,1
1582404925,2005-06,1
158240500X,2005-10,1
1582405034,2005-08,1
1582430373,2005-07,1
1582431191,2005-03,1
1582431698,2005-06,1
158243171X,2005-08,1
1582431841,2005-07,1
1582432678,2005-06,1
1582432678,2005-07,1
1582432708,2005-08,1
1582432805,2005-05,1
1582432996,2005-07,1
1582433038,2005-01,1
1582433216,2005-01,1
1582433232,2005-01,1
1582433275,2005-08,1
1582440573,2005-10,1
1582450285,2005-07,1
1582450285,2005-08,1
1582451516,2005-03,1
1582451583,2005-07,1
1582460469,2005-09,1
1582460469,2005-10,1
1582460507,2005-08,1
1582460728,2005-08,1
1582461082,2005-08,1
158255059X,2005-02,1
1582550727,2005-03,1
1582552797,2005-08,1
1582553378,2005-05,1
1582553491,2005-08,1
1582554048,2005-09,1
1582611130,2005-03,1
1582612250,2005-03,1
1582613087,2005-07,1
1582613354,2005-01,1
1582616027,2005-03,1
1582616167,2005-02,1
1582616744,2005-10,1
1582616876,2005-08,1
1582617260,2005-03,1
1582617333,2005-07,1
1582617333,2005-08,1
1582617589,2005-10,1
1582617627,2005-02,1
1582617899,2005-03,1
158261797X,2005-02,1
1582618186,2005-01,1
158261833X,2005-06,1
1582619077,2005-04,1
1582619433,2005-06,1
1582619611,2005-09,1
158261976X,2005-08,1
1582619913,2005-05,1
1582619980,2005-06,1
1582619980,2005-09,1
1582700036,2005-01,1
1582700036,2005-03,1
1582700141,2005-07,1
1582701148,2005-02,1
1582701148,2005-03,1
1582701148,2005-04,2
1582701148,2005-07,1
1582701148,2005-08,2
1582701148,2005-09,2
1582701148,2005-10,1
1582701229,2005-04,1
1582701288,2005-06,1
1582701288,2005-07,1
1582701326,2005-09,1
1582900434,2005-03,1
1582910103,2005-08,1
1582970548,2005-10,1
1582970645,2005-06,1
1582970912,2005-05,1
158297103X,2005-07,1
158297103X,2005-08,1
1582971269,2005-08,1
1582971749,2005-03,1
158297182X,2005-08,2
158297215X,2005-03,1
158297215X,2005-05,1
1582972400,2005-07,2
1582972400,2005-08,2
1582972427,2005-05,1
1582972443,2005-08,1
1582972516,2005-08,1
158297263X,2005-01,1
1582972710,2005-01,1
1582972710,2005-09,1
1582972745,2005-09,1
1582972893,2005-09,1
158297294X,2005-07,1
1582972958,2005-08,1
1582972958,2005-09,2
1582972966,2005-03,1
1582973113,2005-02,1
1582973113,2005-06,1
158297327X,2005-09,1
1582973288,2005-03,1
1582973288,2005-04,1
1582973369,2005-04,1
1582973482,2005-10,1
1582973547,2005-01,1
1582973547,2005-03,1
1582973946,2005-09,2
1582973997,2005-09,2
1582974004,2005-09,2
1582974012,2005-09,2
1582974020,2005-09,1
158314045X,2005-04,1
158314207X,2005-08,1
1583142703,2005-02,1
1583142835,2005-07,1
158314336X,2005-03,1
1583143580,2005-03,1
1583143858,2005-08,1
1583143890,2005-03,1
1583143947,2005-03,1
1583143955,2005-03,1
1583144293,2005-03,1
1583144293,2005-08,1
1583144684,2005-02,1
1583144803,2005-03,1
158314482X,2005-06,1
1583144862,2005-04,1
1583144862,2005-05,1
1583144889,2005-05,1
1583144897,2005-02,1
1583145249,2005-04,1
1583145656,2005-03,1
1583145656,2005-04,2
1583145923,2005-03,2
1583146059,2005-06,1
1583146172,2005-03,1
1583146199,2005-08,1
1583146431,2005-09,1
1583146539,2005-09,1
1583220356,2005-08,1
1583220380,2005-02,1
1583220674,2005-09,1
1583224890,2005-01,1
1583225269,2005-02,1
1583225269,2005-04,1
1583225269,2005-08,1
1583225366,2005-02,1
1583225366,2005-10,1
1583226141,2005-03,1
1583226168,2005-10,1
1583226257,2005-04,1
1583226257,2005-09,1
1583226281,2005-08,1
1583226605,2005-04,1
158322677X,2005-07,1
1583226850,2005-06,1
1583226907,2005-10,1
158322713X,2005-09,1
158322713X,2005-10,1
1583330771,2005-08,1
1583330771,2005-09,1
1583330771,2005-10,1
1583330844,2005-09,1
1583330992,2005-09,1
1583331077,2005-03,1
1583331395,2005-08,1
158333159X,2005-10,1
1583331719,2005-06,2
1583331778,2005-02,1
1583331816,2005-01,1
1583332022,2005-03,1
1583332049,2005-02,1
1583332049,2005-07,1
1583332081,2005-01,1
1583332200,2005-08,1
1583470441,2005-08,1
1583470506,2005-01,1
1583483276,2005-06,1
1583483845,2005-09,1
1583484906,2005-01,1
1583484906,2005-07,1
1583487670,2005-01,1
1583550380,2005-10,1
1583550739,2005-08,1
1583551026,2005-09,1
1583551301,2005-04,1
1583551352,2005-09,1
1583552480,2005-06,1
1583603573,2005-03,1
1583671188,2005-03,1
1583761667,2005-03,1
1583850570,2005-04,1
1583870067,2005-05,1
1583880887,2005-09,1
1583880933,2005-08,1
1583880941,2005-09,1
158388145X,2005-08,1
1583913300,2005-08,1
1583913548,2005-07,1
1583913580,2005-04,1
1583913580,2005-05,1
1583913580,2005-08,1
1583913580,2005-09,1
1583913580,2005-10,1
1583918337,2005-07,1
1583940006,2005-01,1
1583940006,2005-02,1
1583940081,2005-02,1
1583940537,2005-05,1
1583940537,2005-07,1
1583940537,2005-09,2
1583940669,2005-01,1
1583940766,2005-09,1
1583941231,2005-07,2
1583941231,2005-08,3
1584152508,2005-09,1
1584152761,2005-08,1
1584200111,2005-01,1
1584230940,2005-08,1
1584280352,2005-07,1
1584280581,2005-02,1
1584280638,2005-09,1
1584280794,2005-09,1
1584280956,2005-04,1
1584280980,2005-07,1
1584281081,2005-05,1
1584281081,2005-07,1
1584281103,2005-03,1
1584281146,2005-08,1
1584281227,2005-08,1
1584281251,2005-04,1
1584281251,2005-08,1
158428126X,2005-06,1
1584281308,2005-02,1
1584281316,2005-09,1
1584281332,2005-06,1
1584281340,2005-06,1
1584281375,2005-04,1
1584281499,2005-03,1
1584281588,2005-06,1
1584281626,2005-08,1
1584350180,2005-08,1
1584450428,2005-05,1
1584502045,2005-03,1
1584502363,2005-03,1
1584502711,2005-05,1
1584502975,2005-08,1
1584502975,2005-09,1
1584503343,2005-01,1
1584503386,2005-05,1
1584503440,2005-04,2
1584503440,2005-08,1
1584503556,2005-08,1
1584503564,2005-03,1
1584503564,2005-08,2
1584503564,2005-09,1
1584503637,2005-04,1
1584503769,2005-08,1
1584503963,2005-09,1
1584561335,2005-05,1
1584652969,2005-05,1
1584653124,2005-03,1
1584653507,2005-01,1
1584653507,2005-03,1
1584654775,2005-08,1
1584680008,2005-02,1
1584690488,2005-08,1
1584690631,2005-07,1
1584723424,2005-07,1
1584762071,2005-06,1
1584762071,2005-08,1
1584762691,2005-03,1
158479027X,2005-02,1
1584790830,2005-07,2
1584790830,2005-08,2
1584790830,2005-09,1
1584790873,2005-08,1
1584792132,2005-09,1
1584792795,2005-08,1
1584792868,2005-09,1
1584792906,2005-10,1
1584792914,2005-08,1
1584792930,2005-08,1
1584792965,2005-01,1
158479299X,2005-08,1
1584793023,2005-06,1
1584793023,2005-07,1
1584793074,2005-02,1
1584793155,2005-08,1
1584793236,2005-06,1
1584793279,2005-01,1
1584793279,2005-08,2
1584793341,2005-10,1
1584793457,2005-08,1
1584793562,2005-09,1
1584793570,2005-04,1
1584793643,2005-09,1
1584793651,2005-08,1
1584793678,2005-03,1
1584793678,2005-08,1
1584793678,2005-09,1
1584793880,2005-06,1
1584793953,2005-08,1
1584794038,2005-05,1
1584794089,2005-07,1
1584794097,2005-04,1
1584794135,2005-09,1
1584794143,2005-04,5
1584794143,2005-05,1
1584794143,2005-07,2
1584794143,2005-09,2
158479416X,2005-08,1
1584794186,2005-06,1
1584794321,2005-09,1
1584794550,2005-09,3
1584830492,2005-08,1
1584850396,2005-09,1
1584851945,2005-04,1
1584882360,2005-05,1
1584882379,2005-04,1
1584884258,2005-06,1
1584884347,2005-04,1
1584884401,2005-07,1
1584884509,2005-02,1
1584884916,2005-09,1
1584884916,2005-10,1
1585000345,2005-04,1
1585003387,2005-09,1
1585004162,2005-05,1
1585004782,2005-01,1
1585004782,2005-08,1
1585007730,2005-07,1
1585010782,2005-09,1
1585031348,2005-03,1
1585031631,2005-08,1
1585031879,2005-03,1
1585090204,2005-07,1
158509045X,2005-04,1
1585090565,2005-06,1
1585091057,2005-08,1
1585160253,2005-08,1
1585160555,2005-09,1
1585160660,2005-09,1
1585161616,2005-10,1
1585161993,2005-08,1
1585166812,2005-01,1
1585167657,2005-01,1
1585182052,2005-08,1
1585182443,2005-04,1
1585183601,2005-10,1
1585185884,2005-07,1
1585188530,2005-01,1
1585320927,2005-09,1
1585361607,2005-05,1
1585362433,2005-09,1
1585420212,2005-07,1
1585420328,2005-10,1
1585420638,2005-04,1
1585420751,2005-05,1
1585421162,2005-10,1
1585421170,2005-04,1
1585421170,2005-08,1
1585421170,2005-09,1
1585421464,2005-08,1
1585421677,2005-04,1
1585421723,2005-04,1
1585421812,2005-08,1
1585421936,2005-06,1
1585422126,2005-02,1
1585422169,2005-05,1
1585422193,2005-03,1
1585422266,2005-09,1
1585422274,2005-03,1
1585422290,2005-09,1
158542241X,2005-01,1
158542241X,2005-07,1
158542269X,2005-09,1
1585422762,2005-03,1
1585422789,2005-04,3
1585422789,2005-05,3
1585422789,2005-06,1
1585422789,2005-07,1
1585422789,2005-08,2
1585423017,2005-08,1
1585423068,2005-01,1
1585423068,2005-02,1
1585423181,2005-10,1
1585423211,2005-02,1
1585423238,2005-03,1
1585423319,2005-06,1
1585423343,2005-08,1
1585423394,2005-08,1
1585423459,2005-03,1
1585423459,2005-04,1
1585423459,2005-05,1
1585423459,2005-07,1
1585423475,2005-01,2
1585423491,2005-04,1
1585423491,2005-10,1
1585423513,2005-05,1
1585423521,2005-02,1
158542353X,2005-01,1
158542353X,2005-04,1
1585423580,2005-03,1
1585423807,2005-09,1
1585424129,2005-07,1
158542420X,2005-08,2
1585424226,2005-07,1
1585424277,2005-08,1
158544152X,2005-02,1
1585442283,2005-09,1
1585442372,2005-01,1
1585442372,2005-06,1
1585442429,2005-03,1
1585442542,2005-02,1
1585442755,2005-09,1
1585443476,2005-09,1
1585444065,2005-08,1
1585444413,2005-06,1
158544457X,2005-09,1
1585622257,2005-09,1
158567009X,2005-01,1
1585670243,2005-04,1
1585670618,2005-08,1
1585671185,2005-04,1
1585671444,2005-07,1
1585671614,2005-04,1
1585671622,2005-08,1
1585672343,2005-01,1
1585672750,2005-05,1
1585672769,2005-07,1
158567298X,2005-01,1
1585673463,2005-09,1
1585673714,2005-04,1
1585674060,2005-02,1
1585674060,2005-08,1
1585674184,2005-05,1
1585674370,2005-07,1
1585674389,2005-02,2
1585674389,2005-05,1
1585674710,2005-05,1
1585674796,2005-04,1
1585674826,2005-02,1
1585675008,2005-10,1
1585675490,2005-08,1
1585675598,2005-04,2
1585675598,2005-07,1
1585676152,2005-02,1
1585676195,2005-01,1
1585676209,2005-09,1
1585676284,2005-01,1
1585676349,2005-09,1
1585676438,2005-08,1
1585676543,2005-08,1
1585676616,2005-07,1
1585676969,2005-08,1
1585677612,2005-08,1
1585710288,2005-08,1
1585710431,2005-07,1
1585710768,2005-01,1
158571092X,2005-06,1
1585710938,2005-03,1
1585710938,2005-08,1
158571108X,2005-03,1
158571108X,2005-08,1
1585711276,2005-05,1
1585711306,2005-09,1
1585711489,2005-10,1
1585711632,2005-05,1
1585711632,2005-06,1
1585711640,2005-07,1
1585711659,2005-06,1
1585730033,2005-04,1
1585740802,2005-09,1
1585740853,2005-09,1
1585741957,2005-09,1
1585742147,2005-01,1
158574218X,2005-07,1
1585742511,2005-09,1
1585742996,2005-09,1
1585743127,2005-09,1
1585743526,2005-08,1
1585743526,2005-10,1
158574364X,2005-04,1
1585743976,2005-09,1
1585744573,2005-03,1
158574557X,2005-09,1
1585745898,2005-09,1
1585746223,2005-03,1
1585746827,2005-05,1
1585747122,2005-01,1
1585747351,2005-02,1
1585747351,2005-05,1
1585747505,2005-06,1
1585748005,2005-08,2
1585748285,2005-02,1
1585748293,2005-10,1
1585748579,2005-09,1
1585921041,2005-07,1
1585973092,2005-04,1
1586080814,2005-09,1
1586086634,2005-10,1
1586086731,2005-10,1
1586086790,2005-10,1
1586086812,2005-09,1
1586086855,2005-10,1
1586087045,2005-08,1
1586087088,2005-08,1
1586087096,2005-10,1
158608710X,2005-09,1
1586091379,2005-09,1
1586091867,2005-02,1
1586170163,2005-04,1
1586170163,2005-05,2
1586170163,2005-10,1
158617035X,2005-07,1
1586170392,2005-09,2
1586170430,2005-09,1
1586170449,2005-09,1
1586170457,2005-08,1
1586210661,2005-09,1
1586210823,2005-07,1
1586210912,2005-07,2
1586211145,2005-07,1
1586214012,2005-05,1
1586214098,2005-04,1
158621439X,2005-09,1
1586215299,2005-08,1
1586215647,2005-09,2
1586216554,2005-04,1
1586216554,2005-09,1
1586217097,2005-08,1
1586217127,2005-10,1
1586217194,2005-01,1
1586217194,2005-09,1
1586217305,2005-10,1
1586217615,2005-08,1
1586380087,2005-07,1
1586400681,2005-10,1
158640069X,2005-02,1
1586401726,2005-07,1
1586420003,2005-05,1
1586420666,2005-04,1
1586420771,2005-05,1
1586420771,2005-07,1
1586420836,2005-02,1
1586420836,2005-03,1
1586420836,2005-05,1
1586420879,2005-05,1
1586420895,2005-09,2
1586480189,2005-09,1
1586480804,2005-10,1
1586481045,2005-10,1
1586481134,2005-05,1
1586481150,2005-08,1
158648138X,2005-06,1
1586481398,2005-05,1
1586481657,2005-06,1
158648169X,2005-05,1
1586481738,2005-05,1
1586481886,2005-08,1
1586481932,2005-08,1
1586482033,2005-03,1
1586482033,2005-09,1
1586482122,2005-06,1
1586482149,2005-05,2
1586482149,2005-06,1
1586482181,2005-05,1
1586482440,2005-04,1
1586482475,2005-03,1
1586482483,2005-07,1
1586482491,2005-02,1
1586482548,2005-04,1
1586482548,2005-07,1
1586482572,2005-03,1
1586482599,2005-05,1
1586482610,2005-01,1
1586482610,2005-02,1
1586482610,2005-03,3
1586482610,2005-08,1
1586482610,2005-09,1
1586482637,2005-05,1
1586482696,2005-06,1
1586482696,2005-07,1
1586482696,2005-08,1
1586482696,2005-09,2
1586482769,2005-07,1
1586482823,2005-08,1
1586482939,2005-01,1
1586482939,2005-02,1
1586482963,2005-06,1
1586482963,2005-07,1
158648303X,2005-05,1
1586483153,2005-04,1
1586483439,2005-09,1
1586555804,2005-07,1
1586559990,2005-05,1
1586559990,2005-09,1
1586601431,2005-09,1
158660399X,2005-07,1
1586605097,2005-04,1
1586606735,2005-05,1
1586606751,2005-03,1
1586606794,2005-09,1
1586607014,2005-01,1
1586607251,2005-03,1
1586608290,2005-09,1
1586630075,2005-01,1
158663304X,2005-07,1
1586636995,2005-07,1
1586637541,2005-09,1
1586638688,2005-06,1
1586638696,2005-06,1
1586648039,2005-07,1
1586649558,2005-07,1
1586649558,2005-09,2
1586649566,2005-01,1
1586649574,2005-03,1
1586649582,2005-01,1
1586649590,2005-08,1
1586649604,2005-09,1
1586670832,2005-09,1
1586850210,2005-02,1
1586850326,2005-07,1
1586850334,2005-07,1
1586850547,2005-04,1
1586851136,2005-07,1
1586851306,2005-03,1
1586851438,2005-04,1
1586851748,2005-09,1
1586852035,2005-08,1
1586852345,2005-01,1
1586852507,2005-06,1
1586852884,2005-01,1
1586852884,2005-04,1
1586852884,2005-06,1
1586852884,2005-08,1
1586852884,2005-09,1
1586852892,2005-01,1
1586853066,2005-08,1
158685321X,2005-05,1
158685321X,2005-08,1
1586853333,2005-09,1
1586853651,2005-03,1
1586853716,2005-07,1
1586853716,2005-08,1
1586853805,2005-07,1
1586854151,2005-09,1
158685433X,2005-08,1
158685433X,2005-09,1
158685464X,2005-03,1
1586854704,2005-05,1
1586855158,2005-05,1
1586855212,2005-06,1
1586855247,2005-05,1
1586855409,2005-10,1
1586857355,2005-09,2
1586857436,2005-09,1
1586900048,2005-02,1
1587050404,2005-01,1
1587050692,2005-08,1
158705096X,2005-02,1
158705146X,2005-07,1
1587051486,2005-07,1
1587051508,2005-04,1
1587051575,2005-07,1
1587052148,2005-08,1
1587131102,2005-07,1
1587151022,2005-03,1
1587152630,2005-06,1
1587153440,2005-04,1
1587154471,2005-08,1
1587154811,2005-07,1
1587155486,2005-06,1
1587155850,2005-07,1
1587155915,2005-08,1
1587170302,2005-08,1
1587170663,2005-03,1
1587170787,2005-07,1
1587170949,2005-09,1
1587171341,2005-09,1
1587200546,2005-08,1
1587200856,2005-04,1
1587200910,2005-10,1
1587200953,2005-03,1
1587200953,2005-04,1
1587200953,2005-09,2
1587201011,2005-04,1
1587201011,2005-07,1
1587201224,2005-06,1
1587201240,2005-05,1
1587201291,2005-07,1
1587201291,2005-08,1
1587201356,2005-06,1
1587201356,2005-07,1
1587201364,2005-08,1
1587215004,2005-09,1
1587216582,2005-03,1
1587217899,2005-08,1
1587245604,2005-10,1
1587246600,2005-07,1
1587261081,2005-08,1
1587261111,2005-08,1
1587261855,2005-04,1
1587261855,2005-07,1
1587261855,2005-08,1
1587261855,2005-09,1
1587310236,2005-03,1
1587330032,2005-09,1
158736106X,2005-04,1
1587361167,2005-04,1
1587361167,2005-06,1
1587361388,2005-05,1
1587363135,2005-08,1
1587363429,2005-09,1
1587364549,2005-07,1
1587364638,2005-08,1
1587364727,2005-07,1
1587365146,2005-08,1
1587420031,2005-04,1
1587420236,2005-04,1
1587430045,2005-07,1
1587430045,2005-09,1
1587430363,2005-03,1
1587430681,2005-08,1
158743069X,2005-03,1
158743069X,2005-07,2
158743072X,2005-09,1
1587430878,2005-06,1
1587430894,2005-05,1
158743122X,2005-05,1
158747008X,2005-07,1
1587494035,2005-05,1
158754105X,2005-04,1
158754105X,2005-08,1
1587541068,2005-08,1
1587600188,2005-03,1
1587611708,2005-10,1
1587611929,2005-08,1
1587611953,2005-06,1
1587611961,2005-05,1
1587612089,2005-05,1
1587612127,2005-07,1
1587612321,2005-08,1
1587622025,2005-06,1
1587623676,2005-09,1
1587623692,2005-07,1
1587670461,2005-07,1
1587671115,2005-10,1
1587680262,2005-03,1
1587710188,2005-09,1
1587710218,2005-07,1
1587710218,2005-09,1
1587710218,2005-10,1
1587710226,2005-06,1
1587710226,2005-08,2
1587781727,2005-07,1
1587781972,2005-05,1
1587784777,2005-02,1
158778792X,2005-07,1
1587860104,2005-08,1
1587880784,2005-06,1
1587880792,2005-09,1
1587889919,2005-08,1
1587901110,2005-09,1
1587990598,2005-05,1
1587990717,2005-08,1
1587991705,2005-01,1
158799190X,2005-03,1
158799190X,2005-05,1
158799190X,2005-06,1
1588080560,2005-07,1
1588162052,2005-08,1
1588162141,2005-09,1
1588162745,2005-10,1
1588164039,2005-08,1
1588164233,2005-07,1
1588164519,2005-09,1
1588180719,2005-09,1
1588181049,2005-07,1
1588202135,2005-07,1
1588204065,2005-02,1
1588206106,2005-02,1
1588262979,2005-09,1
1588291758,2005-08,1
1588321002,2005-07,1
1588321002,2005-08,1
158834021X,2005-09,1
1588340414,2005-06,1
158834049X,2005-03,1
1588341038,2005-02,1
1588341038,2005-08,1
1588341283,2005-07,1
1588341372,2005-02,1
1588341607,2005-08,1
1588341607,2005-09,1
158834200X,2005-07,1
1588342123,2005-10,1
1588342190,2005-07,1
1588342190,2005-09,1
1588381110,2005-05,1
1588433897,2005-07,1
1588433897,2005-09,1
1588460738,2005-01,1
1588460894,2005-09,1
158846119X,2005-01,1
1588461238,2005-01,1
1588461394,2005-08,1
1588462471,2005-05,1
1588462471,2005-06,1
1588462471,2005-07,1
1588463249,2005-05,1
1588463249,2005-07,1
1588463249,2005-09,1
1588464849,2005-01,1
1588464849,2005-07,1
1588467872,2005-08,1
1588467961,2005-08,1
1588468194,2005-03,1
1588468208,2005-03,1
1588468216,2005-03,1
1588468232,2005-04,1
1588468313,2005-05,1
1588468615,2005-08,1
1588468623,2005-08,1
1588468666,2005-03,1
1588468666,2005-04,1
1588510506,2005-06,1
1588513521,2005-03,1
1588513521,2005-10,1
1588516725,2005-08,1
1588517578,2005-08,1
1588720438,2005-05,1
1588720446,2005-08,1
1588720497,2005-09,1
1588720845,2005-09,1
1588720896,2005-03,1
1588741311,2005-01,1
1588800334,2005-03,1
1588903877,2005-09,1
1588980952,2005-08,1
1588980952,2005-10,1
1588988023,2005-01,1
1588989054,2005-08,1
1589010329,2005-04,1
1589010329,2005-07,1
1589010361,2005-10,1
1589010698,2005-10,2
1589011023,2005-08,1
158901104X,2005-07,1
1589190319,2005-04,1
158919053X,2005-06,1
1589193067,2005-09,1
1589230620,2005-06,1
1589230698,2005-01,1
1589230698,2005-02,2
1589230868,2005-08,1
1589230922,2005-05,1
158923121X,2005-08,1
1589231341,2005-05,1
1589231392,2005-08,1
158923166X,2005-08,1
1589253671,2005-04,1
1589266250,2005-02,1
1589266560,2005-09,1
1589266633,2005-03,1
1589267141,2005-10,1
1589267362,2005-09,1
1589268946,2005-08,1
1589269241,2005-08,1
1589269241,2005-09,1
1589390393,2005-03,1
1589392647,2005-01,1
1589392647,2005-06,1
1589393228,2005-04,1
158939349X,2005-03,1
1589394291,2005-10,1
1589394577,2005-07,1
1589395344,2005-08,1
1589395417,2005-02,1
1589395824,2005-10,1
1589395972,2005-01,1
1589395972,2005-04,1
1589395972,2005-07,1
1589396774,2005-07,1
1589397029,2005-04,1
1589397274,2005-07,1
158939738X,2005-09,1
158939738X,2005-10,1
1589430638,2005-08,1
1589430638,2005-09,1
158948018X,2005-05,1
158948018X,2005-07,1
1589480228,2005-01,1
158948083X,2005-02,1
158948083X,2005-08,1
1589580206,2005-02,1
158960072X,2005-09,1
1589611381,2005-02,1
1589611713,2005-07,1
1589612132,2005-08,1
1589612299,2005-02,1
1589613163,2005-05,1
1589635019,2005-10,1
1589635833,2005-08,1
1589638026,2005-09,1
1589762290,2005-06,1
1589790367,2005-07,1
1589790383,2005-08,1
1589790804,2005-05,1
158979124X,2005-01,1
1589791398,2005-07,1
1589791517,2005-02,1
1589791517,2005-07,1
1589791606,2005-03,1
158979169X,2005-08,1
1589791916,2005-08,1
1589792459,2005-10,1
1589800079,2005-06,1
1589801644,2005-09,1
1589801822,2005-05,1
1589802020,2005-10,1
1589802063,2005-06,1
1589802098,2005-01,1
1589802098,2005-03,2
158980211X,2005-08,1
1589802152,2005-08,1
1589802926,2005-09,1
1589803094,2005-05,1
1589803299,2005-07,1
1589820088,2005-02,1
1589821653,2005-04,1
1589850149,2005-10,1
1589971280,2005-10,1
1589971493,2005-08,1
1589972996,2005-07,1
1589972996,2005-08,1
1589972996,2005-09,1
1590030036,2005-03,1
159003029X,2005-08,1
1590075471,2005-10,1
1590080165,2005-08,1
1590080254,2005-04,1
1590120124,2005-08,1
1590120507,2005-02,1
1590130014,2005-02,1
1590130324,2005-01,1
1590130375,2005-04,1
159013060X,2005-09,1
159017027X,2005-07,1
1590170342,2005-01,1
1590170431,2005-03,1
1590170512,2005-08,1
159017061X,2005-07,1
1590170806,2005-06,1
1590170849,2005-09,1
1590170857,2005-01,1
159017092X,2005-06,1
1590170962,2005-03,1
1590171020,2005-01,1
159017125X,2005-09,1
1590171292,2005-02,1
1590171373,2005-08,1
1590171373,2005-09,1
1590171470,2005-09,1
1590171551,2005-08,1
1590171586,2005-06,3
1590171586,2005-09,1
1590230000,2005-01,1
159023006X,2005-01,1
1590230078,2005-01,1
1590300246,2005-10,1
1590300408,2005-10,1
1590300459,2005-07,1
1590300688,2005-05,1
1590300696,2005-08,1
1590300785,2005-02,1
1590300785,2005-08,1
1590301471,2005-03,1
1590301544,2005-03,1
1590301560,2005-01,1
1590301706,2005-08,1
1590302443,2005-09,1
159030263X,2005-07,1
1590313828,2005-06,1
1590313992,2005-03,1
1590340094,2005-03,1
159036094X,2005-02,1
1590382064,2005-08,1
1590382234,2005-02,1
1590382234,2005-09,1
1590384415,2005-10,1
1590384571,2005-10,1
1590400267,2005-05,1
1590411153,2005-03,1
1590473337,2005-08,1
1590473337,2005-10,1
1590473787,2005-10,1
1590473841,2005-10,1
1590474600,2005-09,1
1590480007,2005-02,1
1590520149,2005-01,1
1590520335,2005-03,1
1590520378,2005-04,1
1590520475,2005-09,1
1590520890,2005-09,1
1590520955,2005-01,1
1590521005,2005-09,1
1590521196,2005-05,1
1590521315,2005-09,1
1590521471,2005-01,1
1590521471,2005-07,1
1590521471,2005-08,1
1590521471,2005-10,1
159052151X,2005-09,1
159052151X,2005-10,1
1590521528,2005-05,1
1590521536,2005-08,1
159052201X,2005-08,1
159052201X,2005-09,1
1590522265,2005-04,1
1590522532,2005-09,1
1590522583,2005-05,1
1590522583,2005-08,1
1590522591,2005-08,1
1590522753,2005-09,1
1590523172,2005-06,2
1590523172,2005-07,1
1590523172,2005-08,1
1590523172,2005-09,2
1590523288,2005-08,1
1590523431,2005-09,1
1590523679,2005-07,1
1590523733,2005-07,1
1590523733,2005-08,1
1590523830,2005-05,1
1590523873,2005-03,1
1590523873,2005-08,1
1590523962,2005-03,1
1590524020,2005-08,1
1590524020,2005-09,1
1590524039,2005-04,1
1590524071,2005-08,2
1590524136,2005-09,2
1590524268,2005-09,1
1590524292,2005-08,1
1590524306,2005-08,1
1590524365,2005-05,1
1590525132,2005-08,1
1590525132,2005-09,1
1590525213,2005-10,1
1590525302,2005-09,1
1590560469,2005-03,1
1590560647,2005-09,1
1590560833,2005-10,1
1590560868,2005-03,1
1590580567,2005-09,2
1590581296,2005-03,1
1590581431,2005-10,1
1590581466,2005-08,1
1590581849,2005-09,1
1590590155,2005-03,1
1590590236,2005-01,1
1590590775,2005-03,1
1590590961,2005-01,1
1590591070,2005-07,1
1590591143,2005-03,1
1590591267,2005-04,1
1590591305,2005-03,1
1590591399,2005-09,1
1590591445,2005-08,1
1590591453,2005-02,1
159059150X,2005-07,1
1590591992,2005-08,2
159059231X,2005-10,1
1590592344,2005-04,1
1590592395,2005-04,1
1590592395,2005-07,1
1590592433,2005-01,1
1590592492,2005-05,1
1590592573,2005-07,1
159059276X,2005-06,1
1590592786,2005-09,1
1590592816,2005-03,1
1590592905,2005-09,1
1590592972,2005-03,1
1590593170,2005-03,1
1590593235,2005-06,1
1590593251,2005-04,1
1590593308,2005-03,1
1590593413,2005-09,1
1590593448,2005-09,1
1590593456,2005-08,1
1590593464,2005-03,1
1590593464,2005-08,1
1590593499,2005-05,1
1590593499,2005-08,1
1590593502,2005-05,2
1590593561,2005-01,1
1590593561,2005-05,1
1590593731,2005-03,1
1590593766,2005-05,1
1590593804,2005-08,1
1590593812,2005-03,2
1590593812,2005-07,1
1590593812,2005-09,1
1590593812,2005-10,1
1590593871,2005-05,1
1590593871,2005-07,1
1590593901,2005-03,1
1590593901,2005-06,2
1590593928,2005-02,1
1590593928,2005-07,1
1590593952,2005-02,1
1590594134,2005-05,1
1590594258,2005-02,1
1590594304,2005-02,1
1590594339,2005-09,1
1590594479,2005-08,1
1590594584,2005-04,1
1590594584,2005-07,1
1590594614,2005-02,1
1590594614,2005-05,1
1590594614,2005-09,1
1590594673,2005-08,2
1590594673,2005-09,1
1590594851,2005-07,1
1590594967,2005-10,1
1590595009,2005-07,1
1590595009,2005-08,1
1590595041,2005-08,1
1590595114,2005-07,1
1590595114,2005-08,1
1590595335,2005-10,2
1590595548,2005-09,1
1590595548,2005-10,1
1590710029,2005-05,1
1590710118,2005-08,1
1590710118,2005-09,1
1590710134,2005-05,1
1590710207,2005-05,1
1590710231,2005-01,1
1590710371,2005-02,1
1590710606,2005-10,1
1590710649,2005-09,1
1590770196,2005-09,1
1590770226,2005-09,1
1590770293,2005-06,1
1590770579,2005-03,1
1590770587,2005-04,1
1590770587,2005-05,2
1590770587,2005-09,1
1590770706,2005-08,2
1590770773,2005-06,1
1590790197,2005-09,1
1590790650,2005-04,1
1590790723,2005-07,1
1590790723,2005-09,1
1590803442,2005-05,1
159084324X,2005-07,1
1590860292,2005-04,1
1590860861,2005-08,1
1590861515,2005-07,1
1590861817,2005-08,1
1590861817,2005-10,1
1590862171,2005-09,1
1590862546,2005-08,1
1590865286,2005-08,1
1590865413,2005-06,1
1590920627,2005-10,1
1590921208,2005-03,1
1590921208,2005-07,1
1590921313,2005-09,1
1590950283,2005-01,1
1590988035,2005-08,1
1591020182,2005-08,1
1591020700,2005-02,1
1591020700,2005-09,1
1591020840,2005-07,1
1591021014,2005-06,1
1591021170,2005-10,1
1591021200,2005-01,2
1591021219,2005-09,1
1591021391,2005-06,1
1591022274,2005-09,1
1591022495,2005-03,1
1591022525,2005-09,1
1591022673,2005-03,1
1591022673,2005-04,1
1591022673,2005-05,1
1591022835,2005-08,1
1591022851,2005-08,1
159102286X,2005-06,1
159102286X,2005-07,1
1591022878,2005-08,1
1591023025,2005-08,2
1591023025,2005-09,1
1591023076,2005-08,1
1591023084,2005-03,1
1591023130,2005-07,1
1591023130,2005-08,1
1591023149,2005-10,1
1591023327,2005-06,1
1591023424,2005-10,1
1591023491,2005-10,3
1591092760,2005-02,1
1591093805,2005-03,1
1591095867,2005-08,1
1591097185,2005-03,1
159109819X,2005-10,1
1591099757,2005-10,1
1591130409,2005-07,1
1591130638,2005-09,1
159113241X,2005-03,1
1591133912,2005-05,1
1591134331,2005-08,1
1591135001,2005-08,1
1591135443,2005-07,1
1591135834,2005-06,1
1591135974,2005-08,1
1591136520,2005-03,1
1591136539,2005-02,1
159113711X,2005-06,1
1591137640,2005-08,1
1591140951,2005-10,1
1591142288,2005-09,1
1591142792,2005-08,1
1591143446,2005-08,1
1591143535,2005-06,1
1591146518,2005-05,1
1591146852,2005-07,1
159114714X,2005-02,1
1591148669,2005-09,1
1591148715,2005-09,1
1591148782,2005-06,1
1591149266,2005-09,1
159114938X,2005-02,2
1591149924,2005-08,1
159116205X,2005-09,1
1591162459,2005-01,1
1591162459,2005-08,1
1591163293,2005-01,1
1591164087,2005-05,1
1591164826,2005-05,1
1591165997,2005-10,1
1591168759,2005-10,1
1591169151,2005-09,1
1591169518,2005-08,1
1591169526,2005-05,1
1591169968,2005-10,1
1591170087,2005-07,1
159120139X,2005-06,1
1591201551,2005-10,1
1591201586,2005-08,1
1591201586,2005-09,1
1591251915,2005-09,1
1591251923,2005-06,1
1591251982,2005-09,1
1591252075,2005-08,2
1591252075,2005-10,2
1591252083,2005-09,1
1591252091,2005-07,1
159125213X,2005-07,1
159125213X,2005-08,2
1591252857,2005-08,1
1591252865,2005-07,1
1591253578,2005-04,1
1591253810,2005-07,1
1591254175,2005-08,1
159125423X,2005-04,1
1591254256,2005-09,1
1591260035,2005-08,1
1591280249,2005-10,1
1591290805,2005-07,1
1591294010,2005-07,1
1591298008,2005-06,1
1591330602,2005-03,1
1591330602,2005-06,1
1591330696,2005-04,1
1591330866,2005-02,1
1591331013,2005-08,1
1591331269,2005-09,1
1591391105,2005-04,1
1591391105,2005-09,2
159139113X,2005-08,1
1591391237,2005-07,1
1591391660,2005-02,1
1591391660,2005-09,1
1591391679,2005-05,1
1591391784,2005-10,1
1591391865,2005-04,1
1591392888,2005-02,1
1591392888,2005-07,1
1591392888,2005-10,1
1591393310,2005-04,1
1591393310,2005-05,1
1591394139,2005-06,1
1591394384,2005-07,1
1591394988,2005-01,1
1591394988,2005-05,1
1591395771,2005-08,1
1591396190,2005-01,1
1591396190,2005-03,1
1591396190,2005-06,2
1591396190,2005-07,3
1591396190,2005-08,2
1591396190,2005-09,1
1591396190,2005-10,1
1591397200,2005-07,1
1591397200,2005-08,1
1591397200,2005-09,1
1591398134,2005-07,1
1591413176,2005-07,1
1591430208,2005-03,1
1591430275,2005-09,1
1591430283,2005-08,1
1591430283,2005-09,1
1591430321,2005-09,1
1591430356,2005-06,1
1591430410,2005-03,1
1591430542,2005-09,1
1591450195,2005-04,1
1591450268,2005-09,1
159145042X,2005-01,1
1591451523,2005-08,1
1591451663,2005-09,1
1591451876,2005-07,2
1591451876,2005-08,1
1591470749,2005-09,1
159147101X,2005-01,1
1591471370,2005-08,1
1591472520,2005-10,1
1591472555,2005-09,1
1591501229,2005-09,1
1591502241,2005-09,1
1591503116,2005-07,1
1591505828,2005-09,1
1591582229,2005-04,1
1591601320,2005-10,1
159160236X,2005-08,1
159160236X,2005-09,1
1591602394,2005-07,1
1591604451,2005-01,1
1591605016,2005-07,1
1591606020,2005-05,1
1591640164,2005-08,1
1591640253,2005-08,1
1591640334,2005-10,1
1591662354,2005-02,1
1591742692,2005-09,1
1591790069,2005-08,1
1591790344,2005-08,1
1591790832,2005-09,1
1591790905,2005-07,1
1591791014,2005-09,1
1591791472,2005-07,1
1591791510,2005-04,1
1591791960,2005-03,1
1591792088,2005-07,1
159179238X,2005-07,1
1591792525,2005-07,1
1591792576,2005-09,2
1591792592,2005-07,1
1591792592,2005-09,1
1591792681,2005-07,1
159179272X,2005-07,1
1591792746,2005-06,1
1591793440,2005-09,2
1591793483,2005-06,1
1591793483,2005-07,2
1591810019,2005-01,1
1591821193,2005-01,1
1591821207,2005-01,1
159182236X,2005-07,1
1591822629,2005-03,1
1591823633,2005-06,1
1591823862,2005-03,1
1591824095,2005-06,1
1591824141,2005-06,1
1591825571,2005-09,1
1591826039,2005-06,1
1591826039,2005-08,1
1591827108,2005-01,1
1591827434,2005-04,1
1591827612,2005-01,1
1591827655,2005-09,1
1591829879,2005-05,1
1591840082,2005-01,1
1591840082,2005-10,1
159184021X,2005-07,2
1591840376,2005-05,1
1591840376,2005-08,1
1591840384,2005-04,1
1591840414,2005-01,1
1591840414,2005-06,1
1591840538,2005-10,1
1591840562,2005-01,1
1591840562,2005-02,3
1591840562,2005-04,1
1591840562,2005-05,1
1591840562,2005-08,1
1591840562,2005-09,1
1591840597,2005-02,1
1591840600,2005-09,1
1591840775,2005-06,1
1591840783,2005-05,1
1591840783,2005-07,1
1591840805,2005-08,1
1591840813,2005-09,1
1591840880,2005-10,3
1591840899,2005-06,1
1591840910,2005-07,1
1591840929,2005-09,1
1591841003,2005-05,1
1591841003,2005-06,1
1591841003,2005-08,2
1591841003,2005-09,2
1591852277,2005-08,1
159185413X,2005-09,1
1591854504,2005-10,1
1591855543,2005-08,1
1591855608,2005-01,1
1591858038,2005-09,1
1591861187,2005-10,1
1591861624,2005-04,1
1591886015,2005-08,1
1591886015,2005-10,1
1591930189,2005-09,1
1591930367,2005-07,1
159195052X,2005-08,1
1591960622,2005-09,1
1591961181,2005-01,1
159196153X,2005-03,1
159196380X,2005-05,1
1591966892,2005-07,1
1591968046,2005-02,1
1591968380,2005-09,1
1592000029,2005-01,1
1592000029,2005-08,1
1592000096,2005-01,1
1592000312,2005-06,1
1592000657,2005-05,1
1592000673,2005-06,1
1592000681,2005-08,1
1592000681,2005-09,1
1592000908,2005-07,1
159200105X,2005-07,1
1592001149,2005-05,1
159200136X,2005-09,1
1592001386,2005-08,1
1592001416,2005-06,1
1592001416,2005-08,1
1592001416,2005-09,1
159200170X,2005-07,1
1592002056,2005-02,1
1592002056,2005-03,1
1592002056,2005-04,1
159200329X,2005-10,1
1592003389,2005-02,1
1592003389,2005-08,1
1592003389,2005-09,1
1592003834,2005-07,1
1592004717,2005-03,1
1592005179,2005-09,1
1592005233,2005-05,1
1592005233,2005-07,1
1592005233,2005-08,1
1592005241,2005-01,1
1592005241,2005-06,1
1592005365,2005-08,1
1592005683,2005-08,1
159200587X,2005-03,1
1592006132,2005-05,1
1592006132,2005-08,1
1592006485,2005-06,1
1592006485,2005-09,1
1592006612,2005-07,1
1592006612,2005-09,1
1592006612,2005-10,1
1592006914,2005-08,1
1592007112,2005-08,1
1592007333,2005-10,1
1592009123,2005-09,1
1592121756,2005-05,1
1592121829,2005-08,1
1592131646,2005-05,1
1592132413,2005-02,1
1592132499,2005-06,1
1592132693,2005-08,1
1592170455,2005-10,1
1592170641,2005-08,1
159217065X,2005-08,1
1592211798,2005-02,1
1592213049,2005-10,1
1592220053,2005-05,1
1592220207,2005-01,1
1592220207,2005-08,1
1592220231,2005-01,1
1592220819,2005-06,2
1592220819,2005-07,1
1592220835,2005-05,2
1592220835,2005-07,1
1592230555,2005-06,1
1592230814,2005-04,1
1592231845,2005-09,1
1592231888,2005-08,1
1592231934,2005-08,1
1592231977,2005-09,1
159223223X,2005-04,1
1592232450,2005-08,1
1592232930,2005-08,1
1592233376,2005-01,1
1592233457,2005-05,1
1592233724,2005-06,1
1592233724,2005-07,1
1592233724,2005-10,1
1592240607,2005-06,1
1592240976,2005-07,1
159224646X,2005-09,1
1592249620,2005-07,1
1592280145,2005-06,1
1592280153,2005-04,1
1592280250,2005-06,1
1592280331,2005-07,1
1592280439,2005-03,1
1592280854,2005-07,1
1592281060,2005-06,1
1592281923,2005-07,1
1592281931,2005-07,1
1592282008,2005-09,1
1592282067,2005-08,1
1592282393,2005-10,1
1592282989,2005-02,1
1592283233,2005-06,1
1592283497,2005-08,1
1592283691,2005-10,1
1592283705,2005-10,1
1592283853,2005-08,1
1592283977,2005-07,1
1592284353,2005-09,1
1592284469,2005-01,1
1592284876,2005-04,1
1592285279,2005-09,1
1592285317,2005-10,1
1592285570,2005-10,1
1592285708,2005-08,1
1592285724,2005-08,1
1592285740,2005-03,1
1592285902,2005-08,1
1592285937,2005-09,1
1592286127,2005-09,1
1592286542,2005-09,1
1592286860,2005-06,1
1592286941,2005-06,1
159228695X,2005-07,1
1592287328,2005-07,1
1592287328,2005-08,1
1592287328,2005-09,1
1592287352,2005-03,1
1592290175,2005-02,1
159233024X,2005-08,1
1592330401,2005-06,1
159233041X,2005-05,1
1592330517,2005-08,1
159233055X,2005-09,1
1592330576,2005-05,1
1592330681,2005-01,1
159233069X,2005-04,1
1592330762,2005-04,3
1592330762,2005-06,1
1592330762,2005-08,2
1592330894,2005-09,1
1592330940,2005-03,1
1592331106,2005-05,2
159233122X,2005-04,1
1592331440,2005-01,1
1592331467,2005-07,1
1592331548,2005-08,1
1592400183,2005-09,2
1592400353,2005-10,1
1592400361,2005-02,2
1592400361,2005-07,1
1592400361,2005-08,1
1592400361,2005-09,2
1592400418,2005-07,1
1592400418,2005-08,2
159240054X,2005-05,1
1592400663,2005-06,1
1592400876,2005-01,2
1592400876,2005-09,3
1592400973,2005-06,1
1592400973,2005-07,1
1592401023,2005-05,1
1592401023,2005-07,1
1592401031,2005-09,1
1592401031,2005-10,1
1592401074,2005-06,1
1592401074,2005-07,1
1592401082,2005-08,1
1592401104,2005-04,1
1592401112,2005-05,1
1592401155,2005-08,1
1592401279,2005-09,1
1592401406,2005-07,1
1592401503,2005-09,1
1592440088,2005-09,1
1592442528,2005-09,1
1592443192,2005-05,1
1592444962,2005-05,1
1592476422,2005-08,1
1592480462,2005-06,1
1592481191,2005-08,1
1592481620,2005-08,1
1592481647,2005-08,1
1592481817,2005-09,1
1592489575,2005-02,1
1592530079,2005-10,1
1592530168,2005-10,1
1592530176,2005-04,1
1592530176,2005-05,1
1592530176,2005-08,1
1592530184,2005-06,1
1592530192,2005-02,1
1592530192,2005-08,1
1592530206,2005-02,1
1592530222,2005-10,1
1592530524,2005-07,1
1592530672,2005-07,1
1592530702,2005-08,1
1592530702,2005-09,1
1592530710,2005-09,1
1592530761,2005-02,1
1592531121,2005-08,1
1592531121,2005-10,1
1592531180,2005-08,1
1592531210,2005-08,1
1592531210,2005-10,1
1592531431,2005-09,1
159253144X,2005-07,1
159253144X,2005-09,1
1592531458,2005-05,1
1592531504,2005-04,1
1592531520,2005-07,1
1592531520,2005-08,1
1592531660,2005-08,1
1592531717,2005-09,2
1592570585,2005-07,1
1592570585,2005-09,2
1592570607,2005-05,1
1592570631,2005-05,1
1592571433,2005-09,1
1592571727,2005-08,1
1592571808,2005-04,1
1592571808,2005-08,1
1592571999,2005-01,1
1592571999,2005-09,1
1592572022,2005-02,1
1592572561,2005-06,1
1592573053,2005-08,1
1592573053,2005-09,1
1592573096,2005-07,1
1592573258,2005-06,1
1592573371,2005-04,1
1592573444,2005-10,1
1592573479,2005-08,1
1592573894,2005-09,1
1592573924,2005-09,2
1592573924,2005-10,1
1592580068,2005-07,1
1592580076,2005-09,1
1592580645,2005-08,1
1592580769,2005-07,1
1592581307,2005-09,1
1592581633,2005-08,1
1592640281,2005-03,1
1592640508,2005-02,1
1592640915,2005-08,1
1592641075,2005-07,1
1592641237,2005-09,1
159265035X,2005-08,1
1592660495,2005-10,1
159270025X,2005-06,1
1592730051,2005-03,1
1592730078,2005-09,1
1592760147,2005-04,1
1592760228,2005-08,1
1592760368,2005-06,1
1592760678,2005-02,1
1592761011,2005-10,1
1592761399,2005-09,1
1592761437,2005-07,1
1592761437,2005-10,1
1592761801,2005-07,1
1592798969,2005-08,1
1592800637,2005-10,1
159281042X,2005-01,1
1592822886,2005-07,1
1592851533,2005-04,1
1592864341,2005-01,1
1592864589,2005-03,1
1592864864,2005-01,1
1592867197,2005-02,1
1592867251,2005-04,2
1592867294,2005-04,1
1592868800,2005-03,1
1592868800,2005-09,1
1592910211,2005-09,1
1592980007,2005-09,1
1592980279,2005-05,1
1592990576,2005-05,1
1592990746,2005-02,1
1592990770,2005-04,1
1592990770,2005-08,1
159299105X,2005-09,1
159299153X,2005-10,1
1592991548,2005-10,1
1593070160,2005-08,1
1593070233,2005-08,1
1593070241,2005-08,1
159307039X,2005-08,1
1593070942,2005-08,1
1593071639,2005-09,1
159307171X,2005-03,1
159307204X,2005-10,1
1593072074,2005-06,1
1593072082,2005-06,1
1593072090,2005-06,1
1593072104,2005-08,1
1593072112,2005-09,1
1593072619,2005-06,1
1593072627,2005-05,1
1593072627,2005-07,1
1593072627,2005-08,1
1593072694,2005-05,1
1593072694,2005-09,1
1593072708,2005-09,2
1593072856,2005-02,1
1593072902,2005-09,1
1593072937,2005-04,2
1593072937,2005-05,1
1593072937,2005-08,1
1593072945,2005-03,1
1593072945,2005-05,2
1593072953,2005-03,1
1593072953,2005-05,2
1593072953,2005-10,1
1593072961,2005-03,1
1593072961,2005-06,1
159307297X,2005-04,1
1593072988,2005-04,1
1593072988,2005-08,1
1593072996,2005-08,1
1593073011,2005-09,1
1593073097,2005-05,1
1593073119,2005-04,1
1593073119,2005-09,1
1593073291,2005-08,1
1593073348,2005-10,1
1593090005,2005-03,1
1593090013,2005-03,1
1593090021,2005-06,1
1593090080,2005-04,1
1593090080,2005-07,1
1593090137,2005-03,1
1593090188,2005-03,2
159309020X,2005-01,1
1593090218,2005-03,1
1593090242,2005-06,1
1593090293,2005-05,1
1593090315,2005-01,1
1593090315,2005-02,1
1593090315,2005-04,1
1593090331,2005-03,1
1593090331,2005-09,1
159309034X,2005-02,1
159309034X,2005-03,1
159309034X,2005-10,1
1593090366,2005-02,1
1593090390,2005-05,1
1593090390,2005-06,1
1593090412,2005-08,1
1593090420,2005-10,1
1593100140,2005-08,1
1593100825,2005-08,1
1593150199,2005-01,1
159315237X,2005-08,1
159315237X,2005-09,1
159315237X,2005-10,1
1593170793,2005-04,1
1593170793,2005-08,1
1593220065,2005-09,1
1593270070,2005-08,1
1593270437,2005-09,1
1593270461,2005-10,1
1593270526,2005-08,1
1593270526,2005-09,1
1593270542,2005-09,2
1593270690,2005-09,1
1593300867,2005-09,1
1593301111,2005-01,1
1593301111,2005-03,1
1593301162,2005-07,1
1593301324,2005-03,1
1593302177,2005-06,1
1593302207,2005-10,1
1593302568,2005-08,1
1593302762,2005-08,1
1593302800,2005-06,1
1593302819,2005-07,1
1593312709,2005-09,1
1593352549,2005-07,1
1593354398,2005-08,1
1593359543,2005-07,1
1593370121,2005-07,1
1593370369,2005-06,1
1593370377,2005-10,1
1593371063,2005-07,1
1593371063,2005-08,1
1593372132,2005-01,1
1593372140,2005-03,1
1593372612,2005-06,1
159337285X,2005-09,1
1593373198,2005-06,1
159337321X,2005-07,1
1593373252,2005-09,1
1593373295,2005-08,1
1593373295,2005-09,1
1593373457,2005-05,1
1593373457,2005-06,1
1593400772,2005-09,1
1593441037,2005-06,1
1593540205,2005-08,1
1593554206,2005-05,1
1593556500,2005-08,1
159355978X,2005-04,1
159355978X,2005-09,1
1593571771,2005-07,1
1593600186,2005-09,1
1593600186,2005-10,1
1593600364,2005-02,1
1593720084,2005-02,1
1593720092,2005-02,1
1593760094,2005-07,1
1593760272,2005-08,2
1593760418,2005-01,1
1593760418,2005-06,1
1593760485,2005-03,2
1593760531,2005-04,1
1593760531,2005-07,1
1593760566,2005-01,1
1593782179,2005-08,1
1593782411,2005-08,1
1593782837,2005-07,1
1593782896,2005-03,1
1593782942,2005-08,1
1593783167,2005-09,1
1593783450,2005-06,1
1593783469,2005-08,1
1593783582,2005-07,1
1593790007,2005-09,1
1593851014,2005-05,1
1593851391,2005-05,1
1593851693,2005-09,1
159393016X,2005-06,1
159393016X,2005-07,1
159393016X,2005-08,1
1593930178,2005-08,1
1593930291,2005-06,1
1593930291,2005-10,1
1593930305,2005-07,1
1593930321,2005-06,1
1593960662,2005-10,1
1593963149,2005-09,3
1593974329,2005-03,1
1593974329,2005-07,1
1593974329,2005-10,1
1593974396,2005-05,1
1593975317,2005-07,1
1593976461,2005-03,1
1593976763,2005-09,1
1593977417,2005-02,1
1593977417,2005-05,1
1593977417,2005-09,1
1593977514,2005-08,1
159397776X,2005-09,1
1593977794,2005-09,1
1594030529,2005-03,2
1594030561,2005-09,1
1594030618,2005-01,1
1594030804,2005-07,1
1594030847,2005-07,2
1594030847,2005-08,1
1594030847,2005-09,1
1594030863,2005-05,1
1594030863,2005-06,1
1594030863,2005-07,2
1594030863,2005-08,2
1594030863,2005-10,1
159403091X,2005-06,1
159404029X,2005-03,1
1594050066,2005-06,1
1594050627,2005-06,1
1594080720,2005-06,1
1594081026,2005-08,1
1594083584,2005-09,1
1594110263,2005-07,1
1594110506,2005-03,1
1594110506,2005-07,1
1594110506,2005-08,1
1594110964,2005-05,1
1594111111,2005-02,1
1594111227,2005-05,1
1594140111,2005-01,1
1594141428,2005-01,1
1594141789,2005-09,1
1594141851,2005-01,1
159414205X,2005-04,1
1594142300,2005-01,1
1594142548,2005-02,1
1594142734,2005-08,1
1594142823,2005-04,1
1594142858,2005-05,1
1594142904,2005-08,1
1594142912,2005-05,1
1594142971,2005-07,1
1594143056,2005-08,1
1594143080,2005-05,1
1594143145,2005-10,1
1594160058,2005-08,1
1594160058,2005-10,1
1594200041,2005-03,1
1594200076,2005-04,1
1594200092,2005-01,1
1594200092,2005-02,2
1594200092,2005-03,1
1594200092,2005-05,1
1594200092,2005-06,1
1594200092,2005-07,1
1594200092,2005-09,3
1594200106,2005-02,1
1594200106,2005-03,1
1594200106,2005-05,1
1594200106,2005-06,1
1594200106,2005-08,1
1594200130,2005-03,1
159420019X,2005-04,1
1594200203,2005-01,1
1594200203,2005-02,1
1594200203,2005-03,2
1594200203,2005-07,1
1594200238,2005-05,1
1594200238,2005-07,1
1594200270,2005-09,1
1594200270,2005-10,1
1594200289,2005-01,1
1594200289,2005-08,1
1594200289,2005-09,1
1594200297,2005-09,1
1594200300,2005-03,1
1594200300,2005-10,1
1594200319,2005-05,1
1594200319,2005-07,1
1594200319,2005-08,1
1594200319,2005-10,1
1594200335,2005-02,1
1594200335,2005-03,1
1594200343,2005-10,1
1594200351,2005-01,1
1594200351,2005-04,1
1594200351,2005-07,2
159420036X,2005-01,1
1594200386,2005-02,1
1594200386,2005-04,2
1594200386,2005-07,1
1594200386,2005-09,1
1594200394,2005-03,2
1594200408,2005-05,1
1594200408,2005-08,2
1594200416,2005-04,1
1594200416,2005-05,1
1594200416,2005-07,1
1594200416,2005-08,1
1594200424,2005-08,1
1594200440,2005-04,1
1594200440,2005-09,1
1594200459,2005-05,2
1594200513,2005-06,1
1594200513,2005-07,1
1594200513,2005-08,2
1594200513,2005-09,1
1594200521,2005-08,1
1594200521,2005-09,1
1594200548,2005-07,3
1594200548,2005-08,3
1594200548,2005-09,1
1594200556,2005-09,1
1594200556,2005-10,1
1594200564,2005-08,1
1594200580,2005-10,2
1594200637,2005-10,2
1594200661,2005-05,2
1594200661,2005-06,1
1594260141,2005-02,1
1594260141,2005-06,1
1594260818,2005-06,1
1594260923,2005-03,1
1594260966,2005-08,2
1594261245,2005-08,1
1594270171,2005-05,1
1594374899,2005-03,1
159441498X,2005-08,1
159441498X,2005-09,1
1594480001,2005-01,7
1594480001,2005-02,4
1594480001,2005-03,9
1594480001,2005-04,2
1594480001,2005-05,5
1594480001,2005-06,4
1594480001,2005-07,8
1594480001,2005-08,15
1594480001,2005-09,17
1594480001,2005-10,4
1594480184,2005-07,1
1594480370,2005-09,1
1594480508,2005-07,1
1594480702,2005-07,1
1594480729,2005-08,1
1594480729,2005-09,1
1594480745,2005-04,1
1594480745,2005-07,1
1594480826,2005-06,1
1594481482,2005-02,1
1594481482,2005-03,1
1594481482,2005-09,2
1594510296,2005-08,1
1594531552,2005-04,1
1594532397,2005-02,1
1594532397,2005-05,1
159453487X,2005-10,1
1594568502,2005-03,1
1594568537,2005-09,1
1594568545,2005-09,1
159457006X,2005-02,1
1594570345,2005-01,1
1594570345,2005-07,1
1594571910,2005-09,1
1594572348,2005-04,1
159457250X,2005-01,1
1594572755,2005-08,1
1594573700,2005-06,1
1594573700,2005-09,1
159457376X,2005-01,1
159457376X,2005-05,1
1594574251,2005-01,1
1594574790,2005-05,1
1594577234,2005-02,1
1594577617,2005-01,1
1594579717,2005-09,1
1594579830,2005-03,1
1594590168,2005-05,1
1594630003,2005-08,1
1594630011,2005-07,1
1594630011,2005-09,1
159463002X,2005-07,1
159463002X,2005-08,1
1594630038,2005-08,1
1594630089,2005-02,1
1594630097,2005-06,1
1594630097,2005-08,3
1594630100,2005-01,1
1594630127,2005-09,1
1594672989,2005-07,1
1594676097,2005-03,1
1594676208,2005-07,1
1594676895,2005-08,1
1594678073,2005-05,1
159467888X,2005-01,1
1594678944,2005-02,1
1594678944,2005-03,1
1594678944,2005-05,2
1594678944,2005-08,2
1594678944,2005-10,2
1594679592,2005-09,1
1594690073,2005-09,1
1594720290,2005-04,1
1594720290,2005-07,1
1594720290,2005-08,1
1594720371,2005-08,1
1594730792,2005-07,1
1594731098,2005-09,1
1594740178,2005-05,1
1594740305,2005-06,1
1594750068,2005-09,1
1594750130,2005-04,1
1594770344,2005-01,1
1594770344,2005-09,1
1594770352,2005-06,1
1594770425,2005-08,1
1594830207,2005-10,1
1594830282,2005-07,1
1594830320,2005-08,2
1594830371,2005-10,1
1594830452,2005-06,1
1594830738,2005-08,1
1594830746,2005-08,1
1594860009,2005-04,1
1594860009,2005-05,2
1594860106,2005-02,2
1594860106,2005-05,1
1594860114,2005-08,1
1594860211,2005-10,1
1594860246,2005-07,2
1594860378,2005-04,1
1594860386,2005-09,1
1594860572,2005-09,1
1594860572,2005-10,1
159486070X,2005-08,1
159486070X,2005-09,1
1594860742,2005-08,1
1594860750,2005-03,2
1594860866,2005-01,1
1594860866,2005-06,1
1594860882,2005-05,1
1594860882,2005-08,1
1594860939,2005-04,2
1594861072,2005-04,1
1594861293,2005-07,1
1594861390,2005-10,1
1594861404,2005-09,1
1594861455,2005-09,1
1594861587,2005-04,1
1594861633,2005-09,1
1594861951,2005-10,1
1594862311,2005-07,1
1594862311,2005-09,2
159486232X,2005-03,2
159486232X,2005-04,1
1594862389,2005-04,1
1594862389,2005-09,2
1594862958,2005-08,2
1594862958,2005-09,4
1594899541,2005-08,1
1594900256,2005-05,1
1594900256,2005-08,1
1594930066,2005-07,1
1594930074,2005-07,1
1594930090,2005-08,1
1594930104,2005-04,1
1594930104,2005-07,1
1594930112,2005-02,1
1594930112,2005-04,1
1594930112,2005-05,1
1594930112,2005-08,2
159493018X,2005-08,1
1594970491,2005-09,1
159497103X,2005-09,1
1595017690,2005-09,2
1595017690,2005-10,1
1595070281,2005-08,1
1595070303,2005-03,1
1595070389,2005-03,1
1595070400,2005-07,1
1595070443,2005-06,1
1595070672,2005-03,1
159507077X,2005-04,1
159514045X,2005-08,1
1595151796,2005-03,1
1595230009,2005-02,1
1595230009,2005-03,1
1595230017,2005-02,2
1595230017,2005-03,1
1595230033,2005-01,1
1595230033,2005-02,2
1595230033,2005-03,1
1595230033,2005-04,1
1595230041,2005-01,1
159523005X,2005-06,1
1595230068,2005-06,4
1595230068,2005-07,17
1595230068,2005-08,10
1595230068,2005-09,1
1595230076,2005-07,1
1595230106,2005-04,1
1595230106,2005-07,1
1595230114,2005-08,1
1595230114,2005-09,1
1595260889,2005-09,1
1595261737,2005-03,1
1595261923,2005-01,1
159526227X,2005-07,1
1595262938,2005-07,1
1595324798,2005-08,1
159543061X,2005-07,1
1595431365,2005-09,1
1595431551,2005-08,1
1595540024,2005-07,1
1595540334,2005-08,1
1595550003,2005-02,1
1595550046,2005-03,1
1595550046,2005-04,1
1595550054,2005-06,1
1595550062,2005-05,2
1595550062,2005-06,1
1595550062,2005-07,2
1595550070,2005-04,2
1595550070,2005-05,1
1595550070,2005-08,1
1595550070,2005-09,1
1595550119,2005-06,1
1595550119,2005-07,1
1595550119,2005-08,4
1595550119,2005-09,3
1595620036,2005-03,1
1595620036,2005-06,1
159571071X,2005-08,1
1595710787,2005-08,1
1595710787,2005-09,1
1595780432,2005-08,1
1595781102,2005-08,1
159582006X,2005-02,1
1595820086,2005-07,1
1595820124,2005-09,1
1595820140,2005-10,1
1595970002,2005-03,1
1595980032,2005-04,1
1596000562,2005-08,1
1596000937,2005-05,1
1596001666,2005-02,1
1596001720,2005-08,1
1596001720,2005-09,1
1596002417,2005-06,1
1596003243,2005-08,1
1596009276,2005-09,1
1596060212,2005-08,1
1596060247,2005-06,2
1596060247,2005-09,1
1596060271,2005-08,1
1596090316,2005-05,1
1596090383,2005-02,1
1596090405,2005-07,1
1596090537,2005-09,1
1596090790,2005-06,2
1596090812,2005-06,2
1596091444,2005-08,1
1596091487,2005-07,1
1596120096,2005-09,1
1596120177,2005-09,1
1596141107,2005-07,1
1596150661,2005-08,1
1596151218,2005-08,1
1596151668,2005-04,1
1596152656,2005-05,1
1596221127,2005-08,1
1596290501,2005-08,1
1596320915,2005-05,1
1596320915,2005-06,1
1596320915,2005-07,1
159632127X,2005-06,1
1596321288,2005-09,1
1596321296,2005-08,2
1596321326,2005-08,2
1596321504,2005-08,1
159635013X,2005-09,1
1596350156,2005-05,1
1596430141,2005-05,1
1596430303,2005-08,1
1596430354,2005-08,2
1596430451,2005-05,1
1596430699,2005-09,1
1596540117,2005-09,1
159654015X,2005-07,1
1596540265,2005-08,1
1596541946,2005-09,1
1596542594,2005-06,1
159661014X,2005-06,1
1596700866,2005-09,1
1596701072,2005-08,1
1596750014,2005-07,1
1596910216,2005-09,1
1596910704,2005-10,1
1596921110,2005-03,1
1596921110,2005-05,1
1596921196,2005-06,1
1597000124,2005-08,1
1597010049,2005-10,1
159731000X,2005-07,1
1597370894,2005-09,1
1597372072,2005-09,1
1597372110,2005-10,1
1597373230,2005-07,1
1597376159,2005-08,1
1597520381,2005-07,1
1597550043,2005-07,1
1597660027,2005-08,1
1597680095,2005-09,2
1597770299,2005-08,1
1597770299,2005-10,1
1597800260,2005-10,1
1597811211,2005-08,1
1597811629,2005-05,1
159781167X,2005-10,1
159781184X,2005-09,1
1597812064,2005-07,1
1597813060,2005-07,1
1597813176,2005-09,1
1597813605,2005-09,1
1597813788,2005-07,1
1597813788,2005-08,1
1597953229,2005-09,1
1598000209,2005-08,1
1598000225,2005-07,1
1598000586,2005-09,1
1598012290,2005-04,1
1598240242,2005-05,1
1598360426,2005-08,1
1598563564,2005-06,1
1598580272,2005-09,1
1599428660,2005-09,1
1611760143,2005-01,1
1740309502,2005-05,1
1740452879,2005-05,1
1740590104,2005-09,1
174059021X,2005-02,1
1740591208,2005-09,1
1740591313,2005-02,1
1740591615,2005-09,1
174059178X,2005-09,1
1740591798,2005-08,2
1740592093,2005-03,1
1740592093,2005-04,1
1740592336,2005-05,1
174059245X,2005-08,1
1740593359,2005-09,1
1740593561,2005-06,1
1740593596,2005-08,1
1740594231,2005-08,1
1740594495,2005-06,1
1740594606,2005-03,1
1740594738,2005-07,1
1740595629,2005-08,1
1740596870,2005-09,2
1740597664,2005-01,1
1740597664,2005-04,1
1740597796,2005-04,1
1740599276,2005-08,1
1741040183,2005-01,1
1741040183,2005-02,1
1741041163,2005-10,1
1741041643,2005-06,1
1741041694,2005-08,1
1741041988,2005-02,1
1741041996,2005-09,1
1741044324,2005-08,1
1741141370,2005-09,1
1741144485,2005-05,1
1741218055,2005-08,1
1840003286,2005-04,1
1840005645,2005-07,1
1840007907,2005-10,1
1840009640,2005-01,1
1840134712,2005-09,1
1840182989,2005-04,1
1840184426,2005-08,1
1840222069,2005-08,1
1840234350,2005-07,1
184023623X,2005-09,1
1840236744,2005-02,1
1840237430,2005-02,1
184023864X,2005-09,1
1840239085,2005-02,1
1840239506,2005-09,1
1840461179,2005-01,1
1840462450,2005-10,1
1840590599,2005-05,1
1840592133,2005-01,1
1840593695,2005-06,1
1840675314,2005-04,1
1840680059,2005-05,1
1840680156,2005-04,1
1840680490,2005-09,1
184068061X,2005-04,1
1840680652,2005-07,1
1840680873,2005-06,1
1840681101,2005-08,1
1840727160,2005-08,1
1840727160,2005-09,1
1840728094,2005-08,1
1840760133,2005-02,1
1840890231,2005-08,1
1840891645,2005-02,1
1840914068,2005-09,1
1840914084,2005-10,1
1840922818,2005-10,1
1841012564,2005-09,1
1841120707,2005-09,1
1841121495,2005-01,1
1841124729,2005-03,1
1841195650,2005-07,1
1841261017,2005-03,1
1841261661,2005-07,1
1841272582,2005-04,1
1841390178,2005-02,1
1841464023,2005-07,1
1841481319,2005-08,1
1841481769,2005-03,1
1841483931,2005-10,1
1841488968,2005-08,1
1841490776,2005-05,1
1841491470,2005-06,1
1841492043,2005-09,1
1841492086,2005-05,1
1841493295,2005-08,1
1841542105,2005-02,1
1841556130,2005-10,1
1841620025,2005-07,1
184162019X,2005-07,1
1841620297,2005-09,1
1841620742,2005-08,1
1841620807,2005-03,1
1841620815,2005-06,1
1841620823,2005-09,1
1841620947,2005-08,1
1841620947,2005-09,1
1841620955,2005-08,1
1841621137,2005-08,1
184162117X,2005-09,1
1841721662,2005-08,1
1841721816,2005-09,1
1841722170,2005-08,1
1841722936,2005-02,1
1841723150,2005-01,1
1841724149,2005-02,1
1841760072,2005-09,1
1841760536,2005-04,1
1841761028,2005-08,1
1841761621,2005-05,1
1841761710,2005-09,1
1841761850,2005-04,1
1841763926,2005-01,1
1841763969,2005-06,1
1841764051,2005-10,1
1841764086,2005-04,1
1841765732,2005-08,1
1841766267,2005-05,1
1841766577,2005-08,1
1841766631,2005-07,1
1841766836,2005-05,1
1841766917,2005-07,1
1841767077,2005-10,1
184176714X,2005-04,1
1841767174,2005-06,1
1841767379,2005-09,1
1841767514,2005-07,1
1841767611,2005-09,1
184176776X,2005-03,1
1841767808,2005-09,1
1841767875,2005-07,1
1841767891,2005-03,1
1841767980,2005-03,1
1841768103,2005-01,1
1841768189,2005-10,1
1841768243,2005-09,1
1841768413,2005-06,1
1841768421,2005-03,1
1841768448,2005-03,1
1841768448,2005-08,1
1841768510,2005-01,1
184176857X,2005-04,1
1841769045,2005-10,1
1841841552,2005-09,1
1841882380,2005-09,2
1841952516,2005-01,1
1841954608,2005-02,1
1841956503,2005-10,1
1842155210,2005-07,1
1842222031,2005-03,1
1842223119,2005-06,1
1842272772,2005-08,1
1842298291,2005-03,1
1842322753,2005-09,1
1842322834,2005-09,1
184232408X,2005-08,1
1842402463,2005-03,1
1842403141,2005-09,1
1842750631,2005-08,1
184277185X,2005-05,1
1842772139,2005-04,1
1842773631,2005-03,1
1842774514,2005-04,1
1842930559,2005-07,1
1842930664,2005-03,1
1842930931,2005-09,1
184293127X,2005-06,1
1843026678,2005-02,1
184306099X,2005-07,1
184306099X,2005-08,1
1843090619,2005-03,1
1843097133,2005-04,1
1843100606,2005-09,1
1843102064,2005-01,1
1843102064,2005-09,1
1843103001,2005-09,1
184310332X,2005-10,1
1843103478,2005-09,1
184310721X,2005-08,1
1843107929,2005-02,1
1843170051,2005-09,1
1843279975,2005-09,1
1843281953,2005-07,1
1843286491,2005-07,1
1843300435,2005-10,1
1843303809,2005-10,1
1843304988,2005-09,1
1843311488,2005-05,1
1843337045,2005-05,1
1843400561,2005-07,1
1843440024,2005-08,1
1843440067,2005-09,1
1843440075,2005-03,1
1843440148,2005-02,1
1843530066,2005-09,1
1843530457,2005-05,1
1843530570,2005-04,1
184353066X,2005-06,1
1843531429,2005-09,1
1843531496,2005-04,1
1843531887,2005-08,1
1843532476,2005-09,1
1843532611,2005-03,1
184353293X,2005-02,2
1843533871,2005-06,1
1843534177,2005-08,1
184360390X,2005-05,1
184360390X,2005-08,1
1843605600,2005-09,1
1843605627,2005-08,1
1843606143,2005-09,1
1843606186,2005-06,1
1843607247,2005-04,1
1843607247,2005-07,1
1843763311,2005-02,1
1843830272,2005-01,1
1843831368,2005-10,1
1843860260,2005-08,1
184391008X,2005-07,1
1843910853,2005-01,1
1844001075,2005-10,1
1844013057,2005-03,1
1844070646,2005-03,1
1844070751,2005-06,1
1844071219,2005-05,1
1844080080,2005-08,1
1844080366,2005-08,1
1844090078,2005-08,1
1844090299,2005-03,1
1844130517,2005-08,1
1844160564,2005-01,1
1844160696,2005-02,1
1844160718,2005-03,1
1844160718,2005-08,1
1844160890,2005-05,1
1844160904,2005-09,1
1844160947,2005-03,1
1844160963,2005-07,1
1844160971,2005-07,1
1844160998,2005-06,1
184416103X,2005-09,1
1844161234,2005-01,1
1844161528,2005-02,1
1844161544,2005-01,1
1844161544,2005-04,1
1844161552,2005-05,1
1844161552,2005-07,1
1844161560,2005-01,1
1844161579,2005-07,1
1844161587,2005-08,1
1844161609,2005-06,1
1844161641,2005-06,1
1844161668,2005-01,1
1844161722,2005-05,1
1844161978,2005-08,1
1844162087,2005-08,1
1844162095,2005-07,1
1844162206,2005-05,1
1844162206,2005-06,1
1844162222,2005-08,1
1844162230,2005-08,1
1844162311,2005-07,1
1844162311,2005-10,1
1844162648,2005-08,1
1844250164,2005-07,1
1844250288,2005-08,1
1844251020,2005-09,1
1844251233,2005-08,1
1844301249,2005-06,1
1844390004,2005-07,1
1844494896,2005-09,1
184449490X,2005-04,1
184449490X,2005-05,1
1844570444,2005-07,1
1844670252,2005-08,1
1844675254,2005-07,1
1844675254,2005-08,1
1844711137,2005-06,1
1844800393,2005-07,1
184483106X,2005-08,1
1844831116,2005-09,1
1845073185,2005-06,1
1845190157,2005-08,1
1845201973,2005-06,1
1845201973,2005-09,1
1845421078,2005-10,1
184576045X,2005-08,1
1845760824,2005-09,5
1845760824,2005-10,2
1845760832,2005-08,1
1850435952,2005-08,1
1850436355,2005-04,1
1850753792,2005-09,1
1850782490,2005-07,1
1850890307,2005-09,1
1850970726,2005-08,1
1851493751,2005-08,1
1851493751,2005-09,1
1851494502,2005-04,1
1851494669,2005-03,1
1851494766,2005-08,1
1851520341,2005-03,1
1851529624,2005-05,1
1851682376,2005-09,1
1851683569,2005-08,1
1851773789,2005-04,1
1851774483,2005-07,1
1851821619,2005-05,1
1852272317,2005-02,1
1852272317,2005-03,1
1852278439,2005-06,1
1852307218,2005-03,1
1852307218,2005-08,1
1852331011,2005-08,1
1852332034,2005-02,1
1852332271,2005-09,1
1852334053,2005-03,1
1852334347,2005-03,1
1852335750,2005-06,1
1852336919,2005-02,1
1852338229,2005-03,1
1852402784,2005-08,1
1852421312,2005-08,1
1852421681,2005-04,1
1852421835,2005-10,1
1852424338,2005-02,1
1852424478,2005-08,1
1852424494,2005-08,1
1852426403,2005-03,1
1852605529,2005-03,1
1852790202,2005-08,1
185279061X,2005-03,1
1852851198,2005-04,1
1852852623,2005-10,1
1852853778,2005-06,1
1852854448,2005-05,1
1852854448,2005-06,2
1853023876,2005-10,1
1853027499,2005-03,1
1853029149,2005-07,1
1853029416,2005-01,1
1853029785,2005-08,1
185310888X,2005-08,1
185326699X,2005-08,1
1853268399,2005-06,1
1853395218,2005-01,1
185343759X,2005-09,1
1853597570,2005-01,1
1853610224,2005-02,1
1853672254,2005-02,1
1853672262,2005-03,1
1853672270,2005-04,1
1853673293,2005-10,1
185367334X,2005-01,1
1853673978,2005-01,1
1853674079,2005-06,1
1853674613,2005-08,1
1853675032,2005-06,1
1853675040,2005-05,1
1853675083,2005-05,1
1853675415,2005-03,1
1853675822,2005-07,1
1853675997,2005-04,1
185367608X,2005-06,1
1853676144,2005-04,1
1853676349,2005-05,1
1853676349,2005-06,1
1853676446,2005-09,1
1853676632,2005-10,1
1853711756,2005-03,1
1853752908,2005-07,1
1853755192,2005-01,1
1853913820,2005-09,1
1853918490,2005-04,1
1853919241,2005-10,1
1853992526,2005-02,1
1854090453,2005-01,1
1854107062,2005-08,1
1854107062,2005-09,1
1854107593,2005-05,1
1854246739,2005-06,1
1854592920,2005-03,1
1854594400,2005-03,1
1854702580,2005-07,1
1854795295,2005-07,1
1854902091,2005-04,1
1854902725,2005-08,1
1854902768,2005-08,1
1854902814,2005-08,1
1855323028,2005-08,1
185532573X,2005-04,1
1855326213,2005-10,1
1855328658,2005-08,1
1855328658,2005-10,1
1855329654,2005-06,1
1855752794,2005-03,1
1855859270,2005-03,1
1855860147,2005-10,1
1856191389,2005-05,1
1856352110,2005-05,1
1856354202,2005-03,1
1856487245,2005-01,1
1856498859,2005-03,1
1856499928,2005-02,1
1856693465,2005-01,1
1856693740,2005-10,1
1856912450,2005-06,1
1857027086,2005-09,1
1857440439,2005-05,1
1857442067,2005-06,1
1857442393,2005-01,1
1857442784,2005-09,1
1857442970,2005-08,1
1857443241,2005-01,1
1857443241,2005-04,1
1857443314,2005-09,1
1857443500,2005-05,1
1857443675,2005-03,1
1857443748,2005-09,1
1857443829,2005-08,1
1857443934,2005-09,1
1857443950,2005-03,1
1857443950,2005-10,1
1857445198,2005-07,1
1857533275,2005-01,1
1857800427,2005-01,1
1857801156,2005-01,1
1857801873,2005-03,1
1857801903,2005-09,1
1857802039,2005-09,1
1857825829,2005-08,1
1857882474,2005-04,1
1857883195,2005-07,1
1857883209,2005-08,1
1857883209,2005-09,1
1857883233,2005-04,1
1857883233,2005-09,1
1857883314,2005-03,1
1857883330,2005-09,1
185788342X,2005-08,1
1857924398,2005-07,1
1857933362,2005-09,1
185797428X,2005-03,1
1857983335,2005-07,1
1857988833,2005-06,1
185798885X,2005-02,1
1858287162,2005-05,1
1858287510,2005-06,1
1858287618,2005-10,1
1858288428,2005-06,1
1858288487,2005-09,1
1858288770,2005-02,1
1858288878,2005-09,1
1858289203,2005-09,1
1858532175,2005-03,1
1858942152,2005-05,1
1858942160,2005-02,1
185894287X,2005-03,1
185894287X,2005-08,1
1859060447,2005-02,1
1859061060,2005-06,1
1859580726,2005-09,1
1859581560,2005-03,1
1859604528,2005-07,1
1859604706,2005-08,1
1859606067,2005-08,1
1859606369,2005-03,1
1859606911,2005-06,1
185960837X,2005-04,1
1859608469,2005-09,1
1859608965,2005-09,1
1859678696,2005-02,1
1859725740,2005-09,1
1859734936,2005-03,1
1859745121,2005-03,1
1859832229,2005-10,1
185984054X,2005-03,1
1859843980,2005-10,1
185984412X,2005-01,1
1859844413,2005-03,1
1859844464,2005-05,1
1859846734,2005-02,1
1859847765,2005-02,1
1859848982,2005-08,1
1859951406,2005-01,1
1859952410,2005-07,1
1860118216,2005-04,1
1860463045,2005-07,1
1860496334,2005-09,1
1860642004,2005-09,1
1860642225,2005-04,1
1860646220,2005-07,1
1860647804,2005-03,1
1860649831,2005-09,1
1860742653,2005-03,1
1860742653,2005-06,1
1860744443,2005-09,1
1860745075,2005-10,1
186074513X,2005-04,1
1860745431,2005-02,1
1860745474,2005-06,1
1860745938,2005-07,1
1860746179,2005-07,1
1860746276,2005-07,1
1860746276,2005-10,1
1860940870,2005-09,1
1860944159,2005-01,1
1861001266,2005-10,1
1861004370,2005-01,1
1861006969,2005-07,1
1861007329,2005-06,1
1861007353,2005-09,1
1861008317,2005-03,1
1861051239,2005-07,1
1861054149,2005-09,1
1861080123,2005-02,1
1861081146,2005-09,1
1861082584,2005-09,1
1861082762,2005-03,1
1861082762,2005-09,1
1861082819,2005-04,1
1861083122,2005-05,1
1861083165,2005-02,1
1861083823,2005-01,1
1861084250,2005-09,1
1861260393,2005-02,1
186126092X,2005-03,1
1861262019,2005-09,1
1861262205,2005-03,1
1861263406,2005-09,1
1861263724,2005-01,1
1861264046,2005-05,1
1861264364,2005-08,1
1861264976,2005-08,1
1861265077,2005-08,1
1861265867,2005-05,1
186126609X,2005-01,1
1861266464,2005-08,1
1861266464,2005-10,1
1861266634,2005-04,1
1861266642,2005-06,1
1861266898,2005-07,1
1861267509,2005-10,1
1861528930,2005-04,1
1861542747,2005-04,1
1861630301,2005-03,1
1861762275,2005-05,1
1861972121,2005-03,1
1862041385,2005-10,1
1862043043,2005-08,1
1862056919,2005-04,1
1862056919,2005-07,1
1862056919,2005-09,1
1862271992,2005-08,1
1862272379,2005-10,1
1862322775,2005-09,1
1863513299,2005-04,1
1863962425,2005-03,1
1864500336,2005-09,1
1864501057,2005-08,1
1864501790,2005-06,1
1864501839,2005-08,1
1864503025,2005-06,1
1864503238,2005-07,1
1864503246,2005-09,1
186450336X,2005-08,1
186450336X,2005-09,1
1864503440,2005-05,1
1864503769,2005-09,1
1864690712,2005-08,1
1865088366,2005-06,1
1865088633,2005-08,1
1865089745,2005-08,1
1868725154,2005-04,1
1869504917,2005-03,1
1869928717,2005-02,1
1870325141,2005-05,1
1870450302,2005-09,1
1870668618,2005-09,1
1870673166,2005-08,1
1871031427,2005-04,1
1871083052,2005-02,1
1871187370,2005-09,1
1871592429,2005-01,1
1871676517,2005-04,1
1871901294,2005-09,1
1872004792,2005-08,1
1872119328,2005-09,1
1872188060,2005-09,1
1872188060,2005-10,1
1872621511,2005-05,1
1873176473,2005-03,1
1873176678,2005-07,1
1873376006,2005-01,1
1873429401,2005-09,1
1873429703,2005-04,1
1873741944,2005-06,1
1873756720,2005-09,1
1873942982,2005-09,1
1874250707,2005-10,1
1874597316,2005-02,1
187462206X,2005-08,1
1874622477,2005-03,1
1874707340,2005-09,1
1874744580,2005-04,1
1874774889,2005-07,1
1874774900,2005-08,1
1875216014,2005-04,1
1875284729,2005-08,1
1875690573,2005-03,1
1875750223,2005-05,1
1875750223,2005-07,1
1875750223,2005-08,1
1876175184,2005-09,1
1876175427,2005-02,1
1876175451,2005-08,1
1876175478,2005-04,1
1876175702,2005-02,1
1876175702,2005-08,1
1876175702,2005-09,1
1876175982,2005-07,1
1877059080,2005-04,1
1877662089,2005-10,1
1877673366,2005-03,2
1877673366,2005-07,1
1877673366,2005-08,1
1877733016,2005-06,1
1877733075,2005-08,1
187774106X,2005-09,1
1877853259,2005-09,1
1877853305,2005-09,1
1877853399,2005-07,1
1877864048,2005-09,1
1877864536,2005-02,1
1877954438,2005-09,1
1877988294,2005-07,1
1877988294,2005-09,1
1877988308,2005-07,1
1877988316,2005-07,1
1877991600,2005-04,1
1878019104,2005-07,1
1878026089,2005-04,1
1878028294,2005-09,1
1878067184,2005-03,1
1878086944,2005-04,1
1878087088,2005-08,1
1878239961,2005-08,1
1878246003,2005-09,1
1878257714,2005-07,1
1878265539,2005-09,1
1878267299,2005-02,1
1878267302,2005-08,1
1878282271,2005-08,1
1878320556,2005-02,1
1878327194,2005-03,1
1878338013,2005-08,1
1878347020,2005-08,1
1878348124,2005-09,1
1878348337,2005-07,1
1878348345,2005-04,1
1878348361,2005-08,1
1878424068,2005-07,1
1878424068,2005-09,1
1878424114,2005-08,1
1878424114,2005-09,1
1878424173,2005-03,1
1878424300,2005-07,1
1878424319,2005-02,1
1878424319,2005-03,1
1878424319,2005-09,3
1878424351,2005-03,1
1878424432,2005-01,1
1878424505,2005-08,1
1878424785,2005-08,1
1878442716,2005-08,1
1878442759,2005-04,1
1878448749,2005-06,2
1878448986,2005-04,1
1878574590,2005-02,1
1878574590,2005-03,1
1878576178,2005-08,1
1878576240,2005-08,1
1878707221,2005-03,1
1878707299,2005-09,1
1878707485,2005-01,1
1878707485,2005-07,1
1878736655,2005-03,1
1878736655,2005-08,1
1878812815,2005-08,1
1878812920,2005-10,1
1878818740,2005-02,1
1878823299,2005-04,1
1878825305,2005-05,1
1878853392,2005-02,1
1878887637,2005-08,1
1878892169,2005-09,1
1878901613,2005-07,1
1878923080,2005-09,1
1878923102,2005-05,1
1878923161,2005-09,1
1878923161,2005-10,1
1878972049,2005-01,1
1878972049,2005-05,1
1878972316,2005-01,1
1878995138,2005-08,1
1879045966,2005-06,1
1879052288,2005-07,1
1879094703,2005-09,1
1879094711,2005-08,1
1879094738,2005-05,1
1879094738,2005-09,1
1879102897,2005-09,1
1879111012,2005-01,1
1879159155,2005-01,1
1879159155,2005-07,1
1879159155,2005-09,1
1879181037,2005-02,1
1879181339,2005-06,1
187918141X,2005-03,1
1879181428,2005-02,1
1879181487,2005-04,1
1879181584,2005-07,1
1879181592,2005-08,1
187918169X,2005-01,1
1879181800,2005-08,1
1879181827,2005-07,1
1879181843,2005-01,1
1879181851,2005-06,1
1879181916,2005-06,1
1879181940,2005-01,1
1879194287,2005-04,1
1879198304,2005-10,1
1879215349,2005-06,1
1879284170,2005-04,1
187928474X,2005-04,1
1879290162,2005-09,1
1879356090,2005-09,1
1879384388,2005-07,2
1879384620,2005-07,1
1879384620,2005-09,1
1879402297,2005-08,1
1879411113,2005-03,1
1879418614,2005-01,1
1879425920,2005-08,1
1879479354,2005-03,1
1879483912,2005-09,1
187950507X,2005-04,1
1879505444,2005-01,1
1879505444,2005-04,1
1879505444,2005-08,1
1879511037,2005-10,1
187951141X,2005-05,1
187961815X,2005-02,1
1879618176,2005-08,1
1879651459,2005-08,1
187973043X,2005-08,1
1879737434,2005-07,1
1879794144,2005-08,1
1879957132,2005-10,1
1879958236,2005-09,1
1879967111,2005-09,1
1880000644,2005-04,1
1880029405,2005-09,1
1880029871,2005-08,1
1880029987,2005-08,1
1880090791,2005-09,1
1880090996,2005-02,1
1880092484,2005-05,1
1880115026,2005-09,1
1880140292,2005-08,1
1880146363,2005-08,1
1880146371,2005-08,1
1880150735,2005-03,1
1880150980,2005-05,1
1880158094,2005-08,1
1880158116,2005-02,1
1880158450,2005-02,1
1880222388,2005-09,1
1880226685,2005-03,1
1880226901,2005-07,1
1880284626,2005-06,1
1880292947,2005-09,1
1880317605,2005-09,1
1880317680,2005-10,1
1880336804,2005-09,1
1880336820,2005-08,1
1880336839,2005-02,1
1880336839,2005-03,1
1880336839,2005-09,2
1880336871,2005-08,1
1880393026,2005-01,1
1880393026,2005-02,1
1880394308,2005-02,1
1880410230,2005-05,1
1880410230,2005-09,1
1880410230,2005-10,1
1880418568,2005-01,1
1880418568,2005-10,1
1880418592,2005-07,2
1880418622,2005-01,2
1880418622,2005-02,3
1880418622,2005-04,3
1880418622,2005-05,1
1880418622,2005-07,5
1880418622,2005-08,2
1880418622,2005-09,2
1880428202,2005-09,1
1880448858,2005-07,1
1880451387,2005-04,1
1880510588,2005-08,1
1880510952,2005-08,1
1880582244,2005-09,1
1880588315,2005-09,1
1880594226,2005-10,1
188061913X,2005-03,1
1880619245,2005-07,1
1880655047,2005-03,1
1880656329,2005-06,1
1880656426,2005-10,1
1880656515,2005-08,1
1880656523,2005-06,1
1880656604,2005-08,1
1880656906,2005-09,1
1880656930,2005-08,1
1880673134,2005-02,1
1880673134,2005-09,1
1880677113,2005-09,1
1880685000,2005-06,1
1880685000,2005-07,2
1880685000,2005-08,2
1880685000,2005-09,2
1880685086,2005-06,1
1880685213,2005-02,1
1880685221,2005-05,1
1880685221,2005-09,1
1880685256,2005-05,1
1880685256,2005-08,1
1880685280,2005-08,1
1880685329,2005-04,1
1880685329,2005-05,1
1880685337,2005-02,3
1880685337,2005-03,4
1880685337,2005-04,2
1880685337,2005-05,2
1880685337,2005-07,2
1880685337,2005-08,1
1880685337,2005-09,2
1880685353,2005-06,1
1880685353,2005-07,1
1880685353,2005-08,1
1880685353,2005-09,1
1880717468,2005-05,1
1880731657,2005-03,1
1880766116,2005-03,1
1880809249,2005-09,1
1880828472,2005-01,1
1880851342,2005-04,1
1880909715,2005-03,1
1880914077,2005-04,1
1880972263,2005-03,1
1880972433,2005-04,1
1880972433,2005-09,1
1880972557,2005-08,1
1880975076,2005-01,1
1880985268,2005-09,1
1880985756,2005-05,1
1881084485,2005-08,1
1881096467,2005-04,1
1881098311,2005-08,1
1881137295,2005-09,1
188123312X,2005-08,2
1881233502,2005-09,1
1881273156,2005-01,2
1881273156,2005-03,1
1881273156,2005-04,1
1881273156,2005-05,1
1881273156,2005-06,1
1881273156,2005-07,1
1881273156,2005-09,2
1881273245,2005-08,1
1881273393,2005-03,1
1881273628,2005-07,1
188127392X,2005-08,1
1881273989,2005-09,1
1881283151,2005-06,1
188131667X,2005-01,1
1881316882,2005-07,1
1881316882,2005-09,1
1881320162,2005-03,1
1881374815,2005-06,1
1881374904,2005-08,1
1881400042,2005-01,1
1881405230,2005-03,1
1881405230,2005-07,1
1881405230,2005-09,1
1881405451,2005-09,1
1881405532,2005-08,1
1881405567,2005-06,1
1881451666,2005-09,2
1881451682,2005-08,1
1881451828,2005-04,1
1881515680,2005-02,1
1881539237,2005-08,1
1881576639,2005-06,1
1881616576,2005-03,1
188165219X,2005-08,1
1881780074,2005-08,1
1881833003,2005-04,1
188184708X,2005-05,1
1881859118,2005-09,1
1881893030,2005-04,1
1881893057,2005-04,1
1881955168,2005-03,1
1882109384,2005-01,1
1882138406,2005-09,1
1882138783,2005-08,1
1882138961,2005-04,1
1882146395,2005-01,1
1882146611,2005-01,1
1882146689,2005-01,1
1882193652,2005-04,1
1882256743,2005-06,1
1882295161,2005-01,1
1882295234,2005-05,1
1882295331,2005-05,1
1882424581,2005-08,1
1882514076,2005-04,1
1882514440,2005-01,1
1882514440,2005-04,1
1882523024,2005-09,1
1882547039,2005-08,1
1882547071,2005-08,1
1882580338,2005-01,1
1882591062,2005-03,1
1882593979,2005-08,1
1882593979,2005-09,1
1882664728,2005-08,1
1882723058,2005-06,1
1882723406,2005-08,1
1882742281,2005-07,1
188274232X,2005-03,1
1882742354,2005-02,1
1882742354,2005-10,1
1882770544,2005-09,1
1882770595,2005-10,1
1882770633,2005-03,1
1882810333,2005-06,1
1882886259,2005-09,1
1882897846,2005-07,1
188292620X,2005-10,1
1882926846,2005-07,1
1882931858,2005-09,1
188294304X,2005-09,1
1882968093,2005-03,1
1882968107,2005-03,1
1882968115,2005-04,1
1882968123,2005-04,1
1882968271,2005-03,1
188296828X,2005-08,1
188296831X,2005-09,1
1882983831,2005-05,1
1883002133,2005-03,1
1883002427,2005-02,1
1883002516,2005-01,1
1883002826,2005-01,1
1883010039,2005-06,1
1883010039,2005-10,1
1883010136,2005-08,1
1883010136,2005-09,3
1883010322,2005-05,1
188301042X,2005-08,1
1883010489,2005-08,1
188301056X,2005-09,1
1883010624,2005-05,1
188301073X,2005-06,1
188301073X,2005-10,1
1883010888,2005-08,1
1883010888,2005-09,1
1883010918,2005-08,1
1883011035,2005-04,1
1883011450,2005-09,1
1883011892,2005-07,1
1883011914,2005-09,1
1883056055,2005-09,1
1883058562,2005-05,1
1883061180,2005-09,1
1883083117,2005-09,1
1883145058,2005-03,1
1883217288,2005-09,1
1883219892,2005-09,1
1883249473,2005-04,1
1883249759,2005-05,1
1883249872,2005-10,1
1883285240,2005-04,1
1883318246,2005-03,1
1883318351,2005-09,1
1883319188,2005-05,1
1883319188,2005-10,1
1883319250,2005-03,1
1883319897,2005-05,1
188339810X,2005-02,1
1883398509,2005-07,1
1883403626,2005-06,1
1883423082,2005-08,1
1883478219,2005-08,1
1883478227,2005-05,1
1883511011,2005-06,1
1883523176,2005-07,1
1883536243,2005-04,1
1883573297,2005-01,1
1883573564,2005-03,1
1883629004,2005-09,1
1883642884,2005-06,1
1883648041,2005-09,1
1883657008,2005-03,1
1883672589,2005-09,1
1883693004,2005-05,1
1883693098,2005-05,1
1883693128,2005-06,1
1883707706,2005-04,1
1883725097,2005-09,1
1883746221,2005-09,1
1883789044,2005-09,1
1883789222,2005-10,1
1883841437,2005-03,1
1883901251,2005-09,1
1883911559,2005-08,1
1883925169,2005-09,1
1883937701,2005-08,1
1883982499,2005-08,1
1883991285,2005-08,1
1883991307,2005-06,1
1883991374,2005-04,1
1883991633,2005-02,1
1884081061,2005-08,1
1884089453,2005-07,1
1884089674,2005-05,1
1884089682,2005-07,1
1884089801,2005-09,1
188431306X,2005-03,1
1884313337,2005-03,1
1884313396,2005-04,1
1884313418,2005-06,1
1884313493,2005-01,1
1884313493,2005-08,1
1884365299,2005-07,1
1884543170,2005-02,1
1884543855,2005-09,1
1884543898,2005-04,1
1884548148,2005-08,1
1884548563,2005-08,1
1884548652,2005-08,1
1884550320,2005-09,1
1884585515,2005-09,1
1884718442,2005-03,1
1884734340,2005-05,1
1884734723,2005-07,1
1884734863,2005-09,1
1884737056,2005-02,1
1884737439,2005-08,1
1884737706,2005-08,1
1884777597,2005-01,1
1884777996,2005-10,1
1884800564,2005-07,1
1884820700,2005-01,1
1884855083,2005-03,1
1884910041,2005-09,1
1884910327,2005-08,1
1884910335,2005-08,1
1884956041,2005-02,1
1884956319,2005-04,1
1884956351,2005-08,1
1884995446,2005-08,1
1884997090,2005-08,1
1884997139,2005-08,1
1885003455,2005-10,1
1885003978,2005-08,1
1885003978,2005-09,1
1885008260,2005-06,1
1885030037,2005-02,1
1885061749,2005-04,1
1885061846,2005-04,1
1885068808,2005-10,1
1885071337,2005-08,1
1885106416,2005-06,1
1885119712,2005-09,1
1885167040,2005-09,1
188516727X,2005-05,1
1885167393,2005-09,1
1885167601,2005-02,2
1885167601,2005-08,1
1885167628,2005-10,1
1885171331,2005-04,1
1885171420,2005-07,1
1885171811,2005-03,1
1885183186,2005-04,1
1885203101,2005-07,1
1885203748,2005-01,1
1885203748,2005-06,1
1885203888,2005-09,1
1885211457,2005-03,1
1885211740,2005-09,1
1885221282,2005-09,1
1885221770,2005-09,1
1885254326,2005-02,1
1885278055,2005-06,1
1885288115,2005-10,1
188535861X,2005-08,1
188535861X,2005-09,1
1885358962,2005-08,1
1885394098,2005-01,1
1885394411,2005-06,1
1885394519,2005-07,1
1885435452,2005-04,1
1885477449,2005-06,1
1885477457,2005-08,1
1885477457,2005-10,2
1885477597,2005-08,1
1885477805,2005-10,1
1885477821,2005-05,1
188558699X,2005-09,1
1885588577,2005-04,1
1885590970,2005-04,1
1885593236,2005-09,1
1885593333,2005-08,1
1885640781,2005-03,1
188565507X,2005-09,1
1885705026,2005-07,3
1885705026,2005-08,2
1885705026,2005-09,1
1885726031,2005-09,1
1885767145,2005-03,1
1885767250,2005-04,1
1885767293,2005-05,1
1885767544,2005-02,1
1885767552,2005-07,1
1885767889,2005-03,1
1885851510,2005-09,1
1885852142,2005-08,1
1885865430,2005-07,1
1885904088,2005-01,1
1885904142,2005-04,1
1885940084,2005-01,1
1885941021,2005-01,1
1885941315,2005-04,1
1885941609,2005-08,1
1885942249,2005-02,1
1885972210,2005-02,1
1886039410,2005-08,1
1886039496,2005-09,1
1886039593,2005-04,1
1886039658,2005-08,1
1886068062,2005-08,1
1886070202,2005-03,1
1886070210,2005-07,1
1886070210,2005-09,1
1886070237,2005-07,1
1886101043,2005-02,1
1886101094,2005-02,1
1886101094,2005-08,1
1886101094,2005-09,1
1886110298,2005-09,1
1886110646,2005-10,1
1886157502,2005-09,1
1886228795,2005-02,1
1886230188,2005-04,1
1886230196,2005-10,1
1886230609,2005-06,1
1886230617,2005-04,1
188628444X,2005-04,1
1886284741,2005-06,1
1886360006,2005-08,1
1886388156,2005-07,1
1886411816,2005-09,1
1886411824,2005-08,1
1886433038,2005-08,1
1886433151,2005-01,1
1886433852,2005-03,1
1886433852,2005-07,1
1886513406,2005-02,1
1886513406,2005-07,1
1886513406,2005-08,2
1886513686,2005-04,1
1886513716,2005-09,2
1886513929,2005-03,1
1886529191,2005-06,1
1886590036,2005-10,1
1886590060,2005-06,1
1886590079,2005-09,1
188666918X,2005-03,1
1886705119,2005-03,1
1886705410,2005-09,1
1886705526,2005-08,1
1886705712,2005-06,1
1886705976,2005-08,1
1886705976,2005-09,1
1886768552,2005-08,1
1886768552,2005-09,1
1886778108,2005-09,1
1886778337,2005-02,1
1886778477,2005-09,1
1886778574,2005-02,1
1886778574,2005-08,1
1886778574,2005-10,1
188678907X,2005-09,1
1886841071,2005-07,1
1886903123,2005-08,1
1886913137,2005-04,1
1886939470,2005-02,1
1886940037,2005-10,1
1886940908,2005-08,1
1886940908,2005-09,1
1886941076,2005-10,1
1886941599,2005-02,1
1886941599,2005-07,2
1886947651,2005-06,1
1886966079,2005-05,1
1886966184,2005-09,1
1886966257,2005-09,1
1886969728,2005-08,1
1886969736,2005-03,1
1887053131,2005-09,1
188712876X,2005-06,1
1887140492,2005-06,1
1887140492,2005-07,1
1887140492,2005-10,1
1887140514,2005-08,1
1887140549,2005-10,1
1887150137,2005-04,1
1887154140,2005-08,1
1887161090,2005-05,1
1887167005,2005-03,1
1887169318,2005-03,1
1887169318,2005-09,2
1887178821,2005-05,1
1887178945,2005-05,1
1887202048,2005-10,1
1887205063,2005-08,1
1887205071,2005-08,1
1887279504,2005-09,1
1887366350,2005-08,1
188737437X,2005-09,1
1887374558,2005-07,1
1887392114,2005-08,1
1887424377,2005-04,1
1887424458,2005-07,1
1887424660,2005-01,1
1887424717,2005-07,1
1887424725,2005-01,1
1887424822,2005-01,1
1887456007,2005-07,1
1887467602,2005-09,1
1887521011,2005-08,1
1887521267,2005-07,1
1887521488,2005-05,1
1887563679,2005-08,1
1887591257,2005-04,1
1887591524,2005-10,1
1887591583,2005-05,1
1887641467,2005-09,2
1887664114,2005-08,1
1887664521,2005-01,1
1887694218,2005-06,1
1887726071,2005-01,1
1887734589,2005-09,1
1887744525,2005-04,1
1887750614,2005-01,1
1887752293,2005-02,1
1887752455,2005-03,1
1887895523,2005-04,1
1887896082,2005-07,1
1887896082,2005-09,1
1887896597,2005-09,1
188789666X,2005-09,1
1887896740,2005-10,1
1887902686,2005-05,1
1887904077,2005-04,1
1887904506,2005-08,1
1887905405,2005-03,1
1887906010,2005-09,1
188800102X,2005-08,1
1888047054,2005-03,1
1888047054,2005-07,1
1888047054,2005-10,1
1888054697,2005-01,1
1888054743,2005-10,1
1888054778,2005-08,1
188805493X,2005-05,1
1888054956,2005-01,1
1888059257,2005-07,1
1888106956,2005-04,1
1888118040,2005-06,1
1888118040,2005-08,1
1888156023,2005-06,1
1888194197,2005-03,1
1888223170,2005-09,1
1888229438,2005-05,1
1888344105,2005-10,1
1888363363,2005-04,1
1888363363,2005-08,1
1888363827,2005-08,1
1888375051,2005-08,1
1888375159,2005-09,1
1888375221,2005-07,1
1888387645,2005-01,1
188840809X,2005-01,1
1888451041,2005-10,1
188845105X,2005-10,1
1888451327,2005-09,1
1888451475,2005-02,1
188845170X,2005-02,1
188845170X,2005-03,1
188845170X,2005-06,1
1888577126,2005-07,1
1888577185,2005-01,1
1888577533,2005-02,2
1888577533,2005-09,2
1888580240,2005-02,1
1888608218,2005-08,1
1888626062,2005-08,1
1888690240,2005-03,1
1888692006,2005-07,1
1888692057,2005-05,1
1888699027,2005-03,1
1888723025,2005-09,1
1888766077,2005-02,1
1888766077,2005-05,1
1888799269,2005-07,1
1888799390,2005-04,1
1888799455,2005-09,2
1888799900,2005-07,1
1888842121,2005-09,1
188888939X,2005-09,1
1888891351,2005-09,1
188891467X,2005-10,1
1888952830,2005-09,1
1888960027,2005-04,1
1888963115,2005-09,1
188896314X,2005-06,1
188896314X,2005-08,1
1888978147,2005-04,1
1888992174,2005-07,1
1889031267,2005-09,1
1889031542,2005-08,1
1889031550,2005-06,1
1889032204,2005-08,1
1889051071,2005-01,1
1889102172,2005-03,1
1889140163,2005-03,1
1889140163,2005-10,1
1889209023,2005-06,1
1889209031,2005-09,1
1889242098,2005-04,1
1889242241,2005-09,1
1889242241,2005-10,3
1889262935,2005-05,1
1889307017,2005-07,1
1889323055,2005-05,1
1889323128,2005-09,1
1889323136,2005-04,1
1889330221,2005-06,1
1889332313,2005-07,1
1889372714,2005-07,1
1889392030,2005-06,1
1889392111,2005-06,1
1889392138,2005-04,1
1889392138,2005-05,2
1889392138,2005-10,1
1889392146,2005-01,1
1889392146,2005-05,1
1889392154,2005-03,1
1889392154,2005-09,1
1889392197,2005-04,1
1889392197,2005-05,1
1889392197,2005-08,2
1889408034,2005-01,1
1889439185,2005-10,1
1889540463,2005-09,1
1889540536,2005-06,1
1889540536,2005-08,1
1889540641,2005-08,1
1889554081,2005-01,1
188958410X,2005-09,2
1889593109,2005-08,1
1889596108,2005-09,1
1889605018,2005-02,1
1889613096,2005-07,1
1889659029,2005-01,1
1889700401,2005-07,1
188971514X,2005-07,1
1889720143,2005-09,1
188990306X,2005-09,1
1889937096,2005-01,1
1889959030,2005-05,1
188996364X,2005-07,1
1889977071,2005-09,1
188999913X,2005-08,1
1890008060,2005-09,1
1890009121,2005-07,1
1890035017,2005-08,1
1890035017,2005-10,1
1890035300,2005-09,1
1890087009,2005-01,1
1890087025,2005-01,1
1890087025,2005-02,1
1890087025,2005-04,1
1890087386,2005-05,1
1890087386,2005-06,1
1890087386,2005-08,1
1890087475,2005-05,1
1890087521,2005-05,1
1890087521,2005-08,2
1890087661,2005-04,1
1890087661,2005-05,1
1890087661,2005-06,1
189008767X,2005-05,1
1890087696,2005-09,1
1890087742,2005-08,1
1890132098,2005-07,1
1890132101,2005-10,1
1890132195,2005-05,1
1890132276,2005-09,1
1890132527,2005-08,1
1890132721,2005-07,1
1890132888,2005-02,1
1890132918,2005-09,1
1890137499,2005-04,1
1890142093,2005-06,1
1890157295,2005-03,1
1890157333,2005-03,1
1890157341,2005-01,1
1890159646,2005-06,1
1890208574,2005-01,1
1890208787,2005-09,1
1890257036,2005-09,1
1890309559,2005-03,1
1890344060,2005-03,1
1890367125,2005-01,1
1890367311,2005-04,1
1890379018,2005-08,1
1890386367,2005-08,1
1890437891,2005-03,1
189045110X,2005-04,1
1890482803,2005-05,1
1890490210,2005-08,1
1890490431,2005-08,1
1890495212,2005-10,1
1890534056,2005-08,1
1890572152,2005-08,1
1890572152,2005-09,1
1890580007,2005-06,1
1890612138,2005-06,1
1890612340,2005-09,1
1890621870,2005-10,1
1890626058,2005-10,1
189062635X,2005-09,1
1890626538,2005-05,1
1890626546,2005-05,1
1890626554,2005-08,1
1890626570,2005-08,2
1890626589,2005-09,1
1890679348,2005-06,2
1890679348,2005-07,1
1890764000,2005-09,1
1890768634,2005-09,1
1890772445,2005-08,1
189077412X,2005-01,1
1890774146,2005-09,1
1890774154,2005-03,2
1890774154,2005-07,1
1890774162,2005-01,1
1890774200,2005-09,1
1890774227,2005-08,1
1890851051,2005-09,1
1890856193,2005-01,1
1890856193,2005-08,1
1890944475,2005-03,1
1890944947,2005-01,1
1890948128,2005-07,1
1890948152,2005-10,1
1890948209,2005-02,1
1890948209,2005-08,1
189095117X,2005-04,1
1890951471,2005-03,1
1890957623,2005-09,1
189096722X,2005-08,1
1891011022,2005-08,1
1891024329,2005-08,1
1891024698,2005-06,1
1891105035,2005-06,1
1891105035,2005-08,1
1891105035,2005-10,1
189110506X,2005-08,2
1891105108,2005-05,1
1891105108,2005-06,1
1891105108,2005-07,1
1891105116,2005-05,1
1891105116,2005-07,1
1891105159,2005-10,1
1891105167,2005-03,2
1891105167,2005-06,1
1891105167,2005-08,1
1891105167,2005-09,1
1891114344,2005-08,1
1891117009,2005-03,1
1891231456,2005-09,1
1891241133,2005-09,1
1891252089,2005-03,1
1891267604,2005-06,1
1891267752,2005-09,1
1891268171,2005-09,1
1891280082,2005-06,1
1891315099,2005-08,1
1891327550,2005-07,1
1891347055,2005-01,1
1891369113,2005-04,1
1891369377,2005-04,1
1891369482,2005-04,1
1891369482,2005-06,1
1891369539,2005-09,1
1891382047,2005-10,1
1891389319,2005-09,1
1891400010,2005-02,1
1891400010,2005-09,1
1891400207,2005-09,1
1891400207,2005-10,1
1891400223,2005-07,1
1891400274,2005-08,1
189143411X,2005-09,1
1891434179,2005-09,1
1891517074,2005-10,1
1891525093,2005-03,1
1891620029,2005-08,1
1891620134,2005-04,1
1891620274,2005-05,1
1891620916,2005-02,1
1891640143,2005-06,1
1891661280,2005-01,1
1891661302,2005-09,1
1891686003,2005-04,1
1891686038,2005-04,1
1891689908,2005-10,1
1891724029,2005-10,1
1891762745,2005-08,1
1891767003,2005-04,1
1891767003,2005-06,1
1891767003,2005-08,1
1891767003,2005-09,2
189176702X,2005-02,1
189176702X,2005-07,1
189176702X,2005-08,2
1891767054,2005-08,1
1891767070,2005-07,1
1891767070,2005-09,1
1891776169,2005-09,1
1891776193,2005-08,1
1891799177,2005-03,1
1891799207,2005-10,1
1891799258,2005-08,1
1891804553,2005-06,1
1891824430,2005-07,1
1891830244,2005-08,1
1891830430,2005-05,1
1891830430,2005-08,1
1891830430,2005-09,1
1891845144,2005-09,1
1891845241,2005-08,1
1891853430,2005-06,1
1891858084,2005-08,1
1891859099,2005-01,1
1891867695,2005-04,1
1891867792,2005-05,1
1891898000,2005-09,1
1891898027,2005-09,1
1891903330,2005-09,1
1891936697,2005-01,1
1891945033,2005-03,2
1891945033,2005-07,1
1891946129,2005-02,1
1891946145,2005-04,1
1891962280,2005-10,1
1891984330,2005-01,1
1891984330,2005-03,1
1891984357,2005-09,1
189198487X,2005-06,1
1891984918,2005-06,1
1892005034,2005-02,1
1892005034,2005-07,1
1892005042,2005-02,1
1892005069,2005-03,1
1892005093,2005-08,1
1892016222,2005-04,1
1892040107,2005-07,1
1892062097,2005-07,1
1892065290,2005-05,1
1892065878,2005-07,1
1892112000,2005-03,1
1892123053,2005-08,1
1892123223,2005-06,1
1892123223,2005-09,1
189212372X,2005-08,1
1892123924,2005-09,1
1892127113,2005-04,1
1892127199,2005-08,1
1892127210,2005-09,1
189212730X,2005-03,1
1892127318,2005-04,1
189212744X,2005-01,1
1892127563,2005-09,1
1892132397,2005-01,1
1892145243,2005-06,1
1892145278,2005-08,1
189215417X,2005-07,1
189215417X,2005-08,1
1892216388,2005-04,1
1892281066,2005-03,1
1892285037,2005-08,1
1892309807,2005-03,1
1892323176,2005-09,1
189238910X,2005-01,1
189238910X,2005-08,1
1892389223,2005-01,1
1892389398,2005-05,1
1892389541,2005-05,1
1892389614,2005-04,1
1892395568,2005-09,1
1892399032,2005-02,1
1892418118,2005-07,1
1892427168,2005-08,1
1892495228,2005-05,1
1892495244,2005-09,1
1892499010,2005-09,1
1892514907,2005-07,1
1892523213,2005-09,1
1892523299,2005-10,1
189252337X,2005-09,1
189252516X,2005-03,1
189252516X,2005-10,1
1892529157,2005-02,1
1892538040,2005-08,1
1892538091,2005-05,1
1892538482,2005-05,1
1892668033,2005-03,1
1892695111,2005-08,1
1892714159,2005-09,1
1892718502,2005-03,1
1892764040,2005-03,1
1892836203,2005-02,1
1892866005,2005-09,1
1892950138,2005-06,1
1892950138,2005-08,1
1892950200,2005-01,1
1892950618,2005-01,1
1892950626,2005-08,1
1892975556,2005-01,1
1892989042,2005-08,1
1892989093,2005-07,1
1893005348,2005-04,1
1893005348,2005-09,1
1893007170,2005-09,2
1893062295,2005-04,1
1893062295,2005-06,1
1893062678,2005-03,1
189306705X,2005-08,1
1893103080,2005-08,1
1893115445,2005-03,1
1893115518,2005-05,1
1893115518,2005-06,1
1893115518,2005-08,1
1893115925,2005-02,1
1893115941,2005-08,1
1893115941,2005-09,2
1893121046,2005-08,1
1893121240,2005-02,1
1893163113,2005-07,1
1893163466,2005-02,1
1893163490,2005-08,1
1893172244,2005-04,1
1893196135,2005-07,1
1893196135,2005-09,1
1893196151,2005-07,1
1893196178,2005-07,1
1893196186,2005-07,1
1893196194,2005-08,1
1893196208,2005-08,1
1893196224,2005-09,2
1893196240,2005-05,1
1893210065,2005-05,1
1893224430,2005-09,1
1893224643,2005-04,1
1893224864,2005-02,1
1893281035,2005-10,1
1893302350,2005-01,1
1893357031,2005-06,1
1893361322,2005-09,1
1893361454,2005-09,1
1893361780,2005-02,1
1893407039,2005-08,1
1893443000,2005-09,1
1893554120,2005-10,1
1893554155,2005-07,1
1893554368,2005-04,1
1893554368,2005-07,1
1893554457,2005-10,1
1893554473,2005-06,1
1893554589,2005-07,1
1893554740,2005-04,1
1893554775,2005-07,1
1893554775,2005-09,1
1893554783,2005-01,1
1893554856,2005-01,1
1893554856,2005-02,1
1893564428,2005-05,1
1893564428,2005-08,1
1893564428,2005-09,1
1893564533,2005-06,1
1893564533,2005-08,1
1893564568,2005-01,1
1893564568,2005-08,1
1893564614,2005-08,1
189356469X,2005-08,1
1893564789,2005-08,1
1893618072,2005-03,1
1893618129,2005-09,1
1893660044,2005-02,1
1893687376,2005-02,1
1893732819,2005-07,1
1893732886,2005-08,1
1893740048,2005-08,1
1893756157,2005-10,1
1893757358,2005-09,1
189376205X,2005-04,1
1893762130,2005-04,1
1893762130,2005-08,1
1893762165,2005-08,1
1893762165,2005-09,1
1893762203,2005-06,1
1893762203,2005-07,1
1893762211,2005-08,1
1893858197,2005-09,1
1893858235,2005-04,1
1893858367,2005-02,1
1893858367,2005-04,1
1893884023,2005-08,1
1893896307,2005-08,1
1893896455,2005-05,1
1893896455,2005-06,1
1893905144,2005-08,1
1893905306,2005-02,1
1893905322,2005-10,1
1893905489,2005-10,1
1893907333,2005-09,1
1893910245,2005-09,1
1893910318,2005-09,1
1893951065,2005-07,1
1893956474,2005-08,1
1893984001,2005-03,1
1893984001,2005-08,1
1893990095,2005-06,1
1894037073,2005-08,1
1894037219,2005-09,1
189406318X,2005-04,1
1894154029,2005-09,1
1894154142,2005-07,1
1894154460,2005-07,1
1894154657,2005-10,1
1894222296,2005-07,1
1894262522,2005-06,1
1894345797,2005-04,1
1894412974,2005-02,1
1894525817,2005-04,1
1894574044,2005-08,1
1894638379,2005-09,1
1894638557,2005-09,1
189463876X,2005-09,1
1894663225,2005-04,1
1894663667,2005-06,1
1894663918,2005-04,1
1894663918,2005-05,1
1894667018,2005-06,1
1894815238,2005-03,1
1894815645,2005-01,1
1894815831,2005-06,1
1894877152,2005-10,1
1894877349,2005-10,1
1894877438,2005-08,1
1894877535,2005-08,1
1894893719,2005-08,1
1894893824,2005-03,1
1894938011,2005-04,1
1894942094,2005-01,1
1894959108,2005-07,1
1894959124,2005-09,1
1894959213,2005-09,1
1894959221,2005-08,1
1894963369,2005-02,1
1894963377,2005-09,1
1894965140,2005-08,1
1895270278,2005-08,1
1895523753,2005-08,1
1895681197,2005-01,1
1895811163,2005-09,1
1896503705,2005-04,1
1896522378,2005-04,1
1896522416,2005-05,1
1896597149,2005-01,1
1896597149,2005-03,1
1896597602,2005-04,1
1896597645,2005-09,1
1896597890,2005-10,1
1896713009,2005-04,1
1896764614,2005-07,1
1896817238,2005-09,1
1896836658,2005-08,1
1896941400,2005-07,1
1896944078,2005-06,1
1896944329,2005-09,3
1897082118,2005-08,1
1897084064,2005-08,1
1897160135,2005-09,1
1897597495,2005-09,1
1897597649,2005-08,3
1897597649,2005-09,2
1897597649,2005-10,1
1897784600,2005-04,1
1897809654,2005-08,1
1897959419,2005-06,1
1898256411,2005-08,1
1898323569,2005-08,1
1898323941,2005-08,1
189920900X,2005-02,1
1899434690,2005-10,1
1899598200,2005-06,1
1899618309,2005-07,1
1899791663,2005-03,1
1899791736,2005-08,1
1899836713,2005-10,1
189987013X,2005-09,1
1899870318,2005-09,1
1899870547,2005-03,1
190042861X,2005-05,1
1900486075,2005-01,1
1900486377,2005-05,1
1900924560,2005-01,1
1901130134,2005-08,1
1901130754,2005-08,1
1901388492,2005-06,1
190138876X,2005-05,1
1901447162,2005-07,1
1901746372,2005-03,1
1901746372,2005-09,1
1901923258,2005-05,1
1901923258,2005-08,1
1901923274,2005-05,1
190192338X,2005-02,1
1901970485,2005-02,1
1901982270,2005-08,1
1901983234,2005-01,1
1901983242,2005-02,1
1901983412,2005-08,1
1901983560,2005-01,1
1901983714,2005-04,1
1901983838,2005-03,1
1901983846,2005-01,1
1901983951,2005-09,1
1902007174,2005-08,1
1902351150,2005-10,1
1902405110,2005-08,1
1902538285,2005-04,1
1902538285,2005-05,1
1902538285,2005-07,2
1902579224,2005-10,1
1902588126,2005-03,1
1902593707,2005-01,1
1902593790,2005-02,2
1902593790,2005-03,1
1902593855,2005-06,1
1902593855,2005-09,1
1902686519,2005-07,2
1902686519,2005-08,2
1902806190,2005-06,1
190282542X,2005-08,1
1902852338,2005-05,1
1902881508,2005-07,1
1902930010,2005-04,1
1903018285,2005-03,1
1903047277,2005-07,1
1903111757,2005-10,1
1903111765,2005-09,1
190311179X,2005-07,1
1903111994,2005-10,1
1903135133,2005-09,1
1903155207,2005-01,1
1903223059,2005-02,1
1903223180,2005-05,1
1903254159,2005-02,1
1903254329,2005-08,1
1903391091,2005-02,1
1903436214,2005-08,1
1903450500,2005-05,1
1903458420,2005-08,1
1903471745,2005-07,1
190351133X,2005-07,1
1903654548,2005-04,1
1903706440,2005-08,1
1903706904,2005-07,2
1903782007,2005-09,1
1903816416,2005-09,1
1903816904,2005-04,1
1903854369,2005-08,1
1903854385,2005-09,1
1903889944,2005-08,1
1903906148,2005-07,1
1903931185,2005-02,1
1903931371,2005-03,1
1903931657,2005-10,1
1903975387,2005-03,1
1903975581,2005-08,1
1903998638,2005-08,1
1904010326,2005-03,1
1904010946,2005-01,1
190405739X,2005-09,1
1904126006,2005-09,1
190413260X,2005-09,1
1904151027,2005-07,1
1904224253,2005-09,1
1904301401,2005-05,1
1904408168,2005-06,1
1904408168,2005-07,1
1904434061,2005-10,1
1904434207,2005-10,1
1904449395,2005-06,1
1904468071,2005-06,2
190446808X,2005-08,1
1904468152,2005-08,1
1904485138,2005-06,1
1904485235,2005-08,1
1904492746,2005-05,1
1904492789,2005-09,2
1904550398,2005-09,1
1904550398,2005-10,1
1904555055,2005-08,1
1904577350,2005-06,1
190457744X,2005-01,1
1904577768,2005-06,1
1904600271,2005-07,1
1904600328,2005-10,1
1904649009,2005-03,1
1904687288,2005-07,1
1904766080,2005-08,1
1904766218,2005-04,1
1904772021,2005-02,1
1904811035,2005-09,1
1904811124,2005-07,1
1904811124,2005-08,1
1904811167,2005-09,1
1904811272,2005-07,1
1904811272,2005-09,1
1904811736,2005-09,1
1904838006,2005-05,1
1904853110,2005-07,1
1904854346,2005-08,1
1904859208,2005-07,1
1904920101,2005-07,1
1904978142,2005-09,1
1904978215,2005-10,1
1904978339,2005-07,1
1904978355,2005-09,1
1904994024,2005-09,1
1905043015,2005-08,1
1905202180,2005-08,1
1905290055,2005-08,1
1905297009,2005-07,2
1905399057,2005-09,1
1919901191,2005-03,1
1920744398,2005-08,1
192076920X,2005-08,1
1920888004,2005-02,1
1920888004,2005-09,1
1928556264,2005-03,1
1928564003,2005-09,1
1928580149,2005-06,1
1928618243,2005-07,1
1928623026,2005-02,1
1928623026,2005-03,1
1928623026,2005-07,1
1928649270,2005-02,1
1928653111,2005-02,1
1928653111,2005-06,1
1928653111,2005-07,2
1928653111,2005-09,2
1928653197,2005-01,1
1928653219,2005-05,1
1928653219,2005-08,1
1928660134,2005-07,1
1928701019,2005-08,1
1928703003,2005-04,1
1928704115,2005-09,1
1928724051,2005-05,1
1928724051,2005-09,1
1928791107,2005-05,1
1928798055,2005-04,1
1928806082,2005-08,1
1928806104,2005-09,1
1928812031,2005-02,1
1928812031,2005-09,2
1928832008,2005-05,1
1928832008,2005-07,1
1928832288,2005-10,1
1928832377,2005-08,1
1928832415,2005-02,1
1928832415,2005-07,2
1928832415,2005-09,1
1928832431,2005-08,1
1928832814,2005-07,1
1928832814,2005-10,1
1928832865,2005-07,1
1928873367,2005-01,1
1928873413,2005-02,1
1928873421,2005-08,1
1928873499,2005-02,1
1928873529,2005-07,1
1928873529,2005-08,1
1928873529,2005-09,2
1928873588,2005-07,1
192890615X,2005-03,1
1928915507,2005-07,1
1928936407,2005-09,1
1928965113,2005-04,1
1928994644,2005-09,1
1928994989,2005-02,1
1928999190,2005-03,1
1929009135,2005-03,1
1929039204,2005-01,1
192904920X,2005-02,1
1929055447,2005-03,1
1929055447,2005-08,1
1929125305,2005-02,1
1929125437,2005-01,1
192913214X,2005-08,1
1929132220,2005-07,1
1929132743,2005-03,1
1929133049,2005-06,1
1929154178,2005-04,1
1929154178,2005-08,2
1929164122,2005-01,1
1929173164,2005-09,1
1929173164,2005-10,1
192917358X,2005-08,1
1929175094,2005-05,1
1929180063,2005-09,1
1929180616,2005-08,1
1929194196,2005-05,1
1929194285,2005-05,1
1929218060,2005-03,1
1929229070,2005-09,1
1929229143,2005-03,1
1929229143,2005-07,1
1929241321,2005-04,1
1929241348,2005-03,1
1929241593,2005-07,1
1929242093,2005-03,1
1929242174,2005-06,1
1929281080,2005-05,1
192930806X,2005-09,1
192934001X,2005-01,1
1929365640,2005-08,1
1929494696,2005-06,1
1929549059,2005-08,1
1929565003,2005-08,1
1929565054,2005-09,1
192962249X,2005-08,1
1929629095,2005-05,1
1929631219,2005-04,1
1929653565,2005-04,1
1929685025,2005-05,1
1929685173,2005-05,1
1929685386,2005-02,1
1929763212,2005-06,1
1929774303,2005-06,1
1929834012,2005-01,1
1929834012,2005-03,1
1929834047,2005-08,1
1929834128,2005-07,1
1929834152,2005-07,1
1929834195,2005-05,1
1929834276,2005-08,1
1929834292,2005-02,1
1929834314,2005-04,1
1929834322,2005-10,1
1929841183,2005-04,1
1929894058,2005-07,1
1929976267,2005-02,1
192999821X,2005-05,1
1929998236,2005-07,1
1929998430,2005-07,1
1929998651,2005-04,1
1929998732,2005-08,1
1930027435,2005-03,1
1930051999,2005-06,1
1930074131,2005-07,1
1930085060,2005-01,1
1930097026,2005-08,1
1930097220,2005-05,1
193009728X,2005-03,1
1930097751,2005-07,1
1930098502,2005-09,1
1930110022,2005-02,1
193011088X,2005-09,1
1930110898,2005-08,1
1930110979,2005-01,1
1930110995,2005-02,1
1930110995,2005-10,1
1930143419,2005-05,1
1930182015,2005-09,1
1930182031,2005-09,1
1930206518,2005-08,1
1930218036,2005-07,1
1930235119,2005-10,1
1930235208,2005-09,1
1930242271,2005-08,1
193033706X,2005-10,1
1930365128,2005-06,1
1930430698,2005-06,1
1930448090,2005-03,1
1930455550,2005-01,1
1930485050,2005-03,1
1930485085,2005-05,1
1930485085,2005-07,1
1930491077,2005-09,1
1930513011,2005-04,1
1930556357,2005-06,1
1930556470,2005-07,1
1930571291,2005-08,1
1930585152,2005-02,1
1930604394,2005-09,1
1930604785,2005-07,1
1930604998,2005-02,1
1930624271,2005-08,1
1930650183,2005-06,1
1930652801,2005-03,1
1930658001,2005-06,1
193069945X,2005-07,1
193069945X,2005-08,1
1930709242,2005-05,1
1930709323,2005-01,1
1930709323,2005-05,1
1930709323,2005-06,1
1930722184,2005-03,1
1930722419,2005-07,1
1930722427,2005-09,1
1930722486,2005-02,1
1930722486,2005-03,1
1930722486,2005-08,1
1930722583,2005-10,1
1930724047,2005-01,1
1930754191,2005-10,1
1930754566,2005-06,1
1930754671,2005-05,1
1930754671,2005-06,2
1930771126,2005-06,1
1930780060,2005-05,1
1930817169,2005-07,1
1930819153,2005-03,1
193085952X,2005-07,1
1930859619,2005-07,1
1930865120,2005-01,1
1930865597,2005-10,1
1930865686,2005-02,1
1930882505,2005-09,1
1930885180,2005-07,1
1930897073,2005-08,1
1930900066,2005-05,1
1930900066,2005-09,1
1930900104,2005-09,1
1930900171,2005-10,1
1930900287,2005-10,1
1930919220,2005-01,1
1930919514,2005-06,1
1930928068,2005-03,1
1930928335,2005-07,1
1930928890,2005-10,1
1930928904,2005-05,1
1930935269,2005-05,1
1930947070,2005-08,1
1930964676,2005-09,1
1930997256,2005-06,1
1930997701,2005-01,1
1931018022,2005-06,1
1931020299,2005-09,1
193103205X,2005-09,1
1931044309,2005-05,1
1931044341,2005-05,1
1931044643,2005-06,1
1931047170,2005-09,1
193104743X,2005-05,1
193104743X,2005-09,1
1931047456,2005-05,1
1931047456,2005-08,2
1931047456,2005-09,1
1931055440,2005-08,1
1931056870,2005-01,1
1931064067,2005-01,1
1931078106,2005-03,1
1931081670,2005-09,1
1931081964,2005-09,1
1931082200,2005-03,1
1931082561,2005-08,1
1931082723,2005-02,1
1931082723,2005-04,2
1931082723,2005-07,1
1931082758,2005-08,1
1931088055,2005-08,1
1931095736,2005-07,1
1931112029,2005-07,1
1931128006,2005-03,1
193114043X,2005-04,1
1931160082,2005-07,1
1931160333,2005-08,1
1931207259,2005-06,1
1931207259,2005-09,1
1931220018,2005-02,1
1931229015,2005-04,1
1931229082,2005-08,1
1931229295,2005-03,1
1931229341,2005-02,1
193123020X,2005-02,1
193123230X,2005-06,1
1931282137,2005-01,1
193128251X,2005-06,1
1931332134,2005-02,1
1931382212,2005-03,1
1931382425,2005-09,1
193138259X,2005-08,1
1931382611,2005-05,1
1931382611,2005-06,1
1931382611,2005-08,1
1931382611,2005-09,1
1931383049,2005-09,1
1931402116,2005-10,1
1931412065,2005-02,1
1931412065,2005-04,1
1931412065,2005-08,1
1931412286,2005-09,1
1931412537,2005-01,1
1931412928,2005-07,1
1931448027,2005-09,1
193146412X,2005-01,1
193146815X,2005-09,1
1931484007,2005-08,1
1931498121,2005-10,1
1931498237,2005-07,1
1931498237,2005-08,1
1931498520,2005-08,1
1931498539,2005-06,1
1931498539,2005-09,1
1931498563,2005-01,1
1931498717,2005-01,2
1931498717,2005-02,3
1931498717,2005-04,1
1931498717,2005-05,2
1931498717,2005-06,2
1931498717,2005-08,1
1931498717,2005-09,1
1931498725,2005-09,1
1931498733,2005-08,1
1931498849,2005-08,1
1931499047,2005-02,1
1931499047,2005-05,1
1931499047,2005-08,1
193149908X,2005-02,1
1931499152,2005-08,1
1931499209,2005-09,1
1931499268,2005-04,1
1931499330,2005-10,1
1931499403,2005-06,2
193149942X,2005-04,2
1931499446,2005-09,1
1931499470,2005-09,1
1931499527,2005-01,1
1931499543,2005-02,1
1931499543,2005-03,2
1931499543,2005-05,1
1931499543,2005-06,1
1931499551,2005-09,1
1931499616,2005-09,1
1931499683,2005-02,1
1931499683,2005-08,1
1931499705,2005-10,1
1931499799,2005-09,1
1931499853,2005-04,1
1931499861,2005-04,1
193149987X,2005-09,1
1931499918,2005-09,2
1931513082,2005-03,1
1931513198,2005-08,1
1931513309,2005-04,1
1931513619,2005-08,1
1931513767,2005-05,1
1931513988,2005-08,1
193151447X,2005-04,1
1931514798,2005-09,1
1931514925,2005-06,1
1931514941,2005-02,1
1931520046,2005-01,1
1931520119,2005-05,1
1931520151,2005-07,1
193154316X,2005-08,1
193154333X,2005-07,1
1931543410,2005-06,1
1931543429,2005-01,1
1931543429,2005-07,1
193154364X,2005-08,1
1931543658,2005-09,1
1931543674,2005-08,1
193155904X,2005-09,1
1931561052,2005-03,1
1931561109,2005-02,1
1931561214,2005-09,1
1931561230,2005-02,1
1931561419,2005-04,1
1931561486,2005-01,1
1931561486,2005-04,1
1931561648,2005-07,1
1931561664,2005-02,1
1931561729,2005-09,1
1931561737,2005-02,1
193156177X,2005-04,1
193156180X,2005-06,1
1931561826,2005-05,1
1931561915,2005-05,1
193156194X,2005-02,1
193156714X,2005-07,1
1931567166,2005-09,1
1931599491,2005-03,1
1931600120,2005-06,1
1931611009,2005-03,1
1931628157,2005-08,1
1931628157,2005-10,1
1931643415,2005-09,1
1931644217,2005-09,1
1931672024,2005-06,1
1931672024,2005-09,1
1931686238,2005-07,1
1931686238,2005-09,1
1931686491,2005-10,1
1931686807,2005-08,1
1931686998,2005-04,1
1931686998,2005-07,1
1931686998,2005-08,1
1931686998,2005-09,2
1931686998,2005-10,1
193170905X,2005-03,1
1931709262,2005-03,1
1931709327,2005-09,1
1931709564,2005-07,1
1931709564,2005-08,1
193172119X,2005-01,1
1931721386,2005-04,1
1931741425,2005-08,1
1931769397,2005-06,1
1931769400,2005-07,1
1931788227,2005-08,1
1931788227,2005-09,1
1931788464,2005-02,1
1931788472,2005-08,1
1931788545,2005-08,1
1931832390,2005-08,1
1931836116,2005-08,1
1931836361,2005-01,1
1931836361,2005-02,1
1931836361,2005-04,1
193183640X,2005-03,1
1931836639,2005-04,1
1931836876,2005-10,1
193184108X,2005-04,1
1931841373,2005-10,1
1931841969,2005-02,1
193184707X,2005-04,1
1931847142,2005-09,1
1931859094,2005-10,1
1931859116,2005-06,1
1931859140,2005-05,1
1931859205,2005-08,1
1931859205,2005-10,2
193186800X,2005-07,1
1931868271,2005-08,1
1931868808,2005-09,1
1931882312,2005-02,1
193188238X,2005-03,1
1931882401,2005-03,1
1931882428,2005-09,1
1931885141,2005-09,1
1931896208,2005-10,1
193193018X,2005-02,1
193193018X,2005-07,1
1931931755,2005-10,1
1931945160,2005-05,1
1931956154,2005-03,1
1931968055,2005-02,1
1931993025,2005-02,2
1931993033,2005-07,1
193199305X,2005-09,1
1931993343,2005-06,1
1931993343,2005-09,2
1931993564,2005-10,1
1931993602,2005-05,1
1932009019,2005-09,1
1932009213,2005-08,1
1932023186,2005-07,1
1932031812,2005-09,1
1932033122,2005-01,1
1932033254,2005-08,1
1932033262,2005-08,1
1932047786,2005-02,1
1932047786,2005-08,1
1932047964,2005-01,1
1932051392,2005-08,1
1932065903,2005-06,1
1932072012,2005-05,1
1932072659,2005-07,1
1932077898,2005-08,2
1932079114,2005-03,1
1932096132,2005-08,1
193209802X,2005-02,1
1932100016,2005-06,1
1932100083,2005-09,1
1932100296,2005-01,1
1932100296,2005-08,1
1932100296,2005-09,1
1932100334,2005-09,1
1932100385,2005-01,2
1932100385,2005-03,1
1932100385,2005-04,1
1932100385,2005-07,3
1932100385,2005-08,4
1932100385,2005-09,5
1932100385,2005-10,3
1932100431,2005-04,1
1932100431,2005-08,2
1932100431,2005-10,2
1932100474,2005-06,1
1932100474,2005-07,1
1932100490,2005-08,1
1932100555,2005-07,1
1932100563,2005-05,1
1932100660,2005-07,1
1932100725,2005-09,1
1932104054,2005-03,1
1932104232,2005-09,1
1932111891,2005-01,1
1932111921,2005-08,1
1932111972,2005-05,1
1932124004,2005-02,1
1932124640,2005-06,1
1932128026,2005-03,1
1932128034,2005-05,1
1932128034,2005-08,1
1932128123,2005-07,1
1932128123,2005-09,1
1932133402,2005-05,1
1932133631,2005-08,1
1932156267,2005-08,1
1932156747,2005-09,1
1932156895,2005-01,1
1932156895,2005-04,1
1932157336,2005-03,1
1932158588,2005-08,1
1932159371,2005-08,2
1932159452,2005-10,1
1932173048,2005-08,1
1932173269,2005-08,1
1932181016,2005-08,1
1932183221,2005-09,1
1932183256,2005-09,1
1932183523,2005-08,1
193218600X,2005-02,1
1932191046,2005-02,1
1932195130,2005-01,1
1932195157,2005-07,1
1932203036,2005-06,1
1932203036,2005-09,1
1932209816,2005-08,1
1932210156,2005-10,1
1932219005,2005-10,1
1932219544,2005-03,1
1932219617,2005-08,1
1932219676,2005-08,1
1932226397,2005-08,5
1932226397,2005-09,1
1932234004,2005-03,1
1932234063,2005-04,1
1932234063,2005-07,1
1932234071,2005-04,1
1932234101,2005-07,1
1932234136,2005-04,1
1932234144,2005-09,1
1932236422,2005-06,1
1932236457,2005-05,1
1932245014,2005-08,1
1932265090,2005-03,1
1932265090,2005-09,1
1932265112,2005-05,1
1932266399,2005-01,1
1932266569,2005-09,1
1932266801,2005-03,1
1932266828,2005-08,1
1932266860,2005-06,1
1932273387,2005-09,1
1932273565,2005-07,1
193227801X,2005-07,1
1932300074,2005-04,1
1932300090,2005-06,1
1932300155,2005-03,1
1932300228,2005-07,2
1932300236,2005-03,1
1932300295,2005-07,1
193230035X,2005-08,1
1932300384,2005-09,1
1932303472,2005-07,1
1932303510,2005-07,1
1932319093,2005-07,1
193233887X,2005-09,1
193233999X,2005-05,2
1932358099,2005-10,2
1932360115,2005-07,1
1932360220,2005-06,1
1932360336,2005-01,1
1932360344,2005-03,1
1932360654,2005-01,1
1932360689,2005-03,1
1932360689,2005-08,1
1932360719,2005-06,1
1932360816,2005-06,1
1932373772,2005-03,1
1932374078,2005-04,1
1932382097,2005-01,1
1932382364,2005-03,1
1932382518,2005-02,1
1932382518,2005-08,1
193238264X,2005-08,1
1932391053,2005-03,1
193239415X,2005-03,1
193239415X,2005-04,2
193239415X,2005-05,1
193239415X,2005-06,1
193239415X,2005-07,1
193239415X,2005-08,3
1932394222,2005-02,2
1932394230,2005-01,1
1932394281,2005-08,1
1932394354,2005-05,1
1932394354,2005-08,1
1932394354,2005-09,1
1932394389,2005-08,1
1932394400,2005-08,1
1932407391,2005-07,1
1932416080,2005-03,1
1932416153,2005-09,1
1932416161,2005-09,1
1932416218,2005-08,1
1932416242,2005-02,1
1932416242,2005-05,1
193242007X,2005-03,1
1932420207,2005-05,1
1932420207,2005-06,1
1932420207,2005-08,1
193242900X,2005-05,1
193242900X,2005-06,1
1932429239,2005-10,1
1932442340,2005-01,1
1932442383,2005-07,1
1932453490,2005-07,1
1932458018,2005-03,1
1932458018,2005-08,1
1932458018,2005-09,2
1932458174,2005-03,1
1932458174,2005-04,1
1932458174,2005-07,1
1932470123,2005-02,1
1932470298,2005-10,1
1932485287,2005-08,1
1932517448,2005-01,1
1932517448,2005-03,1
1932517448,2005-07,1
1932529098,2005-01,1
1932531254,2005-08,1
1932531270,2005-06,1
1932531270,2005-09,1
1932531297,2005-01,1
193254903X,2005-03,1
1932558047,2005-09,1
1932559221,2005-02,1
1932560491,2005-03,1
1932560688,2005-06,1
1932560742,2005-02,1
1932560742,2005-07,1
1932560963,2005-03,1
1932564667,2005-10,1
1932565167,2005-01,1
1932565167,2005-08,1
1932565248,2005-09,1
1932586296,2005-06,1
193258630X,2005-06,1
1932586415,2005-05,1
1932586415,2005-06,1
1932594019,2005-07,2
1932595031,2005-09,1
193259504X,2005-02,1
193259504X,2005-08,1
1932642366,2005-05,1
1932642366,2005-09,1
1932645772,2005-07,1
1932657231,2005-03,1
1932664173,2005-10,1
1932672362,2005-02,1
193269000X,2005-03,1
1932690034,2005-08,2
1932700005,2005-07,1
1932700005,2005-09,1
1932709045,2005-09,1
1932709061,2005-07,1
1932714006,2005-06,1
1932714006,2005-07,1
1932714006,2005-08,1
1932714073,2005-02,1
1932714111,2005-08,1
1932733035,2005-07,1
1932735003,2005-09,1
1932751076,2005-07,1
1932751076,2005-08,2
1932751092,2005-09,1
1932755322,2005-02,1
1932762000,2005-08,1
1932775226,2005-07,1
1932783091,2005-03,1
1932783091,2005-09,1
193279624X,2005-08,1
193279624X,2005-10,1
1932805397,2005-09,1
1932808205,2005-10,1
1932815074,2005-05,1
1932815236,2005-06,1
1932815260,2005-03,1
1932841008,2005-10,1
1932841105,2005-10,1
1932852093,2005-02,1
1932857184,2005-09,1
1932857206,2005-10,1
1932857222,2005-09,1
1932859004,2005-07,1
193287402X,2005-09,1
1932881018,2005-06,1
1932881018,2005-08,1
1932898409,2005-09,1
1932902465,2005-09,1
1932902503,2005-09,1
1932907009,2005-08,1
1932907009,2005-09,2
1932907041,2005-10,1
193290705X,2005-09,1
1932907084,2005-10,1
1932912045,2005-01,1
1932919198,2005-05,1
1932958002,2005-05,1
1932958002,2005-08,1
1932961046,2005-05,1
1932966102,2005-04,1
1932966404,2005-09,1
1932974008,2005-04,1
193299310X,2005-02,2
193299310X,2005-07,3
193299310X,2005-09,1
1932993169,2005-05,1
193299436X,2005-07,1
1933016086,2005-08,1
1933037350,2005-03,2
1933037350,2005-10,1
1933060026,2005-10,1
1933060050,2005-09,1
1933064013,2005-07,1
1933064013,2005-09,1
1933064021,2005-10,1
1933102004,2005-05,1
1933104007,2005-08,1
1933104031,2005-07,1
1933110023,2005-01,1
1933110082,2005-06,1
1933110236,2005-09,1
1933110244,2005-07,1
1933110287,2005-07,1
1933112026,2005-07,2
1933112026,2005-08,1
1933112042,2005-07,1
1933113081,2005-09,1
1933113103,2005-01,1
193311326X,2005-08,1
1933116099,2005-08,1
1933116099,2005-09,1
1933148128,2005-08,1
1933148616,2005-08,1
1933148896,2005-05,1
1933174218,2005-01,1
1933204001,2005-10,1
1933210052,2005-08,1
1933212160,2005-10,1
1933215097,2005-10,1
1933265345,2005-06,1
1933265469,2005-06,2
1933265469,2005-07,1
1933265469,2005-09,1
1933265566,2005-08,1
1933265574,2005-08,1
1933265612,2005-08,1
1933285133,2005-10,1
1933290099,2005-08,1
1933290439,2005-07,1
1933293012,2005-06,1
1933360011,2005-10,1
1933372001,2005-09,1
1933417013,2005-06,1
1933471298,2005-08,1
1933471433,2005-09,1
2010143981,2005-05,1
2035850134,2005-08,1
2038716633,2005-04,1
2060000297,2005-08,1
2060008867,2005-05,1
2061000665,2005-10,1
2061003605,2005-04,1
2061004776,2005-09,1
2061005047,2005-09,1
2061006418,2005-09,1
2061007317,2005-04,1
2061007317,2005-10,1
2067002627,2005-08,1
2067107275,2005-06,1
2067109375,2005-04,1
2067109391,2005-05,1
2067109421,2005-08,1
2067113690,2005-08,1
2067113690,2005-09,1
2080112570,2005-08,1
2080304720,2005-05,1
2253141720,2005-02,1
2266113895,2005-08,1
2267006316,2005-02,1
2745122916,2005-03,1
2745128752,2005-09,1
2831563496,2005-08,1
2831565553,2005-06,1
2831578442,2005-04,1
2831578477,2005-08,1
284048157X,2005-05,1
2843233720,2005-03,1
2843235189,2005-08,1
2843236231,2005-05,1
284323669X,2005-09,1
2848440007,2005-04,1
2850186708,2005-01,1
2850186708,2005-07,1
2850188409,2005-07,1
2850188484,2005-07,1
2850369764,2005-09,1
285708031X,2005-02,1
2858503036,2005-02,1
286404028X,2005-05,1
2864040646,2005-06,1
2867701503,2005-10,1
2869304927,2005-09,1
2880463297,2005-02,1
2880465761,2005-05,1
2880466520,2005-01,1
2880467209,2005-09,2
2880467411,2005-05,1
288046773X,2005-07,1
2880468159,2005-07,1
2884790527,2005-07,1
2894282591,2005-09,1
2894501765,2005-01,1
2894501897,2005-03,1
2894502524,2005-03,1
2894502540,2005-09,1
2894503180,2005-03,1
289450425X,2005-02,1
2894645953,2005-09,1
2912755018,2005-02,1
2913621023,2005-02,1
2913621058,2005-02,1
2913621066,2005-07,1
2913621066,2005-09,1
2913903495,2005-03,1
2913903827,2005-07,1
2913903878,2005-07,1
2915239215,2005-07,1
2915239290,2005-08,1
2915239355,2005-06,1
2915239355,2005-07,1
2923241010,2005-07,1
3010029365,2005-05,1
3037664479,2005-06,1
3037664959,2005-02,2
3037664959,2005-08,1
3037665505,2005-07,1
3037665521,2005-10,1
3037780045,2005-04,1
3190010064,2005-08,1
3280014832,2005-01,1
3280016444,2005-01,1
3283004463,2005-03,1
3438051133,2005-02,1
3438053039,2005-08,1
3442249406,2005-01,1
349950507X,2005-01,1
3540047581,2005-08,1
3540202420,2005-09,1
3540209662,2005-05,1
3540211403,2005-07,1
3540221395,2005-09,1
3540223592,2005-05,1
3540234993,2005-09,1
3540403736,2005-08,1
354041665X,2005-06,1
3540419659,2005-02,1
354042363X,2005-05,1
3540423966,2005-09,1
3540435085,2005-06,1
3540576142,2005-06,1
354058577X,2005-06,1
3540591796,2005-09,1
3540650644,2005-02,1
3540654712,2005-04,1
3540659986,2005-10,1
3540671994,2005-01,1
3548256465,2005-09,1
3550070993,2005-07,1
3570195465,2005-02,1
3570195465,2005-05,1
3718652382,2005-07,1
3764362421,2005-09,1
3764368187,2005-10,1
3764369868,2005-09,1
377571524X,2005-09,1
3791312790,2005-09,1
3791316028,2005-09,1
3791321447,2005-07,1
3791322192,2005-02,1
3791327046,2005-08,1
3791328522,2005-07,1
3791330357,2005-05,1
3791330446,2005-08,1
3791330470,2005-09,1
3791331566,2005-01,1
3822812064,2005-01,1
3822812099,2005-07,1
3822816000,2005-07,1
3822816000,2005-08,1
3822816000,2005-09,1
3822816337,2005-08,1
3822816426,2005-10,1
3822817341,2005-04,1
3822817341,2005-05,1
3822817341,2005-08,1
3822822841,2005-05,1
3822822841,2005-06,1
3822822841,2005-07,3
3822822841,2005-08,1
3822824704,2005-07,1
3822825115,2005-10,1
3822825174,2005-04,1
3822825573,2005-01,1
3822825883,2005-01,1
3822832057,2005-10,1
3822833819,2005-04,1
3822835315,2005-08,1
3822838497,2005-08,1
3822839760,2005-10,1
382284585X,2005-10,1
3822864129,2005-08,1
382286532X,2005-07,1
382287079X,2005-02,1
3822876313,2005-09,1
3822882607,2005-06,1
3823845764,2005-09,1
3823845845,2005-09,1
382385559X,2005-10,1
3825847772,2005-07,1
3829002459,2005-02,1
3829020198,2005-06,1
3829601743,2005-03,1
3829601743,2005-08,2
3861872153,2005-03,1
3861872803,2005-03,1
3861873869,2005-01,1
3861876531,2005-04,1
3861876558,2005-07,1
3861876841,2005-04,1
3865210236,2005-01,1
3882438630,2005-03,1
3882439076,2005-03,1
3882440589,2005-09,1
3891245491,2005-09,1
3893977651,2005-05,1
3897071185,2005-07,1
3899550501,2005-09,1
3899550552,2005-08,1
3899550552,2005-10,1
389985053X,2005-09,1
3899851609,2005-03,1
3902118032,2005-09,1
3908163137,2005-04,1
3925369767,2005-02,1
3925919023,2005-08,1
3927258075,2005-10,1
393112620X,2005-09,1
3931141748,2005-09,1
3931141802,2005-08,1
3931141802,2005-09,1
3931702456,2005-07,1
3932829409,2005-08,1
3933807042,2005-08,1
3936709033,2005-03,1
3936709033,2005-09,1
3936709084,2005-03,1
3936709084,2005-05,1
3936709084,2005-07,1
3936709084,2005-08,1
3936709084,2005-09,1
3936709092,2005-04,1
3936709149,2005-10,1
3936709157,2005-10,1
3937526005,2005-01,1
3980501752,2005-06,1
4099950999,2005-09,1
4431404465,2005-04,1
4766111206,2005-05,1
476611146X,2005-05,1
4766111508,2005-09,1
4766111508,2005-10,1
4766112385,2005-01,1
4766112385,2005-06,1
4766112407,2005-05,1
4766112407,2005-10,1
4766112415,2005-09,1
4766112563,2005-08,1
4766112571,2005-02,1
4766114337,2005-06,1
4766115260,2005-09,1
4766115333,2005-07,1
4766115333,2005-09,1
4770011067,2005-07,1
4770015836,2005-08,1
4770017995,2005-03,1
4770017995,2005-08,1
4770019092,2005-10,1
4770019572,2005-02,1
4770019874,2005-10,1
4770020376,2005-01,1
4770020848,2005-02,1
4770020864,2005-09,1
4770021119,2005-08,1
4770021194,2005-01,1
4770023472,2005-05,1
4770023537,2005-03,1
4770024002,2005-07,1
4770024800,2005-05,1
4770024800,2005-10,1
4770025033,2005-05,1
4770025033,2005-09,1
4770026099,2005-03,1
4770026099,2005-04,1
4770026811,2005-02,1
4770027559,2005-01,1
4770027591,2005-06,1
4770027613,2005-07,1
4770028024,2005-05,1
4770028024,2005-09,1
4770028059,2005-09,1
4770028873,2005-08,1
4770028989,2005-06,1
4770029039,2005-09,1
4770029047,2005-02,1
4770029322,2005-10,1
4770029373,2005-08,1
4770029926,2005-07,1
4770029993,2005-04,1
4817090022,2005-01,1
4817090073,2005-10,1
4833765071,2005-02,1
4889960570,2005-07,1
4889960724,2005-01,1
4889960724,2005-07,1
4889960732,2005-07,1
4889960732,2005-10,1
4889960759,2005-08,1
4889960899,2005-08,1
4889960945,2005-04,1
4889960945,2005-09,1
4889961151,2005-02,1
4889961259,2005-02,1
4889961259,2005-09,1
4889961267,2005-08,1
4889961283,2005-01,1
4889961283,2005-08,1
4889961720,2005-06,1
4900737372,2005-07,1
4901619055,2005-03,1
4902075008,2005-01,1
4902075113,2005-06,1
4906574130,2005-01,1
4921205019,2005-04,1
4921205019,2005-07,1
4925080512,2005-03,1
5353003098,2005-01,1
5353004329,2005-09,1
5551258076,2005-09,1
5766802269,2005-10,1
5864551198,2005-09,1
7119005901,2005-01,1
7119005901,2005-03,1
7119014773,2005-09,1
711902096X,2005-09,1
7215967808,2005-07,1
7508503813,2005-07,1
7537921598,2005-10,1
7800655997,2005-09,1
8023872206,2005-04,1
8120804074,2005-04,1
8120810740,2005-02,1
817030718X,2005-07,1
8170621062,2005-07,1
8171200737,2005-08,1
8172236069,2005-06,1
8172248180,2005-09,1
8173030316,2005-04,1
8174362851,2005-09,1
8175081554,2005-02,1
8176500577,2005-04,1
8180561321,2005-07,1
8185787085,2005-04,1
8186336141,2005-08,1
839180223X,2005-09,1
8408050710,2005-09,1
8408055496,2005-03,1
8420430528,2005-09,1
8420483818,2005-06,1
8433966529,2005-07,1
8435039951,2005-09,1
8437607779,2005-08,1
8466616187,2005-08,1
8475065643,2005-06,1
8478083081,2005-10,1
8478710523,2005-09,1
8478712399,2005-09,1
8478889019,2005-08,1
8479273836,2005-09,1
847953494X,2005-09,1
8479535164,2005-09,1
8480163801,2005-09,2
8484036464,2005-05,1
8489396302,2005-10,1
848986151X,2005-08,1
8493231177,2005-10,1
8495618141,2005-07,1
8495692260,2005-08,1
8497642643,2005-08,1
8497770935,2005-05,1
8571644322,2005-05,1
8823710510,2005-10,1
8836527477,2005-07,1
8836532977,2005-06,1
8854400068,2005-05,1
8854400122,2005-04,1
888265026X,2005-08,2
888265026X,2005-09,1
8884915651,2005-09,1
8887700834,2005-07,1
8931435045,2005-04,1
8931435061,2005-09,1
893143507X,2005-02,1
893143507X,2005-09,1
8995135239,2005-02,1
9004123075,2005-07,1
9004131566,2005-02,1
9021331772,2005-09,1
9027725616,2005-09,1
9040098506,2005-09,1
9050633471,2005-01,1
9054960396,2005-05,1
905496068X,2005-08,1
9057671255,2005-08,1
9057680246,2005-07,1
9058093239,2005-09,1
9059113969,2005-06,1
9060727002,2005-05,1
9074822665,2005-06,1
9076192383,2005-08,1
9076499039,2005-04,1
9077212280,2005-09,1
9163094886,2005-01,1
9163094886,2005-06,1
9163122545,2005-08,1
9163153920,2005-08,1
9163153920,2005-09,1
9163153920,2005-10,1
9189136136,2005-05,1
9504913989,2005-10,1
9505151713,2005-09,1
9505151942,2005-05,1
950538937X,2005-07,1
9517464223,2005-08,1
9568351140,2005-06,2
9568351140,2005-08,1
9576122279,2005-09,1
9576122309,2005-03,1
9580467986,2005-09,1
9583004022,2005-10,1
9588156297,2005-07,1
9588204011,2005-10,1
9601611053,2005-02,1
9602631112,2005-10,1
9620740513,2005-04,1
9622017517,2005-01,1
9622018602,2005-09,1
9623271476,2005-08,1
9625931546,2005-09,1
9625934308,2005-02,1
9625934995,2005-09,1
9625935282,2005-02,1
9625938206,2005-09,1
962593944X,2005-03,1
9626340029,2005-10,1
9626340290,2005-09,1
9626341386,2005-09,1
962634170X,2005-08,1
9626342781,2005-05,1
9626343095,2005-07,1
9626343109,2005-09,1
9627284165,2005-05,1
9627341150,2005-06,1
9627341207,2005-05,1
9627341266,2005-03,1
9627341452,2005-03,1
9627341517,2005-05,1
9628606778,2005-09,1
9629781204,2005-09,1
9633529484,2005-06,1
9650901647,2005-01,1
9651904623,2005-08,1
9652237981,2005-09,1
9652290920,2005-09,1
965229229X,2005-08,1
9652292362,2005-08,1
9653070274,2005-04,1
9653590154,2005-08,2
9654941805,2005-09,1
9654941996,2005-10,1
9659010001,2005-04,1
9659025114,2005-02,1
9681502892,2005-09,1
9681903951,2005-08,1
9681914503,2005-05,1
9686397647,2005-08,1
9686636080,2005-08,1
9687381736,2005-02,1
9687811269,2005-05,1
9687846720,2005-07,1
970220027X,2005-09,1
9719237007,2005-04,1
9719303719,2005-08,1
9745250295,2005-09,1
9747100665,2005-08,1
9748299228,2005-03,1
9748299694,2005-03,1
9749575547,2005-05,1
9752970214,2005-04,1
9766107130,2005-04,1
9766107130,2005-05,1
9766401233,2005-01,1
9766401365,2005-02,1
9768123257,2005-08,1
9774247086,2005-10,1
9774248597,2005-09,1
9782492256,2005-06,1
9810226179,2005-08,1
9810232314,2005-01,1
9810235437,2005-03,1
9810238789,2005-03,1
9810244355,2005-09,1
9812348727,2005-10,1
981238149X,2005-08,1
9812381538,2005-08,1
9812381910,2005-01,1
9812384618,2005-08,1
981238846X,2005-01,1
9812464166,2005-04,1
9812465103,2005-01,1
9812465898,2005-08,1
9812465928,2005-06,1
9812561315,2005-09,1
9813099917,2005-02,1
9814120421,2005-07,1
9814137146,2005-05,1
9814137499,2005-08,1
9814155152,2005-06,1
9834087918,2005-08,1
9834087926,2005-09,1
9871071051,2005-05,1
9874384573,2005-07,1
9875261157,2005-09,1
9889706563,2005-01,1
9889804212,2005-02,1
990008635X,2005-06,1
9962636256,2005-08,1
996263637X,2005-08,1
9963616062,2005-09,1
9963616097,2005-05,1
9966400591,2005-06,1
9992267429,2005-09,1
9992899123,2005-04,1
9992939362,2005-04,1
9993282030,2005-02,1
9993682683,2005-02,1
9995180723,2005-02,1
999651000X,2005-05,1
9997520645,2005-09,1
9997667689,2005-03,1
9998624584,2005-06,1
B000023VWQ,2005-03,1
B00004VUBO,2005-09,1
B00005VFY2,2005-04,1
B00005VJ0T,2005-09,1
B00005VNOD,2005-08,1
B00005VNTN,2005-09,1
B00005W0RC,2005-09,1
B00005W3L7,2005-09,1
B00005WQR5,2005-02,1
B00005WVQ8,2005-04,1
B00005WWP4,2005-06,1
B00005X8ZI,2005-07,1
B00005XBIX,2005-04,1
B00005XDE2,2005-01,1
B00005XFB7,2005-06,1
B00005XJ6A,2005-07,1
B00005XNAU,2005-07,1
B00005XT24,2005-02,1
B00005XTKC,2005-07,1
B00005XU2A,2005-09,1
B00005XVWY,2005-07,1
B00005YEJS,2005-03,1
B00006LEN7,2005-08,1
B00008AJCG,2005-08,1
B00008RUN4,2005-10,1
B00008RWPQ,2005-10,1
B00008S7XB,2005-08,1
B00009PH99,2005-04,1
B00009ZKWP,2005-10,1
B0000AZW7G,2005-07,1
B0000AZW7Q,2005-09,1
B0000BYPNH,2005-02,1
B0000C2W5O,2005-09,1
B0000C2W5Z,2005-10,1
B0000C2W64,2005-10,1
B0000C8WF0,2005-08,1
B0000CAR5H,2005-10,1
B0000CAR5S,2005-09,1
B0000VV2AG,2005-09,1
B0000VV2J2,2005-02,1
B0000VYDTI,2005-02,1
B0000WA18O,2005-02,1
B0000WZWSI,2005-01,4
B0000WZWSI,2005-02,2
B0000WZWSI,2005-03,3
B0000WZWSI,2005-04,2
B0000WZWSI,2005-05,1
B0000WZWSI,2005-06,1
B0000WZWSI,2005-09,2
B00013AWYU,2005-08,1
B0001FZGIU,2005-02,1
B0001G0V6G,2005-10,1
B0001GUQP2,2005-09,1
B0001GZO6S,2005-09,1
B0001I1KOG,2005-09,1
B0001LUGY8,2005-10,1
B0001LUGYS,2005-06,1
B0001OOTKC,2005-02,1
B0001OOTTI,2005-07,1
B0001OOTZC,2005-09,1
B0001OOUC4,2005-02,1
B0001PBYRW,2005-04,1
B0001PG45O,2005-01,1
B0002130PY,2005-10,1
B000234N26,2005-09,1
B0002D6CMU,2005-03,1
B0002D6CX4,2005-07,1
B0002D6D8I,2005-04,1
B0002D6DBA,2005-09,1
B0002EARCK,2005-07,1
B0002EAU2C,2005-02,1
B0002EAU4A,2005-07,1
B0002H6NZM,2005-01,1
B0002IEYB6,2005-02,1
B0002JMI3Q,2005-08,1
B0002MJDMM,2005-06,1
B0002MJDX6,2005-08,1
B0002MKEDY,2005-07,1
B0002NKDUM,2005-02,1
B0002NSDQ8,2005-07,1
B0002RQ1RW,2005-10,1
B0002ST9E8,2005-06,1
B0002TX4KC,2005-08,1
B0002X7W10,2005-06,1
B0002X7W24,2005-09,1
B0002XGVDA,2005-06,1
B0002Y0RP2,2005-08,1
B0002Y0SD8,2005-08,1
B0002Y0SGA,2005-08,1
B0002Y6AHG,2005-03,1
B0002Z0HME,2005-09,1
B0002Z0HU6,2005-09,1
B0002Z0HXI,2005-10,1
B00030KOMG,2005-03,1
B0003P4YE0,2005-05,1
B00064HO7W,2005-08,1
B00066R50G,2005-09,1
B000685KOC,2005-08,1
B000685KWE,2005-08,1
B0006959XS,2005-07,1
B00069Q81A,2005-09,1
B00069QN10,2005-04,1
B0006AGNAU,2005-09,1
B0006AJT2O,2005-09,1
B0006ALD6O,2005-07,1
B0006AQX5U,2005-09,1
B0006ASBZA,2005-09,1
B0006ASOA2,2005-09,1
B0006ASTRK,2005-09,1
B0006AU4KU,2005-09,1
B0006AUKU4,2005-06,1
B0006AV3VO,2005-09,1
B0006AWF2U,2005-05,1
B0006AWJ6W,2005-09,1
B0006AXN80,2005-02,1
B0006BD86Q,2005-09,1
B0006BD92O,2005-10,1
B0006BD956,2005-09,1
B0006BD95Q,2005-02,1
B0006BMNU8,2005-01,1
B0006BN0MI,2005-02,1
B0006BN47E,2005-09,1
B0006BP17U,2005-04,1
B0006BQ6EC,2005-07,1
B0006BQA2A,2005-10,1
B0006BR5F6,2005-04,1
B0006BR9IE,2005-02,1
B0006BS2AI,2005-10,1
B0006BS8YS,2005-04,1
B0006BU1PC,2005-07,1
B0006BV1PQ,2005-01,1
B0006BVTAS,2005-06,1
B0006BW132,2005-08,1
B0006C0YWQ,2005-03,1
B0006C6ELQ,2005-09,1
B0006CFVKG,2005-05,1
B0006CHVQ8,2005-10,1
B0006CKFOS,2005-05,1
B0006CTEDQ,2005-09,1
B0006CU9BM,2005-09,1
B0006CW8C0,2005-09,1
B0006DAMUY,2005-10,1
B0006EI3N6,2005-02,1
B0006ENO44,2005-08,1
B0006F3OSO,2005-07,1
B0006F5X92,2005-06,1
B0006F65MQ,2005-03,1
B0006H65NI,2005-02,1
B0006I8JEU,2005-07,1
B0006I8JFE,2005-07,1
B0006I8JG8,2005-07,1
B0006I8JG8,2005-09,1
B0006IWYOG,2005-09,1
B0006IWYRI,2005-09,1
B0006L89NS,2005-08,1
B0006LA4VS,2005-08,1
B0006P5VD0,2005-01,1
B0006Q1ULG,2005-10,1
B0006Q1UMK,2005-02,1
B0006Q1URK,2005-03,1
B0006QB6O2,2005-09,1
B0006R2YBU,2005-07,1
B0006REO68,2005-09,1
B0006RGNFS,2005-08,1
B0006S1YOW,2005-02,1
B0006TZPQE,2005-10,1
B0006TZPZK,2005-09,1
B0006W3TKU,2005-10,1
B0006WPNAO,2005-05,1
B0006XBLBI,2005-08,1
B0006XGHIA,2005-03,1
B0006XR6US,2005-09,1
B0006Y5XRK,2005-09,1
B0006ZRMF0,2005-01,1
B00070ORCA,2005-10,1
B000711FBK,2005-07,1
B00071HTSI,2005-08,1
B000725Z2O,2005-09,1
B00072DZJE,2005-06,1
B00072RA18,2005-09,1
B00072YCZU,2005-09,1
B0007344YI,2005-01,1
B00074CBZ6,2005-09,1
B00076F066,2005-05,1
B00076F0H0,2005-02,1
B00076VE0W,2005-09,1
B0007ALGJM,2005-07,1
B0007BRY2Y,2005-05,1
B0007C9LSI,2005-09,1
B0007CE8S6,2005-02,1
B0007DB95U,2005-09,1
B0007DECZ4,2005-02,1
B0007DKPDC,2005-06,1
B0007DLOFK,2005-09,1
B0007DO0HY,2005-08,1
B0007DPY1K,2005-07,1
B0007DQLHQ,2005-02,1
B0007DSQQA,2005-08,1
B0007DSTX0,2005-09,1
B0007DVNJM,2005-10,1
B0007DWNQO,2005-03,1
B0007DX8B8,2005-02,1
B0007DYBNC,2005-09,1
B0007DZ7WG,2005-08,1
B0007E11UC,2005-09,1
B0007E18L4,2005-10,1
B0007E2NJU,2005-10,1
B0007E3DH6,2005-07,1
B0007E4OHY,2005-07,1
B0007E4PD2,2005-06,1
B0007E5BAS,2005-08,1
B0007E82O0,2005-09,1
B0007E8YZ2,2005-03,1
B0007E9VPY,2005-10,1
B0007EA6LW,2005-09,1
B0007ECSSQ,2005-09,1
B0007EF08Q,2005-09,1
B0007EKR5W,2005-09,1
B0007ESGXC,2005-03,1
B0007ETGL8,2005-02,1
B0007F11OW,2005-10,1
B0007F4ZFY,2005-03,1
B0007F89KQ,2005-10,1
B0007F8NYS,2005-02,1
B0007FARWE,2005-09,1
B0007FB3SQ,2005-09,1
B0007FB3VI,2005-03,1
B0007FVU7A,2005-02,1
B0007FYJ2S,2005-09,1
B0007G9E5Y,2005-04,1
B0007GPWGO,2005-09,1
B0007GQHN6,2005-08,1
B0007GYYJK,2005-02,1
B0007H4PYI,2005-09,1
B0007H9VR4,2005-05,1
B0007HKVPA,2005-05,1
B0007HS2Z6,2005-03,1
B0007HW5BI,2005-04,1
B0007IN2Z0,2005-08,1
B0007IP00A,2005-09,1
B0007JN88A,2005-05,1
B0007LQ4GQ,2005-10,1
B0007LQ4KW,2005-07,1
B0007LQ4NY,2005-10,1
B0007MTTHG,2005-09,1
B0007NLUW2,2005-06,1
B0007NLUX6,2005-09,1
B0007NMYRC,2005-03,1
B0007PB1W4,2005-05,1
B0007QC2EO,2005-10,1
B0007TSFRE,2005-08,1
B0007UDYX8,2005-09,1
B0007UDZ1O,2005-07,1
B0007WYFI4,2005-07,1
B0007XAWUI,2005-09,1
B0007XE1G4,2005-07,1
B0007XWMVU,2005-06,1
B0007XWMWE,2005-04,1
B0007XWMYM,2005-07,1
B0007XWMYW,2005-10,1
B0007XWMZQ,2005-10,1
B0007XWN78,2005-09,1
B0007XWNCI,2005-05,1
B0007XWNE6,2005-10,1
B0007XWNIM,2005-07,1
B0007ZNUUA,2005-08,1
B0007ZNV1S,2005-09,1
B0007ZNVKE,2005-08,1
B00080W3H0,2005-08,1
B0008102BS,2005-10,1
B00086K7CC,2005-09,1
B00086XY54,2005-09,1
B00087F5NM,2005-07,1
B00087ZYTW,2005-08,1
B00088XKW4,2005-10,1
B00089N3C0,2005-09,1
B0008EH6KA,2005-10,1
B0008EH6PK,2005-09,1
B000977UM0,2005-07,1
B000977UPC,2005-06,1
B0009A0H0Y,2005-07,1
B0009A2ODW,2005-07,1
B0009A2OGO,2005-07,1
B0009A2OIM,2005-07,1
B0009B2WQU,2005-08,1
B0009GIDRM,2005-09,1
B0009GVMRU,2005-10,1
B0009HARLQ,2005-05,1
B0009HARMU,2005-09,1
B0009K75OK,2005-08,1
B0009K75PO,2005-09,1
B0009K761M,2005-08,1
B0009K76DK,2005-10,1
B0009LIGHE,2005-08,1
B0009LIGJM,2005-08,1
B0009PXF7Q,2005-08,1
B0009RJTT2,2005-09,1
B0009S5AL2,2005-07,1
B0009S5AM6,2005-09,1
B0009W8AQ0,2005-10,1
B0009W8ATW,2005-09,1
B0009WLSTG,2005-09,1
B0009WUIJ2,2005-09,1
B0009WUIKG,2005-09,1
B0009YAR7S,2005-09,1
B000A176OM,2005-10,1
B000A176VA,2005-08,1
B000AEFEI4,2005-09,1
B000BAWO5I,2005-10,1
B000FUTQ6O,2005-03,1
B000PC6XBS,2005-07,1
