product_id,total_reviews,avg_star_rating
000105001X,1,1.0
0001712896,1,5.0
0001837397,1,5.0
0002006995,1,5.0
000215949X,1,5.0
000216194X,1,5.0
0002212269,1,4.0
000221413X,1,2.0
0002250357,1,5.0
0002250381,1,3.0
0002252015,1,3.0
0002554755,1,5.0
0002572168,1,4.0
000322225X,1,5.0
0004133455,1,4.0
0004133595,1,4.0
0004350162,1,5.0
0004486870,1,5.0
0004489799,1,4.0
000470763X,1,4.0
0006375219,1,2.0
0006481558,1,5.0
0006514006,1,5.0
0006514642,1,3.0
0006531202,1,5.0
0006551386,1,5.0
0007104065,1,5.0
0007105584,1,3.0
0007107927,1,5.0
0007123477,1,4.0
0007127596,1,4.0
0007131844,2,5.0
0007133103,1,5.0
0007136129,1,5.0
0007136471,1,4.0
0007137346,1,5.0
0007137508,1,4.0
0007145160,1,5.0
0007156588,2,5.0
0007161026,1,3.0
000716131X,1,5.0
0007161506,1,5.0
0007162200,5,4.0
000716226X,1,5.0
0007164653,2,5.0
0007166761,1,5.0
0007170580,1,4.0
0007173415,1,5.0
0007181418,1,5.0
0007192932,1,5.0
0007193440,1,5.0
0007193602,1,5.0
0007201869,1,4.0
0007662394,2,5.0
0020130961,1,5.0
0020292651,2,3.0
0020363613,1,5.0
0020408811,1,5.0
0020427859,1,5.0
0020442807,1,5.0
0020820852,1,5.0
0023078103,1,5.0
0023285192,1,5.0
0023548568,1,5.0
0023605103,1,1.0
0023671300,1,4.0
0023721103,1,1.0
0023854502,1,1.0
002427691X,1,2.0
0024277800,1,5.0
0025225804,1,5.0
0025457950,1,5.0
0025473905,1,4.0
0026045702,1,5.0
0026878577,1,2.0
0027081400,1,5.0
002717350X,1,3.0
0027440702,1,5.0
002761560X,1,5.0
0027775305,1,5.0
0028040503,1,5.0
0028341759,1,5.0
0028606884,1,5.0
0028608208,1,5.0
002860847X,1,5.0
0028609980,1,5.0
0028610105,3,3.33
0028612345,1,5.0
0028615441,1,3.0
0028616820,1,1.0
0028618483,1,5.0
002861965X,1,2.0
0028619757,1,3.0
002862114X,1,5.0
0028622618,1,5.0
0028624513,2,4.5
0028625048,1,5.0
0028627385,1,2.0
0028627717,4,4.75
0028629035,1,4.0
0028629299,2,4.0
0028630238,1,5.0
0028631226,1,5.0
0028631528,1,5.0
0028631900,1,4.0
0028633504,1,5.0
0028633784,1,5.0
0028634063,1,5.0
0028634691,1,4.0
0028634713,1,5.0
0028635264,1,4.0
0028635299,2,3.5
002863716X,3,4.67
0028637623,1,5.0
0028638425,1,5.0
0028638662,1,2.0
0028639073,1,2.0
0028639332,1,4.0
0028639421,1,5.0
0028639839,1,5.0
0028640004,2,5.0
0028641418,1,4.0
0028641515,1,4.0
002864154X,1,2.0
002864168X,1,5.0
0028642104,1,5.0
0028642279,3,4.67
0028642384,1,5.0
0028642414,1,5.0
0028642643,1,2.0
002864266X,1,4.0
0028642759,1,5.0
002864283X,1,5.0
0028643143,1,3.0
0028643275,1,2.0
0028643518,1,1.0
0028643747,1,4.0
0028643771,1,5.0
0028643801,2,4.0
0028643992,1,5.0
0028644190,1,5.0
0028644417,1,5.0
0028646851,2,5.0
0028740912,1,4.0
0028810813,1,4.0
0028810988,1,5.0
0029031400,1,4.0
0029115744,1,5.0
0029117062,2,5.0
0029175518,1,5.0
0029195551,1,4.0
0029238374,1,5.0
0029257506,1,4.0
0029258502,1,4.0
0029273722,1,5.0
0029289386,1,5.0
0030007194,1,5.0
0030020786,1,5.0
0030141710,1,5.0
0030202868,1,4.0
0030317169,1,5.0
0030334888,1,1.0
003033604X,1,5.0
0030341795,1,3.0
0030350840,1,1.0
003041931X,1,5.0
003051648X,1,4.0
0030539498,1,1.0
0030627737,1,5.0
0030664810,1,5.0
003069549X,1,5.0
0030866154,1,5.0
0030968356,1,5.0
0030973694,2,4.0
0044453817,1,5.0
0049400320,1,5.0
0060000651,1,4.0
0060000708,1,5.0
0060001496,1,5.0
006000150X,2,5.0
0060001534,2,5.0
0060002050,2,5.0
0060002069,1,4.0
0060002077,1,4.0
0060004339,1,5.0
0060004533,1,3.0
0060005688,1,4.0
0060005696,2,5.0
006000570X,1,5.0
0060005726,1,4.0
0060005777,1,4.0
006000603X,1,3.0
0060006366,1,4.0
0060006617,1,5.0
0060006641,3,5.0
0060006773,1,4.0
0060006781,1,5.0
0060006927,1,4.0
0060007192,1,5.0
0060007737,2,5.0
0060007753,2,3.0
006000794X,1,5.0
0060008024,1,4.0
0060008032,1,4.0
006000889X,1,5.0
0060009241,2,4.5
0060009268,6,3.67
0060009764,1,3.0
0060010088,1,5.0
0060010266,1,4.0
0060011564,1,4.0
0060011602,1,5.0
0060011939,1,5.0
006001203X,1,5.0
0060012358,3,5.0
0060012382,1,5.0
0060012781,1,5.0
0060012854,1,5.0
0060013125,1,5.0
0060013133,1,4.0
0060013168,1,4.0
0060013508,1,3.0
0060013788,1,4.0
0060014016,1,4.0
0060014091,1,4.0
0060014342,1,1.0
0060080957,1,4.0
0060081570,1,5.0
0060081716,1,5.0
0060081961,1,5.0
006008216X,1,5.0
0060082216,1,3.0
0060083298,1,2.0
0060083816,1,3.0
0060084480,1,5.0
0060084499,1,1.0
0060084537,1,5.0
006008460X,2,5.0
0060084669,1,4.0
0060085460,2,3.0
0060085495,3,4.67
0060085630,1,5.0
0060086246,1,5.0
0060086270,1,4.0
0060086645,3,2.67
0060087439,1,2.0
0060087641,1,2.0
0060087706,1,1.0
0060087714,1,5.0
0060087722,1,4.0
0060088664,1,4.0
0060088834,1,5.0
0060089466,2,4.0
0060090251,1,4.0
006009026X,3,2.67
0060090324,1,3.0
0060090367,3,4.0
0060090375,3,5.0
0060090383,3,4.33
0060090731,1,4.0
006009074X,2,4.0
0060091290,2,5.0
0060092645,1,3.0
0060092785,1,4.0
006009298X,1,3.0
0060093021,1,5.0
0060093625,4,4.5
0060093684,1,4.0
0060094338,1,5.0
0060094710,6,2.5
0060094869,1,5.0
0060095563,1,5.0
0060096098,1,5.0
0060096128,1,5.0
0060096136,1,5.0
0060096195,1,5.0
0060096594,1,3.0
0060096861,1,4.0
0060097728,1,5.0
0060097884,1,4.0
0060098902,1,2.0
0060098910,1,3.0
0060099186,1,5.0
0060106387,1,4.0
0060119713,1,5.0
006012248X,1,4.0
0060124121,1,5.0
0060125985,1,5.0
0060129425,1,4.0
0060148454,1,5.0
0060151544,1,3.0
0060156805,1,3.0
006015862X,1,5.0
006015876X,1,5.0
0060160012,1,5.0
0060160667,1,5.0
0060161922,1,5.0
0060164026,1,5.0
0060164549,1,5.0
0060166037,1,4.0
006016848X,3,3.33
006017174X,1,5.0
0060174099,1,2.0
0060175869,1,5.0
0060175966,1,4.0
006018292X,1,3.0
0060183721,1,5.0
006018406X,3,4.33
0060184728,1,5.0
006018535X,1,3.0
0060185481,1,4.0
0060185511,3,3.33
0060185759,1,5.0
0060186631,1,4.0
0060186682,1,4.0
0060188766,1,4.0
0060188782,1,5.0
0060188820,1,5.0
0060191279,1,5.0
0060191449,2,5.0
0060192267,1,5.0
0060192372,1,4.0
006019250X,1,5.0
0060193298,1,4.0
0060193395,4,4.25
0060193611,2,3.5
0060194111,1,5.0
0060194332,1,1.0
0060194464,1,5.0
0060194863,1,5.0
0060195223,1,4.0
0060195347,4,2.75
0060195398,1,5.0
0060195584,1,5.0
0060195681,1,5.0
0060195878,1,5.0
0060195916,2,4.5
0060196483,1,5.0
0060196742,1,5.0
0060196807,1,5.0
0060196823,1,5.0
0060197358,1,4.0
0060197862,1,5.0
0060198028,1,5.0
0060198214,1,5.0
0060198257,1,5.0
0060198273,1,3.0
0060198281,1,5.0
0060198311,5,3.6
0060198400,1,5.0
0060198524,1,5.0
006019877X,1,4.0
0060198796,1,5.0
0060198834,1,1.0
0060199709,1,5.0
0060209305,1,5.0
0060222883,1,5.0
0060239638,1,5.0
0060240792,1,5.0
0060241187,1,5.0
0060244054,1,4.0
006024528X,1,4.0
0060245603,1,5.0
0060245867,1,5.0
0060246103,1,5.0
0060255005,2,4.0
0060255234,1,5.0
0060256532,6,5.0
0060256656,2,5.0
0060256710,2,5.0
0060257148,1,5.0
0060258144,1,5.0
0060266686,1,5.0
0060266864,3,4.33
0060268905,1,5.0
006027087X,1,4.0
0060271396,1,5.0
0060274751,1,5.0
0060275103,1,5.0
006027994X,1,1.0
0060280603,1,4.0
0060280921,1,5.0
0060281375,4,4.75
0060283181,1,5.0
0060283262,2,5.0
0060283289,1,4.0
006028384X,1,5.0
006028479X,1,4.0
006028515X,1,3.0
0060285494,1,5.0
0060286229,1,5.0
0060286857,1,2.0
0060287209,1,2.0
0060287616,1,5.0
0060289007,1,5.0
006028935X,2,4.5
0060291613,1,5.0
0060291702,3,5.0
0060295864,2,4.5
0060295988,1,5.0
0060296054,1,3.0
0060296240,1,5.0
0060298855,1,4.0
0060391448,1,5.0
0060391626,1,5.0
0060391685,3,3.67
0060391693,1,4.0
0060392185,1,5.0
0060392320,1,2.0
0060392495,1,5.0
0060392991,1,5.0
0060393114,1,5.0
0060393238,1,5.0
006039403X,1,5.0
0060394056,1,5.0
0060394412,1,5.0
0060501553,1,5.0
0060502436,2,5.0
0060504153,3,2.67
0060505109,1,5.0
0060505257,1,4.0
0060505346,1,5.0
0060505389,1,5.0
0060505516,1,5.0
0060505540,2,4.5
0060505621,1,4.0
0060505826,2,5.0
0060505877,2,2.5
0060505915,2,5.0
0060505982,1,5.0
0060506083,3,4.67
0060506679,1,4.0
0060506717,1,4.0
0060506725,1,4.0
0060507004,1,5.0
0060507020,1,5.0
0060507225,1,3.0
0060507330,1,4.0
0060508205,1,5.0
0060508221,1,5.0
0060508248,1,5.0
0060508957,1,4.0
0060509058,1,5.0
0060509309,1,5.0
0060509406,3,5.0
0060509414,6,3.83
0060509554,2,4.0
0060510242,1,5.0
0060512806,1,5.0
0060512822,1,4.0
0060513314,1,3.0
0060513632,1,3.0
006051373X,2,4.0
0060513810,1,4.0
0060513926,2,4.5
0060514337,1,4.0
006051471X,2,2.5
0060514965,1,4.0
0060515066,1,5.0
006051518X,1,4.0
0060515597,1,4.0
0060516054,1,4.0
0060516291,1,3.0
0060517573,2,5.0
0060517638,1,3.0
0060517670,1,4.0
0060517808,1,5.0
0060518243,1,5.0
0060520108,1,4.0
0060520221,2,5.0
0060520469,1,4.0
0060520515,1,4.0
0060520736,1,4.0
0060520752,1,4.0
0060520841,1,4.0
0060520868,1,5.0
0060521546,1,5.0
0060521600,1,2.0
006052183X,1,5.0
0060522275,1,4.0
0060522593,1,5.0
0060522755,1,5.0
0060522852,1,3.0
0060523395,1,5.0
0060523506,1,1.0
0060523867,3,4.33
0060523875,10,4.6
006052393X,2,4.0
0060524014,1,4.0
0060524073,2,2.0
0060524111,2,3.0
0060524235,1,5.0
0060524308,1,5.0
0060524421,1,5.0
0060524448,5,2.6
0060525045,1,5.0
0060525355,1,4.0
0060525509,1,5.0
0060526122,1,4.0
0060526556,1,5.0
006052720X,1,5.0
0060527242,1,5.0
0060527250,1,3.0
0060527269,1,4.0
0060527293,1,5.0
0060527587,1,5.0
006052782X,1,5.0
0060527870,1,2.0
0060527978,1,3.0
0060528079,1,5.0
0060528192,1,4.0
0060528370,6,4.67
0060528524,1,5.0
0060529148,1,5.0
0060529164,1,3.0
0060529385,2,5.0
0060529709,1,5.0
006052992X,1,5.0
0060530340,2,4.5
0060530383,1,4.0
0060530405,1,5.0
006053043X,1,5.0
0060530472,1,5.0
0060530499,1,4.0
0060530510,3,4.33
0060530693,1,5.0
0060530758,1,2.0
0060530790,2,4.0
0060531126,1,5.0
0060531177,1,5.0
0060531231,1,3.0
006053124X,4,4.5
0060533072,1,4.0
0060533226,2,4.0
0060534214,1,2.0
0060534249,2,3.5
0060535377,1,5.0
0060535547,1,5.0
0060535571,1,5.0
0060535679,1,4.0
0060536659,1,4.0
0060536713,1,5.0
0060536799,1,3.0
0060536934,1,5.0
0060536993,4,4.75
0060537183,1,5.0
0060537361,1,5.0
0060537388,1,4.0
0060537906,3,4.67
006053821X,1,5.0
0060538252,1,5.0
0060539054,2,5.0
0060539097,3,4.67
0060539283,1,5.0
0060539577,1,4.0
0060539801,1,2.0
0060539836,1,4.0
0060540176,1,3.0
0060540222,1,5.0
0060540451,1,4.0
006054094X,2,4.5
0060540974,5,4.2
0060540990,1,5.0
0060541490,2,5.0
0060541644,2,4.5
0060541695,1,5.0
0060541709,1,5.0
0060542330,1,5.0
0060542357,1,4.0
0060542683,1,5.0
0060543108,2,4.5
0060543116,2,4.5
0060543256,3,3.33
0060543469,1,5.0
0060543965,1,4.0
0060544244,3,5.0
0060544333,1,4.0
0060545607,17,4.59
006054578X,1,5.0
0060545801,1,5.0
006054581X,1,4.0
0060546344,1,2.0
0060548258,1,5.0
0060548932,1,3.0
0060549300,1,5.0
0060549424,1,1.0
0060554363,2,4.0
006055438X,1,2.0
0060554738,3,4.67
0060554789,1,4.0
0060555017,1,3.0
0060555483,1,5.0
0060555661,3,5.0
0060555890,1,2.0
0060555971,1,3.0
0060556056,1,5.0
0060556099,1,5.0
0060556579,1,5.0
0060556587,1,5.0
0060556935,1,2.0
006055701X,1,5.0
0060557125,1,5.0
0060557257,1,5.0
0060557559,7,4.29
0060558199,1,2.0
0060558288,19,4.0
0060558881,2,3.5
0060559128,1,5.0
0060559349,1,1.0
0060559713,1,4.0
0060559918,1,1.0
0060560126,2,4.5
006056041X,1,5.0
0060560452,1,5.0
0060560525,1,5.0
0060560789,1,2.0
0060560886,1,4.0
0060560894,1,5.0
0060561610,1,5.0
0060561688,1,5.0
0060562072,1,5.0
0060562366,1,3.0
0060562773,1,4.0
0060562994,1,3.0
0060563419,1,5.0
0060563443,6,3.33
0060563486,9,5.0
0060563907,1,4.0
0060564067,3,5.0
0060564091,3,3.67
006056413X,1,5.0
0060564148,1,5.0
0060564164,1,2.0
0060564482,1,4.0
006056492X,1,5.0
0060565144,2,3.0
0060565160,1,4.0
0060565241,2,3.5
006056525X,1,5.0
0060565276,1,4.0
0060565411,2,4.0
0060565721,8,4.62
0060566108,1,5.0
0060566175,1,5.0
0060566485,2,3.5
006056668X,1,4.0
0060566728,1,5.0
0060566752,1,5.0
0060567031,4,4.5
0060567074,1,4.0
0060567120,1,1.0
006056718X,1,5.0
0060567201,1,5.0
0060567228,1,1.0
0060567309,1,5.0
0060567643,2,5.0
0060567716,1,5.0
0060567724,1,4.0
0060568062,1,2.0
0060568399,1,5.0
006056850X,1,5.0
0060568526,2,5.0
0060570040,2,3.0
0060570202,2,5.0
006057058X,1,5.0
0060570687,1,4.0
0060571314,1,5.0
0060571446,1,5.0
0060571462,5,4.4
0060572159,1,5.0
0060572639,1,1.0
0060572965,16,3.62
0060572973,10,4.7
006057299X,7,4.86
0060573112,1,4.0
0060573813,1,5.0
0060574216,2,4.0
0060574534,1,5.0
0060574569,1,1.0
0060574593,1,2.0
0060574623,6,4.0
006057528X,1,1.0
0060575298,2,4.5
0060575301,1,5.0
0060575328,2,5.0
0060575336,1,3.0
0060575840,1,4.0
0060575905,1,4.0
0060577037,1,5.0
0060577320,1,5.0
0060578084,2,4.5
0060578416,1,5.0
0060578734,2,1.5
0060578785,1,5.0
0060578793,3,5.0
0060578955,4,5.0
0060580208,1,4.0
006058047X,3,4.67
0060580518,1,4.0
0060580534,4,5.0
0060580593,1,4.0
0060580666,5,3.4
0060580674,1,5.0
0060581050,1,5.0
0060581069,1,4.0
0060582006,1,5.0
0060582294,2,4.0
0060582723,1,5.0
006058274X,1,5.0
0060583932,1,4.0
0060583975,1,5.0
0060584009,4,3.75
0060584696,3,5.0
006058534X,1,5.0
0060585366,1,5.0
0060585439,1,1.0
0060585609,1,5.0
0060586168,1,5.0
0060586222,1,3.0
006058629X,1,5.0
0060586311,1,5.0
0060586370,2,5.0
0060586605,1,4.0
0060586850,1,5.0
0060587059,1,4.0
0060587156,3,5.0
0060587245,3,4.67
0060587296,2,4.0
0060587385,1,5.0
0060587504,1,4.0
0060588284,2,4.5
006058923X,2,3.5
006058937X,2,5.0
0060589450,1,5.0
0060589957,2,2.5
0060590076,1,4.0
0060590165,1,5.0
0060590254,4,3.25
0060590548,1,5.0
0060591102,1,4.0
0060591234,1,5.0
0060591579,1,4.0
0060591781,1,5.0
0060591889,1,5.0
0060591927,1,5.0
0060592060,2,4.5
0060592885,1,5.0
0060593083,1,2.0
0060593199,1,5.0
006059330X,2,4.5
0060593660,1,5.0
0060593717,3,4.67
0060593768,2,3.5
0060594187,2,5.0
0060594241,1,5.0
0060594446,1,5.0
0060594861,3,5.0
0060594888,7,4.86
0060595035,1,3.0
0060595329,1,2.0
0060595469,1,5.0
0060595620,1,4.0
0060595833,4,3.75
0060595957,1,5.0
0060595965,1,5.0
0060596155,1,5.0
0060596309,1,5.0
0060596341,2,5.0
0060596708,1,5.0
0060597283,2,3.5
0060597615,2,5.0
0060598247,5,4.6
0060598611,1,3.0
0060598840,1,3.0
0060598859,2,4.0
0060598891,1,5.0
0060598964,2,4.0
0060599235,1,4.0
0060607343,1,5.0
0060608528,1,5.0
0060609125,2,5.0
0060609176,1,5.0
0060611626,1,4.0
0060614803,1,5.0
0060616342,1,5.0
0060626453,1,4.0
0060628332,1,5.0
0060628529,1,4.0
0060628626,4,4.75
0060629185,1,5.0
0060630043,1,5.0
0060630175,1,4.0
0060630353,1,5.0
006063040X,1,4.0
0060631317,1,1.0
0060633158,1,5.0
0060633166,1,5.0
006063524X,1,4.0
0060635541,1,5.0
0060642149,1,5.0
0060642165,1,5.0
0060643617,1,5.0
0060645741,1,5.0
0060645873,3,4.33
006064589X,3,4.33
0060649232,2,5.0
0060652381,1,1.0
0060652926,5,4.0
0060652934,2,5.0
0060652942,1,5.0
0060652950,3,5.0
0060653027,1,5.0
0060653043,1,3.0
0060653191,1,4.0
0060653205,1,5.0
006065337X,3,4.33
0060653469,1,5.0
0060654171,1,5.0
0060654651,1,5.0
0060654988,1,5.0
0060655186,1,1.0
0060663308,1,5.0
0060663553,1,5.0
0060665033,1,5.0
0060669667,2,5.0
0060670843,1,4.0
0060670991,1,4.0
0060671084,2,4.0
0060674407,1,4.0
0060677015,2,4.0
0060684127,1,5.0
0060688246,1,5.0
0060693339,3,5.0
0060721480,1,4.0
0060721502,2,5.0
0060721561,3,4.33
0060721790,1,5.0
0060722282,1,4.0
0060722290,2,4.5
0060723513,1,5.0
0060723947,2,4.5
006072398X,1,4.0
0060724226,3,3.67
0060724307,1,5.0
0060724331,2,4.0
006072448X,2,5.0
0060724501,1,1.0
0060726172,1,2.0
0060726571,6,3.5
0060728922,1,5.0
0060730315,1,4.0
006073065X,1,5.0
0060731133,2,4.5
0060731192,2,4.0
006073132X,79,3.97
0060731419,1,4.0
0060731583,2,4.0
0060731664,1,5.0
0060731931,1,4.0
0060732067,2,3.0
0060732113,1,5.0
0060732466,2,4.0
0060732482,1,3.0
0060732989,1,3.0
0060733357,1,4.0
0060733810,1,5.0
0060734272,1,5.0
0060734426,1,1.0
0060734434,4,3.75
0060734450,1,5.0
0060734558,6,4.33
0060734922,3,5.0
0060734973,14,4.71
006073499X,1,5.0
0060735023,3,4.0
006073521X,2,5.0
0060735368,2,5.0
0060735376,1,5.0
0060735414,1,4.0
0060735872,1,5.0
0060736054,1,4.0
0060736267,3,4.0
0060736682,3,4.67
0060736704,2,4.5
0060736771,2,3.5
006073695X,1,4.0
0060736976,2,4.5
0060737298,3,5.0
0060737379,1,3.0
0060737808,1,3.0
0060737875,1,3.0
0060738057,1,5.0
0060738251,2,4.5
0060738316,2,4.0
0060738383,1,5.0
0060738456,1,5.0
0060738766,1,4.0
0060739096,1,5.0
0060739894,1,4.0
0060739932,1,5.0
0060740450,1,5.0
0060740485,1,4.0
0060740574,1,4.0
0060740647,2,5.0
0060740752,3,4.67
0060740957,2,5.0
0060741570,1,5.0
0060741635,1,5.0
0060742046,1,3.0
0060742305,2,4.0
0060742313,1,5.0
0060742445,1,5.0
0060742550,1,4.0
0060742569,1,5.0
0060742844,2,4.5
0060742860,6,3.83
0060742887,1,4.0
0060742925,5,3.2
0060744499,1,5.0
0060744529,1,5.0
0060744928,1,4.0
0060744979,1,3.0
0060745649,1,3.0
0060745657,1,5.0
006074586X,1,5.0
0060745908,1,5.0
0060745924,1,4.0
0060746408,15,3.47
0060746874,4,4.5
0060746890,1,5.0
006074698X,3,5.0
0060747137,1,5.0
0060747439,3,4.67
0060747528,1,5.0
0060747587,2,5.0
0060747625,1,5.0
0060747730,3,3.33
0060748389,1,5.0
0060748664,1,3.0
0060749849,1,3.0
0060750235,3,4.33
0060751487,1,5.0
0060751517,1,5.0
0060751606,1,3.0
0060751878,1,5.0
0060751967,5,4.0
0060752998,5,3.0
0060753234,1,5.0
0060753617,4,2.25
006075365X,1,5.0
0060753943,1,3.0
0060754591,1,5.0
0060754729,1,3.0
0060755342,1,5.0
0060755350,2,1.5
0060755504,1,5.0
0060755512,1,5.0
0060755598,1,4.0
0060757302,1,4.0
0060757345,4,4.5
006075737X,1,5.0
0060757515,1,5.0
0060757620,2,3.5
0060757949,1,4.0
0060758376,1,5.0
0060758740,1,5.0
0060759402,1,5.0
006075947X,1,4.0
0060759593,1,3.0
0060759607,1,5.0
0060760052,1,5.0
0060760443,3,3.67
0060760958,1,5.0
0060761288,54,4.33
0060761326,1,4.0
0060761393,5,4.4
0060761555,1,5.0
0060761563,1,1.0
0060762055,8,4.88
006076208X,1,3.0
006076287X,4,4.25
0060762993,2,4.5
0060763280,18,4.61
006076340X,1,5.0
0060763418,2,4.0
0060763876,8,4.38
0060764864,1,4.0
0060765313,29,4.34
0060765402,2,3.5
0060765410,1,3.0
0060765704,1,5.0
0060765992,1,4.0
0060766123,13,4.31
0060766867,2,5.0
0060772921,1,5.0
0060774207,1,5.0
0060774614,2,4.5
0060776137,3,4.67
0060776226,1,5.0
0060776706,1,5.0
0060776811,2,5.0
0060777516,1,5.0
0060777540,1,5.0
0060777591,1,5.0
0060778776,2,5.0
0060778970,8,3.88
0060779012,1,5.0
0060779721,1,4.0
006078010X,1,5.0
0060781173,1,1.0
0060781181,2,5.0
0060781556,1,5.0
0060783389,1,5.0
0060783710,1,5.0
0060784156,1,4.0
0060784237,1,4.0
0060784571,1,5.0
0060784660,3,5.0
0060785683,2,3.0
0060785977,1,5.0
0060786019,1,5.0
0060788828,1,2.0
0060792175,1,3.0
0060792299,4,3.0
0060793260,4,5.0
0060793554,3,4.67
0060794364,1,5.0
006079478X,1,5.0
0060797460,2,5.0
0060798750,2,4.0
0060799250,10,3.2
0060799889,1,5.0
0060799919,3,4.67
0060800712,1,5.0
0060800984,1,3.0
0060807717,1,5.0
0060812451,3,4.33
006081246X,1,4.0
0060815043,1,5.0
0060815205,1,5.0
0060815221,3,4.0
0060817402,5,4.2
006081926X,1,5.0
0060819286,2,5.0
0060820985,1,5.0
0060823836,3,3.67
0060826231,1,5.0
0060828250,1,5.0
0060832894,1,5.0
006083465X,2,4.5
0060838574,10,3.1
006083871X,1,4.0
0060840978,2,5.0
0060841699,1,4.0
0060842423,17,3.24
0060843438,1,4.0
006085295X,1,4.0
0060853379,7,4.57
0060859202,1,3.0
0060872675,1,2.0
0060873396,1,4.0
0060874252,1,5.0
0060875410,62,4.9
0060885319,2,4.5
006090495X,1,5.0
0060905611,1,4.0
0060906111,1,5.0
006090674X,1,3.0
0060908548,1,4.0
0060909196,2,4.5
0060910305,1,4.0
0060910666,2,4.0
0060911514,1,4.0
0060914289,1,5.0
0060914947,1,5.0
0060915358,1,4.0
0060915439,1,5.0
006091565X,1,5.0
0060915870,2,4.5
0060916575,1,5.0
0060919698,1,5.0
0060919833,2,5.0
0060920084,1,2.0
0060920718,1,4.0
0060921293,1,3.0
0060922249,1,5.0
0060922583,1,4.0
0060923032,1,5.0
0060923091,1,5.0
0060923202,1,5.0
0060923210,1,5.0
0060923288,1,5.0
0060924705,1,5.0
0060925000,1,5.0
0060925779,1,3.0
0060925949,1,4.0
0060926198,1,4.0
006092621X,1,5.0
0060926341,1,5.0
0060926430,1,5.0
0060926716,1,5.0
0060927488,1,1.0
0060927615,1,5.0
0060927801,1,5.0
0060927933,1,5.0
0060928832,1,3.0
0060928883,1,1.0
0060928921,1,5.0
0060929227,1,5.0
0060929448,1,5.0
0060929510,1,5.0
0060929588,2,3.5
0060929596,1,5.0
0060929871,2,5.0
006092988X,3,4.0
0060930055,1,5.0
0060930144,1,5.0
0060930497,1,5.0
0060930500,1,4.0
0060930683,1,5.0
0060930861,1,5.0
0060930888,1,2.0
0060930934,1,1.0
0060930942,2,5.0
0060931027,3,5.0
0060931116,1,2.0
0060931159,2,5.0
0060931175,6,5.0
0060931280,1,2.0
0060931418,1,5.0
0060931566,1,5.0
0060931671,2,2.0
0060931809,1,5.0
0060931841,1,4.0
0060931930,1,4.0
0060931973,1,3.0
006093204X,1,5.0
0060932139,1,5.0
0060932384,1,4.0
0060932597,3,4.0
0060932724,1,5.0
0060932740,2,5.0
0060932813,1,3.0
0060932929,2,4.5
0060933178,1,5.0
0060933798,1,5.0
0060933852,1,5.0
0060934239,1,1.0
0060934352,1,5.0
0060934360,2,5.0
0060934417,2,4.5
0060934557,1,3.0
0060934573,1,5.0
0060934719,2,4.5
0060934794,2,5.0
0060934808,2,4.0
0060934867,1,1.0
0060934891,1,5.0
0060934905,1,5.0
0060934913,1,5.0
0060934999,1,5.0
0060935502,1,4.0
0060935561,1,5.0
0060935618,1,4.0
0060935936,2,3.0
0060936045,1,4.0
0060936142,1,5.0
0060936193,1,5.0
0060936312,1,5.0
006093638X,2,4.0
0060936460,2,4.5
0060936649,2,5.0
0060936770,1,1.0
0060936827,1,2.0
0060936975,1,5.0
0060937092,1,4.0
0060937122,1,3.0
0060937254,1,5.0
0060937319,1,5.0
0060937351,2,4.5
006093736X,3,3.33
0060937386,1,4.0
0060937548,1,4.0
0060937610,1,2.0
0060937645,12,4.83
0060937653,2,5.0
0060937793,1,2.0
0060937939,2,4.0
0060938110,1,5.0
0060938455,9,4.56
0060938463,3,3.67
0060951184,1,5.0
0060951273,1,5.0
0060951311,2,5.0
0060951974,1,5.0
0060952709,1,5.0
0060952733,2,3.0
0060952768,1,2.0
0060953497,1,5.0
0060953632,1,1.0
0060953748,1,5.0
0060954876,1,5.0
0060954930,1,3.0
0060955333,1,2.0
0060955376,1,5.0
006095616X,1,1.0
0060956232,1,1.0
0060956348,1,4.0
0060956429,1,5.0
0060956445,1,4.0
0060956496,1,1.0
0060956828,1,5.0
0060956860,1,3.0
0060957174,1,5.0
0060957239,1,5.0
0060957301,1,2.0
006095745X,1,3.0
0060958022,1,4.0
0060958030,1,5.0
0060958111,1,5.0
0060958286,1,4.0
0060958332,1,4.0
0060958340,4,4.25
0060958502,1,5.0
0060958928,1,5.0
0060958960,1,3.0
0060959126,1,2.0
0060959193,2,4.5
0060959207,1,5.0
0060959371,1,5.0
0060959517,1,4.0
0060959576,1,3.0
0060959819,1,5.0
0060959843,2,5.0
0060960388,1,5.0
0060964197,1,5.0
0060964316,1,5.0
0060969598,1,5.0
0060969741,1,4.0
0060969911,1,5.0
0060972610,1,5.0
0060972815,1,5.0
0060973617,1,5.0
0060973897,1,4.0
0060974680,1,5.0
0060974990,1,2.0
0060975008,1,5.0
0060975830,1,5.0
006097592X,1,3.0
006097625X,1,5.0
0060976357,1,3.0
0060976721,1,5.0
0060976780,2,4.0
0060977094,1,5.0
0060977108,2,4.5
0060977477,1,1.0
0060977493,1,3.0
0060977574,1,5.0
0060977582,1,5.0
0060977744,2,4.0
0060982047,1,4.0
0060984406,1,5.0
0060984422,1,5.0
0060985089,1,2.0
0060986085,1,5.0
0060987103,9,3.11
0060987359,1,5.0
0060987405,1,5.0
0060987464,1,5.0
0060987510,2,5.0
0060988258,1,2.0
0060988479,1,4.0
0060988576,1,5.0
0060988649,1,2.0
0060988657,1,5.0
0060988673,1,4.0
0060988924,1,2.0
0060989157,3,5.0
0060995068,1,4.0
0061000043,1,4.0
0061000299,1,5.0
006100166X,1,5.0
0061004138,1,5.0
0061006580,1,4.0
0061006629,2,4.5
0061007226,1,5.0
0061008079,1,5.0
0061008737,1,1.0
0061008893,1,5.0
0061009504,1,5.0
0061010901,3,5.0
0061012270,1,5.0
0061012351,1,5.0
0061012696,1,5.0
0061012882,1,3.0
0061012890,1,3.0
0061013307,1,2.0
0061013382,1,5.0
006101351X,1,4.0
0061020052,1,4.0
0061020257,1,2.0
0061020265,1,4.0
0061020397,1,5.0
0061020400,1,4.0
0061020699,1,4.0
0061020710,1,4.0
0061020842,1,5.0
006103004X,2,5.0
0061030449,1,4.0
0061030635,1,4.0
0061030864,1,1.0
006103097X,2,4.5
0061030988,1,5.0
0061031151,1,2.0
0061031550,1,4.0
0061031763,1,5.0
0061032069,1,5.0
0061032085,1,4.0
0061032204,1,5.0
0061032212,1,4.0
0061044539,1,5.0
0061051403,1,5.0
0061051438,2,4.0
0061052515,1,5.0
006105285X,1,5.0
0061052949,1,5.0
0061053104,1,2.0
0061053147,1,4.0
006105321X,1,5.0
006105366X,2,5.0
0061054186,1,5.0
0061054275,1,5.0
0061054682,1,5.0
0061056219,1,5.0
0061056480,1,2.0
0061056618,1,4.0
0061056693,1,1.0
0061056944,1,5.0
0061057894,1,5.0
0061057940,1,5.0
0061059900,1,5.0
006107344X,1,4.0
0061073628,2,4.5
0061074292,2,5.0
0061075531,1,5.0
0061075582,1,4.0
0061080004,1,4.0
0061082007,1,5.0
0061087114,1,5.0
0061087130,2,4.5
0061091316,1,5.0
0061091480,1,5.0
0061091502,1,4.0
0061091790,1,3.0
0061091944,1,4.0
0061092568,1,4.0
0061092614,1,5.0
0061094536,2,4.0
0061094757,1,4.0
0061094943,1,4.0
0061096237,1,5.0
0061096253,1,5.0
0061096865,1,5.0
0061097268,1,5.0
0061097314,2,4.0
0061097950,1,4.0
0061098000,1,5.0
0061098280,1,5.0
006109840X,1,4.0
0061098779,1,5.0
0061098787,1,4.0
0061099325,1,4.0
0061300047,1,5.0
0061315451,1,3.0
0061318442,1,5.0
0061320684,1,5.0
0061320714,1,4.0
0062050842,1,5.0
0062501151,2,3.5
0062501356,1,5.0
0062501496,1,5.0
0062501526,1,4.0
0062502182,3,4.67
0062502190,1,5.0
0062502239,2,5.0
006250259X,1,5.0
0062503073,1,5.0
0062503359,1,5.0
0062503421,1,5.0
0062503642,1,5.0
0062503790,1,5.0
0062504975,1,2.0
0062505890,1,4.0
0062506552,1,2.0
0062506595,1,5.0
0062506838,1,5.0
0062507702,1,5.0
0062508768,1,4.0
0062510266,1,4.0
0062511327,1,5.0
0062512234,1,5.0
006251279X,1,3.0
006251346X,1,3.0
0062513540,1,5.0
0062513710,4,4.75
0062514121,1,4.0
0062514245,1,5.0
0062515144,1,5.0
0062515292,1,5.0
0062515519,1,3.0
0062515675,1,5.0
0062515845,1,5.0
0062515918,1,2.0
0062515934,1,4.0
0062516140,1,3.0
0062516264,1,5.0
0062516302,1,5.0
0062516450,1,3.0
0062516760,1,5.0
0062516795,1,5.0
006251685X,1,3.0
006251699X,1,5.0
006251704X,1,5.0
0062517147,1,4.0
0062517325,1,4.0
0062517392,2,5.0
0062517740,1,5.0
0062517767,1,5.0
0062517805,1,5.0
006251783X,1,2.0
0062517864,3,4.0
0062548476,1,5.0
0062548549,1,5.0
0062701398,1,3.0
0062702319,1,5.0
006271614X,1,3.0
0062720058,1,4.0
0062720694,1,5.0
0062720724,1,5.0
006273038X,1,5.0
0062730428,1,4.0
0062730487,1,5.0
0062730991,2,2.5
0062731025,1,2.0
0062732439,1,4.0
0062734091,3,5.0
0062734172,1,4.0
0062734318,1,5.0
0062734342,1,5.0
0062734431,1,2.0
0062734571,1,4.0
0062736485,1,5.0
0062736744,1,5.0
0062737341,1,5.0
0062737511,1,5.0
0062737554,1,4.0
0062772805,1,1.0
0064300269,1,5.0
0064400018,1,5.0
0064400069,1,5.0
0064400409,1,5.0
0064400808,1,4.0
0064401847,2,5.0
0064401871,1,5.0
0064402010,1,5.0
0064402096,1,5.0
0064402967,1,5.0
006440398X,1,5.0
0064404862,1,5.0
0064406016,1,4.0
006440630X,1,4.0
0064407365,1,5.0
0064407667,1,5.0
006440773X,1,5.0
0064408639,1,4.0
0064408655,1,4.0
0064409392,1,5.0
0064409597,1,4.0
0064409945,1,4.0
0064410137,1,3.0
006441034X,3,4.67
0064430111,1,5.0
0064430170,1,3.0
0064430561,1,5.0
0064431436,1,5.0
0064431452,1,5.0
0064431789,1,5.0
006443348X,2,5.0
0064434168,1,5.0
0064436225,1,5.0
0064440133,1,5.0
0064440214,1,5.0
0064440346,1,5.0
0064440451,1,5.0
0064440508,1,5.0
006444144X,2,5.0
0064441970,1,5.0
0064442640,1,5.0
0064460908,1,5.0
0064471195,11,4.36
0064471748,1,4.0
0064472590,1,5.0
0064472701,1,5.0
0064473368,1,5.0
0064473457,2,3.5
006460053X,1,5.0
0064601609,1,5.0
0064610195,1,5.0
0064637220,1,3.0
0064671070,1,5.0
0064671682,1,4.0
0066209447,2,1.0
0066209579,1,5.0
0066209676,1,3.0
0066209692,1,5.0
0066209862,1,5.0
0066210704,1,3.0
0066210720,1,4.0
0066210860,2,5.0
0066210879,1,5.0
0066211077,1,5.0
0066211115,1,5.0
0066211182,1,3.0
0066211247,1,5.0
0066211735,3,4.67
0066212340,3,4.0
0066212499,1,4.0
0066212715,2,5.0
0066212960,1,3.0
0066213304,1,5.0
0066213355,5,4.6
0066214130,36,4.33
0066214416,4,4.5
0066236010,1,5.0
0066236223,1,5.0
0066238412,1,5.0
0066238501,1,5.0
0066238544,1,1.0
0066620104,1,4.0
0066620112,1,3.0
0066620422,3,4.33
0066620481,1,5.0
0066620732,1,3.0
0066620821,2,3.0
0066620856,1,3.0
0066620996,9,3.67
007001633X,1,4.0
0070042802,1,4.0
007004466X,1,2.0
0070048509,1,5.0
0070050732,1,4.0
007005360X,1,1.0
0070067066,1,5.0
0070076944,1,4.0
007008498X,1,5.0
0070084998,1,5.0
0070089418,1,5.0
0070123535,1,4.0
0070132356,1,4.0
0070155577,1,3.0
0070158061,1,2.0
0070166315,1,5.0
0070176744,1,5.0
0070206473,1,3.0
0070236232,1,1.0
0070237956,1,2.0
0070267456,1,5.0
007026757X,1,5.0
0070296596,1,5.0
0070308314,1,5.0
0070314292,1,4.0
0070318476,1,5.0
0070334846,1,4.0
0070344361,1,5.0
0070355193,1,5.0
0070362408,1,4.0
0070366497,1,5.0
0070366764,1,4.0
0070366950,1,5.0
0070375933,1,4.0
0070379882,1,5.0
0070382387,1,3.0
0070383014,1,5.0
0070411026,1,1.0
0070415234,1,5.0
0070418780,1,3.0
0070423660,1,5.0
0070428077,1,5.0
0070430233,1,4.0
0070431744,1,5.0
0070441669,1,5.0
0070450986,1,5.0
0070463638,1,5.0
0070465134,1,1.0
0070466173,1,5.0
0070479046,1,3.0
0070482462,1,5.0
0070494762,1,5.0
0070504776,2,4.0
0070511136,2,2.5
0070522359,1,4.0
0070522367,2,5.0
0070527261,1,5.0
0070528357,1,5.0
0070531811,1,5.0
0070534489,2,2.5
0070536805,1,1.0
0070568243,1,5.0
0070570256,1,5.0
0070572356,1,5.0
0070572615,1,5.0
0070579326,1,5.0
0070580995,1,5.0
0070581045,1,2.0
0070592187,2,3.0
0070598711,1,5.0
007060228X,1,4.0
0070602301,1,1.0
007060231X,1,4.0
0070608393,1,4.0
0070610479,2,3.0
0070611750,1,5.0
0070647216,1,3.0
0070674531,1,5.0
0070681619,1,5.0
007069429X,1,5.0
0070707693,1,4.0
0070710910,1,2.0
0070710945,1,4.0
007072542X,1,5.0
0070856133,1,3.0
0071341927,1,5.0
0071342087,1,3.0
0071342559,1,4.0
0071343261,1,5.0
0071343296,1,5.0
0071343369,1,2.0
0071343547,1,2.0
0071343814,1,5.0
007134568X,1,5.0
0071346074,1,5.0
0071347860,1,1.0
0071348484,1,5.0
0071349820,1,3.0
0071350993,1,5.0
0071353267,1,5.0
0071356185,1,5.0
0071356711,1,5.0
0071357459,1,4.0
0071357548,1,4.0
0071358714,1,5.0
0071360506,1,4.0
0071360573,1,5.0
0071361340,1,2.0
0071361693,1,5.0
0071362363,2,5.0
007136269X,1,3.0
0071363092,1,5.0
0071363483,1,4.0
0071363629,1,5.0
0071364315,1,4.0
0071364730,1,3.0
0071364935,1,5.0
0071365168,1,2.0
0071370676,1,1.0
0071372199,1,4.0
0071372342,1,4.0
0071373187,1,1.0
0071373225,1,5.0
0071373586,1,5.0
0071374175,1,4.0
0071375686,1,2.0
0071376429,1,5.0
0071377948,1,4.0
0071378359,1,5.0
0071379444,1,5.0
0071381392,10,4.4
0071381562,2,4.5
0071381635,2,4.0
0071381643,3,2.67
0071381651,1,5.0
007138166X,4,3.75
0071381678,3,4.33
0071383131,1,1.0
0071383301,1,3.0
0071383840,1,4.0
0071384049,1,3.0
0071385290,4,4.0
0071385657,1,5.0
0071386262,1,4.0
007138703X,1,5.0
0071387056,1,5.0
0071387072,1,4.0
0071387285,1,1.0
007138765X,1,5.0
0071387684,1,5.0
0071387730,1,5.0
0071387765,5,3.4
0071387927,1,5.0
0071388672,1,4.0
0071388885,1,5.0
0071389180,1,5.0
007139138X,1,5.0
0071392319,2,4.5
0071392378,1,4.0
0071393943,1,4.0
0071395199,1,4.0
0071396578,1,2.0
0071396810,1,4.0
0071398856,2,3.0
0071400354,1,5.0
0071401946,2,3.5
0071402233,1,4.0
0071402519,1,4.0
0071403159,1,5.0
0071406123,1,4.0
0071406387,1,3.0
0071407359,1,5.0
0071408096,1,5.0
0071408118,1,2.0
0071408258,1,3.0
0071408878,1,5.0
0071408959,1,5.0
0071409351,1,2.0
0071409726,1,4.0
0071409920,1,5.0
0071410155,3,3.67
0071410228,1,5.0
0071410449,1,4.0
0071410678,1,5.0
0071410732,1,2.0
0071410775,1,5.0
0071411453,1,5.0
0071411828,1,4.0
0071411925,1,5.0
0071411976,1,3.0
0071412158,1,4.0
0071412603,1,5.0
0071412719,2,4.0
0071412743,1,5.0
0071413014,1,4.0
0071413200,1,3.0
0071413685,1,4.0
0071413863,1,5.0
0071414088,1,4.0
0071414126,1,5.0
0071414177,2,4.5
0071414347,1,3.0
0071414363,1,2.0
0071414606,1,5.0
0071415130,1,5.0
007141519X,1,5.0
0071415297,1,3.0
0071416358,1,4.0
007141651X,3,2.67
0071416706,1,1.0
0071417141,1,5.0
0071417419,1,1.0
0071417532,1,3.0
0071417583,1,5.0
0071417729,1,2.0
0071417869,1,2.0
0071417885,1,2.0
007141827X,1,5.0
0071418288,1,2.0
0071418539,1,4.0
007141858X,2,3.0
0071418717,1,5.0
0071418806,1,4.0
0071418962,1,5.0
0071419675,1,4.0
0071419845,1,5.0
0071419861,1,3.0
0071420215,1,3.0
0071420894,3,4.33
0071421033,1,5.0
0071421386,1,5.0
0071421459,1,3.0
0071421890,2,4.0
0071421920,3,4.33
0071422196,1,3.0
0071422676,1,5.0
0071422749,1,5.0
0071422773,1,5.0
0071423125,1,5.0
0071423265,1,4.0
0071423729,1,5.0
0071423826,1,4.0
0071424008,1,5.0
0071424105,2,5.0
0071425292,1,5.0
0071425489,1,4.0
0071426094,1,4.0
0071426442,1,5.0
0071426574,1,1.0
007142668X,2,4.5
0071426825,1,5.0
0071428062,3,5.0
0071428097,1,5.0
0071428488,1,3.0
007142959X,1,3.0
0071429700,1,3.0
0071430091,1,2.0
0071430105,2,4.5
0071430113,1,4.0
0071430237,1,3.0
0071430334,1,2.0
0071431918,1,4.0
0071432175,1,3.0
0071432205,1,4.0
0071432299,3,5.0
007143240X,1,1.0
0071432450,7,4.57
0071434283,1,5.0
0071434801,1,1.0
0071434828,1,5.0
0071435069,1,5.0
0071435123,1,2.0
0071435263,1,1.0
0071435360,1,4.0
0071436820,2,3.0
0071436928,2,5.0
0071436936,1,1.0
0071437126,1,5.0
0071437177,1,4.0
007143741X,1,4.0
0071437967,2,2.5
0071438289,1,5.0
0071438866,2,5.0
0071439293,1,1.0
0071439609,1,5.0
0071440259,2,4.0
0071440291,1,4.0
0071440380,1,5.0
0071440402,2,5.0
0071440496,1,5.0
0071440593,1,4.0
0071440682,1,5.0
0071441158,1,3.0
0071441638,2,5.0
0071441883,1,5.0
0071442995,1,3.0
0071443169,1,5.0
0071443266,1,4.0
0071444718,1,2.0
0071444912,1,5.0
007144498X,1,4.0
0071445587,1,5.0
0071445692,1,5.0
0071445765,1,5.0
0071446370,2,5.0
0071446435,7,3.86
0071446494,1,5.0
0071447296,3,5.0
007144808X,2,3.5
007144811X,1,5.0
0071448136,1,5.0
0071448446,1,2.0
0071448721,1,4.0
0071448799,1,5.0
0071448837,1,1.0
0071449027,2,5.0
0071450912,1,2.0
0071451277,1,4.0
0071451420,1,5.0
007145148X,1,5.0
0071451498,1,1.0
0071451641,1,5.0
0071453350,2,5.0
0071453393,2,4.5
0071454012,1,1.0
0071456260,1,5.0
0071457895,1,5.0
007145800X,1,4.0
0071458999,1,5.0
0071464220,1,1.0
0071569146,1,3.0
0071580085,2,5.0
0071580131,1,5.0
0072127309,1,3.0
0072131640,1,5.0
0072131772,1,4.0
0072131780,1,5.0
0072131896,1,3.0
0072132736,1,5.0
0072133708,1,4.0
0072190469,1,5.0
0072191473,1,4.0
0072193336,1,4.0
0072193360,1,4.0
0072194030,1,5.0
0072195142,1,2.0
0072195231,1,5.0
0072195584,1,4.0
0072222611,1,5.0
0072223049,1,5.0
0072223847,1,1.0
0072224738,2,4.0
0072224746,1,2.0
0072224770,1,4.0
0072225238,2,5.0
0072225661,1,4.0
0072226625,2,4.0
0072226846,4,4.75
007222729X,1,4.0
0072227877,1,4.0
0072227907,1,5.0
0072229020,2,5.0
0072229144,2,4.0
0072229349,2,4.0
0072229462,1,2.0
0072229497,1,4.0
0072229586,1,5.0
0072229667,2,4.0
0072229713,1,4.0
0072229918,2,4.0
0072230126,1,4.0
0072230622,1,1.0
0072230657,1,4.0
0072230665,2,3.5
0072230738,1,3.0
0072230789,1,1.0
0072230924,1,2.0
0072231270,1,2.0
0072231327,1,1.0
0072231378,1,5.0
0072231394,1,4.0
0072231459,1,2.0
0072231726,1,4.0
0072231742,1,2.0
0072231955,1,1.0
0072232021,1,2.0
0072232161,2,3.0
0072232277,2,3.0
0072253541,1,4.0
0072253657,2,4.5
0072255404,1,1.0
0072255595,2,4.5
0072256591,1,5.0
0072256710,1,5.0
0072257032,1,5.0
0072257083,1,5.0
0072257873,1,2.0
0072257946,1,5.0
0072258543,1,5.0
0072258586,1,4.0
0072258616,1,5.0
0072258624,1,3.0
0072258691,3,3.67
0072258705,1,2.0
0072259612,1,5.0
0072260815,1,5.0
0072260912,1,5.0
0072304936,1,3.0
007231821X,1,4.0
0072325690,1,3.0
0072383550,1,5.0
0072386495,1,4.0
0072393602,1,4.0
0072399090,1,1.0
0072405007,1,5.0
0072412208,1,2.0
0072416467,1,5.0
007242835X,1,5.0
0072468009,1,3.0
0072474173,1,4.0
0072483938,1,5.0
0072492910,1,5.0
0072523425,1,3.0
0072525363,1,5.0
0072537728,1,3.0
0072554819,1,1.0
0072555491,1,5.0
0072559136,1,1.0
0072817976,2,3.0
0072819359,1,5.0
0072832258,1,5.0
0072834692,1,1.0
0072837365,1,5.0
007284082X,1,4.0
0072845074,1,5.0
0072845538,1,5.0
0072846119,1,3.0
0072852607,1,1.0
0072854871,1,5.0
0072855223,1,5.0
007286091X,1,5.0
0072871199,1,5.0
0072878568,1,5.0
0072878770,1,3.0
0072880252,1,5.0
0072881380,1,4.0
0072919248,1,4.0
0072930330,1,3.0
0072932260,1,5.0
0072932619,1,5.0
0072933569,1,5.0
0072946601,1,3.0
0072946970,1,5.0
0072950684,1,5.0
0072961805,1,2.0
0072968796,1,5.0
0072971215,1,3.0
0072975318,1,4.0
0072975687,1,5.0
0072980788,1,4.0
007298130X,1,4.0
0072982713,1,3.0
0072982721,1,5.0
0072985356,1,5.0
0073018767,1,2.0
0073049212,1,5.0
0073108405,1,5.0
007365809X,1,1.0
007553651X,1,4.0
007554329X,1,5.0
0075616343,1,5.0
0078205409,1,1.0
0078212588,1,5.0
007822702X,1,5.0
0078651131,1,5.0
0078656605,1,5.0
0078819520,1,4.0
0078824761,1,5.0
0078825075,1,5.0
0079137261,1,4.0
0080377963,1,5.0
0090954602,1,5.0
0091744482,1,4.0
0091812747,1,5.0
0091882338,2,5.0
0091891140,1,5.0
0091898234,3,3.67
009190272X,1,5.0
0094572704,1,4.0
0099450259,1,5.0
0099462486,1,5.0
0099462494,1,5.0
0099474425,1,5.0
0099639017,1,5.0
0120145839,1,5.0
0120445654,1,5.0
0120502577,1,2.0
0120884070,3,4.67
0120884828,1,5.0
0120885107,1,5.0
0120928612,1,5.0
0121581640,1,4.0
0121783561,1,5.0
0121965406,1,1.0
0122042204,1,4.0
0122053516,1,2.0
0123516668,1,3.0
0123540100,1,5.0
0124211801,1,3.0
0124211828,1,5.0
012446744X,1,4.0
0124660517,2,5.0
0124730701,1,5.0
0125153929,1,2.0
0125980558,1,5.0
0126077657,1,5.0
012625155X,1,4.0
0126266301,1,4.0
0126407304,1,5.0
012697408X,1,5.0
0127444823,1,5.0
0130081167,1,5.0
0130082767,1,3.0
0130083968,2,5.0
0130084514,1,2.0
0130084646,1,1.0
0130090565,3,4.0
0130092290,2,4.0
0130106496,1,5.0
0130132977,1,2.0
0130139386,1,5.0
0130139424,1,5.0
0130144002,1,3.0
0130144606,1,2.0
0130144932,1,5.0
0130153907,1,2.0
0130166294,1,3.0
0130167630,1,5.0
0130173452,1,4.0
0130176974,1,5.0
0130183784,1,5.0
013019459X,1,5.0
0130194662,1,2.0
0130197343,1,5.0
0130200719,1,3.0
0130205451,1,2.0
0130206016,1,5.0
0130224189,1,2.0
0130226165,1,5.0
0130260363,1,3.0
0130266728,1,5.0
0130266922,1,4.0
0130273635,1,5.0
013027805X,1,4.0
0130281859,1,4.0
0130292842,1,4.0
0130304573,1,5.0
0130305189,1,5.0
0130308528,1,4.0
0130323934,1,1.0
0130325627,1,5.0
0130327158,1,1.0
0130337161,1,5.0
0130337854,1,3.0
0130338516,1,3.0
0130348465,1,1.0
0130352802,1,4.0
0130353329,1,5.0
0130353892,1,5.0
0130384801,1,5.0
0130385603,1,4.0
013040022X,1,5.0
0130409774,1,3.0
0130412074,1,5.0
0130413313,1,1.0
0130420611,1,4.0
0130425850,1,5.0
0130428981,1,1.0
013044569X,1,3.0
0130447579,1,4.0
0130449164,1,5.0
0130460192,1,4.0
0130465534,1,5.0
0130471100,1,5.0
0130474886,1,2.0
0130487015,1,4.0
0130488240,1,4.0
013049416X,1,4.0
013049657X,1,5.0
0130542547,1,4.0
0130614661,1,5.0
0130616443,1,4.0
013061792X,1,4.0
0130618640,1,4.0
0130619787,1,4.0
0130631361,1,4.0
013065096X,1,3.0
0130651990,1,5.0
0130652466,1,5.0
0130655678,1,5.0
0130655775,1,5.0
0130664634,1,4.0
0130669970,1,5.0
013067334X,2,3.0
0130676349,1,5.0
0130712744,1,5.0
0130746894,1,4.0
0130761257,1,5.0
0130836990,1,5.0
0130846775,1,5.0
0130857319,1,4.0
0130858501,1,2.0
0130873047,1,4.0
013089592X,5,3.4
0130909963,1,4.0
0130915424,1,4.0
0130925691,1,5.0
0130925721,1,5.0
0130927384,1,5.0
0130928585,1,5.0
0130938912,1,1.0
0130941174,1,5.0
0130941808,1,5.0
013094629X,1,4.0
0130950696,1,3.0
0130957011,2,5.0
0130979430,1,1.0
0130982814,1,5.0
0130983403,1,5.0
0130987964,1,4.0
0130993336,1,5.0
0131001175,1,2.0
0131006819,1,4.0
0131008471,1,4.0
0131008528,1,2.0
0131009419,1,4.0
0131009435,1,1.0
0131014056,1,5.0
0131015494,1,4.0
0131016210,1,4.0
0131016458,1,5.0
0131025716,3,5.0
0131031104,1,5.0
0131037919,1,3.0
0131101005,1,5.0
0131103628,1,4.0
0131111558,1,4.0
0131113380,1,4.0
013111395X,1,2.0
0131118927,1,4.0
0131122746,1,5.0
013112790X,2,5.0
0131128744,1,5.0
0131135910,1,5.0
0131136399,1,5.0
0131136828,2,4.5
0131145495,1,5.0
0131172611,2,4.5
0131175920,1,2.0
0131177052,1,5.0
0131190733,1,3.0
0131205447,1,5.0
0131240714,2,5.0
0131249339,1,5.0
0131315099,1,4.0
0131371916,1,5.0
0131402641,1,4.0
0131405462,1,3.0
0131407376,1,2.0
0131411322,1,5.0
0131411543,1,5.0
0131411675,1,4.0
0131411764,1,5.0
0131420232,1,2.0
0131423304,1,5.0
0131423932,1,5.0
0131423983,1,5.0
013142520X,1,5.0
0131426419,1,4.0
0131426435,2,3.0
0131426443,1,4.0
0131427911,1,5.0
0131428489,1,4.0
0131430181,1,4.0
0131432745,1,4.0
0131434780,1,5.0
0131436260,1,5.0
0131439871,1,5.0
0131448536,1,5.0
0131450654,1,5.0
0131451642,1,5.0
0131457578,1,5.0
0131463055,2,4.5
0131463292,1,5.0
0131465740,1,5.0
0131467484,1,5.0
0131471481,1,1.0
013147149X,2,4.5
0131472208,1,3.0
0131473816,2,4.0
0131476548,1,5.0
0131479024,1,3.0
0131479407,1,5.0
0131479725,1,5.0
013147989X,1,4.0
0131479903,1,3.0
0131480103,1,5.0
0131482025,1,5.0
0131482114,2,3.0
0131482874,1,5.0
0131483986,1,5.0
0131486039,1,5.0
0131486454,1,5.0
0131486861,3,3.67
013148690X,1,5.0
0131488724,4,3.75
0131489062,1,5.0
0131490478,2,4.5
0131490508,1,5.0
0131491202,1,5.0
0131491687,1,2.0
0131494198,1,5.0
0131499084,1,4.0
0131543695,2,4.5
0131610198,1,5.0
0131685929,1,5.0
0131714902,1,2.0
0131717111,1,4.0
0131773380,1,2.0
0131786865,2,2.0
013179356X,2,3.0
0131829203,1,4.0
0131829610,1,4.0
0131832964,1,4.0
013183813X,1,5.0
0131838474,1,4.0
0131838520,1,4.0
0131844938,1,5.0
0131849107,1,5.0
013185089X,1,4.0
0131852159,1,5.0
0131852922,1,5.0
0131855166,1,4.0
0131855174,1,5.0
0131855867,1,2.0
0131857576,3,4.67
0131858386,2,4.0
0131860828,1,2.0
0131861506,1,5.0
0131862618,1,4.0
0131862669,2,5.0
0131867164,1,5.0
0131871358,1,5.0
0131872788,1,5.0
0131872842,3,5.0
0131876201,1,5.0
0131896148,1,5.0
0131913646,2,1.5
0131971379,1,5.0
0131977490,1,5.0
0132055767,1,4.0
0132058812,1,5.0
0132075318,1,5.0
0132125897,1,2.0
0132147505,1,5.0
0132157578,1,4.0
0132169878,1,5.0
013218642X,1,5.0
0132317133,1,5.0
0132341700,1,1.0
0132366789,1,4.0
013242231X,1,3.0
013242892X,1,5.0
0132479257,1,3.0
0132624788,1,4.0
013288366X,1,4.0
0132934248,1,3.0
0133036030,1,5.0
0133046435,1,5.0
0133368505,1,4.0
0134402723,1,5.0
013476904X,1,2.0
0135015456,1,4.0
0135052157,1,5.0
0135181925,1,5.0
0135307678,1,3.0
0135315182,1,5.0
0135327482,1,5.0
0135521580,1,5.0
0135763800,1,5.0
0135853982,1,5.0
0135963052,1,5.0
0136051626,1,4.0
0136149340,2,5.0
0136311024,1,5.0
0136347835,1,5.0
013651068X,1,5.0
0136597076,1,2.0
013673054X,1,5.0
013674317X,1,5.0
013737867X,1,5.0
0137903952,1,5.0
0138031630,2,5.0
0138100101,1,4.0
0138131635,1,5.0
0138821925,1,5.0
0138896011,1,3.0
0139022473,1,5.0
013919424X,1,5.0
0139211640,1,5.0
0139283005,1,4.0
0139359257,1,5.0
0139377891,1,2.0
0139536396,2,4.5
0139759964,1,5.0
013979591X,1,5.0
0139798099,1,4.0
0140009949,1,5.0
0140019421,1,5.0
0140031456,1,5.0
0140035044,1,5.0
0140042598,2,5.0
0140044469,1,5.0
0140045279,1,5.0
0140050426,1,5.0
0140055932,1,1.0
0140058508,1,5.0
014005958X,1,5.0
0140062238,1,4.0
0140065172,1,5.0
0140070206,1,4.0
0140075623,1,4.0
0140088911,1,4.0
0140094296,1,5.0
014009430X,1,4.0
0140095144,2,5.0
014009623X,1,5.0
0140096493,1,4.0
0140097058,2,4.5
0140103740,1,5.0
0140107479,1,5.0
014011341X,1,4.0
0140119906,1,5.0
0140121846,1,4.0
014012523X,1,4.0
0140127615,1,5.0
0140132287,1,5.0
0140132503,1,4.0
0140137327,1,4.0
0140137572,1,4.0
0140137637,1,5.0
0140139451,1,5.0
0140139753,1,2.0
0140139966,1,5.0
0140143459,2,3.5
0140143955,1,4.0
014014739X,1,5.0
0140147551,1,5.0
0140150978,1,5.0
0140153179,1,4.0
0140153519,1,5.0
0140159703,1,5.0
0140165215,1,5.0
0140166548,1,4.0
0140168222,1,1.0
0140169539,1,5.0
0140170413,1,5.0
0140177396,3,5.0
0140178139,1,5.0
0140178244,1,5.0
0140178406,1,2.0
014017897X,1,5.0
0140179836,2,4.0
0140182748,1,5.0
0140183507,1,4.0
0140183523,1,3.0
0140183884,1,5.0
0140184937,1,5.0
0140184953,1,4.0
0140186247,1,5.0
0140186409,1,5.0
0140186573,1,5.0
0140186956,2,5.0
0140187723,1,5.0
0140188169,1,5.0
0140189416,1,2.0
0140190600,1,5.0
0140193375,1,4.0
0140193588,1,5.0
0140193626,1,5.0
0140195017,1,5.0
0140195335,1,4.0
0140195815,1,5.0
0140195831,1,5.0
0140196072,1,5.0
0140230270,3,3.33
0140231196,1,5.0
0140231706,3,4.33
0140231757,1,5.0
0140231994,3,4.0
014023280X,2,5.0
0140233903,1,5.0
014023828X,1,2.0
0140239375,1,5.0
0140240845,1,4.0
0140243194,1,5.0
014024364X,1,5.0
0140244328,1,5.0
0140244611,2,4.0
0140247017,1,5.0
0140249168,1,4.0
0140249192,1,5.0
0140249281,1,3.0
0140250913,1,5.0
0140250948,1,5.0
014025157X,2,5.0
014025448X,1,5.0
0140254587,1,2.0
0140255788,1,5.0
0140256369,1,5.0
0140257314,1,4.0
014025773X,2,5.0
0140257934,1,5.0
0140259988,1,5.0
0140260234,1,4.0
0140263322,1,4.0
0140263489,1,3.0
0140264450,1,5.0
0140265686,1,1.0
0140266348,1,2.0
0140266909,1,5.0
0140270531,1,2.0
0140271457,1,2.0
014027166X,1,5.0
0140271694,1,3.0
0140273891,1,4.0
0140274367,1,5.0
0140274731,1,5.0
0140274766,1,5.0
0140275363,1,5.0
014027541X,1,5.0
014027569X,1,1.0
0140277447,1,4.0
0140277633,2,5.0
0140277714,1,5.0
0140277722,2,4.5
014027782X,1,5.0
0140278796,1,5.0
0140279482,2,2.5
0140280197,2,4.0
0140280243,2,4.0
0140280464,1,5.0
0140281916,2,4.5
0140282025,3,4.33
0140283617,1,5.0
0140284087,1,5.0
0140284583,2,3.0
0140286527,1,4.0
0140286780,2,3.0
0140286829,1,2.0
0140288503,1,5.0
014028852X,1,3.0
0140288600,1,5.0
0140291784,1,4.0
0140291962,2,5.0
0140292012,1,5.0
0140292608,1,4.0
0140293248,1,1.0
0140295399,1,3.0
0140296166,1,4.0
0140296271,1,1.0
014029628X,1,3.0
0140296409,1,4.0
0140296476,1,5.0
0140297952,1,4.0
0140298479,1,3.0
0140298517,1,5.0
0140298533,2,5.0
0140298614,1,3.0
0140299874,2,5.0
0140304452,1,5.0
0140309268,1,5.0
0140309578,1,4.0
0140311254,1,5.0
0140319298,1,5.0
014032609X,1,5.0
0140329455,1,4.0
0140364854,2,5.0
0140365494,1,4.0
0140367063,1,5.0
0140367136,1,5.0
0140367454,1,3.0
0140367462,1,5.0
0140374493,1,5.0
0140380531,1,5.0
0140385061,1,4.0
014038572X,1,4.0
0140386351,1,5.0
0140386645,1,5.0
0140389024,1,4.0
0140389660,1,4.0
0140390871,1,4.0
0140431330,1,4.0
0140432078,1,5.0
0140432159,2,2.5
0140432191,1,5.0
014043268X,1,5.0
0140433163,1,2.0
0140433309,1,4.0
0140434119,1,5.0
0140435387,1,5.0
0140437509,1,5.0
0140439218,1,4.0
0140440046,1,5.0
014044131X,1,5.0
0140441638,1,3.0
0140441697,1,3.0
0140441824,1,5.0
0140441859,1,3.0
0140442081,1,5.0
0140442286,1,4.0
0140442898,1,5.0
0140443215,1,5.0
0140444270,1,5.0
0140444343,1,5.0
0140444424,1,5.0
0140444742,1,5.0
0140445307,1,4.0
0140445684,1,5.0
0140446451,1,5.0
0140447385,1,4.0
0140447636,1,5.0
0140447644,1,5.0
0140449086,1,3.0
0140449213,2,4.5
0140449272,1,3.0
0140449302,1,4.0
0140469303,2,5.0
0140469907,1,5.0
0140481346,1,5.0
014048244X,1,5.0
014050169X,1,4.0
0140503099,1,5.0
0140507566,1,5.0
0140511512,1,5.0
0140513280,1,4.0
0140513299,2,3.5
0140513310,1,4.0
0140513353,1,4.0
0140513485,1,3.0
0140546685,1,5.0
0140548203,1,3.0
0140556737,1,4.0
014055694X,1,5.0
0140557741,1,5.0
0140564349,1,5.0
0140565019,1,5.0
0140566368,1,5.0
0140586512,1,5.0
014058921X,1,5.0
0141000589,1,5.0
0141001615,1,5.0
0141001682,2,4.0
0141001895,1,5.0
0141001925,1,5.0
014100231X,1,5.0
0141004606,1,5.0
0141009438,1,5.0
0141009810,1,5.0
014101072X,1,5.0
014101363X,1,5.0
0141014164,1,4.0
0141019395,1,5.0
0141019646,1,5.0
0141180307,1,5.0
014118034X,1,5.0
0141180390,1,5.0
0141180765,1,5.0
0141180781,1,5.0
0141181265,2,4.5
0141181559,1,5.0
0141181656,1,3.0
0141183268,1,5.0
0141184221,1,5.0
014118616X,1,3.0
0141301058,1,5.0
0141301066,1,5.0
0141301104,1,4.0
0141301120,2,3.0
0141301155,7,4.86
0141307048,1,5.0
0141308109,1,3.0
014131236X,1,5.0
0141390581,1,5.0
0141439505,1,4.0
0141439513,1,5.0
0141439556,1,2.0
0141439564,2,5.0
0141439637,2,4.5
0141439750,1,5.0
0141439971,1,5.0
0141469048,1,5.0
0141802871,1,5.0
0141804467,1,4.0
0142000078,1,1.0
0142000159,3,5.0
0142000221,1,3.0
0142000280,8,4.62
0142000345,1,5.0
014200040X,1,5.0
0142000558,1,5.0
0142000663,1,3.0
0142000701,1,5.0
0142000809,2,3.0
0142000868,1,4.0
0142000892,1,4.0
0142000906,4,3.5
0142000957,1,5.0
0142001090,1,2.0
0142001198,6,4.33
0142001325,2,4.5
0142001430,5,4.2
0142001562,1,4.0
0142001619,4,3.5
0142001686,1,5.0
0142001716,1,4.0
0142001740,13,4.38
0142001805,7,3.86
014200183X,1,5.0
0142002011,1,2.0
014200202X,1,4.0
0142002178,1,5.0
0142002240,1,5.0
0142002399,1,1.0
0142002429,1,4.0
0142002577,1,5.0
0142002623,3,4.67
0142002631,1,4.0
0142002968,1,5.0
0142003018,1,5.0
0142003050,1,5.0
0142003182,1,5.0
0142003190,1,5.0
014200328X,1,3.0
0142003425,1,5.0
0142003697,2,4.5
0142003727,1,5.0
014200376X,1,5.0
0142003808,1,4.0
0142003840,1,5.0
0142004030,3,3.67
0142004170,1,3.0
0142004197,1,5.0
0142004308,2,4.5
0142004332,4,4.0
0142004359,1,5.0
0142004421,1,5.0
0142004596,1,5.0
0142004693,1,5.0
0142004812,3,5.0
0142004820,1,5.0
0142004839,1,4.0
0142004898,1,5.0
0142004928,2,5.0
0142004952,2,3.5
0142005053,2,4.0
0142180009,1,5.0
0142180106,1,5.0
0142196002,1,5.0
0142196037,1,5.0
0142196096,2,5.0
0142196126,2,5.0
0142196177,1,5.0
0142196223,1,4.0
0142300276,3,4.67
0142300586,1,4.0
0142301892,1,5.0
0142302236,1,3.0
0142400777,1,5.0
0142401013,1,5.0
0142401021,2,4.0
0142401641,1,5.0
0142401668,1,5.0
0142402761,1,5.0
0142404209,1,4.0
0142404330,1,4.0
0142437204,1,5.0
0142437344,1,3.0
0142437522,1,5.0
0142437557,1,5.0
014243776X,1,5.0
0142437905,2,4.0
0142437921,1,3.0
0142437964,1,5.0
0142500178,1,5.0
014250081X,1,4.0
0142501115,1,4.0
0142501263,1,5.0
014280004X,1,5.0
0142800376,1,5.0
0142800430,1,5.0
0142800449,1,5.0
014280083X,1,3.0
014300123X,1,5.0
0143013742,1,4.0
0143031732,1,3.0
0143034405,2,5.0
0143034413,4,4.0
0143034502,1,3.0
0143034588,1,4.0
014303460X,3,4.67
0143034669,4,5.0
0143034693,1,3.0
0143034715,1,5.0
0143034758,2,4.5
0143034774,1,5.0
0143034790,1,5.0
0143034871,1,4.0
0143034901,4,4.0
0143035002,5,4.2
014303510X,1,3.0
0143035290,1,5.0
0143035320,1,5.0
0143035363,1,3.0
014303541X,2,5.0
0143035495,1,1.0
0143035657,2,5.0
0143035908,1,5.0
0143039024,1,3.0
0143057014,1,2.0
014305712X,1,5.0
0143057189,2,3.0
0143057367,1,5.0
0143057693,1,4.0
0151000972,1,4.0
0151001146,1,5.0
0151001634,2,5.0
0151002592,1,2.0
0151003130,1,5.0
0151003386,1,1.0
0151003769,1,4.0
015100403X,1,2.0
0151004218,1,5.0
0151005567,1,3.0
0151005958,2,4.0
0151006598,1,5.0
0151007152,1,5.0
0151008116,2,4.5
0151008418,2,4.5
0151008787,3,5.0
0151008892,1,5.0
0151009082,1,5.0
0151009430,1,3.0
0151010153,1,3.0
0151010196,2,4.0
0151010420,1,5.0
0151010498,1,2.0
0151010579,1,5.0
0151010668,2,1.5
0151010722,3,4.0
0151010749,5,3.2
0151010765,1,5.0
0151010846,1,4.0
0151010854,1,4.0
0151010943,1,5.0
0151011354,1,3.0
0151011400,5,3.4
0151011621,1,3.0
0151011834,3,5.0
0151012164,2,5.0
0151012490,1,5.0
0151072558,1,5.0
0151329168,1,5.0
0151457700,1,5.0
0151461546,1,4.0
0151757054,1,5.0
0151778701,1,5.0
0151962960,1,5.0
0151970874,1,5.0
0152000410,1,5.0
0152000534,1,4.0
0152001034,1,3.0
0152002227,1,4.0
0152002464,1,5.0
0152002472,1,5.0
0152002669,1,2.0
0152005390,1,5.0
015200789X,1,5.0
0152008705,2,5.0
0152010041,1,5.0
0152010149,1,5.0
0152010599,1,5.0
0152010661,1,5.0
0152013040,1,5.0
0152013067,1,4.0
0152015450,1,5.0
0152017372,1,5.0
0152017682,1,5.0
015201795X,1,5.0
0152018484,2,5.0
0152019243,1,1.0
0152019774,1,5.0
0152019901,1,4.0
0152020136,1,5.0
0152020683,1,5.0
0152020853,1,4.0
0152021280,1,5.0
0152021639,1,5.0
0152021728,1,5.0
0152022260,1,5.0
0152022988,1,5.0
0152023402,2,3.5
0152023984,1,1.0
0152024263,1,5.0
0152024409,1,5.0
0152024433,1,5.0
0152024883,2,4.5
0152025286,1,5.0
015202591X,1,5.0
0152026312,1,5.0
0152026320,3,5.0
015202638X,2,5.0
0152026762,1,5.0
0152046097,1,5.0
015204616X,1,4.0
0152046399,1,5.0
0152047204,1,5.0
0152047344,1,4.0
015204907X,1,5.0
0152049290,1,5.0
0152050175,1,5.0
0152050841,1,5.0
0152051600,1,5.0
0152052070,1,4.0
0152053042,1,5.0
0152053409,2,5.0
015205345X,1,5.0
0152053573,1,5.0
015205412X,1,5.0
0152054456,1,5.0
0152162356,1,5.0
0152163077,1,5.0
0152163867,1,5.0
0152164138,1,4.0
0152166696,1,5.0
0152167110,1,4.0
0152167315,1,5.0
0152167366,1,5.0
0152167900,1,5.0
0152167919,1,5.0
0152168192,1,3.0
0152293809,1,5.0
0152336788,1,5.0
0152354050,1,5.0
0152427309,1,4.0
0152427325,1,5.0
0152453008,1,3.0
0152567089,1,4.0
0152578099,1,5.0
0152671404,1,5.0
0152870008,1,5.0
0152928634,1,5.0
0153117354,1,5.0
0153350946,1,5.0
015500865X,1,5.0
0155051784,1,1.0
015505855X,1,3.0
0156001268,1,5.0
0156001314,1,4.0
0156001454,1,5.0
0156001942,2,4.5
0156002531,1,1.0
0156003287,2,5.0
0156003686,1,5.0
0156004801,1,5.0
0156004976,1,5.0
0156005050,1,5.0
0156005697,1,4.0
0156005832,2,5.0
0156005891,2,4.0
0156005980,1,4.0
0156006308,1,3.0
0156006898,1,5.0
0156007037,1,3.0
0156007460,1,5.0
0156008726,1,5.0
0156010623,1,5.0
0156010755,1,2.0
0156010860,1,5.0
0156010879,1,4.0
0156011603,5,4.2
0156012197,2,5.0
015601226X,1,5.0
0156013363,1,5.0
0156013614,1,5.0
015602702X,1,5.0
0156027100,2,4.5
0156027321,16,4.25
0156027518,1,5.0
0156027526,1,5.0
0156027577,1,4.0
0156027631,2,4.5
0156027690,1,5.0
0156027747,1,5.0
0156027852,1,5.0
015602859X,2,2.5
0156028778,3,4.0
0156029030,1,4.0
0156029049,1,3.0
0156029057,1,5.0
0156029073,1,1.0
015602943X,35,4.03
0156029588,3,4.0
0156029685,1,4.0
0156029693,1,4.0
0156029782,1,5.0
0156029790,1,4.0
0156030055,1,5.0
0156030098,2,4.5
0156030225,1,2.0
015603106X,1,1.0
0156031426,1,5.0
0156032023,1,5.0
0156032325,1,4.0
0156032570,1,4.0
0156032937,3,4.33
0156177358,1,5.0
015623937X,1,4.0
0156281007,1,4.0
0156300001,1,5.0
0156329301,1,5.0
0156332256,1,5.0
0156372088,1,3.0
0156400804,1,5.0
0156421178,3,4.67
0156439611,2,4.5
0156443562,1,4.0
0156519925,1,5.0
0156528207,1,5.0
015661930X,1,5.0
0156628708,1,5.0
0156658992,1,5.0
015670160X,1,4.0
015679201X,1,5.0
0156806819,1,4.0
0156899825,1,4.0
0156904365,1,5.0
0156904586,1,4.0
0156907399,2,5.0
015693521X,1,3.0
0156941767,1,2.0
0156949601,1,4.0
015696158X,1,5.0
0159003172,2,4.5
0160019559,1,5.0
016003373X,1,5.0
0160041465,1,5.0
0191070505,1,3.0
0191070580,1,5.0
0191306010,1,3.0
0192115499,1,5.0
0192627724,1,5.0
0192632736,1,1.0
0192790846,1,5.0
0192801333,1,1.0
0192801376,1,5.0
0192801554,1,5.0
0192801961,1,5.0
0192802038,1,5.0
0192802062,1,4.0
0192802089,1,5.0
019280216X,1,2.0
0192802399,3,4.0
0192802542,1,4.0
0192802836,2,4.5
0192802933,1,3.0
0192803255,1,3.0
0192803352,1,4.0
0192803875,1,4.0
0192804111,1,4.0
0192804383,1,5.0
0192804634,1,5.0
0192805460,1,5.0
0192805487,2,4.5
0192805649,1,5.0
0192805851,1,5.0
0192805991,3,4.0
019280619X,1,5.0
019281933X,1,5.0
0192821474,1,5.0
0192822381,1,1.0
0192822500,1,4.0
0192823078,1,5.0
0192823205,1,5.0
0192831348,1,5.0
0192833723,1,5.0
019283410X,1,2.0
0192834118,1,5.0
0192834622,1,5.0
0192834703,1,5.0
0192834851,1,5.0
0192834975,1,3.0
0192835726,1,5.0
0192835769,1,5.0
019283679X,1,5.0
0192837079,1,5.0
0192837133,1,2.0
0192837222,1,4.0
0192838423,1,5.0
0192838563,1,5.0
0192840754,1,5.0
0192840797,1,4.0
0192840940,2,4.5
0192840991,1,5.0
0192842072,1,5.0
0192842218,1,5.0
0192853449,1,5.0
0192853465,1,5.0
019285352X,1,4.0
0192853619,1,5.0
0192853813,1,4.0
019285383X,1,4.0
0192853848,1,3.0
0192853856,1,4.0
0192853961,1,5.0
0192854119,1,5.0
019285416X,1,5.0
0192854216,1,5.0
0192854585,1,5.0
0192860925,2,5.0
0192880098,1,5.0
0192880713,1,5.0
0192892452,1,1.0
0192892495,1,5.0
0193533227,1,5.0
0194343553,1,5.0
0194351912,1,5.0
0194370003,1,5.0
0194371891,1,5.0
0194386074,1,1.0
0195002105,1,5.0
0195004566,1,5.0
0195008030,1,3.0
0195014324,1,5.0
0195015630,1,5.0
0195019091,1,5.0
0195019199,1,4.0
0195024028,2,4.0
0195024176,1,5.0
0195025636,1,5.0
0195030214,1,5.0
019504634X,1,4.0
0195046455,1,5.0
0195049837,1,4.0
0195056868,1,5.0
0195059247,1,4.0
0195064720,1,5.0
0195067142,3,5.0
0195069056,3,4.67
0195072200,1,3.0
0195080408,1,5.0
0195081900,1,5.0
0195088085,1,5.0
0195089030,1,5.0
0195089200,1,5.0
0195091000,1,5.0
0195091957,1,3.0
0195092627,1,5.0
0195093712,1,5.0
0195098315,1,4.0
0195099710,1,5.0
0195101138,1,2.0
0195101332,1,5.0
0195102290,1,4.0
0195104471,1,4.0
0195105052,1,4.0
0195106695,1,5.0
0195108094,1,5.0
0195112075,2,4.0
0195112687,2,3.5
0195112768,2,4.5
0195113918,1,5.0
0195115392,1,3.0
0195116038,1,5.0
0195116739,1,5.0
0195117263,1,5.0
0195117492,1,5.0
0195120000,1,4.0
0195120647,1,5.0
0195121236,1,3.0
0195122364,1,5.0
0195123115,1,2.0
0195124359,1,5.0
0195127501,1,5.0
0195128435,1,5.0
0195128869,1,1.0
0195131983,1,5.0
0195133536,1,5.0
0195133730,1,5.0
0195134168,1,1.0
0195136292,1,5.0
0195138058,1,5.0
0195138422,1,5.0
0195138651,1,5.0
019513866X,1,5.0
0195138996,1,5.0
0195139240,1,5.0
0195139844,1,1.0
0195140826,1,4.0
0195141628,1,5.0
0195142365,1,5.0
0195143264,1,5.0
0195143663,1,5.0
0195144139,1,5.0
0195145305,1,5.0
0195145402,1,5.0
0195147073,1,4.0
0195147081,1,2.0
0195147103,1,3.0
0195147359,1,5.0
019514743X,1,5.0
0195149416,1,5.0
0195149726,2,5.0
0195149874,1,5.0
0195150015,1,2.0
0195150708,1,4.0
0195150996,1,4.0
0195151062,1,5.0
0195151291,1,5.0
0195152166,1,5.0
0195152441,1,5.0
0195152603,1,5.0
0195152956,1,5.0
0195153383,1,1.0
0195154088,1,5.0
0195154207,1,4.0
0195154371,1,5.0
0195154975,1,5.0
0195156099,1,5.0
0195156684,1,5.0
0195156811,1,5.0
0195156862,1,5.0
0195157133,1,4.0
0195157338,1,3.0
0195157427,1,5.0
0195158334,1,5.0
0195158350,2,5.0
0195158679,1,5.0
0195159241,1,5.0
0195159594,1,5.0
0195161211,1,2.0
0195161912,1,5.0
0195161998,1,5.0
0195162064,1,4.0
0195163435,2,5.0
0195163494,2,4.5
0195165993,1,5.0
0195166302,1,4.0
0195166418,1,3.0
0195166787,1,1.0
0195166876,1,5.0
019516752X,1,4.0
0195167716,3,4.33
0195168402,1,4.0
0195168682,1,4.0
0195168739,1,4.0
0195168844,1,3.0
0195168887,2,5.0
0195168917,2,5.0
0195169182,1,5.0
0195169433,1,5.0
0195170253,2,4.0
0195170342,7,4.71
0195170431,1,5.0
019517044X,1,5.0
0195170776,2,4.0
0195171489,1,2.0
0195171934,1,5.0
0195172728,1,3.0
0195172892,1,5.0
0195173384,7,4.57
0195173430,1,5.0
0195173597,1,3.0
0195174402,1,5.0
019517478X,1,4.0
0195176081,2,5.0
0195177584,1,4.0
0195177622,1,4.0
0195177827,1,4.0
0195178130,1,4.0
0195178238,1,4.0
0195178343,2,4.0
0195178793,1,3.0
019518081X,1,5.0
019518095X,1,5.0
0195181093,1,5.0
0195181387,1,4.0
0195181409,5,4.6
0195182685,1,5.0
0195183010,2,5.0
0195198212,1,4.0
0195204697,1,5.0
0195218396,1,3.0
0195221311,1,5.0
0195222040,1,5.0
0195222172,1,5.0
0195222180,1,5.0
0195275276,1,4.0
0195279255,1,3.0
0195281799,1,4.0
0195283805,1,4.0
0195283945,1,5.0
0195284852,1,5.0
0195285085,1,5.0
0195287150,2,5.0
0195288149,1,4.0
0195288181,2,4.5
0195405986,1,4.0
0195409361,1,5.0
0195414543,1,3.0
0195421167,1,4.0
019551677X,1,5.0
0195517709,1,5.0
0195622553,1,5.0
0195669819,1,5.0
0195793870,1,4.0
0198126379,1,4.0
0198166400,1,4.0
0198166508,1,5.0
0198166559,1,5.0
0198167296,1,5.0
0198182643,1,4.0
0198207662,1,2.0
0198225253,1,5.0
0198228635,1,5.0
0198233922,1,4.0
0198263325,1,5.0
0198269544,1,4.0
0198293763,1,3.0
0198502443,1,5.0
0198503326,1,5.0
0198503466,1,5.0
0198507925,2,5.0
0198525206,1,4.0
0198526938,1,4.0
0198540124,1,5.0
0198542437,1,5.0
0198565488,1,5.0
0198572247,1,5.0
0198601727,1,5.0
0198602537,1,4.0
0198602588,2,5.0
0198602774,1,5.0
019860288X,1,4.0
0198603177,1,3.0
0198604025,1,5.0
0198604521,1,5.0
0198604572,2,5.0
0198604750,1,1.0
0198605080,1,4.0
0198605129,1,5.0
0198606419,1,5.0
0198607083,1,4.0
0198607423,1,5.0
0198607822,1,5.0
0198608640,1,5.0
0198609426,1,5.0
0198609434,1,5.0
0198612508,1,3.0
0198612583,1,5.0
0198642261,1,4.0
019864339X,1,5.0
0198645287,1,4.0
0198700369,1,3.0
0198731744,1,5.0
0198731922,1,4.0
019875180X,1,3.0
019888012X,1,5.0
0199172420,1,5.0
0199241597,1,5.0
0199247374,1,2.0
0199247595,2,5.0
0199251010,1,5.0
0199251142,1,5.0
0199252939,2,5.0
0199259933,1,5.0
0199261083,1,5.0
0199263086,1,5.0
0199263094,1,5.0
0199268851,1,5.0
0199271267,1,4.0
0199279349,1,4.0
0199637768,1,3.0
0200710990,1,5.0
0200717006,1,2.0
0201086239,1,4.0
0201095289,1,4.0
0201255928,1,4.0
0201314517,1,5.0
0201328194,1,3.0
0201328399,1,5.0
0201342758,1,2.0
0201353679,1,5.0
0201357542,1,2.0
0201360764,1,5.0
0201379260,1,4.0
0201379376,2,2.0
0201380277,1,4.0
020138423X,2,5.0
0201407221,2,5.0
0201409925,1,5.0
0201409941,1,5.0
020140995X,1,4.0
0201409968,1,5.0
0201433362,1,5.0
0201441934,1,5.0
0201483378,1,5.0
0201485362,1,5.0
0201485672,3,5.0
0201498413,1,5.0
0201500647,1,4.0
0201539292,1,3.0
0201543613,1,5.0
020155089X,1,5.0
0201550911,2,5.0
0201563568,1,2.0
0201567636,2,1.5
0201570769,1,5.0
0201570947,1,4.0
0201578999,1,4.0
0201590441,1,5.0
0201615835,1,4.0
0201616165,1,4.0
020161622X,4,4.25
0201624672,2,3.0
020162690X,1,4.0
0201632217,1,5.0
0201632780,1,5.0
0201633469,1,4.0
0201633612,4,4.5
020163371X,1,4.0
0201634481,1,3.0
0201634694,1,3.0
0201634988,1,3.0
020169946X,1,5.0
0201700441,1,5.0
0201700468,1,5.0
0201700476,1,5.0
0201702096,1,4.0
0201702452,1,5.0
0201703092,1,4.0
0201703106,2,3.0
020170353X,1,5.0
0201704315,2,5.0
0201704331,1,5.0
0201708507,1,1.0
0201709708,1,2.0
0201710382,2,3.5
0201715945,1,5.0
0201721481,1,5.0
020172149X,1,4.0
0201722089,1,4.0
0201725835,1,5.0
0201725932,1,5.0
0201726149,1,3.0
0201726343,1,1.0
0201728281,1,5.0
0201731142,1,5.0
0201733560,1,4.0
0201735687,1,3.0
0201737930,1,4.0
0201740958,1,5.0
0201741288,1,2.0
0201741571,2,5.0
0201741628,1,4.0
0201745682,1,4.0
0201748835,1,5.0
0201749629,1,4.0
0201750805,1,3.0
0201752840,2,4.5
0201758482,1,4.0
0201761769,1,5.0
0201770377,1,1.0
0201770598,1,5.0
020177321X,1,5.0
0201773406,1,5.0
0201786958,1,4.0
0201788934,1,3.0
0201794810,1,5.0
0201795353,1,5.0
0201796198,1,4.0
0201820544,1,4.0
0201835959,1,3.0
0201844451,1,2.0
0201877562,1,5.0
020189548X,1,5.0
0201914654,1,5.0
0202302601,1,2.0
0202305848,1,5.0
020230731X,1,3.0
0205081363,2,3.0
0205084230,1,5.0
0205144349,1,5.0
0205162991,1,5.0
0205164579,1,3.0
0205178669,1,5.0
0205198392,1,5.0
0205200222,1,1.0
0205275532,1,3.0
020527868X,1,4.0
0205290302,1,4.0
0205291198,1,5.0
0205297692,1,5.0
020530902X,16,4.62
0205313426,2,5.0
0205317421,1,4.0
0205326447,1,5.0
0205326854,1,5.0
0205333516,1,5.0
0205336590,1,5.0
0205340962,1,5.0
0205341950,1,3.0
0205344216,1,5.0
0205353118,1,5.0
0205359035,1,5.0
0205371426,1,2.0
0205372910,1,1.0
0205395090,1,5.0
0205410308,1,5.0
0205410391,1,4.0
0205412564,1,4.0
0205418481,1,4.0
0205430716,1,4.0
0205443273,1,5.0
020545531X,1,5.0
0207167389,1,5.0
0207169969,1,3.0
0223344354,1,3.0
0224005103,1,3.0
0226020452,1,5.0
0226039331,1,5.0
0226059782,1,4.0
0226062465,1,4.0
0226065685,1,5.0
0226067459,1,5.0
0226075923,1,4.0
0226086658,1,5.0
0226091910,1,5.0
0226096262,1,5.0
0226104036,3,5.0
0226106330,1,5.0
0226142272,1,5.0
0226142698,1,5.0
0226167798,1,5.0
0226199991,1,5.0
0226204014,1,5.0
0226238040,1,5.0
0226245322,1,5.0
0226254518,1,4.0
0226259420,1,5.0
0226259870,1,4.0
0226264017,1,4.0
0226264211,2,4.5
0226282449,1,4.0
0226284158,1,5.0
0226300412,1,5.0
0226306569,1,2.0
0226309118,1,4.0
0226314480,1,4.0
0226320618,3,5.0
0226320669,1,3.0
0226326799,1,2.0
0226327825,1,4.0
0226346838,1,5.0
0226348601,1,5.0
0226359948,1,4.0
0226424197,1,5.0
0226426165,1,4.0
0226449319,1,5.0
0226467627,1,4.0
0226467716,4,4.75
0226468011,3,4.33
0226473716,1,4.0
0226476766,1,5.0
0226486990,1,5.0
0226491900,1,5.0
0226494071,1,5.0
0226500446,1,5.0
0226500667,2,5.0
0226526313,2,4.0
0226534219,1,4.0
0226542335,1,5.0
0226554090,1,5.0
0226555925,2,4.5
0226567362,1,5.0
0226567702,1,5.0
0226568288,1,5.0
0226595560,1,5.0
0226615960,1,4.0
0226633071,1,5.0
0226642011,1,5.0
0226642054,1,5.0
0226653714,1,5.0
0226677141,1,4.0
0226705943,1,5.0
0226712842,1,4.0
0226720632,1,5.0
0226728129,1,3.0
0226731278,1,5.0
0226732169,1,5.0
0226743497,1,3.0
0226776247,1,5.0
0226779998,1,5.0
0226812243,1,1.0
0226816273,1,3.0
0226848663,1,5.0
0226848787,1,4.0
0226848795,1,4.0
0226856712,1,3.0
0226899152,1,5.0
0226899462,1,5.0
0226901033,1,5.0
0226950077,1,1.0
0227675509,1,1.0
0231034555,1,5.0
0231035314,1,4.0
023103816X,1,4.0
0231053479,1,5.0
0231054777,1,4.0
0231059787,1,5.0
0231066678,1,4.0
0231072376,2,4.5
023107851X,1,4.0
023108028X,1,5.0
023108059X,1,5.0
0231101910,1,3.0
0231102291,1,5.0
0231103174,1,5.0
0231109652,1,4.0
0231112297,1,5.0
0231112718,1,5.0
0231120125,1,3.0
0231123663,1,4.0
0231124767,1,5.0
0231125437,1,5.0
0231126921,1,5.0
0231128657,1,3.0
0231130562,1,5.0
023113102X,2,4.5
0231131062,1,4.0
0231131860,2,5.0
0231134177,2,5.0
0231134940,2,4.5
0231135149,1,5.0
023150912X,1,5.0
0240513924,1,4.0
0240515811,1,3.0
024051582X,1,5.0
0240516575,1,5.0
0240516591,1,5.0
0240519159,2,5.0
0240519426,2,4.0
024051954X,3,4.67
0240519582,1,3.0
0240519817,2,3.5
0240519841,12,4.67
0240801083,1,5.0
0240802942,1,4.0
0240802950,1,4.0
0240803280,1,4.0
0240803752,1,4.0
024080452X,1,5.0
0240804643,1,1.0
0240804678,1,5.0
0240804740,1,1.0
0240804791,1,4.0
0240805100,2,3.0
0240805119,1,2.0
0240805348,1,5.0
0240805593,1,5.0
0240805615,1,5.0
0240805674,1,4.0
0240805984,1,5.0
0240806417,1,3.0
0240806476,1,5.0
0240806492,1,3.0
0240806689,1,5.0
0240806697,3,3.67
0240807391,1,4.0
0240807855,1,5.0
0241109876,1,5.0
0241115426,1,5.0
0252005201,1,5.0
0252007743,1,5.0
0252009886,2,5.0
0252013689,1,4.0
0252015592,1,4.0
0252016750,1,1.0
0252019350,1,1.0
0252020375,1,5.0
0252023471,1,5.0
0252027523,1,2.0
0252027701,1,5.0
0252027973,2,5.0
025202849X,1,4.0
0252029429,1,5.0
0252060598,1,5.0
0252061632,1,5.0
0252062000,1,5.0
025206366X,1,4.0
0252064372,1,4.0
0252066707,1,5.0
025206674X,1,4.0
0252066944,1,5.0
0252068238,1,5.0
0252068297,2,4.0
0252068971,1,3.0
025207081X,1,4.0
0252072154,1,2.0
0252072235,1,4.0
0253200016,1,5.0
0253202604,1,4.0
0253203120,2,4.0
0253203317,1,5.0
0253203635,1,5.0
025320433X,1,5.0
0253204461,1,5.0
0253204577,1,5.0
025320691X,1,4.0
0253212340,1,5.0
0253213150,1,5.0
0253215021,1,5.0
0253215749,1,5.0
0253216338,1,5.0
0253216958,1,5.0
0253217725,1,5.0
0253218381,1,4.0
0253287049,1,5.0
0253335485,1,4.0
0253335914,1,4.0
0253336120,1,3.0
0253337348,2,5.0
0253338220,1,3.0
0253339286,1,5.0
0253341388,1,5.0
0253341639,1,5.0
0253343747,1,4.0
0253344522,1,5.0
0253345324,1,5.0
0253345472,2,4.5
025335126X,1,5.0
0256030081,1,4.0
0261102214,1,5.0
0262024829,1,4.0
0262024926,1,4.0
0262025396,1,5.0
0262025485,1,2.0
0262025728,1,5.0
0262025795,1,4.0
0262025922,1,1.0
0262032937,1,3.0
0262042193,1,5.0
0262042258,1,3.0
026205065X,1,5.0
0262071045,1,4.0
0262071460,1,5.0
0262072203,1,4.0
0262072440,1,4.0
0262082527,1,5.0
0262083329,1,5.0
0262083388,1,5.0
0262101076,1,4.0
0262112361,1,5.0
0262112868,2,4.5
0262122731,2,5.0
0262133784,1,4.0
0262134462,1,3.0
0262140888,1,5.0
0262140918,1,5.0
0262161974,1,4.0
0262162091,1,4.0
0262193388,1,5.0
0262193981,1,3.0
0262194767,1,1.0
0262194945,1,5.0
0262220725,1,4.0
0262510871,1,5.0
0262520044,1,5.0
026252225X,1,5.0
026253195X,1,5.0
0262571277,1,2.0
0262581620,1,4.0
0262611384,1,5.0
0262611465,1,5.0
0262611538,1,1.0
0262611635,1,5.0
0262612089,2,4.5
0262631857,1,3.0
0262632055,1,5.0
026263287X,1,5.0
0262661160,1,4.0
0262661659,1,5.0
0262661748,1,5.0
0262661829,1,5.0
0262681501,1,5.0
0262692112,1,3.0
026269221X,1,4.0
0262692767,1,2.0
0262700824,1,4.0
0262720353,1,5.0
0262730081,1,5.0
0262731541,1,4.0
0262731622,1,4.0
0263130959,1,3.0
0263140393,1,5.0
0263173720,1,4.0
0268006113,1,5.0
0268007357,1,4.0
0268017522,1,3.0
026801759X,2,2.5
0271013214,1,5.0
0271020563,1,5.0
0271022507,1,5.0
0271022620,1,3.0
0271022841,1,3.0
0271023562,1,5.0
0273630962,1,5.0
0273659782,1,4.0
0273662953,1,3.0
0275902358,1,5.0
0275928543,1,5.0
0275945219,1,5.0
027595353X,1,5.0
0275954013,1,5.0
0275962962,1,5.0
0275968995,1,5.0
0275972046,1,4.0
0275974413,1,1.0
027597829X,1,3.0
0275981010,1,4.0
0275981797,1,5.0
0275981924,1,4.0
0275982572,1,4.0
0275983609,1,5.0
0275984877,1,5.0
027598527X,1,5.0
0281004501,1,5.0
0281054703,1,5.0
0281055858,1,5.0
0281057222,1,5.0
0283998539,1,3.0
0285633961,2,3.0
0285634119,1,4.0
0292701640,1,4.0
0292702590,1,5.0
0292702736,1,5.0
0292705379,1,1.0
0292705662,1,4.0
0292706014,1,5.0
0292706138,1,4.0
0292706383,1,5.0
0292708408,1,5.0
0292708602,1,4.0
0292709900,1,5.0
0292710607,1,5.0
0292712359,1,3.0
0292720912,1,2.0
0292724314,1,4.0
0292725353,1,4.0
029273459X,1,5.0
0292740557,1,5.0
029274322X,4,4.0
0292752423,1,5.0
0292752741,1,4.0
0292771045,1,4.0
029277723X,1,4.0
0292780788,1,3.0
0292781644,1,5.0
0292791364,1,5.0
0295953195,1,4.0
0295972599,1,2.0
0295974486,1,4.0
0295975628,1,5.0
0295976373,1,4.0
0295977051,1,4.0
029597818X,2,4.5
0295979437,1,5.0
0295981466,1,5.0
0295982551,1,4.0
0295983639,1,5.0
0295984775,1,5.0
0297003453,1,5.0
029764324X,1,5.0
0297771574,1,5.0
0297792970,1,4.0
0297829661,1,5.0
0297843710,1,5.0
0297843877,1,4.0
0297846094,1,5.0
0297847139,1,5.0
0299154947,2,4.0
0299179400,1,5.0
029919390X,1,5.0
0299199606,1,5.0
0299200841,1,3.0
0299201600,1,5.0
0299201902,1,4.0
0299203603,1,1.0
0299204308,1,1.0
0299206149,1,5.0
0299208109,2,3.0
0300002300,1,5.0
0300018460,1,1.0
0300020589,1,4.0
0300027028,1,4.0
0300027605,1,5.0
0300028849,1,2.0
0300033605,1,3.0
0300038348,1,1.0
0300041888,1,2.0
0300044909,1,5.0
0300047002,1,3.0
0300058233,1,4.0
0300060467,1,4.0
0300063172,1,4.0
0300068794,1,2.0
0300069030,1,4.0
0300072422,1,5.0
0300072430,1,5.0
0300072724,1,5.0
0300074190,1,5.0
0300075790,1,5.0
0300076614,1,4.0
0300077521,1,4.0
0300077688,1,5.0
0300078064,1,4.0
0300080778,1,4.0
0300082401,1,5.0
0300082533,1,5.0
0300082703,2,4.0
0300083580,1,3.0
0300084633,1,1.0
0300087284,1,4.0
0300087446,1,4.0
0300087764,1,5.0
0300088329,1,3.0
0300088981,1,3.0
0300089023,1,4.0
0300089791,1,4.0
0300090889,1,5.0
0300091222,1,5.0
0300091656,1,4.0
0300093578,1,5.0
0300093985,1,5.0
0300094256,1,5.0
0300094477,1,5.0
0300094736,1,5.0
0300097433,1,4.0
0300098065,1,4.0
0300098227,3,4.33
0300098839,2,5.0
0300099215,1,5.0
0300099525,1,4.0
0300100213,1,5.0
0300100825,1,5.0
030010197X,1,5.0
0300102526,3,5.0
0300102682,1,4.0
0300102852,1,5.0
0300103050,1,4.0
0300103239,1,5.0
0300103913,1,5.0
0300104022,1,5.0
0300104111,1,1.0
0300104154,1,5.0
0300104189,1,5.0
0300104227,1,3.0
030010426X,2,5.0
0300104367,1,5.0
0300104480,2,5.0
0300104677,1,5.0
0300104685,4,4.25
0300105088,1,5.0
030010510X,1,3.0
0300105142,1,3.0
0300105967,1,4.0
0300105983,1,5.0
0300106149,2,4.5
0300106173,1,5.0
0300106572,1,5.0
0300106629,1,5.0
0300106688,1,2.0
0300106920,1,5.0
0300107862,1,3.0
0300107900,1,5.0
0300108834,1,5.0
0300109067,1,5.0
0300111460,1,3.0
0304331449,1,5.0
030435208X,1,3.0
0304352802,1,4.0
0304355291,1,3.0
0304356409,1,5.0
0304358622,1,5.0
0304361437,1,5.0
0304363243,1,5.0
0304363634,1,3.0
0304365645,1,5.0
0304365785,1,4.0
0304366315,1,4.0
0304366420,1,5.0
0306446189,1,4.0
0306449412,1,5.0
030645291X,1,4.0
0306455552,1,5.0
0306460149,1,5.0
030646098X,1,4.0
0306461676,1,5.0
0306463253,1,5.0
0306480689,1,4.0
0306482339,1,5.0
0306801574,1,5.0
0306801787,1,5.0
0306802619,1,5.0
0306803232,1,5.0
0306805057,1,5.0
0306806525,1,5.0
0306806983,1,5.0
0306807386,1,4.0
0306807416,1,1.0
0306807645,1,5.0
0306807858,2,5.0
0306808609,1,3.0
0306808641,1,5.0
030680865X,1,5.0
0306808668,1,3.0
0306808749,1,3.0
0306809095,1,5.0
0306809117,1,3.0
0306809907,2,5.0
0306810123,1,2.0
030681028X,1,5.0
0306810506,1,2.0
0306810557,1,5.0
0306810700,1,5.0
0306810743,1,2.0
030681076X,1,3.0
0306810883,1,4.0
0306811200,1,1.0
0306811316,1,5.0
030681160X,1,4.0
0306811693,2,3.5
0306811766,1,3.0
0306812096,1,5.0
0306812339,1,4.0
0306812401,1,5.0
0306812479,1,4.0
0306812525,3,4.0
0306812657,1,4.0
0306812789,1,5.0
0306812940,1,5.0
0306812983,1,2.0
0306813041,2,3.5
0306813149,1,4.0
0306813203,1,5.0
0306813351,2,5.0
0306813467,1,5.0
0306813548,2,4.5
0306813602,1,4.0
0306813610,1,5.0
0306813866,2,5.0
0306813912,1,5.0
0306813920,2,5.0
0306814013,3,4.33
0306814072,2,5.0
0306814285,1,3.0
0306814315,2,4.5
0306814323,1,4.0
0307010856,1,5.0
0307020487,1,5.0
0307021068,3,4.67
0307021688,1,3.0
0307021750,1,5.0
030709362X,2,3.0
0307102343,1,5.0
0307108775,1,5.0
0307119416,1,4.0
0307120007,2,3.5
0307123871,1,5.0
030712553X,1,5.0
0307155102,2,5.0
0307157857,4,5.0
0307165205,1,5.0
030717025X,1,5.0
0307206270,1,5.0
0307215903,1,5.0
0307236072,1,5.0
0307236714,3,2.33
0307237419,2,4.5
030723763X,6,3.67
0307243230,1,4.0
0307245160,1,5.0
0307273903,1,1.0
0307275329,13,4.23
0307276902,5,4.2
0307280721,2,5.0
0307281620,1,2.0
030728364X,13,4.69
0307283658,19,4.74
0307301354,1,5.0
030733855X,2,5.0
0307339807,2,5.0
0307602877,1,5.0
0307960080,1,2.0
0307988724,1,5.0
0309037395,1,5.0
0309070368,1,4.0
0309072697,1,5.0
0309085497,4,4.75
0309089050,1,5.0
0309090504,1,5.0
0309091969,1,3.0
0309095077,1,5.0
0310200164,1,5.0
0310200172,1,5.0
0310200180,1,5.0
0310200261,1,5.0
0310200342,1,5.0
0310205719,8,4.5
0310207487,1,5.0
0310207754,1,5.0
0310208068,1,4.0
0310209072,1,5.0
0310209145,3,5.0
0310209307,3,4.33
0310211883,1,5.0
031021338X,1,5.0
0310214351,1,5.0
031021436X,1,5.0
0310214653,1,5.0
0310214696,1,5.0
031021923X,1,5.0
0310219787,1,5.0
0310221447,1,5.0
0310223520,1,5.0
0310223903,1,5.0
0310224586,1,4.0
0310226368,1,5.0
0310227550,1,5.0
0310228328,2,4.5
0310228638,2,5.0
0310229936,1,5.0
0310230055,1,1.0
031023199X,1,5.0
0310232686,1,3.0
0310232783,1,3.0
0310234697,1,5.0
0310234840,1,5.0
0310234859,2,5.0
0310235332,1,5.0
0310235391,2,4.5
0310235936,1,5.0
0310235944,1,5.0
0310235952,2,4.5
0310237017,1,5.0
0310237602,1,4.0
0310240069,1,5.0
0310240085,1,5.0
0310240697,1,5.0
0310240867,1,5.0
0310241448,3,4.0
0310241979,1,4.0
0310242363,1,5.0
0310242460,1,5.0
0310242606,1,4.0
0310242827,1,5.0
0310242843,1,5.0
0310243033,1,5.0
0310243130,2,3.5
0310243238,1,5.0
0310243394,1,5.0
0310244072,1,5.0
031024420X,1,5.0
0310245648,2,3.0
0310245656,1,1.0
0310245966,1,5.0
0310246040,3,4.67
0310247039,1,5.0
0310247071,1,5.0
0310247101,1,1.0
0310247454,2,4.5
0310247489,1,5.0
0310247497,1,5.0
0310248124,1,1.0
031024823X,1,4.0
0310249716,1,5.0
0310250161,1,2.0
0310250617,1,4.0
0310250862,2,5.0
0310250870,1,4.0
0310251036,1,5.0
0310251052,1,5.0
0310252199,1,4.0
0310252202,1,4.0
0310252385,2,4.0
0310253497,1,5.0
0310254078,1,5.0
0310254396,1,5.0
0310254876,1,3.0
0310254922,1,5.0
0310255007,2,3.0
0310256445,1,4.0
0310256577,1,5.0
0310256593,1,4.0
0310257379,1,5.0
031025745X,1,5.0
0310257476,3,3.0
0310257662,1,5.0
0310257719,1,5.0
0310258979,1,5.0
0310259339,1,5.0
0310259479,2,4.0
0310259711,1,5.0
0310259878,2,5.0
0310259886,1,5.0
0310262127,1,5.0
0310262658,1,5.0
0310262860,1,5.0
031026345X,4,5.0
0310263638,1,3.0
0310263905,1,5.0
0310264510,1,5.0
0310266637,1,5.0
0310270677,3,5.0
0310286700,1,5.0
0310332613,1,5.0
0310332818,1,5.0
0310341515,1,5.0
031035501X,1,5.0
0310363810,1,3.0
0310393809,2,5.0
0310401607,1,5.0
0310401704,1,5.0
0310402204,2,5.0
0310402301,2,5.0
0310421411,1,5.0
0310425220,4,3.25
0310431913,1,3.0
0310485517,1,5.0
0310492408,1,4.0
0310494818,1,5.0
0310494915,1,3.0
0310511119,1,5.0
0310511615,1,5.0
0310511917,1,5.0
0310538211,1,5.0
0310548012,2,5.0
0310575729,1,5.0
0310576113,1,4.0
0310577519,1,4.0
0310585902,1,5.0
0310595606,1,2.0
0310606314,2,5.0
0310700787,1,5.0
031070197X,1,5.0
0310703816,1,3.0
0310704413,1,4.0
0310706572,1,5.0
031070801X,1,5.0
0310708214,1,5.0
0310709628,1,5.0
0310709709,1,5.0
0310900956,2,4.5
0310902150,1,5.0
0310902711,1,3.0
0310908795,1,4.0
0310910927,2,4.0
0310911486,1,5.0
0310911605,1,4.0
0310916321,1,5.0
0310916534,1,5.0
0310917263,1,5.0
031091759X,1,5.0
0310917964,2,4.5
0310918367,2,4.5
0310918634,5,4.6
031092023X,1,5.0
0310920922,1,5.0
0310921287,1,5.0
0310921813,1,5.0
0310921856,1,4.0
0310922623,1,4.0
031092264X,1,4.0
0310922690,1,4.0
0310923603,1,5.0
0310924057,1,5.0
0310925592,1,4.0
0310925614,2,5.0
0310926572,1,5.0
0310927587,2,5.0
0310927846,1,5.0
0310928044,2,5.0
031092815X,1,5.0
0310928893,1,4.0
0310928907,3,5.0
0310929555,2,2.0
0310929601,3,4.67
0310929776,1,4.0
0310929946,1,5.0
0310931894,1,5.0
0310937329,1,5.0
0310937337,1,5.0
031093737X,1,4.0
0310947561,2,4.5
031094757X,4,4.75
0310951410,1,5.0
0310951852,1,5.0
0310975573,1,4.0
0310987857,1,5.0
0312010443,1,5.0
031202195X,1,4.0
0312022565,1,5.0
0312023227,1,5.0
0312039069,1,5.0
0312041225,1,5.0
0312049404,1,3.0
0312050798,1,5.0
0312058691,1,2.0
0312061811,1,5.0
0312062931,1,4.0
0312064942,1,1.0
0312065302,1,5.0
0312077688,1,4.0
0312082991,1,5.0
0312083440,1,5.0
0312089244,1,4.0
0312108192,1,5.0
0312111282,2,5.0
0312114141,1,5.0
0312114826,1,3.0
0312115946,1,5.0
0312117337,1,4.0
0312117469,1,4.0
0312118295,1,4.0
0312118600,1,5.0
0312119003,1,3.0
0312119011,1,5.0
0312119267,2,4.5
0312127340,1,5.0
0312130252,1,5.0
0312137435,1,4.0
0312139322,1,4.0
0312140398,1,5.0
0312141084,1,5.0
0312141122,1,3.0
031214119X,1,5.0
0312143044,2,4.5
031214329X,1,3.0
0312144016,1,5.0
0312144075,1,4.0
0312144369,1,3.0
0312144776,1,4.0
0312145330,1,2.0
0312147058,1,3.0
0312147325,1,4.0
0312147449,1,1.0
0312149786,2,5.0
0312151802,1,4.0
0312151810,1,4.0
0312152272,2,4.5
0312155301,1,3.0
0312155700,1,4.0
0312155859,2,5.0
0312156014,1,3.0
0312156081,1,2.0
0312156480,1,2.0
0312156707,1,5.0
0312161387,1,5.0
0312167636,1,3.0
031216985X,1,5.0
0312180667,1,3.0
031218137X,1,5.0
0312181531,1,5.0
0312182023,1,4.0
031218204X,1,4.0
031218557X,1,1.0
0312185774,1,5.0
0312187106,1,5.0
0312187149,1,4.0
031218719X,2,5.0
0312187238,1,4.0
0312187351,1,4.0
0312187459,1,5.0
0312192363,1,4.0
0312192614,1,4.0
0312194390,3,5.0
031219529X,1,5.0
0312195516,7,4.71
0312199368,1,3.0
0312199430,1,2.0
0312199570,1,2.0
031220079X,1,4.0
0312202318,2,4.5
0312204078,1,5.0
0312204280,2,5.0
0312204345,1,5.0
0312204914,1,5.0
0312205171,1,5.0
0312205651,1,3.0
0312206356,1,4.0
0312206488,1,5.0
0312206631,1,1.0
031220941X,1,4.0
031220955X,1,3.0
031220969X,1,5.0
0312210604,1,3.0
0312229437,1,5.0
0312232462,1,5.0
0312238266,1,5.0
031223841X,1,4.0
0312238630,1,3.0
0312239548,1,1.0
0312239580,1,4.0
0312240473,1,5.0
0312241240,1,5.0
0312242506,1,5.0
0312242646,2,4.5
0312243359,5,4.8
0312244428,2,3.0
0312244967,1,3.0
0312244975,1,5.0
0312246587,1,1.0
0312247206,1,2.0
0312248733,1,5.0
0312248806,1,5.0
0312252110,2,2.5
0312252145,1,1.0
0312252439,1,5.0
0312252773,1,4.0
0312252919,1,4.0
031225377X,1,5.0
0312253990,1,5.0
0312254040,1,4.0
0312254164,1,5.0
0312254407,1,4.0
0312255012,1,5.0
0312257376,1,5.0
0312258968,1,2.0
0312261357,1,5.0
0312261551,1,5.0
0312261845,1,3.0
0312263031,2,4.5
031226321X,1,4.0
0312263686,1,1.0
0312263740,1,4.0
0312264100,1,1.0
0312265077,1,2.0
0312266944,1,1.0
0312267290,1,5.0
0312267584,1,5.0
0312269099,1,5.0
0312269463,1,3.0
0312270178,2,4.5
0312270267,1,5.0
0312270798,1,4.0
0312271204,1,4.0
0312271417,1,4.0
0312271808,2,4.0
0312272057,1,5.0
0312272227,1,1.0
0312272618,1,4.0
0312273053,1,5.0
0312273193,3,4.67
0312274742,1,5.0
0312275188,3,4.67
0312275390,1,5.0
0312275420,1,4.0
0312277016,1,5.0
0312277105,1,3.0
031227730X,1,5.0
0312278446,1,5.0
0312278594,1,5.0
0312280033,1,5.0
0312280750,2,2.0
0312280777,1,5.0
0312281730,1,5.0
0312281943,2,4.5
0312282036,1,5.0
0312282311,1,5.0
0312282567,1,4.0
0312282664,1,5.0
0312282761,2,5.0
0312282826,1,3.0
0312282990,5,4.4
0312283121,3,4.67
0312283229,1,5.0
031228327X,1,3.0
0312283571,1,3.0
0312283628,1,5.0
0312283652,1,4.0
0312283709,1,4.0
0312283784,1,5.0
0312283792,1,4.0
031228425X,1,5.0
0312284314,1,5.0
0312284446,1,5.0
0312284667,1,4.0
0312284853,1,4.0
0312284934,1,5.0
0312285485,2,5.0
031228683X,1,4.0
0312286988,1,2.0
0312287097,1,3.0
0312287348,1,2.0
0312287690,1,3.0
0312287712,1,4.0
0312287771,1,5.0
0312288077,1,5.0
0312288123,1,5.0
0312288220,1,5.0
0312288352,1,4.0
0312288573,1,2.0
0312288611,3,4.67
0312288646,1,5.0
0312288948,1,2.0
0312288972,1,3.0
0312289723,2,2.5
0312290578,1,5.0
0312290608,2,1.5
0312291051,1,4.0
0312291191,2,3.0
031229123X,1,5.0
031229137X,1,5.0
0312291450,4,4.75
0312291639,2,5.0
0312291647,1,2.0
0312293194,1,4.0
0312295111,1,5.0
0312295278,1,4.0
0312300867,1,4.0
0312300913,1,4.0
0312300964,1,5.0
0312301146,2,5.0
031230143X,1,5.0
0312301588,1,5.0
0312301928,2,3.5
0312301995,1,5.0
031230238X,1,4.0
0312302541,1,5.0
0312302584,2,5.0
0312302592,1,3.0
031230269X,1,2.0
0312302762,2,3.5
0312302800,1,5.0
0312302819,1,5.0
0312302894,1,2.0
0312302967,1,5.0
0312303017,1,5.0
0312303033,1,5.0
0312303076,1,4.0
0312303254,1,4.0
0312303351,1,5.0
0312303408,1,2.0
031230367X,1,2.0
0312304064,1,5.0
031230417X,1,1.0
0312304188,1,5.0
0312304269,1,4.0
0312304366,1,3.0
0312304439,3,4.67
031230448X,5,3.6
0312305281,1,4.0
0312305303,1,4.0
0312305354,1,5.0
0312306113,1,5.0
031230613X,1,4.0
0312306172,1,5.0
0312306199,1,5.0
0312306237,1,5.0
0312306245,1,4.0
0312306261,24,4.12
0312306288,1,5.0
0312306407,1,5.0
0312306792,1,4.0
0312306830,2,4.5
031230689X,1,5.0
0312306962,1,5.0
0312307357,1,5.0
0312308132,1,4.0
0312308639,1,5.0
0312308922,2,4.0
0312309112,2,3.0
0312309155,1,5.0
0312309287,1,5.0
0312309325,1,5.0
031230935X,3,4.67
0312309376,1,5.0
0312309384,2,5.0
0312309821,1,5.0
0312309848,1,5.0
0312309899,1,5.0
031231048X,1,5.0
0312310846,2,4.5
0312311044,1,5.0
0312311109,1,5.0
0312311354,1,5.0
0312311508,2,4.5
0312311737,1,5.0
0312312601,5,4.2
0312313047,1,3.0
0312313128,1,1.0
0312313144,1,5.0
0312313225,1,4.0
0312313640,1,3.0
0312313675,1,5.0
0312313810,1,3.0
0312313829,1,5.0
0312313918,1,4.0
0312314183,1,4.0
0312314302,1,5.0
0312314523,1,5.0
0312315023,2,5.0
031231521X,3,4.33
0312315244,1,5.0
0312315600,1,3.0
0312315716,3,2.67
0312315732,1,5.0
0312315783,1,5.0
0312315945,4,3.75
0312316089,1,2.0
0312316224,1,4.0
0312316259,2,4.0
0312316283,1,1.0
0312316364,1,4.0
0312316801,5,3.2
0312316836,1,4.0
0312316860,1,5.0
0312316933,1,5.0
0312317611,2,4.0
0312317719,1,5.0
0312318103,2,4.5
0312318251,1,5.0
0312318324,1,4.0
0312318405,2,3.5
0312318871,1,5.0
031231891X,1,5.0
0312319002,1,4.0
0312319061,1,5.0
0312319169,1,4.0
0312319320,1,5.0
031231938X,1,4.0
0312319444,1,2.0
0312319517,2,5.0
0312319533,1,5.0
0312319738,1,3.0
0312319754,1,5.0
0312320213,1,5.0
0312320248,1,5.0
0312320272,1,5.0
0312320299,2,5.0
0312320302,4,4.0
0312320647,4,4.25
0312320779,1,4.0
0312320906,3,3.33
0312321155,1,5.0
031232118X,1,5.0
0312321198,3,5.0
0312321597,1,5.0
0312321635,1,4.0
0312322186,1,5.0
0312322216,5,4.6
0312322224,2,4.5
0312322321,2,5.0
0312322496,1,4.0
0312322968,1,3.0
031232362X,1,5.0
0312323859,7,5.0
0312323921,1,4.0
0312323999,1,4.0
0312324081,3,5.0
0312324138,1,5.0
0312324219,1,5.0
0312324235,3,4.33
0312324316,1,5.0
0312324669,1,1.0
031232474X,2,4.0
0312325274,1,5.0
0312325630,2,3.5
0312325940,1,1.0
0312326092,1,5.0
031232619X,2,5.0
0312326440,15,4.73
0312326742,1,5.0
0312326971,1,2.0
0312326998,1,2.0
0312327005,3,4.67
0312327102,1,3.0
0312327188,1,5.0
0312327757,1,5.0
0312327773,3,4.67
0312327943,1,5.0
031232801X,1,3.0
0312328028,1,2.0
0312328079,1,5.0
031232829X,1,5.0
0312328346,1,5.0
0312328494,1,1.0
0312328575,1,4.0
0312328796,3,5.0
0312329032,1,5.0
0312329199,1,5.0
0312329296,1,2.0
0312329318,1,5.0
0312329385,4,4.75
0312329490,1,4.0
0312329644,1,1.0
0312329938,1,5.0
0312330154,3,5.0
0312330235,1,5.0
031233043X,2,4.0
0312330529,3,4.67
031233057X,1,5.0
0312330804,1,4.0
0312330987,1,4.0
0312331037,1,5.0
0312331061,1,3.0
0312331215,1,5.0
0312331460,4,3.75
0312331770,2,3.5
0312331916,2,5.0
0312332068,3,4.33
0312332181,1,5.0
0312332211,2,5.0
0312332343,1,5.0
0312332459,1,5.0
0312332521,1,5.0
0312332629,2,5.0
0312332645,1,2.0
0312333013,1,5.0
0312333080,1,5.0
0312333110,1,2.0
0312333307,1,4.0
0312333609,1,2.0
0312333927,2,3.0
0312334176,1,4.0
0312334230,3,4.33
0312334354,1,4.0
0312334486,1,4.0
0312334613,1,4.0
0312334850,2,4.0
031233513X,1,2.0
0312335539,1,4.0
0312335555,1,4.0
0312335563,1,5.0
0312335679,1,4.0
0312335687,1,3.0
0312335695,1,1.0
0312335776,3,5.0
0312335814,4,3.25
0312336187,1,5.0
0312336225,6,4.83
0312336462,1,5.0
0312336578,1,5.0
0312336608,2,4.5
0312336810,1,5.0
0312336853,11,3.55
0312336926,1,3.0
0312337035,1,5.0
031233706X,5,4.6
031233723X,1,5.0
0312337329,1,4.0
0312337361,1,5.0
0312337396,1,4.0
0312337485,1,5.0
0312337787,1,5.0
0312337825,1,2.0
0312337868,1,5.0
0312338031,2,2.5
0312338058,4,5.0
031233818X,1,5.0
0312338325,1,5.0
0312339135,1,4.0
0312339194,2,5.0
0312339631,1,5.0
0312339739,1,5.0
0312339798,5,5.0
0312339860,2,5.0
0312339879,1,5.0
0312339925,1,5.0
031233995X,1,5.0
0312340192,2,4.5
0312340281,1,5.0
0312340508,1,1.0
0312340788,2,4.5
0312340885,1,5.0
0312341156,1,3.0
0312341350,1,4.0
0312341946,1,2.0
0312342144,1,2.0
0312342179,1,4.0
0312342519,2,4.5
0312342721,1,5.0
0312342985,14,4.86
0312343337,3,5.0
0312346344,1,5.0
0312347308,3,3.67
0312352050,3,2.33
0312352743,2,3.0
0312354991,1,4.0
0312355033,1,5.0
0312381859,1,4.0
0312396988,1,4.0
0312400047,1,5.0
031240249X,1,5.0
0312406851,1,5.0
0312412622,1,5.0
0312420234,1,5.0
0312421230,1,3.0
0312421265,1,2.0
0312421273,2,3.5
0312421710,1,4.0
0312421958,2,4.0
0312422156,7,4.0
0312422180,1,3.0
0312422199,2,3.0
031242227X,7,4.29
0312422288,3,4.0
0312422520,2,3.5
0312422571,1,5.0
0312423055,1,5.0
0312423268,2,4.5
0312423586,1,5.0
031242373X,1,5.0
0312423799,3,4.67
0312424094,6,3.33
0312424124,1,5.0
0312424183,3,3.67
0312424582,2,4.5
0312424620,1,5.0
0312424671,1,5.0
0312483716,1,4.0
031249047X,1,5.0
0312491506,3,4.33
0312491840,1,5.0
0312493886,1,5.0
0312582293,1,4.0
0312687974,1,5.0
0312696574,1,4.0
0312722753,1,5.0
0312774842,1,5.0
0312807473,1,3.0
0312850093,2,4.0
0312853025,1,5.0
0312853165,1,5.0
0312853378,1,5.0
0312854285,1,1.0
0312856334,1,5.0
0312857489,1,4.0
0312857586,15,4.07
0312858000,1,3.0
0312858442,1,3.0
0312860951,2,3.0
0312861400,1,3.0
0312862172,1,5.0
0312862199,1,5.0
0312862202,2,3.0
0312863071,1,5.0
0312863543,1,5.0
0312863942,1,4.0
0312864035,1,5.0
0312864213,2,4.5
0312864590,1,2.0
0312864728,1,3.0
0312864744,1,3.0
031286504X,6,4.83
0312865252,1,5.0
0312868480,1,5.0
0312868553,1,5.0
0312868855,2,3.5
0312869290,1,1.0
0312869495,1,4.0
0312870361,1,5.0
0312870469,1,4.0
031287202X,1,5.0
0312873077,1,4.0
0312873115,1,4.0
0312873646,1,5.0
0312874251,1,5.0
0312875150,1,5.0
0312875290,1,5.0
0312875444,1,5.0
0312878095,1,4.0
0312878370,2,3.5
0312878621,2,5.0
0312879237,1,5.0
0312890001,1,1.0
0312890028,1,3.0
0312890176,3,3.67
0312890184,1,5.0
0312890206,1,5.0
0312913850,1,5.0
0312916108,1,5.0
0312924585,1,5.0
0312924801,1,5.0
0312925883,1,4.0
0312926022,2,2.5
0312928017,1,5.0
0312929773,1,4.0
0312929870,2,2.5
0312930445,1,5.0
0312931158,1,5.0
0312932456,1,4.0
0312932979,1,4.0
0312934106,1,5.0
0312934300,1,5.0
0312934327,7,3.71
0312934793,1,5.0
0312935080,1,5.0
031293615X,1,3.0
0312936222,8,4.75
0312936958,1,3.0
0312937652,1,4.0
0312941072,1,4.0
0312941102,1,3.0
0312950446,2,4.0
0312950837,1,1.0
0312953984,1,3.0
0312955421,1,4.0
0312956738,2,4.5
0312956894,1,2.0
0312957572,1,3.0
0312958153,1,5.0
0312958781,1,4.0
0312959230,1,4.0
0312960875,1,3.0
0312960891,1,5.0
0312960999,1,1.0
0312961731,1,4.0
0312962258,1,4.0
0312962576,1,4.0
0312963270,1,5.0
0312963297,1,4.0
0312963408,1,5.0
0312963599,1,1.0
0312965338,3,4.33
0312965680,1,5.0
0312965966,2,2.5
0312966024,1,4.0
0312966091,1,4.0
0312966199,1,5.0
0312966482,1,5.0
0312966717,1,1.0
0312966970,2,4.5
0312968191,1,5.0
0312968205,1,3.0
0312968892,1,3.0
0312969414,1,4.0
0312970005,1,1.0
0312970129,1,3.0
0312970633,3,4.0
0312971346,1,5.0
0312974256,2,5.0
0312975066,1,5.0
0312975570,1,5.0
0312975740,1,5.0
0312975856,1,4.0
0312976305,1,5.0
0312977042,1,5.0
0312977670,1,2.0
0312977689,1,3.0
0312978383,1,5.0
0312978863,1,1.0
0312978928,1,5.0
0312979096,1,5.0
0312979231,1,4.0
0312979479,2,4.0
0312979649,1,5.0
0312979975,4,4.75
0312979983,3,5.0
0312980043,1,4.0
0312980086,1,4.0
0312980124,2,4.5
0312980140,1,4.0
0312980159,1,3.0
0312980175,1,1.0
0312980191,1,3.0
0312980264,2,1.5
0312980329,1,1.0
0312980388,1,4.0
0312981260,1,2.0
0312981309,1,5.0
0312981546,1,3.0
0312982143,1,5.0
0312982240,1,3.0
0312982526,1,5.0
0312982593,1,4.0
0312982623,1,3.0
0312982631,1,4.0
0312983271,1,4.0
0312983301,1,4.0
0312983395,1,4.0
0312983603,1,2.0
0312983743,1,5.0
0312983778,1,5.0
0312983786,1,3.0
0312983867,3,3.67
0312983875,1,3.0
0312984235,1,5.0
0312984243,1,4.0
0312984618,1,4.0
0312984626,1,5.0
0312984685,1,3.0
0312984839,1,5.0
0312984936,1,5.0
0312984979,1,5.0
0312985231,1,5.0
0312985649,1,5.0
0312985940,2,4.5
031298605X,1,5.0
0312986092,1,1.0
0312986319,1,5.0
031298636X,1,4.0
031298667X,1,5.0
0312986769,1,3.0
0312986777,2,4.0
0312986785,1,4.0
0312987625,1,3.0
0312987854,1,5.0
0312988249,1,5.0
0312988257,1,5.0
0312989423,1,5.0
0312989474,1,5.0
0312989768,1,5.0
0312989873,1,4.0
0312989989,2,5.0
0312990278,1,5.0
0312990456,2,5.0
0312990871,3,3.67
0312991347,4,4.5
0312991355,1,4.0
0312991363,1,5.0
031299138X,1,1.0
0312991460,2,5.0
0312992289,1,1.0
0312992319,1,4.0
0312992327,2,2.5
0312992335,6,4.5
0312992416,1,5.0
0312992424,3,4.33
0312992432,3,5.0
0312992564,1,4.0
0312992823,1,5.0
031299284X,2,4.0
0312993099,1,5.0
0312994036,2,4.0
0312995156,1,4.0
0312995377,1,4.0
0312995423,3,4.33
031299544X,1,5.0
0312995857,1,1.0
0312996195,2,3.0
0312996764,1,4.0
0312997159,1,5.0
0312997175,1,4.0
0312997191,1,5.0
0312997272,1,4.0
0312998031,1,5.0
0312998538,1,5.0
0312998562,1,5.0
0312999712,2,4.5
0313247501,1,4.0
0313299617,1,5.0
0313325863,1,1.0
0313326940,1,5.0
0313330573,1,3.0
0313332150,1,4.0
031333305X,2,4.5
0314152733,1,5.0
0314152865,1,2.0
0314153292,1,5.0
0314160183,2,5.0
0314161287,1,5.0
0314232362,1,5.0
0314253939,1,5.0
0314257918,1,5.0
0314258205,1,2.0
0314258590,1,5.0
0314261435,1,4.0
031426180X,2,5.0
0314263578,1,5.0
0314567682,1,5.0
0314930000,1,5.0
031600023X,2,4.5
0316000647,1,1.0
0316001015,1,5.0
0316004138,1,2.0
0316009989,7,4.29
0316010456,1,5.0
0316010790,1,5.0
0316010812,1,5.0
0316010928,1,5.0
0316011770,83,3.63
0316039179,1,3.0
0316051098,1,5.0
0316057339,1,5.0
0316057851,8,4.38
0316058432,1,5.0
0316071676,1,5.0
0316071706,1,5.0
0316073024,2,5.0
0316073032,1,5.0
0316088668,1,5.0
0316091243,1,2.0
0316093440,1,5.0
0316095567,1,2.0
0316095656,2,4.5
0316099066,7,4.71
0316102849,1,5.0
0316102873,1,5.0
0316105996,1,5.0
031610910X,1,4.0
031610969X,3,4.67
0316110280,1,5.0
0316110353,1,5.0
0316120693,2,5.0
0316127981,1,5.0
0316132128,1,5.0
0316135089,1,5.0
0316143464,5,2.6
031615556X,2,4.5
0316155705,2,5.0
0316156108,7,4.71
0316156264,2,5.0
031615881X,1,5.0
0316159182,1,5.0
0316159352,1,2.0
0316159360,1,4.0
0316159379,1,4.0
0316159417,2,5.0
0316159727,2,5.0
0316159948,1,5.0
0316160172,2,5.0
0316160695,1,5.0
0316168815,2,3.0
0316172294,1,5.0
0316172324,28,3.32
0316177652,1,5.0
0316233196,1,4.0
0316234753,1,5.0
0316236551,1,5.0
0316284955,1,5.0
0316286168,2,5.0
0316286850,1,5.0
0316294527,1,4.0
0316328197,1,3.0
0316328499,1,5.0
0316330116,1,4.0
0316341517,1,5.0
0316346624,26,3.65
0316353167,1,5.0
0316353299,1,5.0
0316355569,1,5.0
0316358142,1,5.0
0316358312,1,5.0
0316358339,1,5.0
0316358371,1,5.0
0316359408,1,5.0
0316359424,2,4.5
0316359440,1,5.0
0316377945,1,5.0
0316432385,1,5.0
0316441791,2,5.0
0316479977,1,1.0
0316488399,1,5.0
0316496618,1,5.0
0316511390,1,5.0
0316516716,1,5.0
0316519332,1,5.0
0316525057,1,5.0
0316545031,1,5.0
0316545562,2,3.0
0316553409,1,5.0
0316554553,2,4.5
0316557161,1,5.0
0316578398,5,4.8
0316584789,1,4.0
0316592366,2,5.0
0316600806,5,4.4
0316601012,1,4.0
0316603953,1,5.0
0316604429,1,4.0
0316605964,1,5.0
0316606081,1,5.0
0316606847,1,5.0
0316608211,1,5.0
0316608513,1,5.0
0316610003,3,5.0
0316614564,1,1.0
0316666033,1,5.0
0316666343,2,3.0
0316692123,1,5.0
0316693243,1,3.0
0316702056,1,3.0
0316702706,2,4.5
0316710571,1,5.0
0316710598,3,1.67
0316710601,7,4.43
0316710628,7,2.71
0316710709,1,5.0
0316732214,1,5.0
0316733695,1,5.0
0316734519,1,2.0
0316734934,1,5.0
0316734942,11,4.18
0316735027,1,3.0
0316735485,1,2.0
0316735493,1,5.0
0316735507,3,5.0
0316735647,1,1.0
0316735671,1,4.0
0316735698,2,5.0
0316735922,1,1.0
0316735930,1,2.0
0316736465,1,3.0
0316737844,1,5.0
0316738093,1,3.0
0316738220,1,5.0
0316738239,2,4.0
0316738263,2,4.5
0316738573,1,2.0
0316738964,1,5.0
0316739081,1,5.0
0316739111,1,5.0
0316739928,1,5.0
0316740403,6,3.33
0316741116,1,4.0
0316743003,1,4.0
0316745464,2,5.0
0316746711,1,5.0
0316761133,1,5.0
0316763810,1,5.0
0316769487,8,4.62
0316769495,1,5.0
0316769509,1,5.0
0316776963,1,5.0
0316777153,1,5.0
0316777498,1,5.0
0316777730,2,3.0
0316778001,4,5.0
0316778508,1,2.0
0316779032,1,5.0
0316779075,3,3.67
0316779148,2,5.0
0316779237,2,5.0
0316779245,2,5.0
0316779423,2,2.0
0316780375,1,3.0
0316787086,1,5.0
0316788287,1,5.0
0316789674,1,5.0
0316789844,1,5.0
0316796883,2,5.0
0316806315,1,5.0
0316811874,1,2.0
0316812552,1,5.0
0316816795,1,5.0
0316817333,1,2.0
0316817457,1,5.0
0316822566,1,5.0
0316829455,3,5.0
0316845132,1,5.0
0316845183,1,5.0
0316871125,1,5.0
0316880655,2,4.5
0316897469,1,4.0
0316903353,1,4.0
0316905747,1,5.0
0316908452,3,2.33
0316909726,1,5.0
0316917303,1,5.0
0316919160,1,5.0
0316926051,2,4.5
0316926302,1,4.0
0316930911,1,1.0
0316940062,1,5.0
0316940089,1,4.0
0316948551,1,5.0
0316952664,1,5.0
0316954411,1,5.0
0316954993,1,5.0
0316955108,1,5.0
0316955124,1,3.0
0316955175,1,5.0
0316987921,1,5.0
0316988944,1,5.0
0316990426,1,4.0
0317530011,1,5.0
0318021447,1,5.0
0321011473,1,4.0
0321025865,1,5.0
0321036638,1,5.0
0321050312,1,2.0
0321079167,1,5.0
0321079922,1,5.0
0321080874,1,5.0
0321087976,1,5.0
0321095170,1,5.0
0321103505,1,5.0
0321112040,1,5.0
0321112059,1,1.0
0321112296,1,5.0
0321112555,1,4.0
0321112717,1,5.0
0321113519,1,5.0
0321113551,1,5.0
0321113586,2,3.5
032111549X,1,4.0
0321115627,1,4.0
0321116208,1,3.0
0321117956,1,5.0
0321118898,1,5.0
032112183X,1,5.0
0321123972,1,5.0
0321123980,1,1.0
0321125169,1,5.0
0321127110,1,5.0
0321127307,2,5.0
0321127315,1,5.0
0321127420,1,5.0
0321130006,1,5.0
0321130073,1,5.0
0321150783,1,5.0
0321154894,2,5.0
0321154916,1,4.0
0321154967,1,5.0
0321160770,1,1.0
0321162234,1,5.0
0321166809,1,4.0
0321168917,4,2.75
0321169514,1,2.0
0321172388,1,5.0
0321180615,1,5.0
0321180623,1,3.0
0321180860,1,5.0
0321186125,1,3.0
0321186486,3,5.0
0321193121,2,4.0
0321193687,1,4.0
032119375X,1,4.0
0321193776,2,5.0
0321193806,3,5.0
0321193857,4,5.0
0321197259,1,2.0
0321197844,1,5.0
0321199561,1,2.0
0321199596,1,1.0
0321200497,1,4.0
032120297X,1,3.0
0321202988,1,4.0
0321203038,1,5.0
0321205677,1,4.0
0321205685,2,5.0
0321210255,1,5.0
0321213149,4,5.0
0321213394,1,3.0
0321213408,3,3.33
0321213416,1,1.0
0321213440,2,3.5
0321213521,1,4.0
0321219198,2,5.0
0321220528,1,5.0
0321220544,1,5.0
0321223659,2,3.0
0321223667,1,4.0
0321223675,1,5.0
0321227220,1,4.0
0321227255,1,5.0
0321227360,1,5.0
0321227999,5,4.4
0321228103,1,2.0
0321228359,1,5.0
0321228472,1,4.0
0321238346,1,2.0
0321241576,2,3.5
0321242521,1,5.0
0321243331,1,2.0
0321245652,1,5.0
0321245660,2,4.0
0321245784,2,4.5
0321245830,1,1.0
0321246780,1,5.0
0321246969,1,5.0
0321247124,1,5.0
0321247140,1,5.0
0321255666,1,5.0
0321256077,2,5.0
032125614X,2,4.0
0321257278,1,5.0
0321257804,1,5.0
0321262506,2,5.0
0321267222,1,5.0
0321267230,1,5.0
0321267907,1,2.0
0321268172,2,5.0
0321268199,2,2.0
0321268288,1,5.0
0321268458,2,3.0
0321269055,12,4.42
0321269101,1,3.0
0321269136,1,2.0
0321269373,1,5.0
0321270797,1,5.0
032127640X,1,5.0
0321278356,2,2.5
0321278496,1,1.0
0321278534,1,5.0
032127878X,4,5.0
0321278917,1,4.0
0321287827,1,1.0
0321287851,1,4.0
0321290542,1,5.0
0321290968,1,4.0
0321293924,1,5.0
0321293983,2,5.0
0321293991,2,5.0
0321294009,2,4.5
0321294475,1,5.0
032130330X,1,4.0
032130344X,1,3.0
0321303474,7,4.0
0321304292,1,5.0
0321304543,2,3.0
0321304594,2,4.5
0321304772,1,5.0
0321305256,3,4.67
0321305264,1,5.0
0321306147,2,5.0
0321316207,2,3.5
0321316886,1,3.0
0321321146,4,3.0
0321321235,1,4.0
0321321782,2,2.5
0321321839,1,5.0
0321321847,3,5.0
0321321898,2,5.0
0321321928,1,5.0
0321330110,2,4.5
0321330188,1,4.0
0321330196,1,5.0
0321330307,1,5.0
0321330625,17,4.53
0321331702,7,2.57
0321334094,13,4.85
0321334132,1,4.0
0321334280,1,5.0
0321334876,1,1.0
0321335341,2,4.0
0321335376,1,5.0
0321335414,2,4.5
0321335422,1,5.0
0321335902,1,4.0
0321336550,1,4.0
0321336569,1,1.0
0321336747,3,1.67
0321346939,8,4.62
0321348109,1,5.0
0321350251,1,5.0
032135026X,1,3.0
0321356403,2,5.0
032135673X,2,4.0
0321356780,3,5.0
0321357469,1,5.0
0323001505,1,3.0
0323007562,1,5.0
0323007848,1,2.0
0323011276,1,5.0
0323011985,1,5.0
0323014380,1,5.0
0323016049,1,2.0
0323016227,1,5.0
0323017029,1,5.0
0323017223,1,3.0
032301738X,1,2.0
0323017452,1,5.0
0323019102,1,5.0
0323022316,1,3.0
032302310X,2,3.0
0323023894,1,5.0
0323023932,1,5.0
0323023975,1,3.0
0323024033,1,4.0
0323024092,1,5.0
0323025331,1,1.0
032302551X,1,3.0
0323025862,1,2.0
0323029175,1,5.0
0323030009,1,3.0
0323033539,1,5.0
0323033954,1,5.0
0323034160,1,5.0
0323034446,1,5.0
0324068573,1,1.0
0324110790,1,3.0
0324171897,1,5.0
0324174616,1,1.0
0324178824,1,5.0
0324180675,1,5.0
0324184050,1,5.0
0324187149,1,5.0
0324187181,1,5.0
0324200005,1,4.0
032420082X,1,3.0
0324203977,1,4.0
0324258720,1,4.0
0324260393,1,1.0
0324288999,1,4.0
0325001359,1,4.0
0325003106,1,4.0
0325005435,1,2.0
0325005907,1,5.0
0325006717,1,3.0
0325007829,1,5.0
0325007861,1,5.0
0325070768,1,5.0
0330241699,1,2.0
0330305026,1,5.0
0330331590,1,5.0
0330342673,1,5.0
0330391356,1,4.0
0330396633,1,5.0
0330480650,1,4.0
0330481673,1,4.0
0330482203,1,1.0
0330483285,1,3.0
0330484508,1,5.0
0330488813,1,5.0
033049032X,1,5.0
0333516516,1,5.0
0333558812,1,3.0
0333710932,1,5.0
0333735420,1,5.0
033377499X,1,1.0
0333781511,1,5.0
0333900936,1,5.0
0333945050,1,3.0
0333947312,1,5.0
0333949293,1,5.0
0333950798,1,1.0
0334027403,1,5.0
033402840X,1,5.0
0334029147,1,5.0
033520290X,1,4.0
0340157011,1,5.0
034016784X,1,5.0
0340409126,1,4.0
0340581247,1,5.0
0340597704,1,4.0
0340625287,1,4.0
034066049X,1,5.0
0340672099,1,5.0
0340690011,1,4.0
0340708646,1,3.0
0340739142,1,4.0
0340746629,1,5.0
0340764236,1,5.0
0340767723,1,5.0
0340770155,1,1.0
034077035X,1,5.0
0340806907,1,5.0
0340809760,1,5.0
0340816325,1,5.0
0340820748,1,1.0
034082400X,1,5.0
0340826258,1,1.0
034083028X,1,5.0
0340887036,1,1.0
034502513X,1,4.0
034525001X,1,5.0
0345260120,1,3.0
0345278941,1,5.0
0345285549,1,5.0
0345295234,1,5.0
0345298349,1,5.0
0345301110,1,5.0
0345304314,1,5.0
0345308042,1,4.0
0345308255,1,5.0
0345310160,1,5.0
0345311485,1,5.0
0345311809,1,4.0
034531252X,1,5.0
0345314255,1,5.0
0345314603,1,5.0
0345323580,1,4.0
0345326490,1,5.0
0345327349,1,5.0
0345327411,1,5.0
0345328671,1,4.0
0345328698,1,3.0
0345330994,1,4.0
0345331001,1,5.0
0345333322,2,2.5
0345335686,1,4.0
0345337042,1,5.0
0345337050,1,4.0
0345337069,1,4.0
0345337662,2,3.5
0345338545,1,5.0
0345339258,1,5.0
0345341848,1,4.0
0345342763,1,5.0
0345342968,3,4.33
0345345037,1,5.0
0345345061,1,5.0
0345345886,1,5.0
0345345940,1,5.0
0345347730,1,5.0
0345348036,1,5.0
0345348109,2,5.0
0345348656,3,2.0
0345350804,1,5.0
0345352912,1,5.0
0345353129,1,5.0
0345353145,1,3.0
0345353749,1,5.0
0345353943,1,5.0
0345356748,1,3.0
0345357116,1,5.0
034535866X,1,5.0
0345359372,1,1.0
0345361792,3,3.67
0345362276,1,4.0
034536239X,2,5.0
0345362799,1,5.0
0345363582,1,5.0
0345365917,1,5.0
0345366239,3,3.33
0345368754,2,2.5
0345371135,1,3.0
0345371976,1,5.0
0345372794,1,5.0
0345373421,1,5.0
0345373537,1,5.0
0345374657,2,3.0
0345375157,1,2.0
0345375211,1,5.0
0345377966,1,5.0
0345379012,1,4.0
0345379063,2,4.5
0345379829,1,5.0
0345382846,1,5.0
0345384229,1,5.0
0345384385,1,3.0
0345384563,2,4.5
034538623X,1,5.0
0345386825,1,3.0
0345386892,1,5.0
0345388526,1,5.0
0345389417,1,5.0
0345391241,1,5.0
0345391608,1,5.0
0345391691,1,5.0
0345391802,5,4.4
0345391810,2,5.0
0345391829,1,4.0
0345392825,1,5.0
0345395301,1,5.0
0345395662,2,3.5
0345397266,1,5.0
034539769X,1,5.0
0345397819,1,2.0
0345400046,1,5.0
0345402405,1,4.0
0345404335,1,2.0
0345404483,1,5.0
0345404777,1,5.0
0345405013,1,5.0
0345405617,1,3.0
0345405633,1,4.0
0345405668,2,3.0
0345405730,1,5.0
0345406044,1,4.0
0345406222,1,4.0
0345406230,1,4.0
0345409388,1,4.0
0345409469,3,4.67
0345409817,1,4.0
0345409876,1,5.0
0345409906,1,5.0
0345410025,2,4.0
0345410033,1,4.0
034541005X,1,5.0
0345410122,2,5.0
0345410432,1,5.0
0345412087,1,3.0
0345412354,1,4.0
0345413830,1,5.0
0345413873,1,5.0
0345414365,1,5.0
0345416260,1,2.0
0345416597,1,5.0
0345416899,3,3.67
0345417623,2,4.0
0345418018,1,2.0
0345418913,1,3.0
0345419677,1,3.0
0345419987,1,4.0
034542039X,1,2.0
0345421094,1,5.0
0345421558,1,5.0
0345422473,1,4.0
0345422570,1,5.0
0345422805,1,4.0
0345423135,1,4.0
0345423402,2,4.5
0345423429,2,4.0
0345423615,1,5.0
0345423631,2,3.5
0345423658,1,5.0
0345424476,1,4.0
034542462X,1,3.0
0345424719,1,3.0
034542526X,1,3.0
0345425278,1,3.0
0345425707,1,4.0
0345425871,1,4.0
0345426029,1,1.0
0345426053,1,5.0
0345426061,1,5.0
0345426274,1,4.0
034542705X,1,5.0
034542753X,2,5.0
0345427580,1,5.0
0345428285,1,4.0
0345428307,1,4.0
0345428544,1,5.0
0345428560,1,5.0
0345428838,19,4.42
0345428897,1,4.0
0345429036,1,4.0
0345429206,3,4.0
0345430220,1,4.0
0345430239,1,3.0
0345430247,1,3.0
0345430352,2,4.5
0345430379,1,5.0
0345430786,1,3.0
0345430808,1,1.0
0345431286,1,5.0
0345431359,3,5.0
0345431383,1,5.0
0345432657,1,4.0
0345433319,1,5.0
0345433726,1,5.0
0345433742,1,5.0
0345434110,2,4.0
0345434471,1,5.0
0345434498,2,4.5
0345434587,1,4.0
0345434765,1,1.0
0345434854,2,5.0
0345434900,1,5.0
0345435168,1,4.0
0345435176,1,5.0
0345435400,2,4.0
0345435737,1,5.0
0345435745,2,5.0
0345435915,1,4.0
0345435923,1,4.0
034543739X,1,1.0
0345437969,3,4.0
0345438310,1,5.0
0345438566,1,5.0
0345439104,1,5.0
0345439171,1,5.0
0345439813,1,5.0
0345439945,1,5.0
0345440331,1,2.0
034544034X,1,3.0
0345440463,1,5.0
0345440706,1,5.0
0345440897,1,5.0
0345440900,4,3.75
034544096X,1,5.0
0345441249,8,4.0
0345441400,2,5.0
0345441419,1,4.0
0345441788,1,5.0
0345442113,1,4.0
0345442121,1,5.0
034544227X,1,2.0
034544230X,2,5.0
0345442725,1,5.0
0345442822,3,4.33
0345442865,1,5.0
0345442970,1,3.0
0345443276,1,1.0
0345443403,1,4.0
0345443578,25,3.32
0345443594,2,4.5
0345443683,2,3.5
0345443691,1,2.0
0345443713,1,4.0
0345443721,1,4.0
034544373X,1,5.0
0345444388,2,4.5
0345445694,1,5.0
0345445872,2,5.0
0345446593,1,3.0
0345446666,1,5.0
034544678X,6,5.0
0345446798,2,5.0
0345446860,1,3.0
0345446992,1,2.0
0345447549,2,5.0
0345447581,2,4.0
034544759X,1,3.0
0345447867,1,5.0
034544826X,1,4.0
0345448936,1,5.0
0345448944,1,1.0
0345449126,1,5.0
0345449169,1,5.0
0345449347,1,2.0
0345449762,1,5.0
0345449975,1,5.0
0345450000,1,5.0
0345450051,1,5.0
0345450124,1,5.0
0345450191,6,2.83
0345450264,1,5.0
0345450299,1,1.0
034545040X,1,4.0
0345450698,1,4.0
0345450892,1,2.0
0345451104,1,2.0
0345451325,2,4.5
0345451872,1,3.0
0345452003,1,5.0
0345452038,1,2.0
034545250X,4,3.75
0345452569,1,5.0
0345452593,1,4.0
0345453301,1,5.0
0345453395,1,3.0
0345453425,1,5.0
0345453441,3,3.67
034545345X,8,2.88
0345453743,4,4.75
0345453794,1,5.0
0345453832,2,2.0
0345453840,3,3.67
034545409X,1,5.0
0345455282,2,4.0
0345455428,2,5.0
0345455738,1,5.0
0345455746,1,5.0
0345456068,1,1.0
0345456092,2,5.0
0345456297,1,3.0
0345456319,1,5.0
0345456327,1,5.0
0345456351,2,4.5
0345456564,1,5.0
0345457110,1,5.0
0345457129,8,3.88
0345457234,1,4.0
0345457242,9,4.89
0345457609,1,4.0
0345457684,7,4.57
0345457714,5,3.8
0345457749,8,4.0
0345457854,1,2.0
0345457889,1,5.0
0345458354,1,5.0
0345458397,1,3.0
034545846X,7,3.0
0345458923,1,5.0
0345458982,1,4.0
0345459148,1,1.0
0345459164,1,2.0
0345459180,1,3.0
034545930X,1,5.0
0345459407,4,4.5
0345459946,1,5.0
0345459954,1,5.0
0345460030,1,5.0
0345460057,2,3.0
0345460111,1,5.0
0345460529,2,3.0
0345460685,1,3.0
0345460693,1,5.0
0345460871,1,5.0
0345460944,1,3.0
0345460987,1,4.0
0345461142,1,1.0
0345461150,1,2.0
0345461215,2,4.0
0345461274,1,2.0
0345461347,3,5.0
0345461509,1,2.0
0345461525,1,5.0
0345461541,2,3.5
0345461622,1,5.0
034546169X,1,3.0
0345461738,2,2.5
0345461754,1,4.0
0345461827,1,3.0
0345461924,1,5.0
0345462009,1,2.0
0345462114,1,2.0
0345462351,1,4.0
0345462882,1,5.0
0345462904,1,5.0
034546303X,1,5.0
0345463048,2,3.5
0345463099,6,3.83
0345463269,1,4.0
0345463331,1,4.0
0345463447,2,4.5
0345463838,1,5.0
0345464028,3,3.0
0345464087,1,2.0
0345464621,1,5.0
0345464710,1,3.0
0345464729,1,5.0
0345464788,4,4.0
0345464796,2,5.0
0345464826,1,5.0
0345464869,8,5.0
0345465180,1,4.0
0345465202,1,3.0
0345465253,2,3.5
0345465296,1,5.0
0345465415,1,5.0
0345465466,1,5.0
0345465490,1,5.0
0345465547,1,5.0
0345465679,6,4.33
0345466128,1,5.0
0345466357,1,4.0
0345466616,1,3.0
0345466632,1,5.0
034546706X,5,3.8
0345467337,1,2.0
0345467515,1,5.0
0345467574,1,5.0
0345467779,1,5.0
0345467868,1,3.0
0345467930,6,3.17
0345467949,1,5.0
034546821X,1,3.0
034546849X,1,4.0
0345468570,1,2.0
0345468589,3,2.67
0345468597,2,4.0
034547015X,1,1.0
034547046X,1,3.0
0345470540,1,5.0
0345470826,2,5.0
0345470958,1,5.0
0345471202,1,4.0
0345471253,1,5.0
0345471806,1,5.0
0345472314,3,5.0
0345473043,2,5.0
0345475445,4,4.75
0345475674,1,4.0
0345475720,5,3.6
0345475755,1,5.0
0345475801,1,2.0
0345476077,1,5.0
0345476131,4,4.0
0345476255,8,3.62
0345476425,3,4.0
0345476581,2,5.0
0345476832,1,5.0
0345476972,1,5.0
0345477200,2,4.0
0345477219,6,3.83
0345477847,2,4.5
0345477855,1,5.0
0345477863,1,5.0
0345477871,2,5.0
0345477898,1,5.0
0345477936,2,5.0
0345478010,1,5.0
0345478061,8,4.5
0345478274,2,4.5
0345478843,1,1.0
0345479211,1,5.0
0345479351,1,5.0
0345479467,1,5.0
0345480090,3,4.67
0345480120,3,5.0
0345480902,1,5.0
0345481259,4,4.75
0345481720,1,5.0
0345482476,1,1.0
0345483375,1,2.0
0345483863,1,5.0
0345483871,1,5.0
0345484320,1,2.0
0345485939,1,1.0
0349100136,1,5.0
0349101752,1,5.0
0349107688,1,3.0
034911580X,1,5.0
0352335491,1,1.0
035233696X,1,4.0
0352337788,1,4.0
0352338008,1,5.0
0352339047,1,2.0
0352339926,1,5.0
0356102440,1,5.0
0370011015,1,5.0
0373029942,1,5.0
0373075367,1,5.0
0373079680,1,5.0
0373119615,1,5.0
0373122195,1,4.0
0373122713,1,4.0
0373123019,1,4.0
0373123647,1,5.0
0373123795,1,5.0
0373123914,1,3.0
0373124457,1,5.0
0373124554,1,5.0
0373165994,1,1.0
0373217331,1,4.0
0373218338,1,3.0
0373218575,2,4.0
0373218761,1,5.0
0373220065,1,3.0
0373226209,1,4.0
0373228279,1,5.0
0373230311,1,5.0
037323032X,1,5.0
0373230338,1,5.0
0373242816,1,5.0
0373244916,1,5.0
0373246293,1,5.0
0373246749,1,1.0
0373246978,1,5.0
0373250223,1,5.0
0373250290,1,5.0
0373250304,1,2.0
0373250371,1,2.0
037325038X,1,5.0
0373250452,1,4.0
0373250525,1,4.0
0373250592,1,4.0
0373250622,1,5.0
0373250630,1,2.0
0373250703,3,3.0
0373250711,1,4.0
037325072X,1,5.0
0373250746,2,4.0
0373250754,1,4.0
0373250762,1,4.0
0373250797,1,4.0
0373263856,1,5.0
0373271484,1,2.0
0373272812,1,4.0
0373273878,1,5.0
0373285124,1,4.0
0373285167,1,5.0
0373288638,1,3.0
0373290519,1,5.0
0373292120,1,5.0
0373292643,1,5.0
0373293461,1,2.0
037329350X,1,3.0
0373293615,1,5.0
037330112X,1,3.0
0373311850,1,4.0
0373388136,1,1.0
0373442084,1,5.0
0373484801,1,5.0
0373512120,1,4.0
0373513151,1,3.0
0373513194,1,2.0
0373513216,1,4.0
0373513224,1,4.0
0373513259,1,5.0
0373513356,1,3.0
0373513445,1,5.0
0373513496,1,5.0
0373513607,1,5.0
0373513674,1,3.0
0373612893,1,5.0
0373613563,1,5.0
0373619332,1,5.0
037361960X,1,5.0
0373625804,1,2.0
0373632479,1,3.0
0373632487,1,3.0
0373632495,1,4.0
0373632517,1,1.0
0373632525,1,1.0
0373632541,2,2.0
0373691521,1,5.0
0373691807,2,5.0
0373692285,1,5.0
0373704089,1,3.0
0373704585,1,3.0
0373705921,1,5.0
0373707363,1,3.0
0373707924,1,1.0
037370805X,1,2.0
0373708084,1,3.0
0373709692,1,4.0
0373710275,1,5.0
0373710402,1,5.0
0373710690,1,2.0
037371162X,1,3.0
0373712286,1,5.0
0373712553,1,1.0
0373712588,1,4.0
037371288X,1,5.0
0373712898,1,5.0
0373712936,1,5.0
0373720092,1,4.0
037376331X,1,4.0
0373765614,1,5.0
0373765673,1,5.0
037376572X,1,5.0
037376636X,1,5.0
0373766483,1,4.0
0373766645,1,5.0
0373770049,1,5.0
0373770073,1,1.0
0373770243,1,4.0
037377026X,3,5.0
0373770278,1,5.0
0373770294,3,4.33
0373770316,2,5.0
0373770340,1,4.0
0373770413,1,5.0
0373770456,1,5.0
0373770464,1,2.0
0373770553,1,5.0
037377057X,3,4.67
0373770588,2,5.0
037377060X,1,4.0
0373770642,1,4.0
0373785097,1,5.0
0373785127,1,5.0
0373785151,1,4.0
0373785291,1,3.0
0373785321,1,4.0
0373785402,2,2.5
0373785437,1,5.0
0373790600,1,5.0
0373791291,1,5.0
0373791933,1,5.0
037380203X,1,4.0
0373802072,1,5.0
0373802099,1,4.0
0373802110,1,5.0
0373802129,1,4.0
0373802137,2,3.0
0373802153,1,4.0
0373802226,1,5.0
0373802234,8,4.62
0373802277,1,4.0
0373802307,2,5.0
0373802455,1,4.0
0373823452,1,4.0
037383604X,1,5.0
0373836112,1,5.0
0373836414,2,3.5
0373836457,2,3.0
037383649X,1,5.0
0373836511,1,4.0
0373836538,1,5.0
0373836562,1,5.0
0373836783,3,4.33
0373872151,1,4.0
0373872364,1,5.0
0373872410,1,4.0
037387247X,1,4.0
0373872534,1,5.0
0373872569,1,4.0
0373872607,1,5.0
0373872682,1,3.0
0373872801,1,5.0
037387281X,1,4.0
0373872828,1,5.0
0373872976,1,4.0
0373872992,1,4.0
0373873131,1,5.0
037387328X,1,5.0
0373880545,1,5.0
0373895100,2,5.0
0373895119,1,5.0
0373895127,1,5.0
0373895194,1,5.0
0373895356,1,4.0
0374100179,1,4.0
0374103828,1,5.0
0374104433,2,5.0
0374113149,1,4.0
0374114323,1,3.0
0374115184,1,5.0
0374115591,1,4.0
0374115710,1,5.0
0374120773,1,4.0
0374128715,1,2.0
0374128731,1,4.0
0374128839,1,5.0
0374128855,1,5.0
0374133468,1,5.0
0374135770,1,4.0
0374138257,1,1.0
0374153892,13,3.62
0374161380,1,3.0
0374175268,2,5.0
0374175284,3,4.0
0374175578,1,5.0
0374177376,1,5.0
0374179956,1,5.0
0374185468,1,4.0
0374186871,1,4.0
0374191654,1,5.0
0374199736,1,5.0
0374201781,1,5.0
0374202346,1,2.0
0374205183,1,2.0
0374216932,1,3.0
0374219737,1,3.0
0374221790,1,4.0
0374225907,1,5.0
0374236755,1,2.0
0374237271,1,5.0
0374247420,1,4.0
0374249032,1,5.0
0374253854,1,5.0
0374256802,1,5.0
0374256985,1,1.0
0374261873,3,4.33
0374261903,1,5.0
0374269734,1,5.0
0374270082,1,3.0
0374270325,1,5.0
0374272271,1,5.0
0374281319,1,5.0
0374281394,2,4.5
0374281416,1,3.0
0374281580,19,4.0
0374281688,1,5.0
0374292884,34,4.29
0374299625,6,4.0
0374309221,1,5.0
0374313822,1,5.0
0374316627,1,2.0
0374324859,1,5.0
0374328528,1,5.0
0374329494,1,5.0
0374336970,1,5.0
0374350159,1,5.0
0374351147,1,5.0
0374354855,1,5.0
0374356386,1,5.0
0374361649,1,5.0
0374372365,1,4.0
0374378061,1,5.0
0374380252,1,5.0
0374380503,1,4.0
0374380708,1,5.0
0374386714,1,5.0
0374392234,1,5.0
0374399506,1,5.0
0374399689,1,5.0
0374416117,1,5.0
0374423075,1,4.0
0374425906,1,5.0
0374456283,1,5.0
0374460310,1,5.0
0374468680,1,5.0
0374506523,1,5.0
0374508844,1,5.0
0374514313,1,4.0
0374514429,1,5.0
0374514968,1,5.0
0374521042,1,5.0
0374521409,1,5.0
0374521964,1,4.0
0374522871,1,4.0
0374522995,1,5.0
0374524688,1,2.0
0374524955,1,4.0
0374524971,1,4.0
0374525080,1,5.0
0374525102,1,4.0
0374525609,1,5.0
0374525641,1,5.0
0374525870,1,5.0
0374526230,1,4.0
0374527350,2,4.0
0374527776,1,5.0
0374528373,1,5.0
0374528403,1,5.0
0374528535,2,5.0
0374528659,1,3.0
0374529388,1,5.0
0374529647,1,5.0
0374701245,1,4.0
0375400125,1,1.0
0375400354,1,5.0
0375400532,1,4.0
0375401377,1,5.0
0375401466,1,4.0
037540175X,1,5.0
0375402179,1,4.0
0375402322,1,5.0
0375403558,1,5.0
0375403728,2,5.0
0375404031,2,3.0
0375404546,1,4.0
037540466X,1,5.0
0375405062,2,4.5
0375405852,1,5.0
0375406107,1,5.0
0375406255,1,5.0
0375406298,1,5.0
0375406778,26,3.77
0375406972,6,4.33
0375407006,1,5.0
0375407219,1,5.0
0375407545,1,5.0
0375407650,1,3.0
0375408479,1,4.0
0375408908,3,4.67
0375408983,2,4.5
0375409009,1,4.0
0375409017,1,1.0
0375409432,1,5.0
0375410309,1,5.0
0375410856,1,4.0
0375410902,1,5.0
0375411089,3,4.33
0375411518,2,5.0
0375411550,1,4.0
0375411585,1,5.0
0375411607,1,5.0
0375411666,1,1.0
0375411887,2,4.5
0375411925,1,5.0
0375411968,1,5.0
0375411976,2,4.0
0375412026,4,4.75
0375412336,1,3.0
0375412425,2,3.5
0375412549,1,4.0
0375412883,3,5.0
0375412913,2,4.5
037541293X,1,3.0
0375413189,2,4.0
0375413375,1,5.0
0375413553,1,3.0
0375413987,1,5.0
0375414002,3,3.33
0375414126,1,4.0
0375414339,7,4.86
0375414398,1,4.0
0375414576,3,3.67
0375414614,1,2.0
0375414657,1,1.0
037541469X,4,5.0
0375415017,1,5.0
0375415033,1,5.0
0375415041,1,5.0
0375415246,1,5.0
0375415319,1,5.0
0375415327,1,4.0
0375415467,1,5.0
0375419918,1,5.0
037542072X,2,5.0
0375420843,3,3.33
0375421033,1,5.0
0375421262,1,5.0
0375421300,1,5.0
037542136X,2,3.5
0375421610,1,5.0
037542167X,1,5.0
0375421882,1,4.0
0375421904,3,4.0
0375422048,1,5.0
0375422188,1,5.0
037542220X,2,4.5
0375422307,1,5.0
0375422382,1,4.0
0375422390,1,4.0
0375422404,3,5.0
0375422439,1,5.0
0375422587,2,4.5
0375422641,1,5.0
0375422692,1,5.0
0375422714,7,4.57
0375422765,3,4.67
0375422811,2,5.0
0375422986,3,2.0
0375422994,1,5.0
0375423044,1,5.0
0375423052,2,4.0
0375423079,4,4.0
0375423125,1,5.0
0375423133,1,4.0
037542315X,1,3.0
0375423214,4,4.75
0375423257,1,5.0
0375423281,1,3.0
0375423362,1,5.0
0375423508,3,4.33
0375423524,3,4.0
0375423559,1,5.0
0375423737,1,5.0
0375431454,1,5.0
0375432329,1,5.0
0375434704,1,5.0
0375435190,1,5.0
0375500324,1,5.0
0375500332,1,3.0
0375500626,1,3.0
0375500944,1,5.0
0375501568,1,5.0
0375501584,1,5.0
0375501843,4,4.0
0375501916,1,4.0
0375502440,1,5.0
0375503587,1,4.0
0375503617,1,5.0
0375503773,1,4.0
0375504176,1,5.0
0375504257,1,5.0
0375504419,1,1.0
0375504494,1,5.0
0375504540,1,5.0
037550477X,2,3.5
0375505075,1,5.0
0375505245,1,5.0
0375505466,1,4.0
0375505490,1,1.0
0375506098,1,5.0
0375506152,2,5.0
0375506187,1,5.0
0375506233,1,5.0
0375506322,1,4.0
0375506500,2,5.0
0375507108,19,4.63
0375507191,1,5.0
0375507256,4,4.75
0375507531,1,5.0
0375507604,1,5.0
0375507612,1,5.0
0375507817,1,5.0
0375507833,2,5.0
037550785X,4,4.5
0375507973,1,3.0
0375508147,1,2.0
037550821X,2,5.0
0375508368,1,1.0
0375508465,3,4.67
0375508473,5,4.0
0375508589,10,4.9
0375508775,2,5.0
0375508791,1,5.0
0375508961,2,4.0
0375509100,1,5.0
0375509127,2,4.0
037550916X,1,5.0
0375700129,1,5.0
0375700137,1,5.0
0375700331,1,5.0
0375700730,1,5.0
0375700994,2,5.0
0375701079,2,5.0
0375701214,1,4.0
0375701303,1,5.0
0375701427,1,4.0
037570146X,1,5.0
0375701478,1,4.0
0375701710,1,4.0
0375702245,1,5.0
0375702482,1,4.0
037570261X,1,1.0
0375702628,1,4.0
0375703233,1,5.0
0375703373,1,5.0
0375703381,1,4.0
0375703713,1,5.0
0375703764,4,4.0
0375703829,1,5.0
0375703934,1,2.0
0375703993,1,4.0
0375704027,1,5.0
037570406X,1,5.0
0375704248,1,2.0
0375704426,1,5.0
0375704434,1,4.0
037570485X,1,5.0
0375705023,1,5.0
0375705090,1,5.0
0375705244,1,4.0
0375705465,1,4.0
0375705511,1,5.0
0375705635,1,3.0
0375705759,1,5.0
0375705767,1,4.0
0375705856,2,5.0
0375706062,2,4.0
0375706135,1,5.0
0375706216,1,5.0
0375706364,2,5.0
0375706410,1,4.0
0375706429,1,2.0
0375706534,1,5.0
0375706860,1,5.0
0375707212,1,5.0
0375707336,1,5.0
0375707409,1,5.0
0375707425,1,5.0
037570759X,1,4.0
0375708111,7,3.43
0375708200,1,5.0
0375708278,1,5.0
0375708308,1,5.0
0375708707,1,4.0
0375708731,2,4.5
037570910X,2,5.0
0375709150,1,2.0
0375710027,1,4.0
0375710477,1,4.0
0375710760,1,5.0
037571300X,1,5.0
0375713247,1,4.0
0375713271,1,5.0
0375713301,1,4.0
0375713425,2,4.0
0375713751,2,4.5
0375714111,1,4.0
0375714340,1,5.0
0375714499,1,4.0
0375714529,1,5.0
0375718982,1,4.0
0375719202,1,4.0
0375719296,1,3.0
0375719350,1,4.0
037571944X,1,1.0
0375720812,1,3.0
0375720952,1,5.0
0375721002,1,2.0
037572107X,2,3.5
0375724389,3,4.33
0375724397,1,4.0
0375724400,1,5.0
0375724508,1,5.0
0375724591,1,5.0
0375724850,1,5.0
0375725024,1,5.0
0375725172,1,5.0
0375725466,1,5.0
0375725601,11,4.45
0375725784,3,3.0
0375725792,1,3.0
0375725806,1,5.0
0375725849,3,3.67
0375725873,1,2.0
0375726276,1,4.0
0375726349,1,5.0
0375726373,1,5.0
0375726403,4,5.0
037572656X,1,5.0
0375726624,1,5.0
0375726799,1,4.0
0375726810,1,3.0
0375727019,1,4.0
0375727051,1,5.0
0375727124,1,5.0
0375727205,2,5.0
0375727361,1,2.0
0375727388,1,2.0
0375727434,1,5.0
0375727752,1,4.0
0375727787,1,5.0
0375751114,1,5.0
0375751432,1,5.0
0375751513,1,4.0
0375752250,3,5.0
0375752285,2,4.0
037575251X,1,5.0
0375753702,1,5.0
0375753834,1,3.0
0375753974,1,2.0
0375754458,1,5.0
0375754784,1,5.0
0375755586,1,5.0
0375756485,1,5.0
0375756566,1,4.0
0375756752,1,5.0
0375757090,1,5.0
0375757309,1,5.0
0375757325,1,5.0
0375757341,1,5.0
0375757449,1,2.0
0375757511,1,4.0
0375757945,1,5.0
0375758070,1,5.0
0375758119,1,5.0
0375758216,1,5.0
0375758259,2,4.5
0375758364,1,5.0
0375758453,1,5.0
0375758550,1,5.0
0375758623,1,1.0
037575864X,1,3.0
0375758771,1,5.0
0375758984,2,4.5
0375759069,1,5.0
0375759174,1,5.0
037575945X,1,4.0
0375759484,1,5.0
0375759816,1,4.0
0375759832,1,5.0
0375759921,1,4.0
0375760008,1,4.0
0375760393,3,5.0
0375760520,1,5.0
0375760881,1,5.0
0375760903,2,4.5
0375760911,2,4.5
0375760946,1,5.0
0375760989,3,5.0
0375761152,1,5.0
0375761284,1,5.0
037576206X,1,5.0
0375762590,1,5.0
0375762639,2,5.0
0375762671,2,4.0
0375763023,1,5.0
0375763244,1,3.0
0375763333,1,4.0
0375763805,1,5.0
0375763910,1,5.0
0375764011,1,2.0
0375764054,1,5.0
0375764089,1,1.0
0375764291,2,3.5
0375764526,1,4.0
0375764623,1,5.0
0375764631,1,5.0
0375764771,1,5.0
0375764836,1,2.0
0375800425,1,5.0
0375801383,1,5.0
0375801537,1,5.0
037580322X,1,5.0
0375803319,2,4.5
0375804137,2,2.5
0375805613,2,4.5
0375806148,1,5.0
0375806350,1,5.0
0375810455,11,4.45
0375810617,2,5.0
037581082X,1,3.0
0375812636,1,5.0
0375813659,2,5.0
0375813926,1,5.0
0375814965,1,1.0
0375815120,2,5.0
0375815260,1,5.0
0375815376,1,5.0
0375821821,1,5.0
037582233X,3,3.33
0375822658,2,3.0
0375822666,1,5.0
0375822704,1,5.0
0375822747,2,5.0
0375823492,1,4.0
0375823522,1,4.0
0375823611,1,3.0
0375824006,1,3.0
0375824294,1,5.0
0375824308,1,4.0
0375824863,1,5.0
0375825037,1,5.0
0375825193,1,4.0
0375825274,1,5.0
0375825444,1,5.0
0375825533,1,5.0
0375825770,1,3.0
0375825819,1,5.0
0375825924,1,5.0
0375826122,1,4.0
0375826211,1,5.0
0375826432,3,5.0
0375826440,1,3.0
0375826688,6,4.0
0375826696,5,4.4
037582670X,26,3.92
0375826904,3,4.67
0375827439,2,5.0
0375827781,1,5.0
0375828052,1,5.0
0375828443,1,1.0
037582877X,1,5.0
0375829555,1,4.0
0375830316,1,5.0
0375830499,2,5.0
0375830715,2,4.5
0375830995,1,5.0
0375831207,1,5.0
0375831231,1,5.0
0375831274,1,4.0
0375831681,1,3.0
037583186X,1,5.0
0375832254,1,4.0
0375832793,2,5.0
0375833072,1,5.0
0375836586,2,5.0
0375910697,1,3.0
0375925333,1,5.0
0376010614,1,4.0
0376011084,1,5.0
0376013761,1,5.0
0376015144,2,5.0
0376017392,1,3.0
0376020466,4,5.0
0376037539,1,3.0
0376037776,1,5.0
0376038756,1,5.0
0376038772,1,5.0
0376061324,1,5.0
037609057X,1,5.0
0380000369,1,2.0
0380001373,1,5.0
0380001381,1,5.0
0380001519,1,5.0
0380002450,1,4.0
0380002930,1,5.0
0380005492,2,5.0
0380012863,2,5.0
0380013924,1,5.0
0380014033,1,5.0
0380015390,2,5.0
0380018179,1,5.0
0380400480,1,4.0
0380433230,1,5.0
0380450623,1,5.0
0380578859,1,4.0
0380579278,1,5.0
0380603926,1,5.0
0380633132,2,4.5
0380652277,1,4.0
0380701022,1,4.0
0380703475,1,5.0
0380703882,1,5.0
0380707527,1,4.0
0380708213,1,3.0
0380709120,1,5.0
0380709538,1,5.0
0380709570,1,5.0
0380710838,1,4.0
0380711117,1,5.0
0380711346,1,5.0
0380713055,3,4.67
0380713608,1,4.0
0380713799,1,3.0
0380713802,1,4.0
0380714000,1,4.0
0380715775,1,4.0
0380717581,1,5.0
0380717638,2,4.5
0380718332,1,5.0
0380718340,1,5.0
0380718758,1,4.0
0380718960,1,2.0
0380719991,1,5.0
0380723336,2,3.5
0380725231,1,5.0
0380725703,1,3.0
0380725711,1,3.0
038072572X,1,5.0
0380726297,1,5.0
0380727501,1,4.0
0380728133,1,5.0
038072846X,1,4.0
0380728524,1,5.0
0380728532,1,5.0
0380728729,2,5.0
0380728818,1,4.0
0380729105,1,5.0
0380729342,1,5.0
0380729687,1,5.0
0380731452,1,5.0
0380731479,1,5.0
0380731509,1,5.0
0380731762,1,5.0
0380731800,1,3.0
0380731851,1,5.0
038073186X,1,5.0
0380731916,1,5.0
0380731959,1,4.0
0380732661,1,4.0
038073267X,1,5.0
0380732696,1,3.0
0380750872,1,4.0
0380751925,2,3.0
0380756072,1,4.0
0380756250,1,4.0
0380756269,1,4.0
0380757354,1,4.0
0380758741,1,5.0
0380758881,1,5.0
0380759632,2,3.5
0380762587,1,4.0
0380764008,1,3.0
0380766485,1,2.0
0380766892,1,5.0
0380769530,1,5.0
038077013X,1,5.0
0380770237,1,4.0
038077030X,1,4.0
0380770563,1,4.0
0380772574,1,3.0
0380773384,4,5.0
0380773406,1,1.0
0380775484,1,5.0
0380775735,1,4.0
0380776162,1,5.0
0380776170,2,3.5
0380777045,1,3.0
0380777398,1,5.0
0380777606,1,5.0
0380778556,2,4.5
0380778874,1,5.0
0380779625,1,5.0
0380780763,1,5.0
0380781956,1,5.0
0380782065,1,4.0
0380782847,1,5.0
0380787458,1,3.0
0380788411,1,5.0
0380788624,1,5.0
0380788683,1,5.0
0380789019,2,5.0
0380789035,1,1.0
0380789884,1,3.0
0380792273,1,2.0
0380795523,1,3.0
0380797038,2,2.5
038079747X,1,5.0
0380797631,2,5.0
0380798360,1,4.0
0380798476,1,2.0
0380798581,1,4.0
0380798654,1,3.0
0380799006,3,4.67
0380799103,1,3.0
0380799154,1,3.0
0380800160,1,5.0
0380802325,2,4.5
0380802600,1,5.0
0380802805,1,4.0
0380803291,1,3.0
0380803941,1,5.0
0380804433,1,4.0
0380804557,1,4.0
038080493X,1,5.0
0380805413,1,5.0
0380805421,1,5.0
0380806347,1,5.0
0380806460,1,4.0
0380807319,1,5.0
0380807343,1,5.0
0380807920,1,2.0
0380807971,1,5.0
038080798X,1,5.0
0380808986,1,5.0
0380809044,1,5.0
0380809052,2,5.0
0380809060,5,4.2
0380809362,2,3.0
0380810336,8,4.5
038081093X,1,5.0
0380811073,1,5.0
0380811960,2,5.0
0380812525,2,4.0
0380812924,1,5.0
0380812975,1,1.0
0380813300,1,4.0
0380813785,1,5.0
0380813793,1,5.0
0380813815,7,5.0
0380814137,1,5.0
0380814676,1,5.0
0380815346,1,3.0
0380815575,2,5.0
0380815923,1,4.0
0380815931,2,3.5
0380816547,1,5.0
0380816857,1,5.0
0380817152,1,5.0
0380817160,1,3.0
0380817209,1,4.0
0380817853,1,5.0
0380817918,1,3.0
0380817926,1,4.0
0380817934,1,3.0
0380818248,1,3.0
0380818477,1,4.0
0380818507,1,5.0
0380818590,1,3.0
0380818604,2,5.0
0380818612,1,4.0
0380818647,1,4.0
0380818884,1,3.0
0380819597,1,5.0
0380819627,1,4.0
0380819635,1,4.0
0380819651,1,4.0
038082020X,1,4.0
0380820218,1,4.0
0380820234,1,4.0
0380820439,1,2.0
038082101X,1,2.0
0380822237,2,4.0
0380822253,1,5.0
0380844001,1,4.0
0380973103,2,5.0
0380973464,1,5.0
0380973510,1,5.0
0380974916,1,4.0
0380976706,1,3.0
0380977427,2,2.0
0380977788,1,5.0
0380978555,1,1.0
0380978938,2,3.0
0380978946,13,3.08
0380979020,2,3.0
0382066421,1,2.0
0383037719,1,5.0
0385006896,1,5.0
0385008619,1,5.0
038500995X,1,5.0
0385015836,1,5.0
0385020767,1,4.0
0385029306,1,4.0
0385030975,1,4.0
0385031386,1,5.0
0385036434,2,4.5
0385038550,2,5.0
0385044518,1,5.0
0385047932,1,5.0
0385051077,1,3.0
0385051085,1,2.0
0385055498,1,3.0
0385058985,1,5.0
0385062133,1,5.0
038506277X,1,5.0
0385062885,1,4.0
0385074131,1,4.0
0385074344,1,3.0
0385076967,1,5.0
0385077254,1,5.0
0385080190,1,5.0
0385093306,1,4.0
0385096356,1,3.0
0385096682,1,5.0
0385113595,1,5.0
0385121229,1,5.0
0385121679,1,5.0
0385122764,1,2.0
0385122772,1,5.0
0385131127,1,5.0
0385135947,1,4.0
0385142633,1,5.0
0385142641,2,4.5
0385147775,1,5.0
0385148070,1,5.0
0385157894,1,5.0
0385159676,1,5.0
0385174934,1,3.0
0385178743,1,4.0
0385179049,1,5.0
0385180802,1,5.0
0385188188,1,4.0
0385189494,1,5.0
0385192509,1,5.0
0385192681,1,4.0
038519577X,1,5.0
0385198671,1,3.0
0385232799,2,4.0
038523869X,1,1.0
0385246366,1,5.0
0385247125,1,4.0
0385247672,1,5.0
0385247745,1,5.0
0385249373,3,4.0
038526349X,1,5.0
0385264666,2,5.0
0385264682,1,4.0
0385264704,1,3.0
0385265204,1,5.0
0385265212,1,4.0
0385266707,1,5.0
0385279213,1,5.0
0385281889,1,4.0
0385285019,2,5.0
0385296940,1,5.0
0385297300,1,5.0
0385302304,2,5.0
0385311575,3,5.0
0385312113,1,5.0
0385312202,1,5.0
038531258X,2,5.0
0385314280,1,4.0
0385314388,3,4.67
0385315147,1,4.0
0385315228,1,5.0
0385315279,2,5.0
0385318219,1,5.0
0385318790,1,5.0
0385318944,1,1.0
038531986X,2,3.0
0385320000,1,3.0
0385321759,1,4.0
0385324162,6,5.0
038533348X,1,4.0
0385333501,1,3.0
0385333781,1,5.0
038533379X,1,4.0
0385334141,1,5.0
0385334206,2,3.5
0385334230,1,5.0
0385334516,1,4.0
0385335156,1,4.0
0385335482,2,4.0
0385335687,1,4.0
0385335814,1,4.0
0385335822,1,5.0
0385335830,1,4.0
0385335970,1,5.0
0385335997,1,5.0
0385336039,1,5.0
0385336373,2,4.5
0385336497,3,5.0
0385336535,3,4.0
0385336608,1,5.0
0385336624,1,5.0
0385336675,2,4.0
0385336683,14,4.57
0385336748,1,5.0
0385336780,1,5.0
0385336810,3,4.33
0385336829,1,4.0
0385337116,6,2.5
0385337140,1,5.0
038533723X,1,4.0
0385337345,1,3.0
0385337418,2,4.5
0385337477,1,3.0
0385337655,1,5.0
0385337957,2,3.5
0385338015,2,5.0
0385338074,2,5.0
0385338082,1,4.0
0385338090,1,4.0
0385338104,1,5.0
0385338112,1,4.0
0385338171,2,4.0
0385338228,1,3.0
0385338252,3,3.33
0385338260,2,1.0
0385338333,1,3.0
0385338465,1,2.0
0385338473,2,4.5
0385338511,1,4.0
0385338597,1,5.0
0385338686,10,4.6
0385338783,1,5.0
0385339143,5,3.4
0385410956,1,5.0
0385411499,1,5.0
0385413726,2,5.0
0385416679,1,5.0
0385418485,1,5.0
0385418493,1,5.0
0385420536,1,5.0
0385421141,1,5.0
0385421311,1,5.0
0385422431,1,5.0
0385423756,1,5.0
0385424302,1,4.0
0385425309,1,5.0
038546777X,1,2.0
0385467974,2,4.0
0385467990,1,2.0
0385468059,1,5.0
0385468431,1,4.0
0385468741,1,5.0
0385468938,1,5.0
0385469624,1,4.0
0385471106,1,5.0
0385473079,1,5.0
0385474210,1,5.0
0385474237,1,3.0
0385474326,1,3.0
0385474547,1,5.0
0385474903,1,3.0
0385475195,1,5.0
0385475772,3,4.0
0385475918,1,5.0
0385476957,1,3.0
0385477317,1,5.0
0385478348,1,5.0
0385479425,1,4.0
0385479549,1,5.0
0385479662,1,3.0
0385479670,2,5.0
0385480016,5,4.6
038548044X,1,5.0
0385481179,1,5.0
0385481861,1,5.0
0385481969,1,3.0
0385482361,1,5.0
038548254X,1,5.0
0385482698,1,5.0
0385483481,2,1.5
0385483627,2,4.5
0385483813,1,5.0
0385484194,1,4.0
0385484488,1,5.0
0385484518,1,5.0
0385484577,1,2.0
0385485107,1,4.0
038548562X,3,5.0
0385486677,1,5.0
0385486804,2,4.5
038548707X,1,4.0
038548755X,1,5.0
0385487622,1,5.0
0385488181,1,3.0
0385488416,2,5.0
0385488963,1,5.0
0385489846,1,5.0
038549064X,1,5.0
0385491034,1,4.0
0385491050,1,4.0
0385491174,1,4.0
0385491670,2,3.0
0385491743,1,4.0
0385492162,1,1.0
0385492243,1,1.0
0385492286,1,3.0
0385492510,3,5.0
0385492715,1,5.0
0385493207,1,3.0
0385493711,1,5.0
0385494149,1,5.0
0385494246,1,2.0
0385494335,1,4.0
0385494602,1,5.0
0385494785,2,5.0
0385495048,3,3.67
0385495323,1,5.0
0385495412,1,4.0
0385495536,2,4.0
0385495641,2,4.5
038549565X,2,3.5
0385495757,2,3.5
0385496095,1,3.0
0385496583,1,5.0
0385496591,3,5.0
0385496826,1,5.0
0385496958,1,4.0
038549730X,2,4.0
038549744X,1,5.0
0385497547,1,5.0
0385497903,1,5.0
0385497911,2,5.0
0385497946,1,1.0
0385497954,1,3.0
0385498187,1,4.0
0385498276,1,5.0
0385498411,1,4.0
0385498802,1,2.0
0385498926,1,5.0
0385499345,1,5.0
0385499817,1,5.0
0385499841,2,5.0
0385500246,1,5.0
0385500696,1,5.0
0385500920,1,5.0
0385500998,4,3.75
0385501137,1,5.0
0385501625,3,3.0
0385501684,2,3.5
0385502486,1,4.0
0385502648,1,5.0
0385502753,2,5.0
0385502982,1,4.0
0385503024,1,4.0
0385503121,2,5.0
0385503245,2,4.5
0385503393,1,5.0
0385503490,1,5.0
0385503792,1,5.0
0385503865,6,4.17
0385503954,2,5.0
0385504209,1,3.0
0385504284,13,4.0
0385504454,1,5.0
0385504462,1,5.0
0385504489,1,4.0
0385504535,3,3.33
0385504543,1,3.0
0385504616,1,4.0
0385505094,1,5.0
0385505663,3,4.0
0385505833,1,5.0
0385506031,3,4.67
0385506708,1,4.0
0385507399,1,2.0
0385507577,1,3.0
0385507615,1,5.0
0385507690,2,3.5
0385507755,1,5.0
0385507941,1,1.0
0385507976,1,4.0
0385508565,1,1.0
0385508581,1,1.0
038550926X,1,5.0
0385509278,1,5.0
0385509286,1,3.0
0385509294,1,5.0
0385509480,6,3.33
0385509537,1,3.0
0385509650,2,3.5
0385509774,2,4.5
0385509863,6,4.17
038550988X,1,5.0
0385510039,1,2.0
0385510187,1,4.0
0385510217,1,5.0
0385510306,1,3.0
0385510349,1,5.0
0385510365,1,5.0
0385510411,2,5.0
0385510438,1,5.0
0385510454,15,3.53
038551073X,5,5.0
0385510748,1,5.0
0385510799,1,5.0
0385510837,1,4.0
0385510926,6,4.83
038551123X,5,3.4
0385511248,2,4.5
038551140X,2,3.5
0385511477,1,5.0
0385511809,14,4.21
0385511868,2,3.5
0385511892,3,5.0
0385511906,1,5.0
0385511922,1,5.0
0385512058,8,3.88
0385512104,1,5.0
0385512171,2,4.0
0385512198,3,2.33
0385512236,7,3.86
0385512317,1,5.0
0385512481,3,4.67
0385512821,1,4.0
0385512864,1,3.0
0385513283,1,4.0
0385513488,1,5.0
0385513518,3,5.0
0385513755,12,4.58
0385513763,1,5.0
0385513771,1,4.0
0385513836,1,4.0
0385514263,1,5.0
038551428X,4,3.75
0385514565,1,5.0
0385514840,1,4.0
0385515316,2,4.5
0385515359,6,4.67
038551624X,1,5.0
0385603428,1,5.0
0385605145,1,4.0
0385606990,1,4.0
0385607776,1,4.0
0385720149,1,4.0
0385720327,1,5.0
0385720386,2,5.0
0385720408,2,4.0
0385720521,1,4.0
0385720807,1,5.0
0385720955,1,1.0
038572098X,1,5.0
0385721412,1,4.0
0385721420,2,2.5
0385721544,1,4.0
038572179X,1,4.0
0385721870,1,5.0
0385722206,2,3.5
0385722222,1,5.0
0385729332,1,5.0
0385729340,3,4.67
0385729359,2,5.0
0385730292,1,4.0
0385730586,4,5.0
0385731051,1,5.0
0385731329,1,5.0
0385731817,1,5.0
0385732325,1,5.0
0385732414,1,5.0
0385732740,1,2.0
0385746474,1,5.0
0385746741,1,5.0
0385746776,1,5.0
0385750293,1,4.0
0385750684,1,4.0
0385750706,1,4.0
0385750722,2,4.0
0385750765,1,4.0
0385750781,2,5.0
0385902336,1,5.0
038700436X,1,5.0
0387004513,1,5.0
0387005927,1,5.0
0387065032,1,5.0
0387201564,1,5.0
0387209751,1,5.0
0387516646,1,4.0
0387901485,1,4.0
0387908390,1,3.0
0387912533,1,5.0
0387916075,1,5.0
0387940014,1,4.0
0387941150,1,5.0
0387943811,1,5.0
0387945199,1,4.0
0387945873,1,5.0
0387946144,1,5.0
0387947914,1,5.0
0387948392,1,5.0
0387948414,1,5.0
0387948600,1,4.0
0387949372,1,4.0
0387950109,1,5.0
038795256X,1,5.0
0387952691,1,5.0
038795273X,2,5.0
0387952772,1,4.0
0387952845,1,3.0
0387952896,1,5.0
0387953647,1,4.0
0387954686,1,5.0
0387954759,1,5.0
0387955011,1,5.0
0387955658,1,3.0
0387955763,1,5.0
0387960481,1,4.0
0387971270,1,5.0
0387972455,1,4.0
0387975861,1,5.0
0387976558,1,2.0
0387977104,1,5.0
038797993X,1,4.0
0387985867,1,4.0
0387986154,1,5.0
0393000257,1,5.0
0393003884,1,4.0
0393005437,1,5.0
0393010872,1,5.0
0393011836,1,5.0
0393019551,2,5.0
0393019624,1,4.0
0393020223,1,4.0
0393020304,2,4.5
0393020398,1,5.0
0393020436,1,5.0
0393023869,1,5.0
0393025187,1,5.0
0393028860,1,4.0
0393033988,1,5.0
0393035158,26,4.12
0393037975,1,4.0
0393038297,1,1.0
0393038572,1,5.0
0393039838,1,4.0
0393041530,1,5.0
0393042065,1,5.0
0393045250,1,5.0
0393046710,1,5.0
0393046869,1,5.0
0393046974,1,5.0
0393047199,1,5.0
0393047601,1,5.0
0393047644,1,5.0
0393047865,1,5.0
0393048004,1,5.0
0393048322,1,4.0
0393049116,2,5.0
0393049167,1,5.0
0393049248,1,3.0
0393049507,1,5.0
039304985X,1,2.0
0393049922,1,5.0
0393050572,11,4.55
0393050823,1,5.0
0393050858,1,5.0
0393050890,5,4.2
0393050939,3,4.67
0393050971,1,5.0
039305103X,1,4.0
0393051358,2,5.0
0393051374,2,5.0
0393051447,1,4.0
0393051552,1,2.0
0393051633,1,5.0
0393051684,1,4.0
0393051692,4,4.5
0393051773,1,5.0
0393052117,1,4.0
0393052133,1,5.0
0393052176,2,5.0
0393052303,4,4.0
0393052338,3,4.0
0393052761,2,4.0
039305280X,1,3.0
0393057488,1,3.0
039305764X,1,5.0
0393057712,1,5.0
0393057755,1,4.0
0393057968,1,5.0
0393058174,4,4.25
0393058271,1,4.0
0393058336,2,5.0
0393058484,1,5.0
0393058522,1,5.0
0393058530,1,4.0
0393058573,1,2.0
0393058611,1,5.0
0393058646,1,1.0
0393058689,1,4.0
0393058697,2,3.0
0393058700,1,1.0
039305876X,1,5.0
0393058832,3,5.0
0393058875,1,5.0
0393059022,4,4.25
0393059030,1,5.0
039305912X,1,5.0
0393059219,1,3.0
0393059243,1,5.0
0393059278,2,5.0
0393059316,1,5.0
0393059332,1,5.0
0393059448,5,4.8
0393059472,1,1.0
0393059677,1,5.0
0393059820,3,4.67
0393059944,1,5.0
039306011X,2,5.0
0393060152,1,4.0
0393060160,1,5.0
0393060195,1,5.0
039306025X,1,4.0
0393060349,8,3.62
0393060454,1,5.0
0393060500,1,5.0
0393060918,5,2.4
0393060985,5,4.8
0393061418,1,5.0
0393063089,1,5.0
0393090094,1,5.0
0393090949,1,5.0
0393091945,1,3.0
0393302199,2,4.5
0393304051,1,4.0
0393305333,1,5.0
0393306763,1,5.0
0393307050,2,4.5
0393307069,1,5.0
0393307158,1,5.0
0393307573,1,5.0
0393308650,1,5.0
0393308804,1,4.0
0393309053,1,5.0
0393309339,1,4.0
0393309649,1,5.0
0393310213,1,5.0
0393310329,1,4.0
0393310353,1,5.0
039331071X,1,5.0
0393310728,4,4.25
0393311333,1,5.0
0393311503,1,5.0
0393312364,1,5.0
0393312402,1,5.0
0393312763,1,5.0
0393313484,1,5.0
0393314251,1,5.0
0393314529,1,5.0
039331457X,1,4.0
0393314693,2,3.5
0393314766,1,5.0
039331524X,2,4.5
0393315444,2,4.5
0393315703,1,5.0
0393316009,1,5.0
0393316041,1,5.0
0393316394,1,5.0
0393316548,1,5.0
039331670X,1,4.0
0393316831,1,5.0
0393316920,1,2.0
0393317188,1,5.0
0393317552,11,4.18
0393317595,1,5.0
0393317943,1,3.0
0393317951,2,2.5
0393318095,1,4.0
0393318346,1,5.0
0393318486,2,4.0
0393318613,1,4.0
039331863X,1,3.0
0393318796,1,5.0
0393318885,1,4.0
0393319164,1,5.0
0393319288,1,2.0
0393319296,2,3.0
0393319857,1,5.0
0393320197,1,4.0
0393320561,1,3.0
0393320944,1,5.0
0393320979,1,5.0
0393321126,1,4.0
0393321282,1,5.0
0393322238,1,5.0
0393322254,1,4.0
0393322564,1,5.0
039332270X,1,5.0
0393322785,1,4.0
0393322920,1,4.0
039332298X,1,3.0
0393323080,1,5.0
0393323145,1,4.0
0393323803,1,3.0
0393323838,1,5.0
0393324141,1,4.0
039332429X,1,5.0
0393324397,2,5.0
0393324680,1,5.0
0393324818,4,5.0
0393324826,6,4.33
0393324869,2,5.0
0393324931,1,5.0
039332494X,1,5.0
0393325105,1,5.0
0393325482,1,3.0
0393325512,2,4.0
0393325547,1,1.0
0393325555,1,5.0
0393325776,1,4.0
0393325814,1,5.0
039332639X,1,5.0
0393326551,1,5.0
0393326586,2,5.0
0393326896,1,5.0
0393327086,1,5.0
039332723X,2,4.0
0393329402,1,4.0
039370095X,1,5.0
0393700984,1,1.0
0393704505,3,4.67
0393730182,1,5.0
0393730425,1,4.0
039373076X,1,3.0
0393730808,1,4.0
0393731464,1,5.0
0393952452,1,5.0
039395286X,1,5.0
0393957497,1,4.0
0393959465,1,5.0
0393967980,1,5.0
0393968235,1,4.0
0393974944,1,2.0
0393975657,1,5.0
0393977773,1,5.0
0393977862,1,5.0
0394176049,1,3.0
0394341783,1,3.0
0394403924,1,5.0
0394404289,1,5.0
0394407962,1,5.0
0394410963,1,5.0
0394420489,1,5.0
0394427335,1,5.0
0394430441,1,5.0
039443532X,1,5.0
039446141X,1,4.0
0394465121,1,4.0
0394465822,1,5.0
0394470249,1,2.0
0394482980,1,5.0
0394494032,1,4.0
0394495179,1,5.0
0394499735,1,5.0
0394499840,1,3.0
0394502698,1,5.0
0394503813,1,5.0
039450710X,1,3.0
0394507606,1,5.0
0394507630,1,4.0
0394509358,1,5.0
0394516516,2,5.0
0394518586,1,5.0
0394524969,1,4.0
0394528352,1,5.0
0394528360,1,5.0
039453199X,1,5.0
0394532473,1,5.0
0394532643,1,5.0
039453512X,1,5.0
0394535960,1,5.0
0394544579,1,4.0
0394549848,1,5.0
0394551907,1,5.0
0394554337,1,5.0
0394558928,1,4.0
0394560884,1,5.0
0394564170,2,5.0
0394565258,1,5.0
0394569164,1,3.0
0394572351,1,5.0
039457348X,1,4.0
0394574699,1,5.0
039458080X,1,5.0
039458404X,4,5.0
0394585380,1,3.0
0394585852,1,5.0
0394586042,1,4.0
0394587936,1,5.0
0394588991,1,5.0
0394589122,1,5.0
0394589556,1,5.0
0394622634,1,5.0
0394700139,1,2.0
0394701003,1,5.0
0394702107,1,5.0
0394702468,1,5.0
0394703901,1,2.0
0394704371,1,5.0
039470780X,2,5.0
0394709411,2,3.5
0394710061,1,5.0
0394714393,2,5.0
0394714601,1,5.0
0394716345,1,2.0
0394717643,1,5.0
0394720288,1,5.0
0394720954,1,5.0
0394721179,1,5.0
0394725808,1,5.0
0394730887,1,5.0
0394731263,1,5.0
0394732154,1,5.0
0394734092,1,1.0
0394734262,1,5.0
0394739698,1,5.0
0394742354,2,3.5
0394743091,1,4.0
0394746228,1,5.0
0394747003,1,5.0
0394749138,4,5.0
0394749189,1,5.0
0394752090,1,1.0
0394755111,3,4.67
0394755189,1,4.0
039475526X,1,5.0
0394756940,1,5.0
0394757785,1,4.0
0394757793,1,4.0
0394758188,1,5.0
0394758439,1,3.0
0394759893,1,3.0
0394800133,1,5.0
0394800168,1,5.0
0394800176,1,4.0
0394800206,1,5.0
0394800869,1,5.0
0394800877,1,2.0
0394800915,1,2.0
0394805720,3,4.33
0394806220,1,5.0
0394818237,1,5.0
0394819675,1,5.0
0394820371,1,5.0
0394823370,2,5.0
0394823958,1,5.0
0394826205,1,5.0
0394826698,1,4.0
0394826744,1,5.0
0394837363,1,5.0
0394850106,1,5.0
0394860519,1,4.0
0394862546,1,5.0
0394869451,1,5.0
0394871839,1,4.0
0394873742,1,4.0
0394875796,1,4.0
0394888669,1,4.0
0394890493,1,5.0
0394896955,1,5.0
0394929365,1,5.0
0395067928,1,5.0
0395071763,1,5.0
0395150825,2,5.0
0395160332,1,5.0
0395177111,2,4.5
0395193958,1,5.0
0395248302,1,5.0
0395253799,1,4.0
0395259398,1,5.0
0395272718,1,3.0
0395325021,1,5.0
0395353939,1,5.0
0395369126,1,5.0
0395389496,1,5.0
0395393914,1,5.0
0395401461,1,5.0
0395410568,1,4.0
039541685X,1,4.0
0395436087,1,5.0
0395453569,1,5.0
0395489326,1,2.0
0395510066,1,3.0
0395530075,1,5.0
039553349X,1,5.0
0395539579,1,5.0
0395557011,1,5.0
039556008X,1,5.0
0395562333,1,5.0
0395570026,1,5.0
0395595118,2,1.0
0395606497,1,5.0
0395629519,1,5.0
0395629772,1,4.0
039563119X,1,4.0
0395631270,1,5.0
0395651654,1,3.0
0395652375,3,4.67
0395683963,1,4.0
0395694272,1,4.0
0395699428,1,5.0
0395701325,1,5.0
0395727677,1,5.0
0395735297,1,4.0
0395750474,1,1.0
039575514X,1,5.0
039575531X,1,5.0
0395775175,1,3.0
0395775205,1,4.0
0395792908,1,5.0
0395798671,1,5.0
0395822661,1,5.0
0395822920,1,5.0
0395825105,1,5.0
0395825172,1,5.0
0395848261,1,5.0
0395850851,1,4.0
0395854024,1,5.0
0395858143,1,1.0
039586786X,1,5.0
0395873312,1,5.0
0395900239,1,5.0
0395901464,1,4.0
0395904536,1,3.0
0395904552,1,4.0
0395904943,1,5.0
0395906253,1,4.0
0395906660,1,2.0
0395911516,1,5.0
0395911702,1,5.0
0395915376,1,3.0
0395922917,1,5.0
0395924987,1,4.0
0395925002,2,5.0
0395925037,1,3.0
039592622X,1,5.0
039592720X,2,4.5
0395936098,1,5.0
0395957737,1,5.0
0395957869,1,3.0
0395957907,2,3.0
0395961025,1,4.0
0395967015,1,5.0
0395967163,1,5.0
0395968917,1,5.0
0395970970,1,5.0
0395971756,1,5.0
0395977274,1,5.0
0395988144,1,4.0
0396077110,1,4.0
0396080901,1,5.0
0396081754,1,5.0
0396086551,1,5.0
0396089283,1,5.0
0397300069,1,5.0
039751624X,1,5.0
0398063664,1,5.0
0398075301,2,4.5
0399105972,1,5.0
0399110224,1,5.0
0399125809,1,5.0
0399126635,1,4.0
0399127216,1,5.0
0399135944,1,5.0
0399138633,1,5.0
0399140913,1,3.0
0399140972,1,4.0
0399141146,1,5.0
039914255X,3,5.0
0399142703,1,4.0
0399142789,7,4.86
0399143424,1,5.0
0399143971,1,3.0
039914420X,1,5.0
0399144382,1,4.0
0399144463,3,2.67
0399144986,1,4.0
0399146113,1,5.0
0399146733,1,5.0
0399148167,1,4.0
0399148418,1,1.0
0399148442,1,1.0
0399148914,1,3.0
0399149368,1,5.0
0399149759,1,5.0
0399149910,1,1.0
039915034X,1,5.0
0399150374,1,4.0
0399150528,1,5.0
0399150609,1,5.0
0399150773,1,5.0
039915079X,1,1.0
0399150811,2,4.0
0399150838,2,3.5
0399150897,2,1.0
0399150927,5,4.6
0399150978,1,4.0
0399150986,1,5.0
0399151117,1,4.0
0399151346,2,4.5
0399151435,1,5.0
0399151443,1,3.0
0399151451,1,4.0
0399151613,2,4.5
0399151648,1,4.0
0399151753,5,4.6
039915177X,1,4.0
039915180X,1,5.0
0399151907,1,5.0
0399151923,3,4.33
0399151931,5,3.8
039915194X,2,3.5
0399151974,1,4.0
0399151982,1,4.0
0399152016,2,4.5
0399152059,1,4.0
0399152075,6,4.83
0399152083,4,4.25
0399152113,1,3.0
0399152148,1,3.0
0399152199,3,4.0
0399152202,1,2.0
0399152229,1,5.0
0399152245,4,1.5
0399152288,2,4.0
0399152296,8,4.5
039915230X,2,2.5
0399152326,9,4.0
0399152350,1,5.0
0399152393,4,4.5
0399152407,5,2.0
0399152415,8,4.0
0399152423,3,4.0
0399152431,3,5.0
039915244X,4,4.5
0399152458,1,2.0
0399152466,3,4.33
0399152490,4,4.5
0399152555,3,5.0
0399152563,3,5.0
0399152598,2,3.0
0399152601,2,4.0
0399152636,1,5.0
0399152652,1,5.0
0399152687,2,5.0
0399152695,2,1.0
0399152717,2,4.0
0399152725,12,4.5
039915275X,1,4.0
0399152776,6,4.17
0399152806,1,2.0
0399152814,1,5.0
0399152849,4,4.0
0399152857,2,4.5
0399152873,3,4.67
0399152881,1,5.0
039915289X,12,4.92
0399152911,1,4.0
039915292X,2,3.5
0399152938,1,5.0
0399152962,1,2.0
0399153039,1,5.0
0399153063,1,1.0
0399153152,4,3.0
0399153233,2,4.0
039915325X,1,3.0
0399153276,4,5.0
0399199934,1,5.0
0399205551,1,5.0
0399207589,1,5.0
0399208941,1,4.0
0399209964,1,5.0
0399212922,1,4.0
0399212973,1,5.0
0399213368,1,4.0
0399219250,1,5.0
0399222200,1,5.0
039922419X,1,4.0
0399226168,1,5.0
0399226524,1,4.0
0399226710,1,4.0
0399226907,3,5.0
039922727X,1,5.0
0399230033,2,5.0
0399231161,1,5.0
0399231668,1,5.0
0399231935,1,5.0
039923196X,1,5.0
0399233814,1,4.0
0399233881,1,5.0
039923392X,1,5.0
0399234160,2,5.0
0399236058,1,4.0
0399237259,2,5.0
0399237720,1,2.0
0399237801,1,5.0
0399238611,1,5.0
0399238859,1,5.0
0399239782,1,5.0
0399239855,1,5.0
0399239901,1,4.0
039923991X,1,5.0
0399240160,1,5.0
0399241620,1,5.0
0399242864,1,3.0
039924302X,1,5.0
0399243496,1,5.0
0399243879,1,4.0
0399244549,1,5.0
0399501487,3,4.0
0399504427,2,5.0
0399507914,2,4.5
0399508023,1,5.0
0399508066,1,5.0
0399510028,1,5.0
0399513221,1,5.0
039951323X,1,4.0
0399513477,1,1.0
039951516X,1,5.0
0399516344,1,5.0
0399518991,1,3.0
0399519009,1,5.0
039951936X,1,2.0
0399521348,1,5.0
0399522115,1,1.0
0399522352,1,5.0
039952276X,1,5.0
039952293X,1,4.0
0399523758,1,5.0
0399523820,1,4.0
0399524150,3,5.0
0399524819,3,3.67
0399525173,1,2.0
0399525548,1,5.0
039952584X,1,5.0
0399526293,1,4.0
0399526544,1,5.0
0399527109,1,5.0
0399527354,1,5.0
0399527834,1,5.0
0399528431,1,5.0
0399528458,3,4.67
0399528539,1,5.0
0399528849,1,5.0
0399528938,1,5.0
0399528946,1,5.0
0399528970,1,5.0
0399529063,1,3.0
0399529144,1,5.0
0399529209,1,2.0
0399529454,1,5.0
0399529535,1,3.0
0399530231,1,4.0
039953024X,1,2.0
0399530274,1,4.0
039953041X,1,4.0
0399530657,7,4.86
0399530665,1,4.0
0399530703,1,5.0
0399530770,1,5.0
0399530894,2,5.0
0399530967,2,4.0
0399531521,1,5.0
0399531548,1,5.0
0399531653,2,4.0
0399608621,1,5.0
0404190677,1,4.0
0404190723,1,3.0
0405044887,1,5.0
0405123612,1,5.0
0405137893,1,5.0
0413748308,1,5.0
0413773078,1,5.0
0415002281,1,2.0
0415018609,1,3.0
0415032199,1,5.0
0415056632,1,3.0
0415064422,1,1.0
0415078105,1,4.0
0415110874,1,4.0
0415118425,1,3.0
0415120969,1,3.0
0415138582,1,5.0
0415139805,1,3.0
0415149665,1,5.0
0415151562,1,4.0
041515281X,1,5.0
0415156602,1,5.0
0415171164,1,5.0
0415178924,1,5.0
0415183189,1,3.0
0415193982,1,3.0
0415199069,1,4.0
0415207010,1,5.0
0415207088,1,5.0
0415226147,1,5.0
0415226732,1,5.0
0415226759,1,5.0
0415241707,1,3.0
0415248000,1,3.0
0415250048,1,4.0
0415260256,1,5.0
0415260981,1,2.0
0415261236,1,5.0
0415277434,1,4.0
0415278449,1,5.0
0415280788,1,5.0
0415280796,1,5.0
0415281172,1,5.0
0415281504,1,5.0
0415286417,1,3.0
0415288606,2,3.0
0415289793,1,5.0
0415301335,1,5.0
0415307635,1,4.0
0415312612,2,4.5
041531271X,1,5.0
0415314518,1,5.0
0415314917,1,5.0
0415324955,1,5.0
0415341558,1,4.0
0415343062,1,4.0
041535112X,1,4.0
0415404924,1,5.0
0415906873,1,5.0
0415910471,1,5.0
0415914019,1,5.0
0415918375,1,5.0
0415920868,1,5.0
0415922313,1,5.0
0415926548,1,5.0
041592801X,1,3.0
0415930170,1,5.0
0415931029,1,5.0
0415931053,1,2.0
0415932955,1,5.0
0415933196,1,5.0
0415933676,3,5.0
0415933684,1,5.0
0415934826,1,5.0
0415935369,2,4.5
0415935512,1,4.0
041593589X,1,5.0
0415937647,1,3.0
0415946670,1,5.0
041595049X,1,5.0
0415965586,1,2.0
0415966329,1,1.0
0415968623,1,5.0
0415970695,1,5.0
0425037398,1,5.0
0425050289,1,5.0
0425053059,1,5.0
0425059375,1,5.0
0425098478,1,3.0
0425098648,1,3.0
0425098826,1,4.0
0425103552,2,5.0
0425105709,1,4.0
0425109720,1,5.0
0425114511,1,3.0
042511774X,1,2.0
0425119653,1,3.0
0425119688,1,5.0
0425121259,1,5.0
0425126064,1,5.0
0425132889,1,5.0
042513301X,1,4.0
042513525X,1,3.0
0425137562,1,4.0
0425142442,1,4.0
0425143325,1,5.0
0425143708,1,5.0
0425144070,1,4.0
0425148297,4,4.0
0425150984,1,5.0
0425152251,1,5.0
0425158497,1,4.0
0425160130,1,4.0
0425163407,1,5.0
0425163709,1,3.0
0425163717,1,5.0
042516375X,1,5.0
042516408X,1,5.0
0425165183,1,4.0
0425166805,1,3.0
0425166864,2,4.0
0425167356,1,5.0
0425167720,2,4.5
042516814X,1,5.0
0425168964,1,4.0
0425169863,2,3.5
0425171205,1,5.0
042517140X,1,5.0
0425172287,1,5.0
0425173739,1,3.0
0425174166,2,4.0
0425174484,1,5.0
0425175111,1,5.0
0425175235,1,5.0
0425175405,1,5.0
0425176002,1,5.0
0425176304,1,4.0
0425176584,1,5.0
0425176606,1,5.0
0425177750,1,3.0
0425179451,1,5.0
0425179605,1,5.0
0425179613,6,4.0
0425180336,1,5.0
0425180638,1,5.0
0425181103,2,4.0
0425181448,2,5.0
0425181642,1,3.0
0425182908,1,1.0
0425183009,1,4.0
0425183092,2,4.0
0425183203,1,5.0
0425183262,1,2.0
0425183270,4,5.0
0425183289,1,3.0
0425183491,1,5.0
042518384X,1,4.0
0425184056,1,5.0
0425184501,1,1.0
042518465X,1,5.0
0425184757,1,4.0
0425185168,1,5.0
042518546X,1,3.0
0425185729,1,5.0
0425186180,1,5.0
042518689X,1,5.0
0425187012,2,4.5
0425187217,1,3.0
0425187721,1,2.0
0425188787,1,4.0
0425188809,1,5.0
0425188841,1,5.0
0425188876,1,5.0
0425188884,1,4.0
0425189171,1,2.0
0425189988,1,4.0
0425189996,1,5.0
0425190722,2,5.0
0425190854,1,1.0
0425191028,1,4.0
0425191281,1,5.0
0425191656,4,3.75
0425191788,4,4.5
0425191885,1,5.0
0425191931,1,5.0
0425191974,1,5.0
0425192024,1,1.0
0425192075,1,4.0
042519213X,2,4.5
0425192792,1,5.0
0425192830,1,4.0
0425193039,1,1.0
0425193373,1,5.0
0425193713,1,4.0
0425193772,1,4.0
0425193985,1,5.0
0425194124,1,5.0
0425194515,1,5.0
0425194574,1,5.0
0425194582,1,5.0
0425194604,2,4.0
0425194795,1,3.0
0425194809,1,4.0
042519485X,15,4.13
0425194906,1,5.0
042519521X,1,3.0
0425195228,1,5.0
0425195244,1,2.0
0425195252,1,3.0
0425195287,1,5.0
0425195457,1,5.0
0425195953,1,4.0
042519597X,1,4.0
0425196097,10,4.6
0425196216,1,5.0
0425196348,1,5.0
042519650X,1,4.0
0425196585,1,5.0
042519678X,1,4.0
0425196844,2,3.0
0425196879,2,5.0
0425196941,1,4.0
0425197085,1,2.0
042519714X,3,3.0
0425197484,6,4.5
0425197492,1,5.0
0425197999,1,5.0
0425198030,1,5.0
0425198138,1,4.0
0425198197,1,5.0
0425198219,3,2.33
0425198243,27,2.85
042519826X,1,4.0
0425198324,1,5.0
0425198456,1,5.0
042519874X,1,4.0
0425198782,2,4.5
0425198790,2,3.5
0425198804,2,2.5
0425198820,1,5.0
0425199096,1,5.0
0425199150,1,5.0
0425199177,1,5.0
0425199185,1,5.0
0425199339,1,5.0
0425199355,1,3.0
0425199398,1,3.0
042519941X,1,5.0
0425199428,1,5.0
0425199444,1,5.0
0425199452,1,3.0
0425199797,1,5.0
0425199800,1,5.0
0425199959,1,1.0
0425199975,5,3.4
0425199991,1,5.0
0425200000,1,1.0
0425200027,2,4.5
0425200132,1,4.0
0425200248,3,4.0
0425200329,2,2.5
0425200345,1,5.0
042520037X,1,4.0
0425200388,1,5.0
042520135X,1,3.0
0425201376,2,4.5
0425201430,1,5.0
0425201503,1,5.0
042520152X,2,5.0
0425201686,2,4.0
0425201759,1,3.0
0425201945,2,3.5
0425201961,2,4.0
0425202011,1,5.0
0425202429,1,4.0
0425202445,1,5.0
0425202488,1,5.0
0425202496,2,5.0
042520250X,1,4.0
0425202518,2,4.0
0425202526,3,5.0
0425202542,1,5.0
0425202593,3,2.33
0425202682,3,3.0
0425202712,1,4.0
0425202720,1,5.0
0425202739,1,5.0
0425202747,1,5.0
0425202755,1,5.0
0425202836,3,3.67
0425202844,1,5.0
0425202860,1,4.0
0425202895,3,4.67
0425202917,1,5.0
042520295X,1,5.0
0425203018,4,4.0
0425203034,2,4.5
0425203468,2,1.0
0425203506,1,5.0
0425203530,1,3.0
0425203573,4,4.0
042520359X,5,3.0
0425203956,2,5.0
0425203972,7,4.43
0425204103,5,4.8
0425204138,3,3.67
0425204189,2,4.5
0425204200,4,2.25
0425204332,15,3.67
0425204421,1,3.0
0425204456,3,4.33
0425205282,2,4.5
0425205649,1,4.0
0425205800,1,4.0
0425206165,1,4.0
0425206335,1,5.0
0425208672,1,2.0
0434012246,1,5.0
0434603570,1,4.0
0435670050,1,5.0
0439042445,1,5.0
0439043883,1,4.0
0439050103,1,5.0
0439051770,1,5.0
0439051797,1,5.0
0439059216,1,5.0
0439064864,9,4.89
0439064872,1,5.0
0439070325,1,5.0
0439070333,1,5.0
0439070341,1,5.0
043908069X,2,5.0
0439096960,1,4.0
0439104319,1,5.0
0439104661,1,5.0
043910677X,1,5.0
0439106796,1,5.0
0439110157,1,5.0
0439110165,2,4.5
0439110173,1,5.0
0439114969,1,5.0
0439115159,1,5.0
0439116392,1,4.0
0439121981,2,5.0
0439134994,1,5.0
0439136369,1,5.0
0439139597,6,4.67
0439139600,5,5.0
0439141346,1,5.0
0439145449,3,5.0
0439145457,1,5.0
0439146852,1,5.0
0439152852,1,5.0
0439153891,1,5.0
0439153913,1,4.0
0439154057,1,4.0
0439154278,1,3.0
0439154316,1,5.0
0439159784,1,4.0
0439162629,1,5.0
0439163552,1,5.0
0439164133,1,5.0
0439170338,1,5.0
0439172187,1,5.0
0439173078,1,5.0
0439176794,1,4.0
0439176840,1,5.0
0439176859,1,5.0
0439176867,1,5.0
0439199964,3,5.0
0439201071,1,1.0
0439203538,1,5.0
0439206375,1,5.0
0439209994,1,2.0
0439216753,1,5.0
0439221617,1,5.0
0439222478,1,5.0
0439224209,1,5.0
0439229057,1,5.0
0439241022,1,5.0
0439248787,1,4.0
0439249546,1,4.0
0439266785,2,5.0
0439280389,2,4.5
0439280435,1,5.0
043928323X,1,5.0
0439287197,1,5.0
0439293049,1,5.0
043930301X,1,5.0
0439309107,1,5.0
0439309409,1,5.0
0439309611,1,5.0
0439314550,1,4.0
0439317916,1,5.0
0439321093,1,5.0
043932162X,10,4.7
0439324599,1,4.0
043933165X,1,5.0
0439332087,2,5.0
043933814X,1,5.0
0439338921,1,2.0
043933909X,1,5.0
0439339111,6,5.0
0439339308,1,5.0
0439352266,1,5.0
0439353254,1,4.0
043935806X,8,4.38
0439358078,5,4.6
0439365627,2,3.0
0439365635,1,5.0
0439374650,1,5.0
0439380758,1,5.0
043938849X,1,5.0
0439390842,1,5.0
0439395097,1,5.0
0439403839,1,5.0
0439404371,1,5.0
0439407885,1,4.0
0439425190,1,5.0
0439429145,1,4.0
0439433983,1,4.0
0439434025,1,4.0
0439435366,1,5.0
0439439930,1,5.0
0439440033,1,5.0
0439443121,1,2.0
0439444071,1,5.0
0439453992,1,5.0
0439456959,2,4.0
0439456967,1,4.0
0439457475,1,5.0
0439458765,1,4.0
0439458935,1,3.0
0439458951,1,5.0
0439485878,1,4.0
0439485932,1,4.0
0439490251,2,5.0
0439495245,1,5.0
0439518962,1,5.0
0439530644,1,5.0
0439531640,1,5.0
0439537711,1,4.0
0439540208,1,1.0
0439548365,1,5.0
0439551056,1,5.0
0439554004,1,5.0
0439554802,2,5.0
0439555965,1,5.0
0439585600,1,5.0
043960995X,1,5.0
0439625580,1,4.0
0439625602,1,4.0
0439625629,1,5.0
0439627923,1,5.0
043962794X,1,5.0
0439629047,1,4.0
0439629055,1,5.0
0439634695,1,5.0
0439636183,1,5.0
0439636485,1,4.0
0439638984,1,4.0
0439649498,2,4.5
0439649501,1,5.0
0439650755,2,5.0
0439650860,1,5.0
0439656230,3,4.67
0439664780,1,2.0
0439670195,2,3.0
0439672376,1,5.0
0439672562,1,5.0
0439673631,1,5.0
043967753X,1,5.0
0439678137,2,4.5
0439679958,2,3.0
0439680239,1,4.0
0439680662,1,5.0
0439681308,1,5.0
0439681359,1,5.0
0439682584,32,4.81
0439690544,1,5.0
0439691443,1,5.0
0439693454,1,5.0
0439693462,1,5.0
0439694523,1,5.0
0439696275,1,4.0
0439700868,2,4.0
0439700930,1,2.0
0439702305,1,4.0
0439705525,4,4.75
043970913X,1,5.0
0439722128,1,5.0
043972421X,1,5.0
0439727820,1,3.0
043973861X,1,5.0
0439739500,1,5.0
0439744652,1,4.0
0439763126,1,5.0
0439779480,1,5.0
0439784549,256,4.45
0439786770,2,3.5
0439791324,14,4.21
0439978149,1,5.0
0440010047,1,2.0
0440042232,1,5.0
0440107350,1,1.0
0440108489,1,5.0
0440120144,1,5.0
044012087X,1,4.0
0440121701,1,5.0
0440122090,1,4.0
044012820X,1,4.0
0440136482,3,4.0
0440145465,1,5.0
0440162645,1,5.0
0440164931,1,3.0
0440171970,1,5.0
0440173922,1,5.0
0440177049,1,5.0
0440178002,2,5.0
0440180295,3,3.67
0440182611,1,5.0
0440184622,1,5.0
0440201322,1,5.0
0440201977,1,4.0
044020352X,1,5.0
0440204321,1,5.0
0440204690,1,5.0
0440204887,2,5.0
0440204925,1,5.0
044020609X,1,5.0
044020612X,1,3.0
0440206154,2,4.5
0440206235,1,1.0
0440206251,1,1.0
0440207533,1,5.0
0440207711,1,3.0
044020805X,1,4.0
0440208297,1,4.0
0440209633,1,5.0
0440209862,1,3.0
044021145X,1,5.0
0440211697,6,4.83
0440211727,1,4.0
0440212561,1,5.0
0440213835,1,4.0
0440214920,1,3.0
0440216648,1,5.0
0440218802,1,5.0
0440219760,1,5.0
0440220440,1,5.0
0440220467,1,5.0
0440220750,1,2.0
044022165X,1,5.0
044022179X,1,4.0
0440221838,1,5.0
0440221862,1,4.0
0440221919,1,3.0
0440221986,1,1.0
044022232X,1,4.0
0440223733,1,5.0
044022389X,2,4.0
0440224489,1,1.0
0440224608,1,2.0
0440224675,1,5.0
0440224764,1,4.0
0440225299,1,4.0
0440225442,1,5.0
0440225647,1,4.0
0440226104,1,5.0
0440226198,5,4.2
0440226317,1,3.0
0440226325,1,5.0
0440226686,1,3.0
0440227674,1,4.0
0440228190,1,3.0
0440228611,1,4.0
0440229774,1,5.0
0440234689,1,3.0
0440234735,1,1.0
0440234808,1,4.0
0440234816,1,2.0
0440235170,1,5.0
0440235189,1,5.0
0440235200,1,4.0
0440235219,1,5.0
0440235596,1,5.0
0440235677,1,5.0
0440236169,1,4.0
0440236274,1,5.0
044023638X,1,3.0
044023655X,1,5.0
0440236630,2,3.5
0440236703,1,5.0
0440237033,1,5.0
0440237084,3,3.0
0440237432,1,5.0
0440237483,1,5.0
0440237491,1,4.0
0440237556,1,5.0
0440237629,1,4.0
0440237688,1,4.0
0440237971,2,4.5
0440238609,5,4.0
0440240875,1,2.0
0440241014,1,5.0
0440241162,1,1.0
0440241308,3,3.67
0440241316,1,3.0
0440241359,3,3.33
0440241537,1,5.0
044024157X,1,5.0
0440241758,1,4.0
044024188X,1,4.0
0440241944,1,5.0
0440242088,1,5.0
0440242274,1,4.0
044024241X,1,3.0
0440242673,1,2.0
0440400929,1,5.0
0440406978,1,5.0
0440411394,1,5.0
0440415632,2,5.0
0440415942,1,5.0
0440417325,1,4.0
0440417643,1,5.0
0440418321,1,5.0
0440419506,1,5.0
0440420229,1,5.0
0440435749,1,5.0
0440444381,1,5.0
0440471478,1,5.0
0440481538,1,5.0
0440498058,5,4.2
0440500893,1,3.0
0440503396,1,2.0
0440503744,2,5.0
0440505003,2,4.0
0440505658,1,5.0
0440505984,1,5.0
0440506123,1,5.0
0440506255,1,5.0
0440506492,1,4.0
0440507189,1,5.0
0440507561,1,4.0
044050757X,1,5.0
0440508274,2,5.0
044050838X,1,4.0
0440509092,1,5.0
0440539811,2,5.0
0440576474,1,1.0
0440804922,1,5.0
0440917409,1,4.0
0440932211,1,4.0
0440940605,1,5.0
0440944597,1,5.0
0440972329,1,5.0
0440975344,1,4.0
0440978505,1,4.0
0440993717,2,3.0
0441003257,5,4.0
0441003389,1,5.0
0441005489,1,2.0
0441005748,1,5.0
0441005780,1,4.0
0441005837,1,5.0
0441005845,1,4.0
0441006116,1,1.0
0441006159,2,3.5
0441006191,1,5.0
0441006876,1,3.0
0441007554,1,3.0
0441007732,1,5.0
0441007902,1,1.0
0441008038,1,3.0
0441008291,1,3.0
0441008321,1,1.0
0441008364,1,4.0
0441008534,3,4.0
0441008755,1,4.0
0441008763,1,4.0
0441008968,1,2.0
0441009166,1,4.0
0441009239,4,4.0
0441009336,1,3.0
0441009425,4,3.25
0441009891,1,5.0
0441010067,1,5.0
0441010113,1,4.0
0441010156,2,4.0
044101030X,1,4.0
0441010377,1,1.0
0441010547,2,2.5
044101061X,1,5.0
0441010644,1,2.0
0441010652,3,3.33
0441011020,1,5.0
0441011160,1,1.0
0441011268,1,5.0
0441011306,1,5.0
044101142X,1,5.0
0441011527,1,1.0
0441011586,1,3.0
0441011594,1,4.0
0441011616,2,4.5
0441011624,1,4.0
0441011675,1,5.0
044101173X,1,5.0
0441011764,1,5.0
0441011799,2,3.0
044101187X,1,4.0
0441011977,1,3.0
0441011993,3,5.0
0441012183,2,4.0
0441012213,2,2.5
0441012272,1,4.0
0441012280,1,4.0
0441012418,1,5.0
0441012450,1,5.0
0441012485,1,5.0
0441012523,1,4.0
0441012612,2,5.0
0441012655,1,2.0
0441012698,3,3.67
0441012795,15,4.6
0441012809,1,4.0
0441012817,7,3.57
0441012833,4,4.5
0441012841,2,5.0
044101285X,1,5.0
0441012868,1,5.0
0441012906,1,5.0
0441012930,1,3.0
0441012965,2,4.0
0441013198,2,3.0
0441013236,2,4.0
0441081223,1,4.0
0441094996,1,1.0
0441098592,1,5.0
0441104029,2,4.5
0441172695,1,3.0
0441172717,1,5.0
0441216013,1,1.0
0441346634,1,4.0
0441373747,1,5.0
0441385702,1,3.0
0441478123,1,1.0
0441569595,2,5.0
0441574572,1,4.0
0441639135,1,5.0
044164449X,1,5.0
0441769772,1,1.0
0441777767,1,4.0
0441783589,3,5.0
0441790348,2,5.0
0442201796,1,2.0
0442216157,1,5.0
0442219466,1,5.0
0442280912,1,1.0
0443057443,1,4.0
044305827X,1,5.0
0443066183,1,4.0
0443066485,1,5.0
0443071039,1,5.0
0443071705,1,1.0
0443071713,1,5.0
0443071942,1,4.0
0443100187,1,4.0
0444505946,1,5.0
0445207124,1,5.0
0445406879,1,4.0
0445407778,1,4.0
0446300101,1,5.0
0446300152,2,3.0
0446300578,1,5.0
0446301582,2,5.0
0446306533,1,3.0
0446310786,2,5.0
0446325899,1,1.0
0446327972,1,3.0
0446343455,1,5.0
0446352764,1,4.0
0446353205,1,5.0
0446353507,1,1.0
0446355321,1,2.0
0446356379,1,4.0
0446357251,1,5.0
0446357693,1,5.0
0446358576,2,4.5
0446358584,1,5.0
0446358592,1,4.0
0446359408,1,5.0
0446360856,4,5.0
0446361739,1,4.0
0446363022,1,4.0
0446364193,1,5.0
0446364401,1,4.0
0446364754,1,1.0
0446365386,1,5.0
0446370290,1,5.0
0446383198,1,4.0
0446385344,1,5.0
0446386367,1,5.0
0446389358,1,5.0
0446390380,1,5.0
0446390895,1,3.0
0446391174,1,5.0
0446391387,1,5.0
0446391948,1,3.0
0446392308,6,4.83
0446393665,1,5.0
0446394009,2,4.5
0446395315,1,5.0
0446400998,1,3.0
0446404748,1,1.0
044650016X,4,3.5
044651232X,1,5.0
0446513393,1,4.0
0446515442,1,5.0
0446515469,1,5.0
0446516317,1,5.0
044651652X,1,5.0
0446516759,1,5.0
0446520802,1,5.0
0446521515,1,5.0
0446521884,1,5.0
044652252X,19,5.0
0446523143,1,5.0
0446523585,1,5.0
0446524190,6,4.83
0446525537,1,5.0
0446525936,2,5.0
0446526126,2,5.0
0446526401,1,4.0
0446527084,1,4.0
044652770X,1,4.0
0446528382,1,1.0
0446529311,1,3.0
0446529672,3,2.67
0446529737,1,3.0
0446530409,2,5.0
0446530441,1,5.0
0446530573,1,5.0
0446530743,1,1.0
0446530840,1,4.0
0446530921,1,4.0
0446531081,4,3.5
0446531243,1,5.0
0446531251,1,5.0
044653126X,1,4.0
0446531278,2,5.0
0446531324,1,4.0
044653143X,4,4.75
0446531456,3,3.33
0446531782,1,4.0
0446531820,1,5.0
0446531855,2,1.5
044653191X,1,5.0
0446531952,1,5.0
0446532053,1,5.0
0446532274,1,1.0
0446532436,4,3.5
0446532444,4,5.0
0446532452,2,5.0
0446532460,1,5.0
0446532525,1,5.0
0446532649,2,4.5
0446532665,1,4.0
0446532681,15,4.4
0446532754,18,4.39
0446533033,2,2.0
0446533041,4,4.25
0446533173,1,3.0
0446533297,2,5.0
0446533467,1,4.0
0446533688,1,1.0
0446576565,2,2.5
0446576573,1,5.0
0446576611,1,4.0
0446576638,8,3.38
0446576670,8,5.0
0446576700,1,5.0
0446576859,1,4.0
0446576883,2,4.0
0446576972,11,4.64
0446577006,2,3.5
0446577081,2,3.5
0446577170,3,4.33
0446577227,7,4.0
0446577367,2,4.5
0446577693,3,4.67
0446577723,1,5.0
0446577855,8,4.25
0446578061,1,4.0
0446578576,2,5.0
0446600342,1,5.0
0446600997,1,2.0
0446601977,1,5.0
0446602523,1,4.0
0446602612,2,4.5
0446602620,1,5.0
0446602744,3,5.0
0446602868,1,3.0
0446603422,2,3.0
0446604046,1,5.0
0446604534,1,5.0
0446604666,4,4.5
0446604690,1,5.0
0446604984,1,3.0
0446605107,1,5.0
0446605166,2,4.5
0446605174,2,4.0
0446605239,1,4.0
0446605514,1,5.0
0446605980,1,4.0
0446606812,1,5.0
0446607134,2,4.5
0446607177,3,4.67
0446607258,1,5.0
0446607274,1,5.0
0446607711,1,3.0
0446608319,1,4.0
0446608378,3,4.0
0446608564,1,3.0
0446608904,1,5.0
0446609129,1,4.0
0446610038,3,4.33
0446610356,2,3.5
0446610593,1,5.0
0446611085,1,5.0
0446611239,7,4.29
0446611328,1,1.0
0446611514,1,4.0
0446611565,1,5.0
044661162X,2,4.0
0446611646,1,5.0
044661176X,1,4.0
0446611816,1,4.0
0446611832,1,5.0
0446611867,2,4.0
0446611913,1,5.0
044661193X,1,5.0
0446611956,2,4.5
0446612103,3,3.0
0446612111,1,2.0
0446612219,1,5.0
0446612294,1,4.0
0446612308,1,4.0
0446612332,1,1.0
0446612537,1,4.0
044661257X,2,3.5
0446612758,2,4.5
0446612766,3,5.0
0446612790,1,4.0
0446612804,1,4.0
0446612812,1,5.0
0446612952,1,5.0
0446612960,1,5.0
0446613274,4,3.25
0446613290,2,5.0
0446613797,1,5.0
0446613827,1,1.0
0446613843,2,3.5
0446613983,1,3.0
0446614017,1,5.0
0446614157,2,5.0
0446614211,1,5.0
0446614262,1,5.0
0446614300,2,4.0
0446614386,1,5.0
0446614483,1,3.0
0446614505,1,4.0
0446614548,1,2.0
0446614831,1,5.0
0446614874,1,5.0
0446614920,1,5.0
0446614955,2,5.0
0446615080,1,4.0
0446615390,2,4.0
0446615811,1,5.0
0446615943,1,5.0
0446616095,1,4.0
0446616265,2,5.0
0446667900,1,3.0
0446670030,2,2.5
0446670162,1,4.0
0446670235,1,4.0
0446670251,1,5.0
0446670642,1,4.0
0446671002,2,5.0
0446671096,1,5.0
0446671274,3,3.67
0446671940,1,5.0
0446672211,1,5.0
0446672483,1,5.0
0446672599,1,5.0
0446672882,1,5.0
0446673471,1,5.0
0446673544,3,3.33
0446673706,1,5.0
0446673730,1,5.0
0446673803,1,5.0
0446673870,1,5.0
0446673919,1,5.0
0446673986,1,1.0
0446674168,1,3.0
0446674265,1,1.0
0446674559,1,4.0
0446675121,1,2.0
0446675156,1,5.0
0446675385,5,4.6
0446675628,1,4.0
0446675776,1,5.0
0446675784,1,4.0
0446675865,1,5.0
0446676098,5,3.6
0446676438,1,4.0
0446676632,1,1.0
0446676675,1,5.0
0446676683,1,4.0
0446676926,2,5.0
0446677043,1,2.0
0446677221,1,3.0
0446677450,17,4.12
0446677469,5,3.4
0446677477,3,4.33
0446677671,1,5.0
0446677752,1,3.0
0446677760,1,5.0
0446678198,2,4.5
0446678333,1,3.0
0446678503,1,5.0
0446678538,1,5.0
0446678619,2,4.5
0446678791,1,1.0
0446679143,2,4.5
0446679496,4,4.5
0446679518,1,4.0
0446679585,1,1.0
0446679666,1,5.0
0446679720,1,4.0
0446679763,1,5.0
0446679771,2,5.0
0446679992,1,5.0
0446690279,1,5.0
0446690368,2,3.5
044669049X,2,5.0
0446690546,1,3.0
0446690589,1,5.0
0446690694,1,5.0
0446690740,4,4.0
0446690813,1,4.0
044669083X,1,5.0
0446691097,3,5.0
0446691143,1,5.0
0446691348,1,1.0
0446691437,1,5.0
0446691518,1,4.0
0446691828,1,4.0
0446691852,1,1.0
0446692271,1,5.0
0446692514,1,3.0
0446692972,1,5.0
0446693294,1,2.0
0446693332,2,3.5
0446693340,1,5.0
0446693626,1,5.0
0446694061,1,5.0
0446694312,1,4.0
0446694835,1,5.0
0446694843,2,4.5
0446694878,1,5.0
0446694916,1,5.0
0446695564,4,4.5
0446695602,1,5.0
0446696374,1,3.0
0446696501,3,3.33
0446699837,1,5.0
0446895989,1,3.0
0446899763,1,5.0
044694467X,1,4.0
0448006391,1,5.0
0448022583,1,4.0
0448031469,1,5.0
0448092786,1,5.0
0448095076,2,5.0
0448095084,1,5.0
0448095092,1,5.0
0448116065,1,4.0
0448173077,1,5.0
0448191792,1,4.0
0448403145,1,5.0
0448405202,1,5.0
0448405474,1,5.0
0448411326,1,5.0
0448413078,1,4.0
0448413388,1,4.0
0448416735,1,5.0
0448417359,1,4.0
0448417499,1,3.0
0448425009,1,5.0
0448425211,1,5.0
0448425858,1,3.0
0448426536,1,5.0
0448431084,1,5.0
0448431459,1,1.0
0448431777,1,5.0
0448431882,1,5.0
0448434199,1,5.0
0448435187,1,5.0
0448436019,1,5.0
0448436124,1,5.0
0448436167,1,4.0
0448438208,1,5.0
0449000184,1,5.0
0449000265,1,5.0
0449001032,1,5.0
0449001830,1,5.0
0449002136,1,4.0
0449002632,1,5.0
044900273X,1,5.0
0449002985,1,4.0
0449003418,1,3.0
0449003701,1,3.0
044900371X,1,5.0
0449004023,19,4.74
0449004228,1,4.0
044900516X,1,4.0
0449005410,1,5.0
0449005615,1,5.0
0449005909,1,5.0
0449006360,1,5.0
0449006905,1,5.0
0449136914,1,5.0
0449147339,1,4.0
0449150011,1,5.0
0449206238,1,5.0
0449206246,2,4.5
0449206610,1,5.0
0449207668,1,4.0
0449207862,1,5.0
0449208133,1,3.0
044920832X,1,4.0
0449208672,1,4.0
044920880X,1,5.0
0449210677,1,5.0
0449210952,1,4.0
0449211649,1,5.0
0449212505,1,4.0
0449212793,1,3.0
0449212858,1,5.0
0449213013,2,2.0
0449214141,1,4.0
0449214362,2,3.0
0449214923,3,4.33
0449216136,1,4.0
0449216861,1,5.0
0449217027,1,2.0
0449217264,1,4.0
0449220591,1,4.0
0449220788,1,4.0
0449220818,1,4.0
0449221873,1,2.0
0449222489,1,4.0
0449223345,1,4.0
0449224813,1,4.0
0449225100,1,4.0
0449228304,1,5.0
0449232638,1,5.0
0449242730,1,5.0
0449243168,1,4.0
0449244717,1,5.0
0449502783,1,1.0
0449901696,1,5.0
0449902013,1,5.0
0449902676,1,4.0
0449902870,1,1.0
0449902927,1,4.0
0449903370,1,5.0
0449906647,1,5.0
0449907635,1,5.0
0449908070,1,5.0
0449908100,1,3.0
0449908143,1,5.0
0449908399,1,5.0
0449908585,1,4.0
044990878X,1,4.0
0449909522,1,5.0
0449909565,1,5.0
0449909719,1,5.0
0449909743,1,5.0
0449909913,1,5.0
0449911160,1,5.0
0449911462,1,1.0
0449911640,1,5.0
0449912558,2,5.0
0449983676,1,5.0
0451033965,1,5.0
0451078187,1,5.0
0451111281,1,5.0
0451139127,1,4.0
0451147952,1,1.0
0451149602,1,5.0
0451157508,1,5.0
0451157591,1,5.0
0451158636,1,2.0
0451159411,1,5.0
0451159594,1,5.0
0451159993,1,5.0
0451161343,1,5.0
0451161351,1,5.0
0451162455,1,4.0
0451163192,1,5.0
0451163214,1,5.0
0451166876,2,2.5
0451166892,2,5.0
0451167228,1,5.0
0451168216,1,4.0
0451168372,1,5.0
0451169514,1,5.0
0451169530,1,5.0
0451169549,1,5.0
0451170911,1,5.0
0451171667,1,5.0
0451172000,1,5.0
0451172515,1,5.0
0451172817,1,2.0
0451173228,1,5.0
0451174194,1,4.0
0451178688,1,4.0
0451178734,1,4.0
0451179188,1,5.0
0451179528,1,5.0
0451180232,1,4.0
0451182960,1,5.0
0451184386,1,5.0
0451184777,1,5.0
0451184793,1,3.0
0451184963,1,5.0
0451185110,1,5.0
0451185196,1,5.0
0451186311,1,1.0
0451187431,2,4.5
0451188918,1,5.0
0451190149,1,4.0
0451190157,1,5.0
0451190246,1,1.0
0451191013,1,2.0
0451191137,2,4.5
0451191145,3,4.67
0451191153,3,5.0
0451191447,1,4.0
0451191722,1,5.0
0451192184,1,4.0
0451192192,1,4.0
0451192524,1,5.0
0451192575,1,5.0
0451193016,1,5.0
0451194721,1,4.0
0451195086,1,5.0
0451196716,1,5.0
0451196805,1,5.0
0451197011,1,5.0
0451197224,1,4.0
0451197461,1,2.0
0451198425,1,4.0
0451198506,1,3.0
0451199898,1,5.0
0451200489,1,3.0
0451201345,1,4.0
0451201515,2,3.5
0451201566,1,4.0
0451202430,1,5.0
0451203070,1,5.0
0451203267,1,5.0
0451203968,1,5.0
0451204158,1,4.0
0451205367,1,1.0
0451205480,1,3.0
0451205545,1,5.0
0451205561,1,3.0
0451205928,1,4.0
0451206452,1,5.0
0451206525,1,4.0
0451206878,1,5.0
0451206959,1,3.0
0451207149,1,5.0
0451208498,1,4.0
0451208633,1,5.0
0451208803,1,5.0
0451208862,1,5.0
045120915X,3,4.33
0451209273,1,4.0
0451209303,1,4.0
0451209338,1,4.0
0451209486,1,5.0
0451209699,1,3.0
0451209710,1,3.0
045120994X,1,5.0
0451209974,1,3.0
0451210204,1,4.0
045121031X,1,4.0
0451210328,2,4.5
0451210506,1,3.0
0451210530,3,4.67
0451210654,1,3.0
0451210662,1,4.0
0451210719,1,4.0
0451210727,1,2.0
0451210743,1,4.0
0451210794,1,1.0
0451210840,1,5.0
0451210921,1,5.0
0451210980,2,4.5
045121109X,1,1.0
0451211197,1,5.0
0451211243,2,5.0
0451211480,1,5.0
0451211502,1,5.0
0451211510,1,4.0
045121157X,1,1.0
0451211596,1,4.0
045121174X,1,1.0
0451211820,2,4.5
045121191X,1,5.0
0451211960,1,4.0
0451212037,1,5.0
045121210X,1,3.0
045121241X,1,5.0
0451212460,1,5.0
0451212525,2,3.5
0451212622,2,4.5
0451212657,1,5.0
0451212665,1,5.0
0451212703,1,5.0
0451212800,1,1.0
0451212940,1,3.0
0451213033,1,4.0
0451213076,1,3.0
0451213114,1,5.0
0451213157,1,5.0
0451213181,2,3.5
0451213327,2,3.5
0451213351,1,5.0
0451213467,2,4.5
0451213483,1,4.0
0451213505,1,3.0
0451213580,2,3.5
0451213637,2,4.5
0451213645,1,3.0
0451213866,2,4.0
0451213890,1,3.0
0451213955,1,5.0
0451213998,2,4.5
045121403X,1,5.0
0451214056,1,5.0
0451214102,1,5.0
0451214153,1,4.0
0451214188,1,4.0
0451214234,1,5.0
0451214463,1,5.0
045121448X,1,5.0
0451214595,1,1.0
0451214668,1,5.0
0451214684,2,4.0
0451214730,2,4.5
0451214773,1,3.0
0451214897,1,2.0
0451214927,2,3.5
0451214935,1,2.0
0451214943,5,4.6
0451215095,4,3.5
0451215109,5,4.8
0451215133,1,5.0
045121515X,1,5.0
0451215214,1,4.0
0451215583,3,4.67
0451215648,2,3.5
0451215656,2,5.0
0451215796,1,4.0
0451215818,2,4.5
0451215842,2,4.0
0451215850,1,4.0
0451216091,2,3.0
0451216164,2,4.0
045121627X,2,4.0
0451216342,1,3.0
0451216407,1,5.0
0451216423,1,5.0
0451216482,2,3.0
0451216490,1,4.0
0451216954,2,5.0
0451217381,1,4.0
0451401824,1,5.0
0451402367,1,5.0
0451403703,1,4.0
0451403878,2,4.0
0451403991,1,4.0
0451404432,1,5.0
0451405153,1,5.0
0451405668,1,4.0
0451406036,1,2.0
0451406621,1,5.0
0451407733,1,5.0
0451408195,1,5.0
0451410025,1,4.0
0451410319,1,4.0
0451410653,1,5.0
0451410777,1,4.0
0451410785,2,3.0
0451410807,1,5.0
0451410904,1,5.0
0451410955,1,5.0
0451411188,1,2.0
0451411412,1,4.0
0451411528,4,4.75
0451411773,1,3.0
0451411781,1,4.0
0451411897,1,4.0
0451411951,1,5.0
0451450264,1,5.0
0451450914,1,5.0
0451450965,1,1.0
0451451112,1,5.0
0451451430,1,3.0
0451451554,1,5.0
0451452739,1,5.0
0451453433,1,5.0
0451453808,1,5.0
0451454243,1,4.0
0451456483,1,5.0
0451457269,1,5.0
0451457560,1,5.0
0451457765,2,4.0
0451457811,8,4.0
0451457854,1,5.0
0451457951,1,5.0
0451458222,1,5.0
0451458435,1,5.0
0451458443,1,5.0
0451458478,1,5.0
0451458923,2,5.0
0451459067,1,4.0
0451459202,1,5.0
0451459229,1,4.0
0451459245,1,5.0
0451459261,1,5.0
0451459334,2,4.5
0451459520,4,3.75
0451459539,2,4.0
0451459547,1,4.0
0451459598,1,5.0
0451459628,2,4.5
0451459741,2,4.0
0451459792,5,3.8
0451459806,5,4.6
0451459830,1,4.0
0451459873,2,5.0
0451459946,1,5.0
0451459962,1,5.0
0451460006,1,4.0
0451460081,1,5.0
045146009X,3,4.67
0451460103,2,4.5
0451460111,1,5.0
045146012X,1,4.0
0451460138,3,4.33
0451460189,1,4.0
0451460278,4,5.0
0451460294,3,5.0
0451460332,1,4.0
0451460340,1,4.0
0451460383,6,4.0
0451460405,1,4.0
0451460413,1,1.0
0451460464,7,4.43
0451523989,1,5.0
0451524071,1,5.0
0451524934,4,4.5
0451525264,2,4.0
0451525302,2,3.0
0451525620,1,5.0
0451526015,1,4.0
0451526554,3,4.33
0451526821,1,5.0
0451527046,1,2.0
0451527100,1,5.0
0451527534,1,5.0
0451527542,1,5.0
0451527577,1,5.0
0451527607,1,5.0
0451527747,1,4.0
0451528115,1,4.0
0451528212,1,2.0
0451528328,1,5.0
0451528816,2,5.0
0451529014,2,3.5
0451529022,1,2.0
0451529596,1,3.0
0451627156,1,5.0
0451627210,1,4.0
0451822196,1,5.0
0452008255,1,5.0
0452011019,1,3.0
0452011175,1,5.0
0452011604,1,3.0
0452011698,1,5.0
0452011876,3,5.0
0452254485,1,5.0
0452261910,1,4.0
0452262801,1,5.0
0452264537,1,5.0
0452265681,1,2.0
0452266556,1,5.0
0452266602,2,5.0
0452266696,1,1.0
0452267099,1,5.0
0452267560,1,5.0
0452269830,1,3.0
0452270782,1,5.0
0452270839,1,5.0
0452271878,5,5.0
0452272580,1,5.0
0452272955,1,5.0
0452273226,1,4.0
0452273404,1,4.0
0452273803,2,5.0
0452274648,1,5.0
0452274893,1,4.0
0452275652,1,5.0
0452275717,1,2.0
0452276594,2,3.5
0452277248,1,4.0
0452277701,1,5.0
0452279070,1,5.0
0452279577,1,5.0
0452279887,1,5.0
0452280524,2,4.0
0452280680,1,5.0
0452280826,1,4.0
0452281229,1,5.0
0452281296,2,3.5
0452281377,1,3.0
0452281423,1,2.0
0452281431,1,4.0
0452281458,1,4.0
0452281482,1,5.0
0452281547,1,5.0
0452281636,1,4.0
0452281768,1,4.0
0452281806,1,4.0
0452281903,1,5.0
0452282128,1,4.0
0452282136,1,1.0
0452282152,2,5.0
0452282195,1,5.0
0452282276,1,3.0
0452282772,2,4.0
0452282780,1,5.0
0452282810,1,5.0
0452282829,1,5.0
0452282950,1,4.0
0452283167,1,4.0
0452283205,3,3.67
0452283442,1,5.0
0452283485,1,2.0
0452283671,1,5.0
0452283779,1,4.0
0452283795,1,2.0
0452283833,1,2.0
0452283841,1,5.0
0452284007,1,4.0
0452284023,1,5.0
0452284058,1,5.0
0452284201,1,5.0
0452284252,1,4.0
0452284260,2,4.5
0452284449,3,4.67
0452284570,1,3.0
0452284686,1,5.0
0452284716,1,4.0
0452284732,1,5.0
0452284902,1,1.0
0452285011,1,4.0
0452285038,1,5.0
0452285143,1,4.0
0452285216,2,5.0
0452285410,1,5.0
0452285488,1,2.0
0452285755,1,5.0
0452285801,2,5.0
0452285895,1,5.0
0452285925,1,5.0
0452285933,4,3.5
0452285984,1,5.0
0452286034,3,3.67
0452286204,3,2.67
0452286239,3,4.67
0452286352,1,5.0
0452286409,2,5.0
0452286514,1,3.0
0452286530,1,4.0
0452286662,2,3.5
0452287200,1,4.0
0453007740,1,5.0
0453007856,1,4.0
0453008046,1,4.0
0458921009,1,5.0
0460876163,1,2.0
0465000711,1,5.0
0465000924,1,2.0
0465005527,1,4.0
0465006965,3,4.67
046500721X,3,5.0
0465007856,1,5.0
0465008003,1,5.0
046500802X,1,5.0
0465009689,4,4.0
0465011012,1,5.0
0465011020,4,4.5
0465013775,2,3.5
0465014232,1,5.0
0465014909,2,4.0
0465016154,2,5.0
0465016901,1,1.0
0465017193,3,3.67
0465017304,2,3.0
0465017681,1,5.0
046501769X,1,5.0
0465017746,1,2.0
0465018548,1,4.0
0465020909,1,2.0
0465020941,1,5.0
0465021530,1,5.0
0465022723,1,5.0
0465022812,1,4.0
0465022820,1,5.0
0465023290,1,4.0
0465023770,1,3.0
0465024777,3,3.67
0465025358,1,4.0
0465025676,1,2.0
0465026087,1,5.0
0465026222,1,3.0
0465027261,1,5.0
0465027458,3,2.67
0465027571,1,2.0
0465030823,1,4.0
0465030912,1,5.0
0465031161,4,3.75
0465032818,1,4.0
0465036562,2,4.5
0465036961,1,4.0
0465037283,1,4.0
046503828X,2,4.5
0465042260,1,3.0
0465043011,1,5.0
0465043089,1,5.0
0465043550,2,4.5
0465043674,1,5.0
0465043704,1,3.0
0465044263,2,4.0
0465046754,4,5.0
0465047238,1,1.0
0465047327,1,5.0
0465051359,1,3.0
0465054811,1,4.0
0465054862,2,4.0
0465057128,1,4.0
0465057918,1,3.0
0465062695,2,3.5
0465062806,1,5.0
0465062814,7,4.29
0465062873,1,5.0
0465067107,1,3.0
0465068855,1,2.0
0465069908,1,3.0
0465070736,1,5.0
046507135X,1,5.0
0465073158,1,5.0
0465073514,1,5.0
0465078362,1,5.0
0465078443,1,4.0
0465081436,2,4.0
0465081452,1,5.0
0465082270,1,5.0
0465083269,1,4.0
046508348X,1,4.0
046508561X,1,5.0
0465087302,1,5.0
0465087922,1,4.0
046508995X,2,5.0
0465090826,2,3.0
0465091121,1,4.0
0465091261,1,4.0
0465092624,1,5.0
0465092667,6,3.83
0465092810,1,5.0
0465092934,1,2.0
0465097200,1,3.0
046509838X,1,5.0
0470001887,1,1.0
0470012188,1,5.0
0470018925,2,5.0
0470020059,1,4.0
0470021306,1,5.0
0470023686,1,5.0
0470092238,1,4.0
0470821027,1,5.0
0470821310,1,4.0
0470821701,4,4.25
047083398X,1,5.0
0470834870,1,5.0
0470836091,1,5.0
0470843802,1,4.0
047084406X,1,5.0
0470846844,1,3.0
0470846909,1,5.0
0470848359,1,3.0
0470848391,1,3.0
0470848960,1,5.0
047086088X,2,5.0
0470862777,1,5.0
0470871563,1,3.0
0471017078,2,4.5
0471021520,1,3.0
0471023264,1,5.0
0471023299,1,5.0
0471027294,1,4.0
047103620X,1,1.0
0471036269,1,1.0
0471037397,1,5.0
0471042226,1,4.0
0471044091,1,5.0
0471045217,1,5.0
0471057002,1,1.0
0471059684,1,5.0
0471059706,2,5.0
0471063177,1,5.0
0471064289,1,5.0
0471081302,1,5.0
0471081868,1,4.0
0471089702,1,5.0
0471093157,1,5.0
0471095702,1,5.0
0471099554,1,3.0
0471099805,1,4.0
0471117099,1,2.0
0471120294,1,1.0
0471120901,1,5.0
0471121045,1,1.0
0471121207,1,4.0
0471121460,1,2.0
0471121754,1,2.0
0471123005,1,4.0
0471123498,1,5.0
0471130478,1,5.0
0471133302,1,3.0
0471134333,1,1.0
0471134481,1,4.0
0471135712,1,5.0
0471143146,1,5.0
0471143642,2,3.5
0471146099,1,1.0
0471147494,1,5.0
0471148792,1,5.0
0471149209,1,5.0
0471152099,2,4.5
047115279X,1,1.0
0471154105,1,4.0
0471154962,1,5.0
0471155144,1,5.0
0471156965,2,4.5
0471160652,1,3.0
0471164259,1,5.0
0471168572,5,4.8
047117663X,1,2.0
0471180009,2,4.5
047118117X,1,3.0
0471183490,1,4.0
0471189529,1,5.0
0471193372,1,5.0
047119350X,1,5.0
0471193771,1,3.0
0471200239,1,5.0
0471200247,1,5.0
0471202088,1,1.0
0471202495,2,4.0
0471202576,1,4.0
0471204013,1,5.0
0471204560,1,5.0
0471207683,3,3.0
0471212644,2,5.0
0471214620,4,4.75
0471215511,1,4.0
0471219630,1,4.0
047121972X,1,3.0
0471222860,1,5.0
0471223778,1,4.0
0471226408,1,4.0
0471226416,1,4.0
0471226483,1,4.0
0471227285,1,5.0
0471227293,1,5.0
0471228796,1,5.0
0471228958,1,5.0
0471229172,1,3.0
0471230650,1,5.0
0471232920,1,5.0
0471235172,1,4.0
047123592X,1,4.0
0471236403,1,1.0
0471237345,2,5.0
0471237620,1,3.0
0471242098,1,5.0
0471245305,1,3.0
0471247014,1,5.0
0471248363,1,3.0
047125049X,1,5.0
0471250600,1,4.0
0471250902,1,4.0
0471251658,1,3.0
0471252522,1,5.0
047126122X,1,4.0
0471262927,1,4.0
0471263761,1,4.0
0471265691,1,5.0
0471265721,1,5.0
0471266086,1,1.0
0471266094,1,5.0
0471267554,1,4.0
0471268089,1,5.0
047126914X,1,2.0
0471271233,1,5.0
0471272353,3,4.33
0471272426,1,5.0
0471272736,1,5.0
0471273430,1,3.0
0471273473,1,5.0
0471273511,1,1.0
0471274046,2,5.0
0471274232,1,4.0
0471281085,1,2.0
0471282952,1,2.0
0471283622,2,5.0
0471283908,1,5.0
0471285196,1,5.0
0471286168,1,5.0
0471286222,1,5.0
0471287857,2,5.0
0471290165,1,5.0
0471291862,1,5.0
0471292753,2,5.0
0471294284,1,5.0
0471295426,1,2.0
0471295809,1,4.0
0471306827,1,2.0
0471315850,1,4.0
0471316490,1,5.0
0471316989,1,5.0
0471318787,1,2.0
047132339X,3,4.33
0471323632,2,1.0
0471323659,1,2.0
0471323675,1,5.0
0471325465,1,3.0
0471326933,1,5.0
0471330019,1,4.0
0471331767,1,5.0
0471345547,1,3.0
0471346985,2,5.0
0471347418,1,1.0
0471347477,2,3.0
0471347574,1,5.0
0471348066,1,5.0
0471348104,1,4.0
0471348163,1,2.0
0471349623,1,5.0
0471349976,1,3.0
0471351679,1,3.0
0471352616,1,5.0
0471353124,1,4.0
0471353485,1,5.0
0471357316,1,3.0
0471357642,1,1.0
0471358460,1,4.0
0471358983,1,5.0
0471359254,3,5.0
047136178X,1,5.0
0471363448,1,5.0
0471363499,1,1.0
0471375233,1,1.0
0471380229,1,1.0
0471380237,2,3.5
047138254X,1,3.0
0471382574,3,4.67
0471383562,2,4.5
0471389455,1,5.0
0471390879,1,2.0
0471392286,1,3.0
0471393266,1,3.0
0471394203,6,4.17
0471394327,2,5.0
0471394475,1,1.0
0471395056,1,5.0
0471398101,1,2.0
0471398586,1,5.0
0471399183,1,3.0
0471400688,1,2.0
0471402737,1,1.0
0471405450,1,5.0
0471406724,1,5.0
0471409766,1,5.0
0471412937,1,2.0
0471414069,1,1.0
0471414115,1,5.0
0471414883,2,5.0
0471415014,1,5.0
0471415138,1,1.0
0471415715,1,5.0
0471418064,1,5.0
0471419796,1,5.0
047141980X,2,3.0
0471421197,1,3.0
0471423270,1,4.0
0471426245,2,5.0
0471428078,2,5.0
0471429570,1,4.0
0471429589,1,4.0
0471430005,1,5.0
0471432210,1,5.0
0471432458,1,5.0
0471432571,1,3.0
0471433381,1,4.0
0471433403,1,1.0
0471439975,1,5.0
047144118X,1,2.0
0471441562,1,3.0
0471442615,1,5.0
0471442763,2,5.0
0471443999,1,5.0
0471444936,1,5.0
0471445509,2,5.0
0471445940,1,5.0
0471450111,1,5.0
0471450553,1,5.0
0471451401,1,2.0
0471453803,1,4.0
0471453900,1,1.0
0471454036,1,5.0
047145415X,1,5.0
0471454400,1,5.0
0471457078,1,5.0
0471457329,1,1.0
0471458368,1,5.0
0471459445,1,5.0
0471462071,2,4.0
0471462314,2,5.0
047146256X,1,3.0
0471463310,2,2.5
0471463396,2,4.0
0471463612,1,4.0
0471464260,1,5.0
0471467634,1,4.0
0471468495,1,5.0
0471468525,1,1.0
0471469181,1,5.0
0471469513,1,1.0
0471470643,1,5.0
0471472565,1,5.0
047147357X,1,5.0
0471479616,2,4.0
0471479632,1,3.0
0471482056,1,4.0
0471484857,4,3.0
047148654X,1,4.0
0471487783,1,5.0
0471488526,1,1.0
0471489255,1,3.0
0471489441,1,5.0
0471490881,1,5.0
0471491195,2,5.0
0471497592,1,5.0
0471498629,1,5.0
047152218X,1,4.0
0471529125,1,4.0
0471530123,2,4.0
0471548340,1,5.0
0471548685,1,2.0
0471559563,1,4.0
0471566551,4,3.25
0471567043,1,5.0
0471569488,1,1.0
0471571660,1,3.0
0471572705,1,5.0
0471578142,1,3.0
0471581267,1,2.0
0471590991,1,2.0
0471592242,1,5.0
0471594237,1,3.0
0471601500,1,4.0
0471602450,1,1.0
0471603856,1,5.0
0471606952,1,2.0
0471612804,1,1.0
0471619108,1,5.0
0471619124,1,3.0
0471641383,1,5.0
0471647128,1,4.0
0471647144,2,5.0
0471647756,1,5.0
0471648116,2,3.0
0471648825,1,5.0
0471649848,1,5.0
0471650919,1,4.0
0471651133,1,5.0
0471652830,1,1.0
0471654647,1,2.0
0471654655,3,3.67
0471654671,1,5.0
0471655295,1,5.0
0471655333,1,3.0
0471655783,1,4.0
0471655848,1,3.0
0471656836,1,5.0
047165938X,1,1.0
0471660469,1,5.0
0471660485,1,2.0
0471662712,1,4.0
047166782X,1,5.0
0471668540,1,4.0
0471671584,1,3.0
0471675016,1,3.0
0471675024,1,5.0
0471677884,1,5.0
0471678465,1,5.0
0471678716,1,1.0
0471678783,1,5.0
0471679526,1,5.0
0471679984,1,5.0
0471681954,2,5.0
0471683345,1,5.0
0471683469,1,5.0
0471684058,1,4.0
0471684201,1,4.0
0471686158,1,3.0
0471686174,2,4.5
0471686832,1,4.0
0471687243,1,4.0
0471689807,1,5.0
0471690988,1,5.0
0471691887,1,5.0
0471692646,1,4.0
0471692794,5,4.6
0471692840,2,4.0
0471692867,1,2.0
0471694665,1,5.0
0471694797,3,4.67
0471694827,1,5.0
0471697036,2,5.0
0471697206,1,1.0
0471697710,1,5.0
0471703974,2,4.5
0471705284,1,5.0
0471706043,16,4.62
0471708755,1,5.0
0471710253,1,5.0
047171027X,5,4.4
0471710326,5,2.8
0471710490,1,1.0
0471711543,1,5.0
0471711721,1,5.0
0471711799,1,4.0
0471711802,1,5.0
0471712167,2,3.0
0471712345,1,4.0
0471713929,2,5.0
0471714399,2,5.0
0471715255,1,5.0
0471718351,3,3.33
0471718378,1,4.0
047171853X,1,5.0
0471718556,2,4.5
0471718564,2,3.5
0471718637,1,1.0
047171870X,2,4.0
0471719838,5,3.0
047171996X,1,3.0
0471720267,1,5.0
0471720631,1,5.0
0471720836,5,4.6
0471721115,1,5.0
0471728314,1,4.0
0471730440,2,4.5
0471731110,1,3.0
0471733873,1,3.0
0471735388,1,5.0
047173876X,4,4.75
0471741256,2,3.0
0471743178,1,4.0
0471745650,1,5.0
0471746010,12,2.58
0471862061,1,5.0
0471874388,1,5.0
0471877387,1,5.0
0471890847,1,5.0
0471899755,2,2.0
0471941867,1,4.0
0471958697,1,2.0
0471977497,1,4.0
0471978442,1,1.0
0471979589,1,4.0
0472012207,1,1.0
0472030663,1,5.0
0472031198,1,5.0
0472061003,1,3.0
047206889X,1,5.0
0472083341,1,5.0
047208447X,1,5.0
0472087835,1,5.0
0472098187,1,2.0
0472114379,1,5.0
0472114638,1,5.0
0472114697,1,5.0
0472114719,1,5.0
0473081768,1,1.0
0485175185,1,5.0
0486200558,1,4.0
0486200825,1,5.0
0486202577,1,3.0
0486203514,1,5.0
0486203980,1,3.0
0486203999,1,4.0
0486204928,1,3.0
0486204936,1,1.0
0486206165,1,5.0
048620653X,1,4.0
0486207463,1,5.0
048620779X,1,5.0
0486209415,1,4.0
0486211452,1,5.0
0486214370,1,5.0
0486216497,1,5.0
0486216500,1,3.0
0486220559,1,4.0
0486222543,1,3.0
0486227898,1,2.0
0486228045,1,3.0
0486228207,1,5.0
0486228703,3,5.0
048622905X,1,4.0
0486229076,1,5.0
048622970X,1,5.0
0486229904,1,5.0
0486230198,1,3.0
0486231917,1,4.0
0486232557,1,5.0
048623276X,1,5.0
0486232786,1,5.0
0486233286,1,4.0
0486233421,1,5.0
0486234118,1,4.0
0486234258,1,5.0
048623505X,1,3.0
0486235661,1,5.0
0486237419,1,5.0
0486238008,1,5.0
0486238156,1,4.0
0486239594,1,5.0
0486239950,1,5.0
0486241173,1,5.0
0486241386,1,3.0
0486241416,1,5.0
0486241785,1,5.0
0486244016,1,5.0
0486244776,1,5.0
048624590X,1,5.0
0486247392,1,5.0
0486247902,1,4.0
0486248232,1,5.0
0486248593,1,5.0
0486249859,1,4.0
0486250946,1,3.0
0486251659,1,5.0
0486251713,1,5.0
0486251748,1,3.0
048625237X,2,5.0
0486253414,1,1.0
0486253473,1,5.0
0486254119,1,5.0
0486254631,1,5.0
0486254860,1,5.0
0486255069,1,4.0
0486256235,1,1.0
0486259277,1,5.0
0486261808,1,5.0
0486263584,1,4.0
0486264645,1,5.0
0486265250,1,1.0
0486265439,1,5.0
0486266605,1,2.0
0486266826,1,3.0
0486267024,1,5.0
0486267156,1,5.0
0486267342,1,5.0
0486268454,1,4.0
0486268543,1,5.0
0486268772,1,5.0
0486269418,1,4.0
0486271269,1,4.0
0486272583,1,3.0
048627263X,1,5.0
0486272842,1,3.0
0486272982,2,4.5
0486275094,1,5.0
0486277135,1,2.0
0486277240,1,4.0
0486278484,1,2.0
0486278573,1,4.0
0486278816,2,4.5
0486280861,3,4.0
0486280934,1,5.0
0486282139,2,5.0
0486282759,1,4.0
0486283577,1,5.0
0486287378,1,4.0
0486290387,1,4.0
0486290522,1,2.0
0486291138,1,5.0
0486291332,1,4.0
0486291553,1,5.0
0486292622,1,5.0
0486292770,1,5.0
0486292916,1,1.0
048629322X,1,5.0
0486295850,1,5.0
0486296911,1,3.0
0486297055,1,1.0
0486297187,1,4.0
0486298116,1,4.0
0486298574,1,5.0
0486299988,1,5.0
0486400042,1,4.0
0486401200,2,5.0
0486401448,1,4.0
0486401782,1,4.0
0486401820,1,4.0
0486402215,1,4.0
0486402436,1,3.0
0486402762,1,5.0
0486402835,1,4.0
0486404293,1,4.0
0486404323,1,5.0
0486404471,1,4.0
0486404536,1,4.0
0486404676,1,5.0
0486404730,1,5.0
0486404846,2,4.5
0486404900,1,4.0
0486405613,1,4.0
0486405664,1,5.0
0486405710,1,5.0
0486407047,1,5.0
0486407225,1,4.0
0486407659,1,5.0
0486408531,1,5.0
0486408922,1,5.0
0486409163,1,5.0
048641034X,1,5.0
0486410927,1,5.0
0486411281,1,5.0
0486411559,1,5.0
0486412210,1,5.0
0486413500,1,4.0
0486414051,1,5.0
0486414094,1,3.0
0486414655,1,5.0
0486416380,1,4.0
0486417395,1,4.0
0486417409,1,5.0
0486419266,1,4.0
0486419290,1,3.0
0486419312,2,4.5
0486421244,1,5.0
0486421619,1,4.0
0486421678,1,5.0
0486421880,1,5.0
0486421961,1,5.0
0486422194,1,5.0
0486422585,1,5.0
0486423603,1,4.0
0486423972,1,3.0
0486424758,1,5.0
0486424790,1,5.0
0486425401,1,5.0
0486425576,1,1.0
0486426718,1,2.0
0486427080,1,5.0
0486427196,1,4.0
0486427501,1,3.0
048642765X,1,5.0
0486428060,1,1.0
048642832X,1,5.0
0486428389,1,5.0
0486428753,1,4.0
0486429768,1,5.0
0486429822,1,5.0
0486429857,1,4.0
0486429873,1,5.0
0486430197,1,3.0
0486430820,1,4.0
048643107X,1,4.0
0486431584,1,5.0
0486431622,1,1.0
0486432971,1,4.0
048643334X,1,5.0
0486433595,2,4.5
0486434753,1,5.0
0486435091,1,2.0
0486435458,1,5.0
0486436578,1,5.0
0486436780,1,5.0
0486436861,1,4.0
048643737X,1,5.0
0486438678,1,5.0
0486439283,1,4.0
0486441490,1,5.0
0486441989,1,3.0
0486443361,1,5.0
048649571X,1,5.0
048663518X,1,5.0
0486637603,1,5.0
048664670X,1,2.0
0486656764,1,5.0
0486659844,2,5.0
0486670473,1,5.0
048667164X,1,5.0
0486676285,1,4.0
0486689220,1,5.0
0486995283,1,4.0
0486995615,2,2.0
0486995690,1,4.0
050001664X,2,5.0
0500017980,2,4.0
0500018707,1,1.0
0500019053,1,5.0
0500050937,1,4.0
0500051054,1,5.0
0500051240,1,5.0
0500201803,1,1.0
0500203040,1,5.0
0500203474,1,5.0
0500231400,1,4.0
0500237956,1,4.0
0500238154,1,5.0
0500276161,1,4.0
0500276277,1,2.0
050027973X,1,4.0
0500280401,1,4.0
0500280428,1,2.0
0500282773,1,3.0
0500284415,1,5.0
0500284989,1,4.0
0500285373,1,4.0
0500285578,2,3.0
0500510180,1,3.0
0500511195,1,5.0
0500511756,1,5.0
0500512302,1,2.0
0500541876,1,2.0
0500680019,1,5.0
0500810125,1,5.0
0500810230,1,5.0
0500810303,1,4.0
0500810370,1,4.0
0500970130,1,5.0
0500974659,1,4.0
0500975906,1,5.0
0500976287,1,5.0
0505521393,1,1.0
0505524244,1,5.0
0505524449,1,5.0
050552452X,1,5.0
0505524724,1,5.0
0505524937,1,4.0
0505525119,1,5.0
0505525267,2,4.5
0505525321,1,5.0
0505525577,1,1.0
0505525593,1,4.0
0505525739,1,4.0
0505525747,3,4.33
0505525852,1,5.0
0505525925,1,1.0
0505526018,1,5.0
0505526107,3,2.33
050552614X,1,5.0
0505526220,1,4.0
0505526247,2,4.0
0505526263,3,4.33
0505526271,1,4.0
0505526328,1,5.0
0505526336,1,3.0
0505526344,1,4.0
0513017682,1,4.0
0513023380,1,5.0
0515037060,1,4.0
0515064149,1,5.0
0515068632,1,3.0
0515084557,1,5.0
051508901X,1,2.0
0515089761,1,5.0
0515089869,1,3.0
0515090050,1,4.0
0515090212,1,5.0
051509028X,1,5.0
0515090298,1,5.0
051509160X,1,5.0
0515093491,1,3.0
0515093556,1,5.0
0515103969,1,4.0
0515107662,2,3.0
0515110132,1,5.0
0515110396,1,2.0
0515114057,1,4.0
0515115649,1,5.0
0515115878,1,5.0
051511636X,1,3.0
0515117927,2,4.5
0515118656,1,4.0
0515123447,5,4.4
0515124893,1,5.0
0515126772,1,5.0
0515127221,1,5.0
0515127485,2,5.0
0515128635,3,4.0
051512866X,2,3.0
0515129496,1,3.0
0515130974,2,4.5
0515131229,1,5.0
0515131334,1,5.0
0515131555,1,3.0
051513175X,2,3.0
0515132020,1,5.0
0515132896,1,5.0
0515133310,2,3.5
0515133876,1,5.0
0515133973,1,2.0
0515134139,1,5.0
0515134406,1,5.0
0515134449,1,4.0
0515134457,1,2.0
0515134465,2,5.0
0515134473,1,5.0
0515134481,1,5.0
051513449X,2,5.0
0515134503,2,4.5
0515134511,1,4.0
0515134686,1,1.0
0515134899,1,5.0
0515135283,1,4.0
0515135356,1,5.0
051513595X,1,4.0
0515135968,1,5.0
0515136263,2,5.0
0515136387,1,4.0
0515136565,1,3.0
0515136816,2,2.5
0515137936,1,1.0
0515138150,2,4.0
051513841X,1,4.0
051513855X,1,4.0
0515138622,1,4.0
0515138657,7,4.57
0515138754,1,1.0
0515138819,4,3.75
0515138851,8,2.75
0515138975,1,1.0
0515139327,1,2.0
0515139467,3,3.67
0515139483,1,5.0
051513953X,1,4.0
0515139688,2,2.5
051513970X,3,4.0
0515139750,1,3.0
0516245627,1,5.0
0516265598,1,4.0
0516268139,1,4.0
051642274X,1,4.0
0517003937,1,4.0
0517004682,1,5.0
0517033607,1,5.0
0517052334,1,5.0
0517053616,1,1.0
0517057948,1,5.0
0517066467,1,4.0
051708242X,1,3.0
0517084724,1,5.0
0517091178,1,4.0
051709293X,1,3.0
0517103370,1,5.0
0517118319,1,1.0
0517118858,1,5.0
0517143909,1,5.0
0517148242,1,5.0
0517149257,1,5.0
0517159244,1,3.0
0517163101,1,5.0
0517169428,1,5.0
0517174960,1,5.0
0517187868,1,5.0
0517189682,2,4.5
0517201658,1,5.0
0517208334,1,5.0
0517220784,1,1.0
0517220849,1,3.0
0517220938,1,5.0
0517221160,1,5.0
0517222620,1,5.0
051722352X,1,5.0
0517268256,1,5.0
0517277956,1,3.0
0517331942,1,1.0
0517385554,1,5.0
0517412497,1,5.0
0517415283,2,5.0
0517467933,1,5.0
0517468921,1,4.0
0517501880,1,5.0
0517506637,1,4.0
0517526468,1,4.0
0517548232,1,5.0
0517556146,1,5.0
0517558661,1,2.0
051756078X,1,1.0
0517571285,1,5.0
0517573822,1,4.0
0517577291,1,4.0
0517578484,1,5.0
0517582228,1,4.0
0517584123,1,5.0
0517584301,1,4.0
0517586401,1,4.0
0517588374,1,5.0
0517592215,1,4.0
0517593025,1,2.0
0517595338,1,5.0
0517595370,1,5.0
0517596326,2,5.0
0517599252,1,5.0
0517599902,1,4.0
051770353X,1,3.0
0517703734,1,4.0
0517704862,1,5.0
0517706245,1,5.0
0517706709,1,4.0
0517709775,1,5.0
0517800748,1,5.0
0517880105,1,4.0
0517880539,1,4.0
0517880857,1,5.0
0517880946,1,5.0
0517884070,1,5.0
0517884313,1,5.0
051788433X,1,4.0
0517884534,1,4.0
0517885573,1,5.0
0517885794,1,5.0
0517886073,1,3.0
0517887266,1,3.0
0517887290,2,3.0
0517888440,2,5.0
0520003500,1,5.0
0520013549,1,5.0
0520013859,1,5.0
0520016106,1,5.0
0520025911,1,5.0
0520035453,1,5.0
0520036433,1,5.0
0520046951,1,4.0
0520049209,2,5.0
0520050630,1,2.0
0520056906,1,4.0
0520061942,1,5.0
0520062388,1,4.0
0520063341,1,4.0
0520063457,1,4.0
0520068513,1,5.0
0520071654,1,5.0
0520071751,1,4.0
0520072782,1,5.0
0520076656,1,4.0
0520081161,1,5.0
0520081838,1,4.0
0520082095,1,5.0
0520083423,1,5.0
0520083490,1,5.0
0520084357,1,5.0
0520085345,1,5.0
0520088085,1,5.0
0520088174,1,5.0
0520088611,1,3.0
0520200195,1,4.0
0520200551,1,4.0
0520202538,1,1.0
0520205014,1,5.0
0520208099,1,5.0
0520208455,1,5.0
0520212754,1,1.0
0520213696,1,2.0
0520214706,1,5.0
0520214927,1,5.0
0520215176,1,3.0
0520216768,1,4.0
0520217128,1,5.0
0520217888,1,5.0
0520218353,1,5.0
0520220765,1,5.0
0520221494,1,5.0
0520221699,1,3.0
0520221869,1,5.0
0520224116,1,5.0
0520224612,1,4.0
0520226291,1,4.0
0520227573,1,4.0
0520228723,1,4.0
0520229398,1,5.0
0520232712,1,5.0
0520234014,1,4.0
0520234081,1,4.0
0520235002,1,5.0
0520235134,1,4.0
0520235398,1,5.0
0520235509,1,2.0
0520235657,1,4.0
0520236742,1,1.0
0520236912,1,5.0
0520237102,1,4.0
0520237315,2,3.5
0520237560,1,4.0
0520238176,2,2.0
0520238303,1,5.0
0520238915,1,5.0
0520238923,1,5.0
0520239342,1,5.0
0520239407,2,3.0
0520239458,2,2.5
0520239482,1,5.0
0520239539,1,5.0
0520239598,1,3.0
0520239768,2,5.0
0520240111,1,5.0
0520240626,1,5.0
0520240731,1,5.0
0520241134,1,4.0
0520241193,1,3.0
0520241207,1,4.0
0520241320,1,5.0
0520243587,1,5.0
0520244486,1,4.0
0520245555,1,5.0
0520245989,3,5.0
0520246276,1,4.0
0520246500,1,5.0
0521001188,1,5.0
0521002303,1,2.0
0521003512,1,5.0
0521004640,1,2.0
0521007542,1,5.0
0521007747,1,5.0
0521008433,1,4.0
0521009529,1,5.0
0521009626,2,4.5
0521010683,4,4.5
0521011698,1,5.0
0521013364,1,1.0
0521017157,1,5.0
0521150345,1,5.0
0521150744,2,4.0
0521220963,1,4.0
0521226449,1,5.0
0521269083,1,4.0
0521281695,1,5.0
0521284147,1,4.0
0521286239,1,4.0
0521312523,1,5.0
0521321107,1,5.0
052134770X,2,3.0
0521356911,1,5.0
0521361001,1,4.0
0521370957,2,3.5
0521377986,1,4.0
052138835X,1,4.0
0521389763,1,5.0
0521395658,1,3.0
052140262X,1,5.0
0521403170,1,4.0
0521407834,1,5.0
052141086X,1,5.0
0521425344,1,5.0
0521426006,1,5.0
0521429935,1,4.0
0521437741,1,4.0
0521438330,1,5.0
0521443423,1,5.0
0521446635,1,5.0
0521447933,1,4.0
0521447941,1,5.0
0521449901,1,4.0
0521452880,1,4.0
0521457602,1,5.0
0521475732,1,3.0
0521477352,1,5.0
0521481406,1,5.0
0521483476,1,5.0
0521485134,1,5.0
0521498821,1,4.0
0521508797,2,5.0
0521509181,1,5.0
0521509556,1,5.0
0521513049,1,5.0
0521513057,1,3.0
0521520436,1,5.0
0521520665,1,4.0
0521522676,1,5.0
0521524229,1,4.0
0521524296,1,5.0
052152556X,1,4.0
0521526825,1,4.0
0521527333,1,5.0
052152735X,1,4.0
0521529166,2,5.0
0521530083,1,4.0
0521530326,1,5.0
0521530814,1,5.0
0521531829,1,4.0
0521533902,1,5.0
0521536987,1,5.0
0521537711,1,5.0
0521537770,1,4.0
0521538467,1,2.0
0521539277,1,5.0
0521540364,1,5.0
052154243X,1,5.0
0521542545,1,4.0
0521543541,1,5.0
0521544149,1,5.0
0521545773,1,3.0
0521547687,1,5.0
0521558727,1,5.0
0521558794,1,5.0
0521559871,1,5.0
0521566827,1,5.0
0521567041,1,5.0
0521572134,1,4.0
0521572738,1,5.0
0521574684,1,3.0
0521575842,1,3.0
0521578515,1,3.0
0521578833,1,1.0
0521585627,1,4.0
0521586054,1,3.0
0521589878,1,4.0
0521592364,1,4.0
0521595126,1,3.0
0521597412,1,4.0
0521598869,1,4.0
0521599423,1,4.0
0521600960,1,2.0
052160415X,1,5.0
0521604982,1,5.0
0521607841,1,5.0
052161242X,1,5.0
0521613701,1,5.0
0521618231,1,5.0
0521629519,1,5.0
0521633966,1,3.0
0521639891,1,3.0
0521642914,1,5.0
0521644240,1,1.0
0521646960,1,5.0
052164819X,1,2.0
0521651956,1,5.0
0521655366,1,2.0
0521659388,1,2.0
0521659604,1,5.0
0521664454,1,4.0
0521665140,1,5.0
0521666228,1,5.0
0521669502,1,4.0
0521774659,1,3.0
0521774780,1,4.0
0521775043,1,5.0
0521775906,1,5.0
0521775930,2,5.0
0521775949,2,5.0
0521781906,1,5.0
0521800226,1,1.0
0521804477,1,4.0
0521804922,1,5.0
0521809185,1,5.0
0521821126,1,5.0
0521821495,2,5.0
0521822335,1,4.0
0521822815,1,5.0
0521824095,1,4.0
0521824893,1,4.0
0521825385,1,5.0
0521826462,1,5.0
0521827787,2,5.0
0521828058,1,5.0
0521828651,1,5.0
0521831431,3,5.0
0521836123,1,5.0
0521837332,1,5.0
0521838053,1,5.0
0521838347,2,4.0
0521843138,1,4.0
0521843863,1,5.0
052184455X,1,4.0
0521846781,1,4.0
0521852137,1,2.0
0521853044,1,4.0
0521853249,1,5.0
0521853575,1,4.0
0523009011,1,4.0
052524333X,1,5.0
0525243909,1,5.0
0525245472,1,4.0
0525247491,1,3.0
0525248323,1,3.0
0525446443,2,5.0
0525452540,1,5.0
0525455914,1,4.0
0525456074,1,5.0
0525457232,1,5.0
0525458344,1,5.0
0525461221,1,5.0
0525462325,1,1.0
0525467149,1,5.0
0525467238,1,4.0
0525467262,2,5.0
0525467343,1,5.0
0525468285,1,5.0
0525469087,2,4.0
0525470662,1,5.0
0525471308,1,5.0
0525471332,1,5.0
0525471340,2,5.0
0525471669,1,4.0
0525471790,1,5.0
0525471863,1,5.0
0525472185,2,5.0
0525472975,1,5.0
0525473106,1,5.0
0525473114,1,5.0
0525474072,1,5.0
0525474293,2,5.0
0525475060,2,5.0
0525476229,1,4.0
0525480196,1,4.0
0525483810,1,4.0
0525485449,1,3.0
0525652159,1,5.0
0525934014,1,5.0
0525934189,1,5.0
0525944729,1,4.0
052594527X,1,2.0
0525945792,1,5.0
0525945814,1,4.0
0525946047,1,2.0
0525947337,1,5.0
052594754X,3,3.67
0525947663,1,4.0
0525947671,1,3.0
0525947736,1,4.0
0525947906,1,3.0
0525947965,1,5.0
0525948023,1,5.0
0525948066,1,2.0
0525948082,1,2.0
0525948228,1,4.0
0525948236,1,5.0
0525948244,1,3.0
0525948414,1,5.0
0525948422,2,5.0
0525948430,1,5.0
0525948449,2,3.5
0525948570,1,3.0
0525948597,2,4.5
0525948600,2,2.5
0525948635,1,5.0
0525948643,1,5.0
0525948678,1,5.0
0525948740,5,4.4
0525948767,2,5.0
0525948775,1,5.0
0525948783,5,4.2
0525948791,1,5.0
0525948805,1,4.0
052594883X,1,5.0
0525948864,3,4.33
0525948899,2,4.5
0525948910,2,4.5
0525949046,1,5.0
0525949070,2,5.0
0525949100,2,5.0
0527763160,1,5.0
0528177907,1,4.0
0528825062,1,5.0
0528845454,1,5.0
0528845500,1,5.0
0528853392,2,5.0
0528854429,1,4.0
0528855832,1,5.0
0528857142,1,5.0
052895587X,1,5.0
0528978101,1,4.0
0528999427,1,1.0
0529064634,1,3.0
0529068133,1,1.0
0529107724,1,5.0
0529109530,1,5.0
0529110563,1,5.0
0531009165,1,5.0
0531037177,1,5.0
0531058417,1,5.0
053105859X,1,4.0
053105893X,1,4.0
0531071421,1,5.0
0531094642,1,5.0
0531159671,1,4.0
0531167410,1,4.0
0531301559,1,5.0
0531302091,1,4.0
0531303128,1,3.0
0533076234,1,3.0
053309108X,1,1.0
0533108357,1,5.0
0533120233,1,2.0
0533128595,1,5.0
0533145481,1,5.0
0533146526,1,5.0
0533148588,1,5.0
0533148693,1,5.0
0533148898,1,5.0
0533149568,1,4.0
0533151694,5,4.2
0534217508,1,5.0
0534243126,1,4.0
0534260349,1,2.0
0534261485,1,3.0
0534357822,1,5.0
0534358659,1,5.0
0534359450,1,4.0
0534359493,1,3.0
0534362206,1,5.0
0534367577,1,2.0
0534381308,1,2.0
0534382665,1,3.0
0534389937,1,1.0
0534393217,1,1.0
0534393608,1,4.0
0534397719,2,4.0
0534397980,1,3.0
0534408427,1,2.0
0534419232,1,5.0
0534434576,1,5.0
0534504795,1,4.0
0534522513,1,5.0
0534523625,1,5.0
0534574335,1,5.0
0534574424,1,4.0
0534575951,1,2.0
0534586988,1,4.0
0534587437,1,5.0
0534590047,1,2.0
0534599044,1,5.0
0534600085,1,1.0
0534602460,3,4.67
0534603092,2,4.5
0534607004,1,5.0
0534610927,1,5.0
0534614256,1,3.0
0534624022,1,5.0
0534624871,1,4.0
0534631479,1,4.0
0534632645,1,5.0
0534635172,1,5.0
0534640958,1,5.0
0534948545,1,5.0
0534948847,1,5.0
0534952623,1,3.0
0534997236,2,1.0
0536613443,1,5.0
0538688335,1,5.0
0552146986,1,5.0
0552147419,1,4.0
055215069X,1,5.0
0552997331,1,5.0
0552997862,1,3.0
0553011359,1,5.0
0553012967,1,5.0
0553014080,1,5.0
0553050443,1,4.0
0553050737,1,5.0
0553058819,1,4.0
0553061771,1,4.0
0553062182,1,5.0
0553062204,1,5.0
0553067966,1,5.0
055306908X,1,5.0
0553069160,1,5.0
0553070304,1,5.0
0553071807,1,5.0
055309503X,1,5.0
0553096087,1,5.0
0553103741,1,4.0
0553105736,2,5.0
0553106236,1,3.0
0553108301,1,4.0
0553109642,1,5.0
0553110721,1,2.0
055311073X,1,4.0
0553111337,1,5.0
0553137522,1,5.0
0553138243,1,5.0
0553139789,1,2.0
0553141392,1,4.0
0553142879,1,3.0
0553154524,1,5.0
0553196529,1,5.0
0553200054,1,5.0
0553201972,1,3.0
0553208055,1,5.0
0553208845,2,5.0
0553210351,2,5.0
0553210823,1,5.0
0553211161,1,5.0
0553211757,1,5.0
0553212044,1,5.0
0553212168,1,5.0
0553212184,1,5.0
055321229X,2,5.0
0553212451,1,5.0
055321263X,2,4.5
0553212737,1,5.0
0553212788,3,4.67
0553213105,1,5.0
0553213172,1,5.0
0553213237,1,2.0
0553213415,1,4.0
055321344X,1,5.0
0553213695,1,3.0
0553213768,1,5.0
0553213873,1,5.0
0553214144,1,4.0
0553214225,1,5.0
0553214446,1,5.0
0553216260,1,4.0
0553231804,1,2.0
0553238124,1,4.0
0553238671,1,3.0
0553245767,1,5.0
0553246259,1,4.0
0553248138,1,5.0
0553248790,1,5.0
0553251473,1,4.0
0553252968,1,5.0
0553255649,1,4.0
0553255711,1,2.0
0553256742,1,5.0
0553257781,1,2.0
0553257978,1,4.0
0553260510,1,5.0
0553262505,1,3.0
0553263153,2,4.5
0553263811,1,5.0
055326382X,1,3.0
0553264591,1,5.0
0553265962,1,5.0
0553266578,1,1.0
0553268465,1,5.0
0553268880,1,5.0
0553268929,1,5.0
0553268937,1,4.0
0553270079,1,5.0
0553270257,1,5.0
0553270494,1,4.0
0553271458,1,4.0
0553271822,1,5.0
0553271989,1,5.0
0553271997,1,5.0
0553272535,1,5.0
0553272950,2,5.0
0553273914,2,4.5
0553274406,1,3.0
0553275852,1,4.0
0553276328,1,5.0
0553276387,1,4.0
0553276735,2,4.5
0553277537,1,5.0
055327757X,1,1.0
0553278746,1,2.0
0553279025,1,4.0
0553279602,1,3.0
0553279726,1,5.0
055327998X,1,5.0
0553280333,1,5.0
0553280376,1,5.0
0553280414,1,5.0
0553280643,1,2.0
0553281003,1,4.0
0553282034,1,5.0
0553283685,2,4.0
0553283960,1,5.0
0553284363,1,5.0
0553287532,1,5.0
0553287737,1,3.0
0553288555,1,5.0
0553289209,1,5.0
0553289993,1,4.0
0553290320,1,5.0
0553290401,1,5.0
055329105X,1,2.0
0553291831,1,1.0
0553294385,1,5.0
0553295608,1,4.0
0553296892,1,5.0
0553296981,1,5.0
0553298178,1,2.0
0553299239,1,2.0
0553299484,1,1.0
0553299573,1,4.0
0553333062,1,5.0
0553342444,1,4.0
0553342533,1,5.0
0553343874,1,1.0
0553344196,1,1.0
055334630X,1,5.0
0553347594,2,4.0
055334935X,1,5.0
0553349708,3,4.67
0553351370,1,5.0
0553351397,2,5.0
055335275X,2,4.5
055335339X,1,4.0
0553354892,1,5.0
0553371037,1,5.0
0553371657,1,5.0
0553373153,1,5.0
055337365X,1,5.0
0553373730,1,5.0
0553374524,1,2.0
0553375067,1,5.0
0553375172,1,1.0
0553375261,1,1.0
0553375407,5,4.2
0553378058,1,5.0
0553378252,9,4.0
0553378295,2,3.0
0553378341,1,2.0
0553378384,2,5.0
0553378546,2,4.0
0553378651,1,5.0
0553378767,5,4.2
0553378929,1,5.0
0553379011,1,5.0
0553379259,1,2.0
0553379267,1,5.0
055337933X,2,4.5
0553379593,1,5.0
0553379658,1,3.0
0553379771,1,5.0
055337981X,1,5.0
0553379887,2,5.0
0553380168,2,4.5
0553380303,1,3.0
0553380362,1,5.0
0553380397,3,4.0
0553380494,1,5.0
0553380516,1,1.0
0553380524,1,4.0
0553380567,1,5.0
0553380648,1,5.0
055338077X,1,5.0
055338080X,1,1.0
0553380842,2,5.0
0553380907,1,5.0
0553380958,3,4.0
0553381032,1,4.0
0553381156,3,5.0
0553381229,1,5.0
0553381393,1,5.0
0553381407,4,4.75
0553381423,1,4.0
0553381431,1,4.0
0553381466,9,4.89
0553381490,1,5.0
055338158X,1,5.0
0553381822,1,5.0
0553381903,1,5.0
0553381970,1,5.0
0553382047,1,1.0
0553382098,1,5.0
0553382136,4,4.75
0553382152,1,5.0
0553382160,1,1.0
0553382179,7,4.57
0553382209,2,4.5
0553382241,1,5.0
055338225X,1,4.0
0553382411,1,1.0
0553382497,1,1.0
0553382896,2,5.0
055338290X,2,4.5
0553382918,1,5.0
0553382950,2,5.0
0553382969,3,4.0
0553382985,1,4.0
0553383051,3,4.33
0553383256,1,3.0
0553383396,1,5.0
0553383434,1,3.0
0553455621,1,3.0
0553456067,1,5.0
0553456121,2,4.0
0553456539,1,5.0
0553471341,1,4.0
0553473468,1,5.0
0553493612,1,4.0
055349368X,1,3.0
055349435X,1,5.0
0553494376,1,5.0
0553494392,1,2.0
0553526316,1,5.0
0553560255,1,5.0
0553560263,1,4.0
0553561189,1,5.0
055356241X,1,5.0
0553562649,1,5.0
0553562738,4,4.0
0553563513,1,4.0
0553563939,1,4.0
0553564560,1,5.0
0553564943,1,2.0
0553565699,2,4.5
0553565915,3,4.67
0553568132,1,4.0
0553568922,1,2.0
0553569031,2,4.0
0553569155,1,5.0
0553569406,1,5.0
0553569473,1,2.0
055356997X,1,5.0
0553571656,2,5.0
0553572040,1,5.0
055357339X,4,2.75
0553573403,9,4.44
055357342X,2,5.0
0553573985,1,1.0
0553573993,2,4.0
0553574132,1,5.0
0553574167,1,3.0
0553574175,1,3.0
0553574221,1,4.0
0553574256,1,1.0
0553574280,1,5.0
055357440X,1,4.0
0553574566,1,5.0
055357485X,1,5.0
0553575244,1,1.0
0553575384,1,5.0
0553575422,2,5.0
0553575430,1,5.0
0553575635,2,4.5
0553575643,1,5.0
0553575651,3,4.33
0553575937,1,5.0
0553576232,1,1.0
0553576801,1,5.0
0553577239,2,1.5
0553577255,1,3.0
055357759X,1,4.0
0553577816,1,5.0
0553578227,1,3.0
0553578405,1,4.0
0553578790,1,3.0
055357910X,1,5.0
0553579193,1,5.0
055357924X,1,5.0
0553579304,1,5.0
0553579312,1,5.0
0553579703,1,2.0
0553579908,3,5.0
0553580221,1,2.0
0553580280,1,5.0
0553580337,1,4.0
0553580531,3,5.0
0553580833,1,1.0
0553580906,1,4.0
0553581058,1,3.0
0553581279,1,5.0
0553581406,1,5.0
0553581503,1,5.0
0553581643,1,4.0
0553582100,1,3.0
0553582453,1,5.0
0553582461,1,5.0
0553582526,1,5.0
0553582712,1,4.0
0553582747,1,5.0
0553582763,1,3.0
0553582860,1,2.0
0553582895,1,4.0
0553582925,1,3.0
0553583174,1,5.0
0553583182,3,3.33
0553583379,1,4.0
0553583433,1,4.0
0553583565,1,3.0
055358376X,1,3.0
0553584065,1,5.0
0553584367,1,5.0
0553584375,1,2.0
0553584499,1,4.0
0553584502,1,4.0
0553584529,1,4.0
0553584715,3,2.67
0553584758,1,4.0
0553584790,1,5.0
0553585495,1,5.0
0553585894,1,5.0
0553586033,1,5.0
0553586106,1,4.0
0553586424,1,3.0
0553586459,1,4.0
0553586599,1,5.0
055358667X,1,4.0
0553586688,1,2.0
0553586696,1,3.0
055358670X,1,3.0
0553586742,1,5.0
0553586769,1,5.0
0553586920,1,4.0
0553586939,1,5.0
0553586971,1,2.0
0553587064,4,5.0
0553587072,1,5.0
0553587080,5,4.4
0553587196,1,4.0
055358720X,1,4.0
0553587242,1,3.0
0553587307,2,5.0
0553587382,2,4.0
0553587412,2,5.0
0553587439,1,3.0
0553587501,3,5.0
0553587536,1,5.0
055358782X,1,4.0
0553587889,7,4.71
0553587897,8,4.25
0553587986,1,5.0
0553712233,1,5.0
0553714759,1,4.0
0553714783,1,4.0
0553756362,1,5.0
0553762044,1,5.0
0553763008,1,4.0
0553763067,1,4.0
055380121X,1,5.0
0553801309,2,3.0
0553801392,1,5.0
0553801430,1,4.0
0553801511,1,4.0
0553801643,2,4.5
0553801856,1,5.0
055380197X,8,4.62
0553802070,1,5.0
0553802259,1,5.0
0553802496,1,4.0
055380250X,1,3.0
0553802534,2,3.5
0553802550,1,5.0
0553802577,1,4.0
0553802984,1,4.0
0553803018,2,4.5
0553803077,1,4.0
0553803174,3,3.67
0553803239,1,3.0
0553803301,1,4.0
0553803425,4,3.0
0553803492,1,5.0
0553803530,2,4.5
0553803638,1,4.0
0553803964,2,5.0
0553804006,1,5.0
0553804022,1,4.0
0553804146,5,4.2
0553804154,10,4.1
0553804480,1,4.0
0553804510,2,1.5
0553814591,1,5.0
0553814826,1,5.0
0563384573,1,5.0
0563486228,1,5.0
0563486244,2,1.5
0563486287,1,4.0
0563487933,1,5.0
0563494298,1,5.0
0563521651,1,5.0
0563524030,1,5.0
0563538651,1,4.0
0566079623,1,3.0
0567088103,1,5.0
0570005051,2,5.0
0570032482,1,5.0
0570038685,1,5.0
0570046351,1,5.0
0571130135,1,5.0
0571144543,1,4.0
0571154611,1,4.0
0571169341,1,5.0
0571179959,1,5.0
057119382X,1,5.0
0571198775,1,3.0
0571199607,1,4.0
0571202284,1,3.0
0571205070,1,5.0
0571206638,1,4.0
0571207391,1,3.0
0571208002,1,4.0
0571210562,1,4.0
057121102X,1,5.0
0571211143,1,3.0
0571211380,1,5.0
0571211550,1,5.0
0571211585,1,5.0
0571211747,1,4.0
0571211933,1,4.0
0571211941,2,3.0
0571216714,1,5.0
0571219292,1,4.0
0571219675,1,5.0
057122606X,1,5.0
0571229948,1,5.0
0572026080,1,2.0
0572028504,1,5.0
0573699216,1,5.0
0575070285,1,5.0
0575070943,1,4.0
0575071443,1,5.0
0575074019,1,5.0
0575075260,1,4.0
0575075589,1,5.0
0575603526,1,4.0
0582019850,1,5.0
0582247373,1,5.0
0582278430,1,4.0
058228452X,1,5.0
0582323843,1,4.0
0582367506,1,4.0
0582382106,1,5.0
0582411599,1,5.0
0582505798,1,5.0
0582550416,1,1.0
0582553776,1,5.0
0582772729,1,4.0
0582776465,1,5.0
0582784824,1,1.0
0586043918,1,3.0
0586200290,2,5.0
0590000861,1,5.0
059001546X,1,1.0
059004320X,1,5.0
0590050435,1,5.0
0590058991,1,3.0
0590068822,1,2.0
0590078445,1,5.0
0590129996,1,4.0
0590187325,1,5.0
0590251058,1,4.0
0590259385,2,5.0
0590305646,1,5.0
0590316826,1,5.0
0590337475,1,4.0
0590353403,6,4.67
0590360809,1,5.0
059037866X,1,5.0
0590383892,1,2.0
0590386085,1,5.0
0590393774,1,4.0
0590396056,1,5.0
0590403605,1,3.0
0590409433,1,5.0
0590410563,1,4.0
0590417010,3,5.0
0590428594,1,4.0
0590434292,1,5.0
0590441515,1,5.0
0590445103,1,5.0
059044736X,1,4.0
0590448501,1,5.0
0590462954,1,5.0
0590489135,1,4.0
0590489917,1,5.0
0590495100,1,5.0
0590495429,1,5.0
0590632752,1,5.0
0590634747,1,5.0
0590649493,1,3.0
0590662635,1,5.0
059076263X,1,4.0
0590825194,1,3.0
059084475X,1,5.0
059089644X,1,4.0
0590922513,1,5.0
0590929976,2,5.0
0590956175,1,4.0
0595002021,1,5.0
0595003451,1,5.0
0595004393,1,4.0
0595089887,1,2.0
059509113X,1,5.0
0595092969,1,5.0
0595095615,1,1.0
0595098002,2,3.0
059509838X,1,5.0
0595099874,1,5.0
0595124844,2,3.0
0595128165,1,5.0
0595130577,1,4.0
0595131204,1,5.0
0595136648,1,5.0
0595137555,1,5.0
0595141552,1,5.0
0595143350,1,4.0
059514618X,2,2.5
059514781X,1,5.0
0595149251,1,5.0
0595150624,1,5.0
0595151965,1,4.0
059515414X,1,4.0
0595164625,1,5.0
0595166415,1,1.0
059516708X,3,1.33
0595167950,1,4.0
0595168493,1,4.0
0595168639,1,4.0
0595171672,1,1.0
0595171761,1,2.0
0595176208,1,5.0
059517793X,1,5.0
0595181422,1,5.0
059518717X,1,1.0
0595187293,1,5.0
0595193196,1,2.0
0595193811,1,4.0
0595197124,1,4.0
059519897X,2,5.0
0595199550,1,5.0
0595200737,1,5.0
0595201075,1,2.0
0595201687,2,3.0
0595202217,1,5.0
0595208460,1,2.0
0595210597,1,5.0
059521083X,1,5.0
0595214231,1,5.0
0595215041,1,5.0
0595217141,2,2.0
0595218792,1,5.0
0595219624,1,1.0
0595220517,2,4.0
059522055X,1,1.0
0595222196,1,5.0
0595224687,1,2.0
0595226817,1,3.0
0595233163,1,5.0
0595233988,1,2.0
0595234135,1,1.0
0595241220,1,5.0
059524159X,1,5.0
0595246184,1,1.0
059525070X,2,1.5
059525425X,1,4.0
0595257445,1,5.0
0595258441,1,3.0
059526106X,1,3.0
0595261388,1,3.0
0595263763,1,5.0
0595264077,1,4.0
0595265855,2,1.0
059526588X,1,1.0
059526882X,3,3.67
0595274803,1,5.0
0595275052,1,4.0
0595275893,1,1.0
0595276644,1,5.0
0595279554,1,4.0
059528003X,1,3.0
0595280285,1,5.0
0595281257,1,4.0
0595281648,1,5.0
0595282202,3,2.0
0595282563,1,4.0
0595284124,1,5.0
0595287034,1,5.0
0595288413,1,5.0
0595289479,1,5.0
0595290043,2,4.5
0595290671,1,1.0
0595291139,1,5.0
0595291236,1,1.0
0595291333,1,5.0
0595291589,1,5.0
0595291953,1,3.0
059529393X,1,2.0
0595294049,1,5.0
0595295061,1,5.0
0595296602,1,5.0
0595296629,1,5.0
0595297218,1,2.0
0595297390,2,5.0
0595297846,1,5.0
059529796X,1,5.0
059529894X,1,2.0
0595299687,1,5.0
0595300243,1,2.0
0595301150,1,5.0
0595301398,1,1.0
0595304206,1,1.0
0595304907,1,1.0
0595305083,1,5.0
0595307337,1,1.0
0595307477,1,5.0
0595307566,2,3.5
0595308376,1,1.0
0595308430,1,2.0
059530897X,1,4.0
0595309585,1,1.0
0595310575,1,5.0
0595311784,1,1.0
0595312500,1,5.0
0595313094,1,5.0
0595313159,1,5.0
0595314384,1,4.0
0595314872,1,3.0
059531547X,1,3.0
0595315593,1,2.0
0595316700,1,5.0
0595316840,1,1.0
0595317073,1,1.0
0595317588,1,5.0
0595317979,1,5.0
0595318096,1,5.0
0595319165,1,5.0
059532259X,1,4.0
0595323480,1,1.0
0595324452,1,5.0
0595324916,1,5.0
0595325009,1,4.0
0595325076,1,3.0
0595325092,1,5.0
0595325114,2,4.0
0595325300,1,4.0
0595325327,2,4.0
059532603X,1,5.0
0595326390,1,2.0
0595326404,1,4.0
0595326641,1,4.0
0595326668,1,1.0
0595326951,1,4.0
0595327214,1,4.0
0595327516,2,2.0
0595328172,1,5.0
0595329179,1,5.0
0595329586,2,4.5
0595330029,1,5.0
0595331181,1,5.0
0595331793,1,3.0
0595332080,2,5.0
0595332455,1,5.0
0595332927,1,4.0
0595333052,2,4.5
0595333869,1,5.0
0595335594,1,1.0
0595335659,1,5.0
059533590X,1,5.0
0595335950,2,1.0
0595336647,1,4.0
0595336663,1,5.0
0595337465,2,4.5
0595337562,1,4.0
0595337716,1,5.0
059533816X,1,5.0
0595338283,1,5.0
0595338402,1,5.0
0595338712,1,1.0
0595338992,1,5.0
0595339085,1,5.0
0595339239,1,5.0
059534075X,1,5.0
0595341136,1,4.0
0595341403,1,5.0
0595341438,1,4.0
0595341632,1,5.0
0595341683,1,5.0
059534187X,2,5.0
0595341985,1,1.0
0595343120,1,5.0
0595343384,1,5.0
0595343740,1,5.0
0595344550,4,2.0
0595344720,1,5.0
0595344887,1,5.0
0595344933,1,5.0
059534495X,1,5.0
0595345662,1,4.0
0595345689,1,5.0
0595345948,1,5.0
0595345956,1,4.0
0595346073,1,4.0
0595346138,1,5.0
0595346626,3,3.33
0595346634,1,5.0
0595346782,2,2.0
059534724X,1,5.0
0595347444,1,4.0
0595347622,3,5.0
0595348149,1,5.0
0595348203,1,5.0
0595348319,1,3.0
0595348505,1,5.0
0595348653,1,5.0
0595348998,1,5.0
0595349617,2,5.0
0595349641,1,5.0
0595349684,1,3.0
0595350135,1,4.0
0595350291,1,5.0
0595350313,1,2.0
0595350712,1,5.0
0595350887,1,5.0
0595351328,1,5.0
0595354483,1,4.0
0595355005,2,4.0
0595355048,1,1.0
0595355277,1,5.0
0595355358,1,5.0
0595355382,1,4.0
0595355900,3,4.33
0595356141,1,5.0
0595356605,1,5.0
0595356974,3,5.0
0595357016,6,4.17
0595357180,1,5.0
0595357393,1,5.0
0595357962,1,5.0
0595358195,1,1.0
059535887X,1,4.0
0595359140,1,5.0
0595360084,1,5.0
0595360920,2,5.0
0595361641,1,5.0
0595361900,1,5.0
0595362346,1,4.0
0595363024,1,5.0
0595364624,1,5.0
0595365124,1,4.0
059536554X,1,3.0
0595367755,1,5.0
0595368239,1,1.0
0595651542,1,3.0
0595660622,1,5.0
0595662641,1,5.0
0595664407,1,5.0
059566444X,1,5.0
0595669964,1,5.0
0595670016,1,2.0
0595670784,1,5.0
0595672752,1,5.0
0595673058,1,5.0
0595771483,1,2.0
0596000081,1,4.0
0596000480,1,5.0
059600060X,1,3.0
0596000669,1,5.0
0596000847,1,5.0
0596001738,1,5.0
0596001770,1,4.0
0596001932,1,5.0
059600222X,1,1.0
0596002432,1,5.0
0596002610,1,4.0
0596002734,1,4.0
0596002890,4,4.5
0596003013,1,3.0
0596003021,1,5.0
0596003064,1,5.0
0596003072,1,4.0
0596003161,1,5.0
0596003285,1,4.0
0596003307,1,5.0
0596003390,1,5.0
0596003471,3,5.0
0596003498,2,5.0
0596003595,1,4.0
0596003676,1,5.0
0596003765,2,4.0
0596003811,1,4.0
059600382X,1,4.0
0596003870,1,5.0
0596003897,1,5.0
059600396X,1,5.0
059600415X,1,5.0
0596004281,1,3.0
059600432X,1,4.0
0596004508,1,2.0
0596004532,6,4.5
0596004567,1,3.0
0596004648,5,4.6
0596004656,5,4.6
0596004672,2,3.5
0596004710,1,5.0
0596004753,1,4.0
0596004826,1,5.0
0596004893,1,5.0
0596005040,1,5.0
0596005253,1,5.0
059600530X,1,5.0
0596005385,1,5.0
0596005407,7,4.43
0596005458,1,4.0
0596005520,1,5.0
0596005555,1,2.0
0596005601,2,2.5
0596005636,2,2.5
0596005660,1,5.0
0596005709,1,3.0
0596005717,2,3.5
0596005768,2,2.5
0596005830,1,5.0
0596005857,1,4.0
0596006098,1,3.0
0596006101,1,4.0
0596006136,1,4.0
0596006152,2,5.0
0596006187,9,4.44
059600625X,1,4.0
0596006276,5,3.4
0596006314,2,5.0
0596006322,1,2.0
0596006330,2,5.0
0596006438,1,2.0
0596006519,3,3.0
0596006527,2,4.5
0596006632,1,5.0
0596006705,1,3.0
0596006748,1,5.0
0596006764,2,2.0
0596006799,1,2.0
0596006853,1,4.0
0596006950,1,5.0
0596006969,2,4.0
0596006993,3,4.67
0596007124,11,5.0
0596007191,4,5.0
0596007337,1,4.0
0596007361,3,4.0
0596007388,2,4.5
0596007620,1,5.0
059600771X,1,5.0
0596007795,2,4.0
0596007868,2,5.0
0596007876,1,4.0
0596007973,1,5.0
0596008120,2,3.0
0596008228,1,5.0
0596008473,1,5.0
0596008503,2,3.0
0596008562,1,5.0
0596008651,1,5.0
0596008686,1,5.0
0596008716,1,4.0
0596008775,2,4.5
0596008821,1,5.0
0596008953,1,5.0
059600897X,1,4.0
0596009097,1,5.0
0596009100,2,3.0
0596009127,2,4.5
0596009143,1,4.0
0596009151,1,4.0
0596009208,2,4.5
0596009224,4,4.25
0596009240,2,3.5
0596009380,1,4.0
0596009410,17,4.88
0596009461,1,5.0
0596009887,1,5.0
0596100337,1,5.0
0596100361,1,5.0
0596100523,1,5.0
0596100604,2,4.5
0596100663,1,5.0
059610068X,1,5.0
0596100965,1,5.0
0596101139,1,5.0
0596102070,1,5.0
0596507836,1,1.0
0597830347,1,1.0
0597834113,1,1.0
0597837694,1,1.0
0597845735,1,5.0
0600608905,1,4.0
0600609391,1,3.0
0600611906,1,1.0
0606005625,1,5.0
0606096248,1,5.0
060627622X,1,5.0
0609000268,1,5.0
0609600001,1,5.0
0609600516,1,5.0
0609602187,1,5.0
0609602195,6,4.67
0609603450,1,5.0
0609603558,1,5.0
0609604244,1,4.0
0609604260,4,5.0
0609604724,1,5.0
0609604961,1,5.0
0609606131,1,5.0
0609606441,1,5.0
060960645X,1,2.0
0609606883,2,4.0
0609607081,2,5.0
0609607219,1,5.0
0609607332,1,5.0
0609607413,2,5.0
0609607421,1,5.0
0609607618,1,5.0
0609607758,2,4.5
0609607804,1,4.0
0609607820,1,3.0
0609608398,1,3.0
0609608444,1,4.0
0609608568,1,2.0
0609608673,1,5.0
0609608754,5,5.0
0609608800,1,5.0
0609608886,1,4.0
0609608932,1,5.0
0609609017,1,1.0
0609609033,1,1.0
0609609092,1,5.0
0609609270,1,5.0
0609609491,1,3.0
0609609505,1,5.0
0609609610,1,2.0
0609609696,1,5.0
0609609734,2,5.0
0609609742,1,4.0
0609609777,1,2.0
0609609912,14,4.14
0609610015,1,3.0
0609610104,1,4.0
0609610163,2,5.0
0609610236,1,5.0
0609610368,1,4.0
0609610414,1,5.0
0609610481,1,5.0
0609610554,2,5.0
0609610562,1,4.0
0609610570,2,4.0
0609610686,1,5.0
0609610740,1,3.0
060961097X,1,5.0
0609610988,1,5.0
0609610996,1,5.0
0609800140,1,5.0
0609800582,1,5.0
0609800981,1,5.0
0609801104,1,4.0
0609802070,1,5.0
0609802127,1,5.0
0609802631,1,5.0
0609803131,1,5.0
0609803166,1,5.0
0609803255,1,5.0
0609803719,1,1.0
0609803727,1,3.0
0609803867,1,5.0
0609804138,2,4.5
0609804197,1,5.0
0609804618,1,5.0
0609804898,1,5.0
0609804995,1,5.0
0609805118,1,4.0
0609805169,1,1.0
0609805495,1,5.0
0609805509,1,5.0
0609805517,1,2.0
0609805797,1,5.0
0609805851,3,4.67
0609805916,1,4.0
0609805940,1,5.0
0609806378,1,4.0
060980670X,1,5.0
0609806939,1,5.0
0609806955,1,5.0
0609807161,1,4.0
0609807250,1,5.0
0609807420,1,5.0
0609807463,1,5.0
0609807501,1,5.0
0609807749,1,4.0
0609807900,1,5.0
0609807919,3,5.0
060980796X,1,4.0
0609807986,2,3.0
0609807994,1,5.0
0609808095,1,3.0
0609808265,1,4.0
0609808362,1,4.0
0609808451,1,1.0
0609808621,3,3.0
060980877X,1,5.0
0609808893,1,5.0
0609809016,1,4.0
0609809105,1,4.0
0609809121,1,1.0
0609809334,3,5.0
0609809474,1,4.0
0609809504,2,4.5
060980958X,1,4.0
0609809644,1,5.0
0609809814,1,5.0
0609809830,1,5.0
0609809881,1,5.0
0609809989,1,4.0
0609809997,1,4.0
0609810235,1,5.0
060981043X,1,5.0
060981074X,1,3.0
060981110X,1,2.0
0609811126,1,4.0
0613003950,1,1.0
061304715X,1,5.0
0613082087,1,5.0
0613094840,1,5.0
0613096010,1,5.0
0613180895,1,5.0
0613261917,1,3.0
0613284437,1,5.0
0613287142,1,2.0
061333633X,1,5.0
0613336984,1,5.0
061357043X,1,5.0
0613627768,1,5.0
0613656350,1,5.0
0613673298,1,5.0
061391645X,1,4.0
0613998146,1,5.0
0615125581,1,2.0
0615126758,1,5.0
0615129137,1,5.0
0618001840,1,5.0
0618001905,1,5.0
0618001999,1,5.0
0618002251,1,5.0
0618005838,6,3.67
0618007016,2,5.0
0618007148,1,4.0
0618009272,1,5.0
0618013245,2,2.5
0618029230,1,5.0
0618033874,1,5.0
0618035494,1,4.0
0618039694,1,2.0
0618040358,1,1.0
0618040374,1,4.0
0618040811,1,5.0
0618044302,1,4.0
0618051597,1,5.0
0618052526,1,5.0
0618056734,1,5.0
0618056998,1,5.0
0618057072,1,5.0
0618064567,1,4.0
0618067442,1,3.0
0618068872,1,5.0
0618082301,1,5.0
0618083456,1,5.0
0618083480,1,5.0
0618083618,1,5.0
0618088253,1,5.0
0618096426,1,5.0
0618103546,1,1.0
0618104690,5,4.8
061810920X,1,5.0
0618118802,1,4.0
0618123539,1,5.0
061812490X,1,3.0
0618126996,1,5.0
0618127445,1,5.0
0618127496,1,5.0
0618134301,2,5.0
0618134700,1,3.0
0618138927,4,5.0
0618141812,1,5.0
0618143319,1,1.0
0618143726,1,3.0
0618145451,2,5.0
0618150749,1,5.0
061815289X,1,4.0
0618153128,1,5.0
0618154019,1,5.0
0618154043,1,5.0
0618154248,1,5.0
0618154299,1,4.0
0618154620,1,5.0
0618154639,2,4.0
0618155589,1,4.0
0618168265,1,5.0
0618196048,1,4.0
0618197362,1,5.0
0618219234,1,5.0
0618224165,2,3.0
0618225900,1,5.0
0618225927,1,5.0
0618226117,1,5.0
0618226168,1,4.0
0618226184,1,5.0
0618226478,2,3.5
0618231617,1,4.0
0618238484,1,5.0
0618239774,1,4.0
0618240004,1,5.0
0618246924,1,2.0
0618246983,1,5.0
0618247874,1,3.0
0618249060,1,5.0
0618250743,1,5.0
0618257586,1,4.0
0618257985,1,4.0
0618258000,1,4.0
061826325X,2,5.0
0618273921,1,1.0
0618278893,1,4.0
0618280049,1,5.0
0618293701,1,1.0
0618298487,1,5.0
0618308202,2,5.0
0618310738,1,5.0
061831203X,1,2.0
0618329641,1,5.0
0618329706,14,3.93
0618329749,1,4.0
0618335404,1,4.0
0618338055,1,4.0
0618339280,1,5.0
0618341234,1,4.0
0618341269,1,2.0
061834151X,2,4.5
0618344241,1,4.0
061835008X,1,5.0
0618352104,1,3.0
0618367012,1,4.0
0618374086,3,4.0
0618377247,1,5.0
0618378294,5,4.8
0618380418,1,5.0
0618381392,1,5.0
0618386270,1,5.0
0618391118,4,3.75
0618393129,5,5.0
0618397523,1,5.0
0618401210,1,5.0
0618404414,1,1.0
0618405445,6,4.67
0618405682,5,4.8
0618408533,1,5.0
0618418865,2,4.5
061841911X,3,5.0
0618428585,1,4.0
0618432280,1,5.0
0618439293,2,5.0
0618446583,1,5.0
0618446702,1,4.0
0618446877,2,4.5
0618446885,3,2.67
0618452443,1,4.0
0618453008,1,5.0
0618462325,1,5.0
0618466495,3,5.0
0618477950,2,2.5
0618477977,3,5.0
0618478019,1,5.0
0618485228,2,2.5
0618496386,1,3.0
0618497439,1,2.0
0618509283,10,3.6
0618510826,1,4.0
0618517650,7,4.29
0618539069,1,1.0
0618551174,1,5.0
0618556133,3,5.0
0618562036,2,3.5
0618562990,1,5.0
0618563717,1,5.0
0618574239,1,5.0
0618574999,1,5.0
061858532X,1,5.0
0618640150,1,5.0
0619035498,1,4.0
0619159782,1,4.0
0619186240,1,1.0
0619200405,1,5.0
0619205369,1,1.0
061920673X,1,2.0
0619213272,1,5.0
0619215267,1,5.0
0619215291,1,3.0
0619255021,1,5.0
0620215739,1,5.0
0631136223,1,5.0
0631176098,1,5.0
0631188185,1,2.0
0631200460,1,3.0
0631205888,1,4.0
063120959X,1,2.0
0631212698,1,5.0
0631218629,1,5.0
0631218637,1,2.0
0631219374,1,3.0
0631224181,1,5.0
0631225447,1,3.0
0631226087,1,3.0
0631234543,1,5.0
0632044047,1,4.0
0632052813,1,5.0
0632053070,1,4.0
063205381X,1,2.0
063206496X,1,5.0
0633199702,1,4.0
0634000071,1,5.0
0634001426,1,4.0
0634001469,1,5.0
0634003143,1,5.0
0634004980,1,5.0
0634006363,1,5.0
0634006509,1,2.0
0634007610,1,3.0
0634007971,1,3.0
0634009028,1,5.0
0634009052,1,5.0
0634009656,1,3.0
0634010050,1,5.0
0634011472,1,3.0
063401370X,1,3.0
0634015206,1,2.0
0634016350,2,3.0
063401711X,1,3.0
0634017470,1,5.0
0634017829,1,4.0
0634022296,2,4.5
0634025295,1,3.0
0634026186,1,3.0
0634026550,2,5.0
0634029347,1,5.0
0634030086,1,5.0
0634032674,1,5.0
0634035959,1,5.0
0634036289,1,5.0
0634041002,1,3.0
063404169X,1,4.0
0634041754,1,5.0
0634047736,1,3.0
0634048481,2,4.5
0634049011,1,5.0
0634050826,1,5.0
0634051946,1,5.0
0634052187,1,4.0
0634054333,1,4.0
0634054635,1,4.0
0634056786,3,5.0
0634058029,1,4.0
063406021X,3,4.67
0634060384,4,4.75
0634060422,1,5.0
0634060465,1,4.0
063406116X,1,4.0
0634063111,1,5.0
0634064029,1,4.0
0634064525,1,5.0
0634074164,1,3.0
0634078828,2,5.0
0634079190,1,5.0
063408061X,1,5.0
0634086383,1,2.0
0634087797,1,5.0
0634089072,1,5.0
0634089625,1,5.0
0634095145,1,5.0
0634095188,1,2.0
0634099094,2,5.0
0635024306,1,4.0
0641077491,1,4.0
0646277898,2,5.0
064633767X,1,4.0
0658001701,3,4.67
0658002481,1,3.0
0658003984,1,5.0
0658005715,1,4.0
0658008994,1,5.0
0658009575,1,4.0
0658011383,1,5.0
0658013793,1,5.0
0658014900,1,5.0
0660190443,1,3.0
0664221084,1,5.0
066422220X,1,5.0
0664222595,1,5.0
0664223168,1,4.0
0664223532,1,5.0
0664224474,1,5.0
0664224814,1,5.0
0664225012,1,5.0
0664225918,1,3.0
0664226019,1,5.0
066422685X,1,5.0
0664226876,1,4.0
066422783X,1,5.0
0664227856,1,5.0
0664243568,1,5.0
0664243746,2,5.0
0664250033,1,4.0
0664251382,1,5.0
0664253954,1,4.0
0664256724,1,5.0
0664501966,1,5.0
0668017929,1,3.0
0668021543,1,2.0
0669040053,1,5.0
0669215686,1,5.0
0669245038,1,5.0
066938559X,1,4.0
0669468258,1,2.0
0670018937,1,4.0
0670030058,1,5.0
0670031054,1,5.0
0670031100,1,4.0
0670031232,1,4.0
067003133X,1,4.0
0670031399,1,3.0
0670031429,1,3.0
0670031445,2,4.5
0670031518,1,5.0
0670031690,1,4.0
0670031712,1,2.0
0670032018,1,5.0
0670032085,1,5.0
0670032107,1,5.0
067003228X,1,5.0
0670032379,2,5.0
0670032506,1,5.0
0670032530,1,3.0
0670032565,1,5.0
0670032573,1,5.0
0670032638,1,5.0
0670032646,1,4.0
0670032689,1,4.0
0670032697,2,1.5
0670032727,1,4.0
0670032840,1,1.0
0670032867,1,5.0
0670032964,3,4.33
0670032999,2,4.0
0670033057,1,5.0
067003312X,1,4.0
0670033138,1,4.0
0670033146,1,3.0
0670033197,1,4.0
0670033294,4,4.25
0670033332,1,1.0
0670033359,3,3.67
0670033367,1,5.0
0670033375,24,4.29
0670033413,1,4.0
0670033510,2,4.0
0670033561,6,4.17
0670033634,11,4.36
0670033650,1,5.0
0670033669,1,5.0
0670033677,2,3.0
0670033693,1,4.0
0670033723,2,5.0
0670033758,1,5.0
0670033766,1,3.0
0670033774,1,5.0
0670033782,1,5.0
0670033804,2,5.0
0670033812,1,5.0
0670033820,2,5.0
0670033847,4,4.25
0670033855,2,4.0
067003388X,1,3.0
0670033898,1,4.0
0670033936,1,3.0
0670033944,28,2.64
0670033995,1,5.0
0670034010,1,5.0
0670034037,1,3.0
0670034045,2,4.5
0670034053,2,4.0
0670034061,3,3.67
067003407X,1,4.0
0670034088,2,5.0
0670034096,2,2.5
0670034118,3,3.0
0670034185,2,3.5
0670034193,2,3.0
0670034215,1,4.0
0670034231,2,3.5
0670034304,1,2.0
0670034355,1,5.0
0670034363,1,5.0
0670034452,1,2.0
0670034592,1,5.0
0670034614,1,1.0
0670035351,1,4.0
0670035815,1,5.0
0670036021,1,5.0
0670036390,1,2.0
0670036552,1,5.0
0670036765,1,4.0
0670036781,1,5.0
0670058882,1,5.0
0670059048,1,5.0
067005920X,1,2.0
067005934X,1,5.0
0670059366,1,5.0
0670059625,1,5.0
0670059749,1,5.0
0670059838,4,4.0
0670059862,1,5.0
0670059897,1,5.0
0670059986,1,5.0
0670060011,1,5.0
0670060070,2,5.0
0670060275,1,4.0
067016626X,1,5.0
0670175919,1,5.0
0670241334,1,4.0
0670587451,1,4.0
0670674249,1,5.0
0670703710,1,2.0
0670804444,1,5.0
0670810320,1,5.0
0670810797,1,5.0
0670820555,1,5.0
0670825379,1,3.0
0670835765,1,1.0
0670851043,1,5.0
0670861944,1,4.0
067086353X,1,3.0
0670867543,1,4.0
0670869848,1,5.0
0670876127,1,5.0
0670879835,1,5.0
0670882305,1,4.0
0670885797,1,4.0
0670886696,1,4.0
0670887978,1,5.0
0670892068,1,5.0
0670892890,1,5.0
0670894303,1,5.0
0670894737,3,4.33
0670896837,1,4.0
0670899240,1,5.0
067091021X,1,4.0
0670910627,2,5.0
0671001795,1,4.0
0671003046,1,4.0
0671003755,1,5.0
0671003933,1,2.0
0671004530,1,4.0
0671009273,1,4.0
0671010123,1,4.0
0671014102,1,2.0
067101420X,1,5.0
0671014501,1,4.0
0671015206,6,4.17
067101532X,1,2.0
0671017489,1,4.0
067101756X,1,1.0
0671019112,2,5.0
0671019708,1,2.0
0671019724,1,4.0
0671019740,2,4.0
0671019759,1,4.0
0671019910,1,3.0
0671020641,1,3.0
067102082X,1,5.0
0671021001,1,5.0
0671021281,1,4.0
0671021303,1,3.0
0671022091,1,5.0
0671023187,1,5.0
0671023209,1,5.0
0671023373,1,4.0
0671023683,1,5.0
0671024205,1,5.0
0671027344,2,5.0
0671027360,11,4.0
0671027387,6,4.5
0671027573,1,4.0
0671027581,1,4.0
067102762X,1,1.0
0671027905,1,4.0
0671028448,1,5.0
0671028553,1,5.0
0671035444,1,5.0
0671035703,1,5.0
067103667X,2,2.5
0671037021,2,2.0
0671038206,1,4.0
0671038540,1,5.0
0671038567,1,5.0
0671038850,2,5.0
0671040545,1,5.0
0671040847,1,4.0
0671041525,2,3.5
0671041576,1,5.0
0671041789,2,5.0
0671042262,1,4.0
0671042386,1,2.0
0671042408,1,5.0
0671044494,1,5.0
0671047256,1,5.0
0671047639,1,5.0
0671075802,1,4.0
067110442X,1,5.0
067120159X,1,5.0
067120341X,1,5.0
0671205536,1,4.0
0671209701,1,5.0
067121148X,1,5.0
0671211889,1,4.0
0671212095,2,3.5
0671213326,1,4.0
0671215094,1,5.0
0671216767,1,5.0
0671220276,1,5.0
0671220578,1,5.0
0671240404,1,4.0
0671244094,2,5.0
0671316338,2,5.0
0671316486,1,5.0
0671317741,6,4.67
0671318179,1,4.0
0671318373,1,3.0
0671318411,1,5.0
0671319671,1,3.0
0671319736,2,3.5
0671319779,1,4.0
0671319809,1,5.0
0671319825,2,3.0
0671319884,1,5.0
0671319892,1,5.0
0671319922,1,4.0
0671410059,1,4.0
0671447343,1,5.0
0671447548,4,4.75
067144901X,4,5.0
0671449028,3,4.67
0671449044,1,4.0
067145630X,1,5.0
0671456547,1,5.0
067145711X,2,5.0
0671466836,1,4.0
0671467581,1,5.0
0671493183,3,5.0
0671493191,1,5.0
0671493205,1,5.0
0671500139,1,5.0
0671501186,1,4.0
0671501569,1,5.0
0671502522,1,3.0
0671509934,1,5.0
0671510053,2,5.0
0671511653,1,5.0
0671517007,1,3.0
0671520326,1,4.0
0671520687,1,2.0
0671520954,1,5.0
0671521160,1,5.0
0671522787,2,4.5
0671524313,3,4.33
0671525557,1,5.0
0671525832,1,5.0
0671525875,1,5.0
0671528378,1,4.0
0671528580,2,5.0
0671530771,1,4.0
0671534076,1,1.0
0671534807,1,5.0
0671535951,2,4.5
067154148X,1,5.0
0671553046,1,4.0
0671555227,1,5.0
0671563114,1,5.0
0671567691,1,4.0
0671568515,1,3.0
0671568523,1,5.0
0671569007,1,5.0
0671575546,1,4.0
0671577700,1,4.0
0671578081,1,5.0
067157809X,1,4.0
0671578189,1,3.0
0671578332,1,4.0
0671578510,1,5.0
0671578537,1,4.0
0671578553,1,4.0
0671578634,1,5.0
0671578855,1,5.0
067157941X,1,4.0
0671579592,2,5.0
0671600419,2,4.5
0671602314,1,5.0
0671606190,1,3.0
0671612972,2,4.5
0671620991,3,5.0
0671621033,1,5.0
0671630938,1,4.0
0671631985,9,3.89
0671636030,1,5.0
0671640984,1,5.0
0671646788,1,5.0
067164811X,1,4.0
0671648934,1,5.0
0671652176,1,5.0
0671654071,1,5.0
0671656880,1,5.0
0671656945,1,5.0
0671657860,4,5.0
0671661566,1,5.0
0671673009,1,5.0
0671673122,1,4.0
067167997X,1,1.0
0671680552,1,4.0
0671682199,2,4.5
0671682288,1,5.0
0671682385,1,2.0
0671685112,1,5.0
0671685635,2,3.0
0671687425,1,5.0
067169006X,1,5.0
067169071X,1,5.0
0671693808,8,3.62
067169507X,1,5.0
0671698699,1,5.0
0671705091,1,5.0
0671705725,1,5.0
0671708635,1,5.0
0671720597,1,4.0
067172066X,1,5.0
0671720856,1,4.0
0671721216,1,1.0
0671721577,1,5.0
0671721968,1,5.0
067172228X,1,4.0
0671723014,1,5.0
0671723650,6,4.83
0671724452,1,3.0
0671725017,1,2.0
0671728687,1,4.0
0671729470,1,5.0
0671729489,1,4.0
0671730053,1,2.0
0671732498,1,5.0
0671733354,1,5.0
0671734040,1,5.0
0671734083,1,5.0
067173458X,1,2.0
0671736043,1,4.0
067173606X,1,4.0
0671736450,1,5.0
0671737619,1,5.0
0671737635,1,4.0
0671737848,1,4.0
0671738100,1,5.0
0671739727,1,5.0
0671739891,1,5.0
0671741039,1,5.0
0671741101,1,5.0
0671741926,2,4.5
0671742558,1,4.0
0671742949,1,5.0
0671743856,1,5.0
0671748076,1,5.0
0671750194,2,5.0
0671750402,2,4.5
0671755145,1,4.0
0671755307,1,5.0
0671757075,1,1.0
0671758527,1,3.0
0671760467,2,4.0
067176053X,1,4.0
0671762613,1,5.0
0671766163,1,5.0
0671768468,1,5.0
0671769200,1,5.0
0671774662,1,4.0
0671776096,1,5.0
0671776800,1,5.0
0671778323,1,5.0
0671778633,1,5.0
0671778684,1,3.0
0671779710,1,3.0
0671779974,1,4.0
0671783734,1,4.0
0671784218,1,5.0
0671790188,1,3.0
0671790331,1,3.0
0671790617,3,4.0
0671791540,1,5.0
0671791931,1,4.0
0671792172,1,4.0
0671792253,1,4.0
067179227X,1,5.0
0671792741,1,4.0
067179387X,1,5.0
0671795015,1,5.0
0671795538,2,4.5
0671795732,1,4.0
0671795937,1,1.0
0671796232,1,5.0
0671797484,2,5.0
0671797522,1,5.0
0671799320,5,5.0
067179938X,1,5.0
0671865412,1,5.0
0671867369,1,5.0
0671868845,1,5.0
0671869205,2,5.0
0671870114,1,5.0
0671870742,2,4.5
0671873180,1,5.0
0671874934,1,5.0
0671875809,1,4.0
0671876511,1,2.0
0671877216,1,4.0
0671877364,1,4.0
0671877402,1,3.0
0671877798,1,4.0
0671877836,1,4.0
0671877895,1,5.0
0671877976,1,4.0
0671878026,1,5.0
0671878468,1,4.0
0671878573,1,5.0
0671880314,1,4.0
0671880845,1,1.0
0671882368,1,5.0
0671885979,1,5.0
0671888048,1,1.0
0671888250,1,5.0
0671890808,1,5.0
0671890913,1,5.0
0671891634,1,2.0
0671892673,1,4.0
067189515X,1,4.0
0671899546,1,5.0
0671947338,1,3.0
0672303213,1,4.0
0672305100,1,5.0
0672315858,1,4.0
0672316498,1,5.0
0672316692,1,1.0
0672318121,1,5.0
0672318687,1,2.0
0672319446,1,5.0
0672319837,1,5.0
0672320681,1,3.0
0672320886,1,4.0
0672321017,1,5.0
0672321106,1,4.0
0672321580,1,5.0
0672322528,1,4.0
0672322811,1,4.0
0672323028,1,5.0
0672323087,1,4.0
0672323583,1,4.0
0672323710,1,5.0
0672323850,1,5.0
0672323923,1,4.0
0672324423,1,4.0
0672324695,1,4.0
0672325012,1,5.0
067232542X,1,5.0
0672325632,1,5.0
0672325667,4,5.0
0672325675,1,5.0
0672325780,1,1.0
0672325861,3,5.0
0672325969,1,3.0
0672325985,1,2.0
0672326000,2,4.5
0672326140,1,5.0
0672326329,1,4.0
0672326485,2,2.5
0672326612,1,5.0
0672326647,1,5.0
0672326663,2,5.0
0672326671,1,2.0
067232668X,2,2.5
0672326728,2,5.0
0672326876,1,4.0
0672326884,1,2.0
0672326973,1,5.0
0672327082,1,1.0
0672327201,1,5.0
0672327252,1,3.0
0672327309,1,1.0
067232749X,1,3.0
0672327929,1,5.0
0672525801,1,4.0
0673362000,1,5.0
0673999866,1,5.0
0674002113,1,5.0
0674002717,1,3.0
0674003942,1,5.0
0674004043,1,5.0
0674004140,1,5.0
0674004302,1,5.0
0674006135,1,2.0
0674007042,1,5.0
0674007530,1,5.0
0674008065,1,4.0
0674008774,1,5.0
0674009363,1,5.0
0674009916,1,3.0
067401085X,1,5.0
0674011376,1,5.0
0674011635,1,4.0
0674011740,1,5.0
0674011813,2,5.0
0674011929,1,4.0
0674012119,1,5.0
0674012526,1,5.0
0674012925,1,5.0
0674013255,3,4.33
067401345X,1,5.0
0674013476,1,4.0
0674013514,1,4.0
0674014936,1,4.0
0674015010,1,4.0
0674015096,1,5.0
0674015126,1,5.0
0674015177,1,3.0
0674015231,1,5.0
0674015371,1,5.0
0674015444,1,4.0
0674015703,2,3.0
067401572X,1,2.0
0674015754,1,2.0
0674015762,1,5.0
067401636X,1,4.0
0674016696,1,3.0
0674016750,2,5.0
0674016815,1,5.0
0674016874,2,3.5
0674016939,4,5.0
0674016971,2,3.0
067401720X,1,5.0
0674017226,1,2.0
067401748X,1,3.0
0674116674,1,5.0
0674144414,1,5.0
0674179536,1,1.0
0674192265,1,4.0
0674306589,1,5.0
0674307607,1,4.0
0674363345,1,5.0
0674372999,1,5.0
067440419X,1,5.0
0674517768,1,5.0
0674525531,1,3.0
0674576292,1,4.0
0674587391,1,5.0
0674613066,1,5.0
0674627512,1,5.0
0674634101,1,5.0
0674676246,1,4.0
0674686411,1,5.0
0674689674,1,5.0
0674708768,1,5.0
0674749448,1,5.0
0674836014,1,5.0
0674854292,2,5.0
0674884698,1,5.0
0674896467,1,5.0
0674930479,1,5.0
0674945751,1,5.0
0674951336,1,5.0
0674962370,1,5.0
0674990668,1,5.0
0674991303,1,5.0
0674991672,1,4.0
0674992474,1,5.0
067499583X,1,3.0
0675055482,1,1.0
0676601448,1,3.0
0676901999,1,4.0
0679005072,2,4.5
067900551X,1,4.0
0679008772,1,5.0
0679030727,1,5.0
0679130446,1,5.0
0679200215,1,5.0
0679400664,1,5.0
0679402640,1,5.0
0679406093,1,5.0
067940676X,1,5.0
0679406832,2,5.0
0679408320,1,5.0
0679408584,1,1.0
0679409041,2,3.5
0679409076,1,3.0
0679409890,1,1.0
0679409963,1,5.0
0679411224,1,5.0
0679411585,2,5.0
0679411763,1,5.0
0679412719,1,5.0
0679416463,1,5.0
067941729X,1,4.0
0679417397,1,5.0
0679421017,1,5.0
067942170X,1,4.0
0679423001,2,4.5
0679423087,2,5.0
0679424865,1,5.0
0679425705,1,1.0
067942573X,1,4.0
0679427511,1,5.0
0679428011,1,4.0
0679428100,1,5.0
0679428127,1,5.0
0679428313,1,1.0
0679428895,1,3.0
0679430555,1,5.0
0679432027,1,5.0
0679433058,1,5.0
0679433139,1,5.0
0679433228,1,3.0
0679434232,1,4.0
0679438084,1,4.0
0679440569,1,4.0
0679441018,1,1.0
0679441654,1,4.0
0679444920,1,1.0
0679446095,1,5.0
067944663X,1,5.0
067944677X,2,3.5
0679446788,2,5.0
067944680X,1,4.0
0679446834,2,4.5
0679446869,1,2.0
0679450041,1,5.0
0679450351,1,5.0
0679450416,1,4.0
0679450602,1,4.0
0679450785,1,5.0
0679450815,1,3.0
0679451188,2,5.0
067945120X,1,5.0
0679451218,1,4.0
0679451226,1,4.0
0679451234,1,5.0
0679451749,1,4.0
0679452354,1,5.0
0679454438,13,4.23
067945456X,1,5.0
0679454640,1,5.0
0679456570,1,5.0
0679456953,1,5.0
0679457496,2,3.0
0679457526,1,4.0
0679457860,1,5.0
0679460756,1,5.0
0679462937,1,4.0
0679462953,1,4.0
0679463038,1,4.0
0679507507,1,4.0
0679507787,1,3.0
0679600086,1,5.0
0679600175,1,5.0
0679603360,1,4.0
0679640231,1,2.0
0679640401,1,2.0
0679640940,1,3.0
067964234X,1,5.0
0679642579,1,5.0
0679642668,1,3.0
0679642889,1,4.0
0679642978,2,5.0
0679642986,1,1.0
0679643230,2,2.0
0679720200,1,5.0
0679721134,1,5.0
0679721975,1,5.0
0679722017,1,5.0
0679722025,2,4.0
0679722378,1,4.0
0679722661,1,4.0
0679722874,1,5.0
0679723005,2,5.0
0679723110,1,5.0
0679723153,1,5.0
0679723161,3,4.67
0679723455,1,5.0
0679723935,1,5.0
0679724524,1,4.0
0679724672,1,5.0
0679725164,1,4.0
0679725229,1,3.0
0679727256,1,5.0
0679728759,3,3.67
067972902X,1,5.0
0679729267,1,5.0
067972947X,3,4.33
0679729976,1,5.0
0679730613,1,4.0
0679731180,1,4.0
067973225X,2,3.5
0679732268,1,5.0
0679732411,2,5.0
0679732543,1,5.0
0679732764,1,5.0
0679733299,1,5.0
0679733558,1,4.0
0679733698,1,5.0
067973385X,1,5.0
0679733973,1,5.0
0679734465,1,5.0
0679734589,2,4.0
0679734775,1,5.0
0679735305,1,4.0
0679735429,1,5.0
0679735682,1,1.0
0679735771,1,5.0
0679735909,1,5.0
0679736042,1,5.0
0679736182,1,4.0
0679736530,1,4.0
0679736646,1,5.0
0679736883,1,5.0
0679737324,1,4.0
0679737618,1,5.0
0679737898,1,5.0
0679738010,1,3.0
0679738568,1,5.0
067973869X,1,5.0
067973936X,1,4.0
0679739769,1,5.0
0679740635,1,5.0
0679740678,1,3.0
067974195X,1,5.0
0679742018,1,5.0
0679742298,1,5.0
0679742441,2,5.0
0679742751,1,4.0
0679743464,2,4.0
0679743626,1,5.0
0679743685,1,5.0
0679743863,1,4.0
0679744347,1,3.0
0679744479,1,5.0
0679744754,1,5.0
0679745335,2,5.0
0679745653,1,4.0
0679745858,1,4.0
0679746048,1,4.0
0679746749,1,4.0
0679747052,1,5.0
0679747656,1,5.0
0679747885,1,5.0
0679748091,1,2.0
0679748261,1,5.0
0679749179,1,5.0
0679749845,1,3.0
0679750819,1,5.0
0679750967,2,3.0
0679751513,1,5.0
0679751521,2,4.5
0679752579,1,5.0
0679752595,1,4.0
0679755403,1,5.0
0679755519,1,5.0
0679757651,1,5.0
067975833X,1,5.0
0679758941,1,4.0
0679760164,1,3.0
0679760237,1,5.0
0679760806,1,5.0
067976285X,1,5.0
0679762892,1,2.0
0679763309,2,3.5
0679763937,1,5.0
0679763996,2,3.5
0679764089,1,5.0
0679764143,1,4.0
0679764410,1,4.0
0679766111,2,4.5
0679766758,1,5.0
0679766766,1,2.0
0679767509,1,5.0
0679767819,1,5.0
0679768025,1,5.0
0679768092,1,5.0
0679768394,1,5.0
067976867X,2,4.0
0679770003,1,3.0
0679770151,1,3.0
0679770232,1,4.0
0679771867,1,3.0
0679772642,1,5.0
067977288X,1,5.0
0679772898,1,5.0
0679774009,1,5.0
0679775439,3,4.0
067977548X,1,5.0
0679776192,1,5.0
0679776397,1,5.0
0679777393,1,3.0
0679777431,1,5.0
0679777466,1,3.0
0679777547,1,4.0
0679778314,2,5.0
0679779124,1,5.0
0679779965,1,2.0
0679781293,1,5.0
0679781471,1,3.0
0679781579,1,5.0
0679781587,8,4.5
0679781595,1,5.0
0679781609,1,5.0
067978330X,1,5.0
0679783571,1,5.0
0679785892,2,4.0
0679789758,1,5.0
0679801146,1,5.0
0679805273,6,5.0
0679806636,1,5.0
0679809015,1,5.0
067982376X,1,5.0
067982412X,1,4.0
0679832270,1,5.0
0679833692,1,4.0
0679844686,3,5.0
0679847596,2,5.0
0679849157,1,5.0
067985438X,1,5.0
067985617X,1,5.0
0679865691,1,3.0
067986928X,1,5.0
0679879242,1,5.0
0679880720,1,5.0
0679882804,1,1.0
0679882812,2,3.5
0679882820,1,4.0
0679882839,1,1.0
067988288X,1,5.0
0679882901,1,5.0
067988291X,1,5.0
0679883797,1,5.0
0679883886,1,5.0
0679885617,1,5.0
0679885722,1,5.0
0679886230,1,4.0
0679886478,1,5.0
0679889175,1,5.0
0679889612,1,2.0
0679890270,1,3.0
0679890483,1,1.0
0679890645,1,5.0
0679892478,1,1.0
0679893148,1,4.0
0679894829,1,5.0
0683043056,1,4.0
0683065564,1,5.0
0683181106,1,5.0
0683301187,1,3.0
0683302655,2,2.5
0683302833,1,4.0
0683303643,1,5.0
0683304739,1,2.0
0683306057,1,3.0
0684028824,1,1.0
0684123150,2,4.5
0684133814,1,3.0
0684135051,2,4.0
0684138891,1,5.0
0684149265,1,3.0
068415045X,1,5.0
068416325X,1,5.0
0684172860,1,5.0
0684186918,1,5.0
0684188309,1,5.0
0684190567,1,3.0
068419340X,1,4.0
0684194260,1,4.0
0684194449,1,5.0
0684194546,1,4.0
0684196573,1,3.0
0684800004,1,1.0
0684800012,1,5.0
0684800063,2,5.0
0684801183,1,5.0
0684801221,1,5.0
0684801280,2,4.5
068480137X,1,5.0
0684801450,1,4.0
0684801523,3,5.0
068480154X,1,5.0
0684801582,1,4.0
0684802864,1,4.0
0684803038,1,5.0
0684803313,3,4.33
0684803356,2,3.5
068480364X,1,1.0
0684807610,1,5.0
0684808447,1,5.0
0684808528,1,5.0
0684809664,1,5.0
0684809931,5,4.2
0684811634,1,5.0
0684812967,1,5.0
0684813238,1,5.0
0684813254,1,3.0
0684813467,1,5.0
0684813483,1,4.0
068481353X,2,4.5
0684813629,1,5.0
0684813637,2,5.0
068481465X,1,5.0
0684815249,1,5.0
0684815311,1,4.0
0684818221,1,5.0
0684818388,1,5.0
0684818396,1,4.0
0684818701,1,5.0
0684818795,1,5.0
0684818868,6,4.67
0684822709,1,4.0
0684823454,1,5.0
0684823691,1,4.0
0684823993,1,3.0
068482440X,1,4.0
068482471X,2,4.5
0684824779,1,5.0
068482499X,2,5.0
0684825007,1,4.0
0684825236,1,5.0
068482535X,1,5.0
0684825368,1,1.0
068482633X,2,3.0
0684826372,1,4.0
0684826585,1,5.0
0684826739,2,5.0
0684826976,1,4.0
0684827077,1,4.0
0684827115,1,5.0
0684827662,1,4.0
0684829924,1,5.0
0684830515,1,1.0
0684830795,1,5.0
0684831074,1,4.0
0684831414,1,5.0
068483183X,1,5.0
0684831937,1,1.0
068483197X,1,4.0
0684832127,1,5.0
068483216X,1,4.0
0684832267,1,1.0
0684832283,1,1.0
0684832402,1,3.0
0684833328,1,4.0
0684833395,1,5.0
0684833719,1,5.0
0684834316,1,4.0
0684834936,3,5.0
0684835193,1,5.0
0684835339,1,2.0
0684835509,1,5.0
068483605X,1,5.0
0684836599,1,3.0
068483670X,1,5.0
0684837935,1,5.0
0684838273,1,5.0
0684838281,1,5.0
0684838656,1,5.0
068483877X,1,5.0
0684838877,1,2.0
0684839059,1,4.0
0684839210,1,5.0
0684839350,1,5.0
0684839385,1,5.0
0684839792,1,5.0
0684839954,1,5.0
0684840022,2,5.0
0684840073,2,5.0
0684841150,1,5.0
0684841347,1,5.0
0684841371,1,5.0
068484138X,1,5.0
0684841991,1,5.0
0684842483,1,5.0
068484267X,1,5.0
0684842963,1,5.0
0684843048,1,4.0
0684843056,2,4.5
0684843374,1,5.0
0684844095,1,4.0
0684844419,1,5.0
0684844885,1,5.0
0684844958,2,5.0
0684845164,1,5.0
0684846624,1,3.0
0684846659,3,2.33
0684846756,2,4.5
0684847329,2,5.0
0684847671,1,4.0
0684847841,1,5.0
0684847957,1,5.0
0684848066,2,5.0
0684848597,2,5.0
0684848910,1,3.0
0684849143,2,4.5
0684849577,3,4.33
0684849739,1,5.0
0684850028,2,4.5
0684850443,1,4.0
0684850737,2,4.5
0684851865,1,5.0
0684851938,2,4.5
0684851989,1,5.0
0684852063,1,4.0
068485211X,1,5.0
0684852713,2,4.5
0684852861,5,5.0
068485290X,2,4.5
0684853094,1,5.0
0684853507,1,1.0
0684853787,1,3.0
0684854295,1,1.0
0684854465,1,5.0
0684854554,1,5.0
0684854678,1,4.0
0684854759,1,5.0
0684854880,2,2.0
0684855682,1,4.0
0684856093,1,4.0
0684856239,2,4.5
0684856360,3,4.33
0684856476,1,5.0
0684856743,1,5.0
0684856948,2,4.5
0684857219,2,5.0
0684857332,1,5.0
068485743X,5,3.6
0684857960,1,5.0
0684859076,1,4.0
0684859106,4,3.5
0684859114,1,4.0
0684859203,1,5.0
0684859246,1,4.0
0684859750,1,4.0
0684859769,1,5.0
0684860007,1,5.0
0684863022,1,5.0
0684863030,1,5.0
0684863170,1,5.0
0684863200,1,3.0
0684863308,1,4.0
0684863871,1,5.0
0684863952,1,5.0
0684864363,1,5.0
0684864630,1,5.0
0684864770,1,5.0
0684864924,1,5.0
0684865416,1,5.0
0684865459,1,4.0
0684865637,2,4.5
068486598X,1,5.0
0684866048,2,5.0
0684867702,1,3.0
0684867931,1,5.0
0684868431,1,5.0
0684868768,1,2.0
0684869128,1,5.0
0684869136,1,4.0
0684869853,1,5.0
0684870002,1,5.0
0684870304,1,5.0
0684870533,1,4.0
0684870673,1,5.0
0684870681,1,3.0
0684871254,1,4.0
0684871769,1,4.0
0684872145,1,1.0
0684872544,4,4.75
0684872749,2,2.5
0684872781,1,5.0
0684873214,1,1.0
068487380X,1,5.0
0684874318,1,5.0
0685661830,1,5.0
0687001013,1,2.0
0687002826,1,5.0
0687009332,1,5.0
0687020867,1,5.0
0687021944,1,4.0
0687023645,1,5.0
0687030595,1,5.0
0687034140,1,5.0
0687038928,1,4.0
0687045274,1,5.0
0687045320,1,5.0
0687048915,1,5.0
0687069807,1,5.0
0687069831,1,4.0
0687074231,2,5.0
0687074827,1,5.0
068707486X,1,5.0
0687089956,1,5.0
0687094755,1,4.0
0687099374,1,5.0
0687120179,1,5.0
0687151791,1,5.0
0687197066,1,5.0
0687209080,1,5.0
068721565X,1,5.0
0687277329,1,4.0
0687278236,1,5.0
0687278325,1,5.0
0687343240,1,5.0
0687361729,1,5.0
0687391202,1,5.0
0688013120,1,5.0
0688014291,1,5.0
0688014488,1,5.0
0688016464,1,1.0
0688019021,1,5.0
0688026435,1,5.0
068803361X,1,5.0
0688037879,1,5.0
0688041884,1,4.0
0688044026,1,5.0
0688049958,1,5.0
0688050301,1,5.0
0688050395,1,3.0
0688058779,1,2.0
0688064345,1,5.0
0688064361,1,5.0
0688065597,1,4.0
0688073352,1,5.0
0688073409,1,5.0
0688078176,1,3.0
0688079733,1,5.0
0688080510,1,5.0
068808074X,1,5.0
0688087469,1,5.0
0688087795,1,5.0
0688092616,1,5.0
0688093043,1,4.0
0688094287,1,5.0
0688097502,1,5.0
0688099165,1,5.0
0688102166,1,5.0
0688102298,1,5.0
0688108660,1,5.0
0688109411,1,5.0
0688109721,1,4.0
0688112730,3,4.67
0688112846,1,5.0
0688114253,4,3.75
0688116213,1,5.0
0688116566,1,5.0
0688119190,1,5.0
0688120202,1,1.0
0688121268,1,5.0
0688123260,1,5.0
0688123473,1,5.0
0688128165,5,5.0
0688128726,1,2.0
0688129897,1,4.0
0688132286,1,5.0
0688132359,1,5.0
0688137881,1,4.0
0688138241,3,5.0
0688138640,1,4.0
0688138683,1,5.0
0688140238,1,4.0
0688140483,1,4.0
0688140718,1,1.0
0688141854,1,4.0
0688141994,1,5.0
0688143202,1,1.0
0688143709,1,5.0
0688143881,1,5.0
0688144047,1,1.0
0688146570,2,5.0
0688147321,2,5.0
0688147356,1,5.0
0688148840,1,3.0
0688151434,1,5.0
0688151876,1,5.0
0688152023,1,5.0
0688152600,1,5.0
0688154573,1,5.0
0688155871,1,1.0
0688156118,1,4.0
0688156819,1,5.0
068815803X,1,5.0
0688158269,2,5.0
0688158455,1,5.0
0688158625,1,5.0
0688158668,1,2.0
0688159028,1,2.0
0688159729,1,4.0
0688160190,1,5.0
068816076X,1,5.0
0688160905,1,2.0
068816112X,2,5.0
0688162010,1,3.0
0688162096,1,5.0
0688162568,1,5.0
0688163165,1,5.0
0688163564,1,4.0
0688163858,1,5.0
0688164315,1,3.0
0688164447,1,5.0
0688164455,1,5.0
0688166083,1,4.0
0688166210,1,5.0
0688167381,1,5.0
0688168663,1,5.0
0688168949,1,4.0
0688169783,1,4.0
0688169821,1,5.0
0688170102,1,5.0
0688170412,2,4.5
0688170528,1,4.0
0688170870,1,3.0
0688170889,2,3.5
0688171621,1,1.0
0688172334,1,5.0
0688172377,1,5.0
0688174043,1,5.0
0688174302,1,5.0
068817471X,1,3.0
0688174841,1,5.0
0688175376,1,5.0
0688175716,1,5.0
0688175910,1,5.0
0688177743,2,4.5
0688177891,1,5.0
0688178057,1,5.0
0688409814,1,5.0
0688611648,1,5.0
0688840531,1,5.0
0688843077,1,5.0
068900852X,2,4.5
0689038089,1,5.0
0689040342,1,5.0
0689103476,1,5.0
0689109857,1,5.0
068911401X,1,4.0
0689116306,1,5.0
0689118848,1,5.0
0689119186,1,5.0
0689206518,1,5.0
0689309090,1,5.0
0689309988,1,3.0
0689319002,1,5.0
0689500300,1,5.0
0689707495,1,4.0
0689711026,1,5.0
0689711425,1,5.0
0689711735,2,3.0
0689711816,1,4.0
068971310X,1,4.0
0689713509,1,5.0
0689715714,1,5.0
0689716788,1,5.0
068971744X,1,4.0
0689801041,1,4.0
0689801122,1,5.0
068980119X,1,3.0
0689801297,1,5.0
0689801645,1,4.0
0689804547,1,5.0
0689806353,1,5.0
0689806566,1,5.0
0689806981,1,4.0
0689807481,1,5.0
0689807597,1,5.0
0689808704,1,5.0
0689809301,1,5.0
0689809646,1,4.0
0689811837,1,5.0
0689811918,1,4.0
0689811926,1,5.0
0689813198,1,4.0
0689814712,1,5.0
0689815816,1,5.0
0689817061,1,5.0
0689817517,3,5.0
0689817746,1,5.0
0689817851,1,5.0
0689819862,1,2.0
0689820089,1,5.0
0689820437,1,5.0
0689822030,1,5.0
0689822243,1,5.0
0689822685,1,5.0
0689823223,2,4.5
0689823576,1,5.0
0689823827,2,5.0
0689823959,1,5.0
0689824602,1,5.0
0689825854,1,2.0
068982663X,1,5.0
0689828438,1,5.0
0689828632,1,4.0
0689828683,1,5.0
0689829108,1,4.0
068982954X,1,4.0
0689829574,1,5.0
0689829728,1,2.0
0689830513,1,5.0
0689831870,1,5.0
0689832133,1,5.0
0689832710,1,4.0
0689834039,1,5.0
0689834349,4,4.75
0689834446,1,4.0
0689835604,3,5.0
068983568X,3,5.0
0689838123,1,5.0
0689838999,1,5.0
0689839294,1,5.0
068983957X,1,5.0
0689840810,2,4.0
0689841647,1,5.0
0689842090,1,5.0
0689842295,1,5.0
068984381X,1,5.0
0689844166,1,5.0
0689844220,1,5.0
0689844522,1,3.0
0689845103,1,5.0
0689845340,1,3.0
0689845367,1,2.0
068984624X,1,5.0
0689846258,1,5.0
0689846932,3,5.0
0689847068,1,5.0
0689847122,3,3.0
0689847203,1,5.0
0689847319,1,5.0
0689847432,2,5.0
0689847440,1,5.0
0689847459,1,5.0
0689847696,1,5.0
0689847742,2,4.0
0689847874,1,2.0
0689847882,2,5.0
0689848439,1,3.0
0689849052,1,3.0
0689849060,3,3.33
0689849222,2,4.5
068984946X,1,4.0
0689850174,1,5.0
0689850263,1,5.0
0689850352,1,5.0
0689850611,1,5.0
0689850883,1,5.0
0689850913,1,4.0
0689851596,1,5.0
0689852223,1,5.0
0689852894,1,5.0
0689853726,1,5.0
0689853742,2,5.0
0689853890,1,4.0
0689855214,1,5.0
0689855648,1,5.0
0689856393,4,4.25
068985658X,7,4.29
0689856857,1,5.0
0689856903,1,3.0
0689857055,1,4.0
0689857756,1,5.0
0689857969,1,4.0
0689859090,1,5.0
0689859198,1,5.0
0689859414,1,5.0
0689859570,1,5.0
0689859759,1,5.0
0689862784,2,4.5
0689862946,1,5.0
0689863632,2,5.0
068986437X,1,5.0
068986454X,1,3.0
0689864795,1,5.0
0689865155,1,5.0
0689865244,1,5.0
0689865279,1,5.0
0689865295,1,5.0
0689865384,2,5.0
0689866623,1,4.0
0689866925,1,5.0
068986700X,1,5.0
0689867441,2,3.0
0689868006,1,5.0
0689868227,1,5.0
0689868413,1,3.0
0689869061,1,2.0
0689869533,1,5.0
068986955X,1,5.0
0689869568,1,5.0
0689869576,3,2.33
0689870434,2,3.0
0689870671,1,5.0
068987085X,1,4.0
068987152X,2,5.0
0689873727,1,5.0
0689874235,2,5.0
068987474X,21,4.24
0689876254,1,5.0
0689876475,2,4.5
0689876904,1,5.0
0689878451,2,5.0
0690001037,1,5.0
0690002173,1,5.0
0690040121,1,4.0
0690467508,1,5.0
0691000522,1,5.0
0691002371,1,5.0
0691007349,1,5.0
0691008310,1,4.0
0691008426,1,5.0
0691009430,1,5.0
0691009783,1,5.0
0691013551,1,5.0
0691016666,1,2.0
0691017069,1,5.0
0691017581,1,4.0
0691017611,1,5.0
0691017840,1,4.0
0691018154,1,5.0
0691018197,2,5.0
0691018243,1,5.0
0691018669,1,5.0
0691019681,1,5.0
0691020892,1,5.0
0691024170,1,5.0
0691024472,1,5.0
0691025916,1,5.0
0691026068,1,5.0
0691027080,1,5.0
0691027862,1,5.0
0691034710,1,4.0
069104290X,1,4.0
0691058237,1,3.0
0691058628,1,5.0
0691059195,1,5.0
0691061564,1,5.0
0691070032,1,3.0
0691070210,1,4.0
0691070628,1,4.0
0691074542,1,5.0
0691088047,1,5.0
0691088861,1,5.0
069108940X,1,4.0
0691089450,1,5.0
0691091579,1,5.0
0691092575,1,5.0
0691095612,2,5.0
0691095655,1,5.0
0691099839,1,3.0
0691099863,1,5.0
0691099995,1,4.0
0691102961,1,3.0
0691102988,2,5.0
0691103011,1,5.0
0691113645,1,5.0
0691113858,1,4.0
0691113866,1,5.0
0691113904,1,3.0
0691114064,1,4.0
0691114714,1,4.0
0691114781,1,5.0
0691115575,1,5.0
0691115850,1,5.0
0691116253,1,3.0
0691116261,1,5.0
0691116598,1,5.0
0691117306,1,5.0
0691117756,1,3.0
0691117918,1,3.0
0691117950,1,2.0
0691119198,1,5.0
0691119333,1,5.0
0691119694,1,4.0
0691119953,3,4.33
0691120099,1,5.0
0691120250,1,5.0
0691120293,1,4.0
0691120471,2,5.0
0691120722,1,5.0
0691121044,1,5.0
0691121079,1,4.0
0691121443,1,5.0
0691121648,1,5.0
0691121796,1,5.0
0691122156,1,1.0
0691122288,1,4.0
0691122938,1,4.0
0691122946,19,3.16
0691123357,1,3.0
0691123373,1,5.0
0694003611,4,3.0
0694004928,1,5.0
0694006246,1,5.0
0694008621,1,5.0
0694009830,1,5.0
0694009989,1,4.0
0694010332,1,5.0
0694010596,1,5.0
0694012041,1,5.0
0694012068,2,5.0
0694013269,1,4.0
0694013447,1,5.0
0694016519,1,4.0
0694515132,1,3.0
0694519170,1,4.0
0694520365,1,5.0
0694522465,1,5.0
0694522783,1,1.0
0694524743,1,5.0
0694525472,1,4.0
0694525804,1,4.0
0694526088,1,5.0
0694526207,1,5.0
0694526274,1,1.0
0695803565,1,5.0
069600030X,1,3.0
0696007150,1,5.0
0696019116,1,5.0
0696019728,1,5.0
0696019744,1,5.0
069620505X,2,5.0
069620665X,1,5.0
069620780X,1,5.0
0696208504,1,5.0
0696209764,1,3.0
069620990X,1,3.0
0696210290,1,5.0
0696211017,1,1.0
0696211254,1,5.0
0696211874,1,2.0
0696212706,2,5.0
0696212889,1,5.0
0696212900,1,5.0
0696213214,1,5.0
0696213273,1,5.0
0696215462,1,4.0
0696216043,1,4.0
0696216248,1,3.0
0696216299,1,5.0
0696217139,1,4.0
0696217163,2,3.0
0696217538,1,5.0
0696218305,1,5.0
0696218356,2,5.0
0696218488,1,5.0
0696218496,1,2.0
069621881X,2,4.5
0696220903,1,5.0
0696221268,1,4.0
0696221330,2,5.0
0696221500,1,5.0
0696222507,2,5.0
0696222558,1,5.0
0696222566,1,5.0
0696222841,1,4.0
0696222884,1,5.0
0696224143,1,3.0
0697031047,1,3.0
0697059499,1,5.0
0697178536,1,5.0
069810496X,1,4.0
0698115546,1,4.0
0698115554,3,4.67
0698115635,1,2.0
0698116259,1,2.0
0698116429,1,5.0
0698119398,1,5.0
0700603115,1,5.0
0700603190,1,4.0
0700606505,1,5.0
0700607587,1,5.0
0700609784,1,4.0
0700610030,1,4.0
0700610405,1,5.0
0700610502,1,5.0
0700611223,2,4.5
0700611789,2,5.0
0700612491,1,4.0
0700612793,1,4.0
0700613293,1,4.0
0700613528,1,3.0
0700613536,1,5.0
0700613595,1,1.0
0700613765,1,5.0
0700613870,1,5.0
0700613900,1,5.0
0706377311,1,5.0
0706377346,1,4.0
0707802431,1,5.0
0708313515,1,5.0
0708918190,1,5.0
0708990037,1,4.0
0709048513,1,4.0
0709051069,1,4.0
0709060335,1,5.0
070907669X,1,3.0
0710007159,1,5.0
0710619650,1,3.0
0711216754,1,5.0
0711219648,1,4.0
0711224196,1,5.0
0711224528,1,5.0
0711904987,1,4.0
071191771X,1,4.0
071197540X,1,5.0
0711990093,1,5.0
0711991081,1,4.0
0712347283,1,5.0
0712614184,1,5.0
0712695591,1,5.0
0713476230,1,5.0
0713484675,1,3.0
0713485523,1,1.0
0713487763,1,5.0
0713488042,1,3.0
0713488433,1,2.0
0713488700,1,4.0
0713488743,1,1.0
0713488794,1,5.0
0713488875,1,1.0
0713489057,1,5.0
0713489359,1,5.0
0713640693,1,5.0
0713667702,1,4.0
071372613X,1,4.0
0713727594,1,3.0
0713994754,1,1.0
0713998067,1,5.0
0714119482,1,5.0
0714526150,1,5.0
0714530387,1,2.0
0714531014,1,5.0
0714652563,1,5.0
0714684023,1,3.0
0714829846,1,5.0
0714832472,1,5.0
0714833568,1,5.0
0714835137,1,5.0
0714835293,1,5.0
0714835811,1,5.0
0714837954,1,5.0
0714838381,1,4.0
0714840459,1,4.0
0714840831,1,5.0
0714842451,1,5.0
0714842702,1,5.0
071484277X,1,5.0
0714843121,2,4.5
0714844012,1,5.0
0714845108,1,5.0
0714845299,1,5.0
0715312219,1,4.0
0715312243,2,5.0
0715312766,1,5.0
0715313002,1,4.0
0715313401,3,4.67
0715313932,1,3.0
0715314009,1,4.0
0715314084,1,5.0
0715314440,1,5.0
0715314513,1,2.0
0715314793,1,5.0
0715315838,1,5.0
0715316605,1,5.0
0715316826,1,5.0
071531789X,1,5.0
0715317946,1,5.0
0715317970,1,4.0
0715318527,1,5.0
071531906X,1,5.0
0715319159,1,4.0
0715319698,1,5.0
0715320319,1,5.0
0715390988,1,5.0
0715391399,1,5.0
0715392891,1,5.0
0715623842,1,5.0
0715627589,1,5.0
0715631225,1,5.0
0715631713,1,5.0
0716700883,1,5.0
0716705710,1,4.0
0716706725,1,4.0
0716710072,1,2.0
0716710471,1,5.0
0716711931,1,5.0
0716715449,2,3.0
0716717751,1,5.0
0716722011,1,1.0
071672393X,1,5.0
0716724383,1,4.0
0716730278,1,2.0
0716733919,1,5.0
0716739062,1,5.0
0716740257,1,4.0
0716743612,2,3.0
0716743744,1,5.0
0716749394,1,4.0
071675018X,1,2.0
0716752530,1,5.0
0716753219,1,4.0
0716755157,1,2.0
0716757060,1,4.0
0716757168,1,1.0
0716758814,1,1.0
0716763109,1,3.0
0716769603,1,5.0
071678694X,1,5.0
0716796732,1,3.0
0717802418,1,1.0
0717806855,1,4.0
0718001206,1,5.0
0718002490,1,5.0
0718003586,1,5.0
0718003756,1,5.0
0718006380,1,5.0
0718008022,1,5.0
071800826X,1,3.0
0718008650,1,5.0
0718008995,1,5.0
0718009967,1,5.0
071801099X,1,5.0
0718012097,1,5.0
0718012283,2,3.5
071801443X,1,3.0
0718014596,1,4.0
0718127641,1,4.0
0718822803,1,4.0
0718828054,1,2.0
0718829859,1,3.0
0719545714,1,4.0
0719554462,1,4.0
0719561515,1,5.0
0719562872,1,5.0
0719566630,2,4.5
0720611601,1,2.0
0720611822,1,5.0
0720611938,1,2.0
0721464513,1,2.0
0721601189,1,5.0
0721601855,1,4.0
0721601944,1,5.0
0721603106,1,4.0
0721603475,1,5.0
0721603645,1,4.0
0721603750,1,5.0
0721603955,1,5.0
0721605176,1,4.0
0721605702,1,4.0
0721606318,1,5.0
0721638643,1,5.0
0721644929,1,5.0
0721648878,1,3.0
0721659578,1,5.0
0721661157,1,5.0
0721662854,1,3.0
0721669298,1,5.0
0721670237,1,5.0
0721684432,1,1.0
072169344X,1,4.0
0721694187,1,5.0
0721695817,1,5.0
0722518013,1,5.0
0722534604,1,4.0
0722535996,1,4.0
0722539231,1,5.0
0722539754,1,3.0
0723247609,1,5.0
0723253609,2,3.5
0727858041,1,5.0
0727861506,1,3.0
0727862162,1,5.0
0733308244,1,5.0
0735100454,1,1.0
0735101469,1,4.0
0735200068,1,5.0
073520019X,1,5.0
0735200300,1,5.0
0735200378,3,4.67
0735200661,2,5.0
0735201013,1,5.0
0735201374,1,1.0
0735201447,3,5.0
0735201463,1,3.0
0735201811,1,4.0
0735201978,1,5.0
0735202230,1,5.0
0735202826,1,5.0
0735202958,1,5.0
0735202974,1,4.0
0735203504,1,2.0
0735203768,2,4.5
0735506361,1,5.0
073551982X,1,5.0
0735520003,1,5.0
0735524289,1,5.0
0735529949,1,4.0
0735535191,1,5.0
0735540241,2,4.0
0735605580,1,4.0
0735611319,1,5.0
0735611769,1,4.0
0735611831,1,5.0
0735611890,1,3.0
0735612366,1,3.0
0735613540,1,3.0
0735613702,1,4.0
0735614237,2,5.0
0735614377,2,1.5
0735614393,1,4.0
0735614644,1,1.0
0735614652,1,5.0
0735614717,2,5.0
0735615136,2,3.0
0735615144,1,5.0
0735615160,1,4.0
0735615187,1,5.0
0735615195,3,4.67
0735615225,1,5.0
0735615772,1,3.0
0735615780,1,2.0
0735615861,1,1.0
0735617201,2,4.5
0735617465,1,3.0
0735617783,1,1.0
0735617805,1,5.0
0735618011,1,5.0
0735618518,1,5.0
0735618534,1,4.0
0735618542,1,5.0
0735618569,1,5.0
0735618747,1,5.0
0735618798,1,3.0
073561881X,1,3.0
0735618887,1,4.0
0735618933,2,2.0
0735618992,1,5.0
0735619018,1,2.0
0735619050,1,4.0
0735619069,2,4.0
0735619093,2,4.0
0735619123,1,1.0
0735619158,1,4.0
0735619174,2,1.5
0735619255,2,5.0
0735619409,1,5.0
0735619425,1,5.0
0735619484,1,5.0
0735619492,1,5.0
0735619530,1,1.0
0735619603,1,4.0
0735619611,1,4.0
073561962X,1,4.0
0735619654,2,2.5
0735619670,6,5.0
0735619697,1,1.0
0735619719,1,5.0
0735619786,1,5.0
0735619816,1,5.0
073561993X,2,4.0
0735620202,1,4.0
0735620210,1,5.0
0735620245,2,2.5
0735620393,1,5.0
0735620407,2,3.5
073562044X,1,4.0
0735620482,2,4.0
0735620520,3,3.0
073562058X,2,2.0
0735620598,1,5.0
073562061X,1,5.0
0735620652,2,4.0
073562075X,2,4.5
0735621101,3,3.33
0735621217,3,4.67
0735621519,3,4.67
0735621527,2,4.5
0735621543,1,1.0
0735621667,1,3.0
0735621675,3,4.33
0735622175,1,5.0
0735710759,1,5.0
0735710910,1,5.0
073571102X,1,4.0
0735711224,2,3.5
0735712018,3,3.67
0735712069,1,3.0
0735712328,1,5.0
0735712360,1,5.0
0735712417,2,1.0
073571245X,1,5.0
0735712638,2,2.5
0735712654,1,4.0
0735712794,6,5.0
0735712840,1,5.0
0735712999,1,4.0
0735713308,1,5.0
0735713448,2,2.0
0735713502,1,2.0
0735713537,4,2.75
0735713634,1,5.0
0735713685,1,3.0
073571374X,1,3.0
0735713766,2,1.0
0735713944,1,4.0
0735714096,1,5.0
073571410X,1,4.0
0735714118,5,4.8
0735714258,1,5.0
0735714339,2,4.5
073571438X,3,4.67
073581774X,1,5.0
0735817847,1,5.0
0736001573,1,3.0
0736003517,2,5.0
0736037357,1,5.0
0736041567,1,5.0
0736041850,4,5.0
0736044043,3,5.0
0736044809,2,5.0
073604602X,2,4.5
0736046569,1,4.0
0736046739,1,5.0
0736046798,1,5.0
0736048138,1,5.0
073605099X,1,5.0
0736051414,1,4.0
0736052232,1,4.0
0736054448,1,5.0
0736055010,1,5.0
0736056246,5,5.0
0736056327,1,4.0
0736306285,1,5.0
0736401180,1,5.0
0736421211,1,3.0
0736422331,1,4.0
0736699511,1,5.0
0736824383,1,1.0
0736900233,1,5.0
0736900381,1,5.0
0736901248,1,4.0
0736901981,1,5.0
0736902066,1,5.0
0736902392,1,5.0
0736902449,1,2.0
0736902589,1,3.0
0736903909,1,3.0
0736904190,1,5.0
0736904336,1,5.0
0736904395,1,5.0
0736905324,1,5.0
0736905340,1,5.0
0736908234,1,5.0
0736908722,3,4.0
0736908730,1,5.0
0736908773,1,4.0
0736909141,1,5.0
0736909184,1,5.0
0736909761,1,4.0
0736909796,2,4.5
0736909931,1,5.0
0736909958,1,5.0
0736910115,1,3.0
0736910522,1,5.0
0736910565,1,2.0
0736910778,1,2.0
0736910816,1,2.0
0736910875,1,5.0
0736911588,2,3.0
0736912630,1,3.0
0736912932,1,5.0
0736912959,1,1.0
0736913432,1,1.0
0736913513,1,5.0
0736913521,1,3.0
0736913556,1,2.0
0736913564,1,3.0
0736913823,1,5.0
0736914315,1,2.0
0736914374,3,4.67
0736914390,1,4.0
0736914609,1,5.0
0736914838,1,3.0
0736915001,1,5.0
0736915052,1,4.0
0736915079,1,4.0
0736915559,1,5.0
0736916369,2,5.0
0737016221,1,5.0
0737020202,1,5.0
0737301120,1,5.0
0737302658,1,5.0
0737303018,1,2.0
0737303859,1,3.0
0737304243,1,5.0
0737305568,1,5.0
0738200328,1,5.0
0738200379,1,5.0
0738201006,1,4.0
0738201022,2,2.5
0738201731,1,1.0
0738202029,1,5.0
0738202282,1,5.0
0738202355,1,5.0
0738202835,1,5.0
0738202878,1,2.0
0738203971,1,5.0
0738204005,1,4.0
0738204412,1,5.0
0738204633,1,5.0
0738204986,1,5.0
073820529X,1,4.0
0738205370,4,4.0
0738206091,1,5.0
073820627X,1,5.0
0738206369,2,5.0
0738206628,1,5.0
0738206709,1,4.0
0738206717,1,1.0
073820692X,2,5.0
0738206954,1,4.0
073820756X,2,4.5
0738207616,1,4.0
0738207934,1,5.0
073820806X,1,5.0
0738208086,1,4.0
0738208868,1,5.0
0738208981,1,5.0
0738209031,2,5.0
073820904X,1,4.0
0738209201,2,4.0
073820949X,9,4.33
0738209570,1,5.0
0738209732,1,3.0
0738209813,1,2.0
0738209945,1,2.0
0738209996,1,5.0
0738210110,1,5.0
0738210161,1,1.0
073821017X,1,5.0
0738500496,1,2.0
0738501506,1,5.0
0738505854,1,5.0
0738508047,1,5.0
0738509639,1,5.0
0738513067,1,5.0
0738513881,1,5.0
073851392X,1,4.0
0738514233,2,5.0
0738519995,1,5.0
073852008X,1,5.0
0738520209,1,4.0
0738523895,1,5.0
0738524204,1,4.0
0738528595,1,5.0
0738529109,1,5.0
0738529354,1,5.0
0738529435,1,5.0
0738529494,1,5.0
0738529699,1,5.0
073852977X,1,5.0
0738530077,1,5.0
0738532614,1,5.0
0738532967,1,4.0
0738533327,1,5.0
0738533750,2,2.5
0738534293,1,4.0
0738535621,1,4.0
0738535680,1,5.0
0738535877,1,4.0
0738536172,1,5.0
0738537721,1,4.0
0738538086,1,4.0
0738600199,1,5.0
0738600784,1,5.0
0738700096,1,5.0
0738700169,1,5.0
0738700215,1,5.0
0738700231,1,5.0
073870024X,1,4.0
0738700258,1,5.0
0738700932,1,5.0
073870153X,1,5.0
0738701548,3,5.0
0738701602,1,5.0
0738701750,1,5.0
0738701912,1,3.0
0738702013,1,5.0
0738702048,1,5.0
0738702269,1,4.0
0738702501,1,5.0
0738702595,1,1.0
0738702765,2,5.0
0738702870,2,5.0
073870301X,2,2.5
0738703109,1,3.0
0738703184,1,3.0
0738703192,1,5.0
0738703214,1,5.0
0738703222,1,1.0
0738703397,1,3.0
0738703486,1,4.0
0738703885,1,4.0
0738703915,2,5.0
0738704261,1,5.0
0738704415,1,3.0
0738704431,1,5.0
0738704458,1,4.0
0738704679,3,4.33
0738704687,1,5.0
0738704695,1,5.0
0738704709,2,3.5
0738705209,2,5.0
0738705225,1,5.0
0738705659,1,5.0
073870573X,1,5.0
0738705772,1,5.0
0738705926,1,5.0
0738705942,1,5.0
0738706078,2,4.5
0738706256,2,5.0
0738706574,1,5.0
0738706639,1,5.0
0738706647,1,2.0
073870671X,1,4.0
0738707155,1,5.0
073870749X,1,5.0
0738707589,1,5.0
0738707686,1,5.0
0738807222,1,5.0
0738810576,1,5.0
0738811416,1,4.0
0738826499,1,5.0
0738827932,1,5.0
0738829528,1,3.0
0738835668,1,4.0
0738836125,1,5.0
0738843164,1,5.0
0739024035,2,3.0
073902406X,1,5.0
0739034715,1,4.0
0739035371,1,5.0
0739036351,1,5.0
0739202502,1,4.0
0739203614,1,1.0
0739301780,1,4.0
0739303228,1,5.0
0739304038,1,5.0
0739304488,1,5.0
0739306812,1,5.0
073930982X,1,3.0
0739310887,1,5.0
0739312502,1,5.0
0739312707,1,2.0
0739313126,2,5.0
0739314009,2,5.0
0739314696,1,5.0
0739315536,1,5.0
0739315552,1,5.0
0739315730,1,4.0
0739316443,1,2.0
073931713X,1,4.0
0739317970,1,5.0
0739318322,1,5.0
0739318330,1,5.0
0739318985,1,5.0
0739320114,4,5.0
0739320149,1,5.0
0739320440,1,4.0
0739321781,1,1.0
073932196X,1,3.0
0739322478,1,5.0
0739406671,1,4.0
0739407279,1,4.0
0739408232,1,5.0
0739418904,1,5.0
073942100X,1,5.0
0739429698,1,4.0
0739433865,1,4.0
073944798X,1,5.0
0739453335,1,5.0
073981298X,1,4.0
0740700065,1,5.0
0740700138,2,4.5
0740701991,1,5.0
0740704567,1,5.0
0740704729,1,5.0
0740704818,2,5.0
0740705989,2,5.0
0740706004,2,4.0
0740706829,1,5.0
0740709925,1,5.0
0740710214,2,5.0
0740719718,1,5.0
0740720619,1,5.0
0740720627,1,5.0
0740721135,5,4.8
0740721984,1,5.0
0740722131,2,1.0
0740723367,1,5.0
0740726684,1,5.0
0740726854,1,5.0
0740727184,1,4.0
0740727206,1,5.0
0740727273,1,5.0
0740733001,1,5.0
0740733265,1,4.0
0740734377,1,5.0
0740735195,1,5.0
0740738089,1,5.0
0740738402,1,5.0
0740738550,1,4.0
0740738577,1,5.0
0740738593,2,2.5
0740739522,1,1.0
0740739581,1,5.0
0740739603,2,5.0
0740741292,1,5.0
0740741772,1,3.0
0740741837,1,4.0
0740744216,1,3.0
0740744526,1,5.0
0740744674,1,5.0
0740744984,1,3.0
0740744992,1,3.0
0740746588,1,3.0
0740746618,2,5.0
0740746634,2,5.0
0740746707,1,5.0
0740746863,1,2.0
0740746901,1,5.0
0740747134,2,5.0
0740747398,1,5.0
0740748076,1,5.0
0740748475,7,5.0
0740749099,2,5.0
0740749994,2,4.5
0740750054,1,5.0
0740750070,1,5.0
0740750151,1,5.0
0740750364,1,4.0
0740750372,3,4.33
0740750399,3,4.33
0740750437,1,5.0
0740750453,3,5.0
0740750704,1,1.0
0740750992,1,5.0
0740751093,1,1.0
0740751107,1,5.0
0740751131,1,5.0
0740751174,1,5.0
0740751182,1,5.0
0740751271,1,5.0
0740751816,1,5.0
0740752944,2,3.5
0740753851,6,4.67
0740754238,1,1.0
0740754416,1,5.0
0740754432,1,5.0
0740754475,1,5.0
0740754629,2,5.0
0740754939,2,5.0
0740755692,1,5.0
0740756257,5,5.0
0741216000,1,5.0
0741404990,1,1.0
0741405563,2,4.5
0741407272,1,3.0
0741408414,1,5.0
0741412322,1,5.0
0741412780,1,1.0
0741414805,1,5.0
0741417340,1,4.0
0741417561,1,4.0
0741417790,1,1.0
0741418479,1,5.0
0741418819,3,2.67
0741419491,1,5.0
0741421291,1,5.0
0741422492,1,5.0
0741422557,1,5.0
0741424312,1,5.0
0741424797,2,3.0
0741424908,1,5.0
074142598X,1,5.0
0741619474,1,5.0
0742502511,1,5.0
0742510263,1,5.0
0742511480,1,5.0
0742513009,1,4.0
0742522288,1,5.0
0742522431,1,4.0
0742525228,1,5.0
0742526984,1,4.0
074252843X,1,5.0
0742529223,1,4.0
0742532208,1,5.0
0742533522,1,5.0
0742533859,1,4.0
0742534081,2,5.0
0742538168,1,5.0
0742538222,2,3.5
0742541754,1,5.0
0742543048,1,5.0
0742543846,1,5.0
0742550036,1,5.0
0742640868,1,5.0
074320011X,5,4.6
0743200187,1,5.0
0743200403,1,5.0
0743201116,2,5.0
0743201140,4,4.25
0743201299,3,5.0
074320154X,1,5.0
0743201698,3,3.33
074320218X,1,5.0
0743202198,1,5.0
0743202236,1,3.0
074320235X,1,5.0
0743202376,1,5.0
0743202473,1,5.0
0743202503,1,5.0
074320297X,1,5.0
0743203178,1,4.0
0743203291,1,3.0
0743203313,1,4.0
0743203909,1,4.0
0743203941,2,5.0
0743203984,1,5.0
074320445X,1,5.0
0743204816,3,4.67
0743205022,1,5.0
0743211170,1,5.0
0743211375,1,3.0
0743211448,1,3.0
074321157X,1,4.0
0743211588,1,2.0
0743211804,1,5.0
0743212010,1,4.0
0743212347,1,5.0
074321241X,1,5.0
0743212886,1,5.0
0743213688,1,4.0
0743213882,1,5.0
0743214285,2,4.0
0743214595,1,5.0
0743215028,2,3.5
0743215362,2,4.5
0743215834,1,4.0
0743216458,1,4.0
0743217349,1,5.0
0743217896,1,5.0
074321790X,1,5.0
0743218027,1,3.0
0743218795,2,5.0
0743219295,1,3.0
0743219465,1,5.0
0743219562,1,1.0
0743219589,1,4.0
0743219643,1,3.0
074321966X,1,4.0
0743221826,1,5.0
0743222245,1,4.0
0743222326,1,3.0
0743222334,1,5.0
0743222911,1,5.0
0743222954,1,5.0
0743222989,1,4.0
0743222997,1,5.0
0743223136,2,4.5
0743223217,1,4.0
0743223225,1,5.0
0743223233,1,5.0
0743223292,1,3.0
0743223306,1,5.0
0743223314,1,5.0
0743223535,1,1.0
074322387X,1,4.0
074322454X,1,4.0
0743224558,1,5.0
0743224566,1,5.0
0743224574,1,4.0
0743224787,1,4.0
0743224841,1,5.0
0743224876,3,5.0
0743224892,5,4.8
0743224973,1,4.0
0743225066,2,3.5
0743225376,1,5.0
0743225503,1,4.0
0743225627,1,5.0
0743225805,1,1.0
0743225988,1,3.0
0743226062,1,4.0
0743226518,1,5.0
0743226526,1,5.0
0743226674,2,4.5
0743226712,38,4.39
0743226747,1,5.0
0743226755,1,5.0
0743226836,1,5.0
0743227212,1,4.0
0743227255,1,5.0
0743227328,1,2.0
0743227387,1,5.0
0743227433,1,5.0
0743227441,11,4.36
074322759X,1,4.0
0743227905,2,4.5
0743228154,9,4.0
0743228286,3,4.0
0743228383,5,4.0
0743228642,1,5.0
0743228685,2,1.5
0743228960,1,4.0
0743229029,1,5.0
0743229215,2,5.0
0743229452,1,5.0
0743229681,1,5.0
0743229940,1,5.0
0743230213,1,1.0
0743230647,1,4.0
074323278X,1,3.0
0743232798,1,5.0
074323281X,1,4.0
0743233484,10,2.8
0743234472,1,5.0
0743234480,1,2.0
0743234553,1,5.0
0743234707,2,4.0
0743234723,1,5.0
0743234995,1,4.0
0743235177,1,5.0
0743235266,1,5.0
0743235355,4,3.25
0743235576,1,5.0
0743235819,1,3.0
0743235886,1,5.0
0743236114,1,2.0
0743236386,1,5.0
0743236645,1,4.0
074323670X,1,2.0
0743236947,1,5.0
0743237544,1,5.0
074323782X,1,5.0
0743237943,2,4.5
074323815X,1,1.0
0743238273,2,5.0
0743238281,1,5.0
0743238516,3,3.33
0743241002,1,1.0
0743241304,1,4.0
0743241657,1,2.0
0743241924,2,5.0
0743242157,1,4.0
0743242173,3,3.33
0743242750,1,4.0
0743242785,2,3.5
0743243064,1,5.0
0743243153,1,5.0
0743243315,2,2.5
0743243390,1,3.0
0743243447,1,3.0
0743243552,3,5.0
0743243560,2,2.0
0743243609,2,3.5
0743243803,1,4.0
0743244206,1,5.0
0743244389,1,5.0
0743244508,1,5.0
0743244516,2,4.5
0743244540,2,3.0
0743244591,1,5.0
0743244710,1,4.0
074324494X,4,4.0
0743245148,1,5.0
0743245431,1,4.0
0743245512,1,5.0
0743245547,1,4.0
0743245881,1,3.0
0743245911,7,4.71
0743245962,1,3.0
0743246071,6,3.5
0743246136,1,4.0
0743246209,1,5.0
0743246217,2,5.0
0743246322,1,4.0
0743246373,1,1.0
0743246411,1,5.0
0743246438,1,4.0
0743246446,1,5.0
0743246616,1,5.0
0743246721,1,4.0
0743246802,1,5.0
0743246934,1,5.0
0743246985,2,5.0
0743247000,1,5.0
0743247078,2,2.0
0743247175,1,4.0
0743247205,1,4.0
0743247442,1,5.0
0743247469,1,5.0
0743247531,29,4.83
0743247698,12,4.08
074324785X,2,4.5
0743247981,1,2.0
0743249208,3,4.33
0743249291,3,3.67
0743249305,2,4.0
0743249348,1,5.0
074324964X,2,5.0
0743249704,1,5.0
0743249771,2,4.0
0743249895,1,4.0
0743249992,3,4.0
0743250117,1,4.0
0743250214,4,4.75
0743250230,3,5.0
0743250257,1,5.0
0743250281,2,4.5
0743250354,1,4.0
0743250419,1,4.0
0743250427,1,5.0
0743250443,1,1.0
0743250451,1,5.0
0743250508,1,4.0
0743250540,1,4.0
0743250559,1,3.0
0743250605,5,4.6
074325080X,1,5.0
0743251040,1,2.0
0743251148,1,2.0
0743251156,1,5.0
0743251326,1,4.0
074325144X,2,4.0
0743251547,2,5.0
0743251628,3,3.33
0743251830,1,5.0
0743251849,1,1.0
0743251857,1,5.0
0743252063,2,4.5
0743252071,1,3.0
074325211X,1,5.0
074325337X,1,5.0
0743253396,1,1.0
0743254007,1,4.0
0743254058,2,2.5
0743254430,1,5.0
0743254554,5,3.0
0743254619,1,2.0
0743254635,1,5.0
0743254767,1,5.0
0743254805,1,5.0
0743254945,2,3.5
0743255054,2,4.5
0743255135,1,5.0
0743255186,2,4.5
0743255232,1,3.0
0743255356,1,4.0
0743255380,1,5.0
0743255410,1,5.0
0743255429,2,3.5
0743255453,2,5.0
074325547X,1,3.0
0743255542,1,5.0
074325564X,1,3.0
0743255674,3,3.67
0743255755,1,5.0
074325600X,1,5.0
0743256115,1,3.0
0743256158,3,4.0
0743256166,2,5.0
0743257391,1,5.0
0743257405,1,3.0
0743257480,1,1.0
0743257499,4,3.25
0743257529,5,4.2
0743257731,1,5.0
0743257758,3,3.67
074325788X,1,5.0
0743257952,1,5.0
0743258002,1,4.0
0743258010,2,3.0
0743258169,1,5.0
0743258541,2,5.0
0743259823,1,5.0
0743260015,2,5.0
0743260031,10,3.8
0743260074,1,4.0
0743260090,1,5.0
0743260171,3,4.67
074326018X,1,5.0
0743260376,2,3.5
0743260384,1,5.0
0743260457,1,5.0
0743260554,1,4.0
0743260716,3,4.67
0743260821,1,3.0
0743260910,1,5.0
0743260929,5,4.2
0743261038,1,5.0
0743261046,1,5.0
0743261127,1,5.0
0743261216,2,4.0
0743261658,7,3.86
0743261879,1,5.0
0743262174,1,4.0
0743262271,2,5.0
0743262395,1,5.0
0743262409,1,5.0
0743262506,2,3.0
0743263057,1,5.0
0743264134,1,5.0
0743264169,4,4.75
0743264312,2,2.5
0743264339,2,5.0
074326438X,1,4.0
0743264452,2,4.0
0743264517,1,3.0
0743264568,3,4.67
0743264630,2,5.0
0743264754,1,2.0
0743264797,1,5.0
0743264800,2,3.0
0743264894,1,5.0
0743264991,1,4.0
0743265025,3,2.67
0743265106,2,5.0
074326519X,1,2.0
0743265289,1,5.0
0743265297,1,3.0
0743265300,1,5.0
0743265327,1,2.0
0743265335,1,5.0
0743265408,2,3.0
0743265424,1,3.0
0743265440,1,5.0
0743265467,1,2.0
0743265556,1,5.0
0743265858,1,4.0
0743266285,2,5.0
0743266331,2,3.5
0743266390,6,4.17
0743266641,1,5.0
0743266676,2,2.5
0743266749,1,5.0
0743266854,1,1.0
0743266943,1,4.0
0743267044,1,4.0
0743267060,1,1.0
0743267133,12,5.0
0743267184,1,5.0
0743267222,7,4.14
0743267265,1,5.0
0743267567,2,5.0
0743267788,5,3.0
0743267842,1,4.0
0743269098,2,4.5
0743269292,1,5.0
0743269519,4,5.0
0743269535,2,5.0
0743269640,1,4.0
0743269721,1,3.0
0743269748,2,5.0
074326987X,3,3.67
0743269918,1,3.0
0743269977,7,4.86
0743270061,1,5.0
0743270088,1,1.0
0743270185,2,4.5
0743270223,3,4.33
074327055X,2,1.0
0743270878,3,3.67
0743270975,1,1.0
0743271041,1,5.0
0743271157,7,4.57
0743271394,1,1.0
0743271556,1,5.0
0743271718,2,4.0
074327217X,3,5.0
0743272390,2,5.0
0743272722,5,4.8
0743272862,3,5.0
0743272935,1,5.0
0743273265,1,4.0
0743273567,2,3.0
0743274024,1,5.0
0743275012,1,5.0
0743275063,2,5.0
0743275071,2,4.5
0743276949,1,5.0
0743277198,14,4.43
0743277473,1,5.0
074328156X,2,5.0
074328190X,4,3.25
0743287010,1,5.0
0743287150,2,4.0
0743300521,1,4.0
0743400208,1,2.0
0743400364,1,4.0
0743400372,2,4.5
0743400496,1,5.0
0743403762,1,4.0
0743406125,2,3.0
0743406222,1,4.0
0743406273,1,1.0
0743406427,1,3.0
0743406451,1,1.0
0743406567,1,5.0
0743406664,2,4.5
0743407407,1,5.0
0743408195,1,4.0
0743410076,1,5.0
0743410130,1,3.0
0743410173,1,4.0
0743411536,1,2.0
0743411943,1,5.0
0743411951,1,5.0
0743411986,1,4.0
0743412192,1,4.0
0743412265,1,4.0
0743412346,2,4.5
0743412583,1,4.0
0743416910,1,5.0
0743417100,1,2.0
0743417119,1,3.0
0743417127,3,1.67
0743417135,1,3.0
0743417151,1,4.0
0743418174,6,4.83
0743418204,2,2.5
0743418247,1,4.0
0743418581,1,5.0
0743418735,1,5.0
0743418921,1,5.0
0743419049,1,5.0
0743421884,1,3.0
0743421973,1,3.0
0743422287,1,3.0
0743422449,1,3.0
0743422473,3,3.67
0743426908,2,4.0
0743427319,1,1.0
074342736X,2,4.5
0743427742,1,5.0
0743428188,1,4.0
0743431014,2,4.0
0743432932,1,4.0
0743434374,1,3.0
0743435109,1,5.0
0743435206,1,5.0
0743435257,1,5.0
0743435516,2,4.0
0743435613,1,1.0
0743435710,1,5.0
0743435745,1,5.0
0743435753,1,5.0
0743435850,1,5.0
074343594X,1,5.0
0743436024,1,5.0
0743436121,1,5.0
0743436156,1,5.0
0743436172,1,5.0
0743436741,1,4.0
0743436784,1,3.0
074343725X,1,2.0
0743437349,1,3.0
0743437829,1,4.0
0743437845,1,5.0
0743439643,1,4.0
0743439651,1,5.0
0743442539,1,4.0
0743442725,1,5.0
0743443063,1,4.0
0743443268,1,3.0
0743443276,1,4.0
0743443896,1,4.0
0743444515,1,5.0
0743444523,1,4.0
0743445732,1,5.0
0743445856,1,4.0
0743445872,2,5.0
0743445880,5,3.8
0743446399,2,2.5
0743448324,1,5.0
0743448383,1,2.0
0743448405,1,5.0
0743448502,1,2.0
0743448626,1,3.0
0743449037,1,5.0
074344907X,1,4.0
0743451430,1,4.0
0743451449,1,3.0
0743452887,1,5.0
0743453018,2,4.5
0743453085,1,5.0
0743453441,2,3.5
0743453964,1,5.0
0743453980,2,5.0
0743454146,1,5.0
0743454510,1,4.0
0743454529,2,5.0
0743454537,13,4.46
0743454545,5,4.0
0743455967,4,4.75
0743456033,2,5.0
074345619X,1,5.0
0743456211,1,5.0
0743456300,1,4.0
0743456394,1,1.0
0743456416,1,5.0
0743456661,3,4.0
0743456890,1,1.0
0743456912,2,5.0
0743456947,1,4.0
0743457110,1,5.0
0743457188,3,3.67
0743457269,3,5.0
0743457307,6,3.5
0743457358,1,5.0
0743457463,1,5.0
0743457536,1,3.0
0743457617,1,4.0
0743457625,1,5.0
0743457811,1,4.0
0743457927,1,5.0
0743458087,1,5.0
0743458125,1,3.0
0743462688,1,4.0
074346270X,2,4.0
0743462823,1,4.0
0743462874,1,5.0
0743463005,1,2.0
0743463161,2,5.0
074346334X,1,5.0
0743463447,2,3.5
0743463781,2,5.0
0743463862,2,3.0
0743464079,1,4.0
074346415X,1,5.0
0743464206,1,4.0
0743464370,1,5.0
0743464427,1,4.0
0743464486,1,3.0
0743464532,1,3.0
0743464567,1,3.0
0743464672,1,3.0
0743464788,1,5.0
0743464818,1,3.0
0743464877,1,2.0
0743464885,1,5.0
0743464915,1,3.0
0743464974,1,4.0
0743465075,2,3.5
0743465083,2,4.0
0743466438,2,4.0
0743466446,1,3.0
0743466500,1,5.0
0743466624,1,5.0
0743466632,1,4.0
0743466713,2,3.0
0743466764,2,5.0
0743466780,1,4.0
0743466861,1,5.0
0743467442,1,2.0
074346754X,1,1.0
0743467590,1,5.0
0743467701,2,3.5
0743469801,1,5.0
0743469852,1,5.0
074346995X,1,2.0
0743470095,4,4.25
0743470109,3,5.0
0743470117,2,4.5
0743470133,1,3.0
0743470214,1,3.0
0743470230,2,5.0
0743470354,1,4.0
0743470370,1,5.0
0743470397,1,4.0
0743470419,1,4.0
0743470559,1,3.0
0743470737,1,5.0
074347077X,1,5.0
0743470850,1,5.0
0743470923,2,3.5
0743470974,8,4.75
0743471113,1,3.0
0743471210,1,4.0
074347144X,1,4.0
0743471520,1,3.0
0743471539,1,4.0
0743471652,1,4.0
0743471679,2,3.5
0743471709,1,5.0
0743471792,2,5.0
0743471873,1,2.0
0743474376,1,3.0
0743474430,1,4.0
0743474732,1,4.0
0743474864,1,5.0
0743475186,1,1.0
0743475534,1,4.0
0743475763,1,5.0
0743476123,1,5.0
0743476158,1,5.0
0743476298,1,1.0
0743476328,1,5.0
0743476360,1,1.0
0743476476,2,4.5
0743476514,1,5.0
0743476581,2,4.5
0743476670,2,5.0
0743476697,2,4.5
0743476824,1,3.0
0743476980,1,5.0
0743477138,1,4.0
0743477154,1,5.0
0743477286,2,5.0
0743477316,1,4.0
0743477707,3,3.67
0743477723,3,4.33
0743478886,1,5.0
0743479068,1,1.0
0743479491,1,5.0
0743479521,1,4.0
0743480538,1,4.0
0743480651,2,5.0
0743480724,1,3.0
0743482212,1,1.0
0743482247,2,5.0
0743482255,3,5.0
0743482484,1,4.0
0743482832,1,5.0
0743482913,1,4.0
0743482956,2,3.5
074348343X,1,4.0
0743483448,1,5.0
0743483472,1,4.0
0743484738,1,5.0
0743484843,1,3.0
0743484991,1,5.0
0743485009,1,5.0
0743485025,1,3.0
0743485068,1,5.0
074348620X,1,5.0
0743486226,3,4.33
0743486315,2,2.0
0743486323,1,5.0
0743486447,1,5.0
0743486560,1,3.0
0743487338,1,4.0
0743487478,6,3.83
0743487583,1,5.0
0743487834,1,3.0
0743487869,5,3.4
0743488156,2,4.5
0743488288,1,5.0
0743488334,1,4.0
0743488369,1,5.0
0743488393,2,4.0
0743488415,1,4.0
0743488458,4,3.25
0743488512,1,5.0
0743488520,4,3.75
0743488547,1,3.0
0743488598,2,4.5
074348861X,3,3.67
0743488628,1,3.0
0743490398,1,4.0
0743490401,1,5.0
074349041X,1,4.0
0743491599,1,5.0
074349184X,1,3.0
0743491947,1,1.0
0743491998,1,5.0
0743492560,2,5.0
0743492579,2,1.5
0743492587,2,2.5
0743492668,1,5.0
0743492811,2,4.5
0743492838,1,3.0
0743492854,3,5.0
0743493117,1,3.0
0743493478,2,4.5
0743493540,1,3.0
0743493729,1,1.0
0743493842,1,5.0
0743493850,1,5.0
0743493869,1,5.0
0743493915,1,4.0
0743496108,1,5.0
0743496132,1,5.0
0743496183,1,5.0
0743496205,3,5.0
0743496272,1,5.0
0743496280,1,4.0
0743496639,1,5.0
0743497139,2,4.5
0743497155,5,4.0
074349721X,1,3.0
074349749X,6,3.83
0743497554,1,5.0
0743498011,1,5.0
0743498119,1,5.0
0743498259,1,5.0
0743498364,1,5.0
0743498399,2,3.0
0743498712,1,5.0
0743498720,1,3.0
0743498747,1,4.0
0743498801,7,3.29
074349881X,10,4.2
0743498828,2,5.0
0743498844,2,3.5
0743498917,1,5.0
0743498925,2,4.5
0743498933,2,5.0
0743498968,1,4.0
0743498984,1,5.0
0743498992,1,5.0
0743499026,1,5.0
0743499123,2,4.5
0743499131,4,5.0
0743499166,1,4.0
0743499182,9,4.44
0743499239,1,5.0
0743499336,2,2.0
0743499352,1,5.0
0743499425,1,5.0
0743500164,1,5.0
0743500458,1,5.0
0743500466,1,5.0
0743503708,1,5.0
0743506200,2,5.0
0743506235,1,4.0
074350626X,1,4.0
0743506855,1,4.0
0743507800,1,5.0
0743517733,1,2.0
0743520343,1,2.0
0743523555,1,5.0
0743523571,2,4.5
0743525191,1,5.0
074352523X,1,5.0
074352571X,2,4.5
0743525787,3,3.67
0743525809,1,5.0
0743525825,1,2.0
0743526619,1,3.0
0743526937,1,4.0
0743527305,1,5.0
0743528344,1,5.0
0743529065,1,3.0
0743529138,1,5.0
0743529154,1,3.0
0743529189,1,5.0
0743529448,1,5.0
074353011X,1,5.0
0743530233,2,5.0
0743530241,1,5.0
0743530284,1,5.0
0743533909,1,1.0
074353395X,1,5.0
0743535472,1,5.0
0743535510,1,5.0
0743536703,1,4.0
0743536746,1,5.0
0743536967,1,5.0
0743536983,1,4.0
0743537009,1,3.0
0743538277,2,3.5
0743538560,1,5.0
0743539869,1,5.0
0743539974,1,5.0
0743540050,2,3.0
0743544234,2,5.0
074354434X,1,5.0
0743544536,1,5.0
0743544676,1,2.0
0743545230,1,4.0
0743550005,1,5.0
074355003X,1,2.0
0744002397,1,5.0
0744002850,1,5.0
0744002915,1,4.0
0744003016,1,5.0
0744003466,1,4.0
0744003687,1,5.0
0744003903,1,5.0
0744003946,2,4.5
0744004012,1,3.0
0744004039,1,3.0
0744004055,7,3.14
0744004241,1,3.0
0744004616,1,5.0
0744004705,1,3.0
0744004764,1,5.0
0744004829,1,5.0
0744005132,1,5.0
0744005256,1,5.0
0744005302,2,3.5
0744005345,1,4.0
0744303575,1,4.0
0744563305,1,5.0
0744563615,1,5.0
0744578647,1,5.0
0745308198,1,1.0
0745315313,1,5.0
0745318576,1,5.0
0745322069,1,5.0
074532309X,1,5.0
0745628389,1,1.0
0745629954,1,3.0
0745634117,1,4.0
0745930689,2,4.5
0746002890,1,5.0
0746010001,1,1.0
0746025025,1,2.0
0746029438,1,5.0
0746037252,1,4.0
0746041683,1,4.0
0747234930,1,5.0
0747245754,1,5.0
0747263086,1,4.0
0747276390,1,5.0
0747516324,1,4.0
0747531005,1,3.0
0747544956,1,4.0
0747553068,1,5.0
0747556318,1,5.0
0747557357,1,4.0
0747557861,1,5.0
0747558353,1,3.0
074756146X,1,5.0
074780012X,1,4.0
0748409424,1,1.0
0749002913,1,5.0
0749005726,1,5.0
074900696X,1,1.0
0749006986,1,4.0
0749306688,1,5.0
0749427434,1,5.0
0749522038,1,4.0
0749525274,1,3.0
0749707364,1,5.0
0749748001,1,5.0
0749748028,1,5.0
0749921056,1,5.0
0749923717,1,5.0
0749934190,1,5.0
0750241233,1,5.0
0750500115,1,1.0
0750617411,1,4.0
0750628960,1,5.0
0750647167,1,2.0
0750656387,1,2.0
0750656956,1,2.0
0750659114,1,5.0
0750659343,1,1.0
0750663839,1,5.0
075067136X,1,4.0
0750671610,1,5.0
0750672528,1,2.0
0750673559,1,2.0
0750674032,1,5.0
0750674318,1,5.0
0750674393,1,4.0
075067444X,1,5.0
075067458X,1,1.0
0750676043,2,3.5
075067606X,1,4.0
0750677147,1,4.0
0750677821,1,4.0
0750678968,1,5.0
0750679468,1,5.0
0750680725,1,2.0
0750699566,1,4.0
0750925019,1,5.0
0750925027,1,5.0
0750930128,1,5.0
0750932953,1,4.0
0750934220,1,5.0
0750934352,1,5.0
0751312908,1,4.0
0751503827,1,3.0
0751503835,1,4.0
0751503894,1,5.0
0751504807,1,3.0
0751526762,1,5.0
0751529370,1,3.0
075153238X,1,1.0
0752211331,1,5.0
0752420054,1,4.0
0752426923,2,4.0
0752429094,1,5.0
0752429728,2,4.0
0752430467,1,3.0
0752584278,1,5.0
0752815954,1,3.0
0752842978,1,4.0
0752844474,1,4.0
0752849360,1,4.0
0752849557,1,5.0
0752853694,1,5.0
0752856499,1,4.0
0752859307,1,4.0
0752860178,1,5.0
0752860682,1,5.0
0752864173,1,5.0
075286887X,1,5.0
0753150328,1,5.0
0753163020,1,5.0
0753451042,1,5.0
0753451360,1,5.0
0753452553,1,5.0
0753454033,1,5.0
0753454041,1,5.0
0753455811,1,5.0
0753457849,1,5.0
0753507706,1,5.0
0753508192,1,5.0
0753508494,1,3.0
0753509318,1,2.0
0753509857,3,3.33
0753817586,1,3.0
0753817918,1,5.0
0754016560,1,4.0
075405358X,1,5.0
0754643255,1,2.0
0754804593,1,5.0
0754807932,1,3.0
0754813746,1,4.0
0754814904,1,5.0
0754814955,1,4.0
0755100336,1,4.0
0755105982,1,5.0
0755200799,1,2.0
0755201388,1,1.0
0755201760,1,4.0
0755301145,1,5.0
0755304853,1,4.0
0755310926,1,5.0
0755311388,1,5.0
0755322975,1,4.0
0756400309,1,1.0
0756400511,1,3.0
0756400546,1,5.0
0756400589,1,3.0
0756400961,1,4.0
0756401143,1,5.0
0756401356,1,1.0
0756401364,2,4.0
0756401704,1,5.0
0756401747,1,5.0
0756401801,1,5.0
0756401836,1,4.0
0756401879,1,4.0
0756401925,2,3.5
0756401933,1,5.0
0756401968,2,4.5
0756402018,1,5.0
0756402026,1,5.0
0756402174,1,5.0
0756402190,1,4.0
0756402204,1,2.0
0756402212,2,3.5
0756402409,1,4.0
0756402530,4,4.5
075640259X,1,5.0
0756402611,1,5.0
075640262X,4,3.25
0756402638,1,5.0
0756402697,1,3.0
0756402719,1,5.0
0756402905,1,5.0
0756402972,2,3.5
0756600332,1,4.0
075660088X,1,2.0
0756602548,1,5.0
0756602572,1,5.0
0756602610,1,5.0
0756602718,1,4.0
0756603072,1,5.0
0756603145,3,4.0
0756603412,1,5.0
075660365X,4,4.75
0756603757,2,4.5
0756604966,1,5.0
0756605091,1,5.0
0756605164,1,5.0
0756605180,2,5.0
0756605296,1,5.0
0756605520,1,5.0
075660592X,3,4.33
075660656X,1,5.0
0756606705,2,5.0
0756609011,1,4.0
0756609127,1,5.0
0756609194,1,5.0
0756609585,1,5.0
0756610559,1,5.0
0756610567,1,5.0
0756611288,6,4.83
0756612330,1,5.0
075661578X,2,4.0
0756743168,1,1.0
0757000266,1,4.0
0757001440,1,5.0
0757002579,1,4.0
0757300286,1,5.0
0757300650,1,5.0
0757301231,1,5.0
0757301428,1,5.0
0757301479,1,1.0
075730222X,1,4.0
0757302270,1,4.0
0757302351,6,4.17
0757302386,1,5.0
0757302408,1,5.0
0757302548,1,5.0
0757302653,1,4.0
0757302661,1,5.0
0757303110,1,5.0
0757303323,2,5.0
0757500358,1,4.0
0757500943,1,5.0
0757901689,1,4.0
0757906125,1,3.0
0757907822,1,5.0
0757909302,1,5.0
0757909469,1,5.0
0757911544,1,4.0
0757912052,1,4.0
0757914683,1,5.0
0757917127,1,5.0
0757917283,1,3.0
075791828X,1,5.0
0757924077,1,5.0
0757991300,1,5.0
0757993028,1,4.0
0757995403,1,5.0
0758200218,1,4.0
0758200846,1,5.0
0758201419,1,5.0
0758201540,4,5.0
0758201591,1,4.0
0758201613,1,5.0
0758201877,1,5.0
075820230X,1,4.0
0758202806,1,5.0
0758202911,1,5.0
0758203136,1,2.0
0758203284,1,4.0
0758203403,1,3.0
0758203438,1,5.0
0758203446,1,5.0
0758203489,1,4.0
0758203799,1,5.0
0758204035,1,5.0
0758204272,1,5.0
0758204353,1,5.0
0758204531,1,2.0
075820468X,1,4.0
0758204868,1,4.0
0758204957,1,3.0
0758204973,1,5.0
0758205430,1,5.0
075820549X,1,4.0
0758205538,1,4.0
0758205600,2,4.0
0758205627,1,4.0
0758205848,2,5.0
0758205856,1,2.0
0758206097,1,5.0
0758206216,1,4.0
0758206267,2,4.5
0758206569,1,4.0
0758206607,1,4.0
0758206747,1,5.0
0758206763,1,5.0
075820681X,1,1.0
0758206933,1,5.0
0758207115,1,5.0
0758207158,5,5.0
0758207271,2,4.5
075820745X,1,5.0
075820776X,2,5.0
0758207816,1,5.0
0758207875,2,4.5
0758207921,1,1.0
0758208030,1,5.0
0758208049,2,1.5
0758208278,1,4.0
0758208324,1,5.0
0758208375,1,4.0
0758208413,1,4.0
075820843X,1,5.0
0758208456,1,5.0
0758208561,1,4.0
0758208588,1,5.0
0758208642,1,3.0
075820891X,1,3.0
0758209118,4,4.25
0758209142,2,4.5
0758209185,2,5.0
0758209215,1,5.0
0758209355,1,5.0
0758209681,5,5.0
0758209797,1,5.0
0758209800,2,5.0
0758210264,1,2.0
0758210418,2,2.0
0758210531,2,4.5
0758210698,4,5.0
0758210787,1,1.0
0758211031,1,5.0
0758211244,2,4.0
0758211317,2,4.5
0758600208,1,5.0
0758600372,1,5.0
0758604041,2,5.0
0758605803,1,5.0
0758606869,1,5.0
0758608195,1,5.0
0759103046,1,4.0
0759103267,1,5.0
0759104409,1,4.0
0759239282,1,3.0
0759239533,1,4.0
0759243999,1,5.0
0759257345,1,1.0
0759398291,1,5.0
0759610142,1,5.0
0759610894,1,5.0
0759637946,1,4.0
0759650209,1,5.0
0759653089,1,5.0
0759653097,1,5.0
0759662703,1,3.0
0759672229,1,5.0
0759677077,1,5.0
0759681708,1,3.0
0759687064,1,4.0
0759689822,1,5.0
0759694389,1,2.0
0759695784,1,4.0
0759900965,1,3.0
0760011478,1,5.0
0760300771,1,4.0
0760301697,1,4.0
0760304327,1,4.0
0760304378,2,3.5
076030503X,1,5.0
0760305250,1,4.0
0760306001,1,5.0
0760306230,1,3.0
0760306605,1,4.0
0760306710,1,4.0
0760306753,1,5.0
0760308063,1,5.0
0760308535,3,5.0
0760309183,1,5.0
0760309191,1,4.0
0760309477,1,2.0
0760309493,1,2.0
0760309507,1,5.0
0760309809,1,1.0
0760310211,1,4.0
0760310254,1,2.0
0760310475,1,4.0
0760310564,1,4.0
0760310734,1,4.0
0760310769,3,4.33
0760310874,1,5.0
0760310939,1,4.0
0760311161,1,2.0
0760311269,1,5.0
0760311455,1,5.0
0760311587,1,5.0
0760312362,2,4.5
0760313318,1,5.0
0760313563,1,4.0
076031439X,1,2.0
0760314489,1,4.0
0760314675,1,5.0
0760314691,1,5.0
076031490X,1,2.0
0760315523,1,3.0
0760315825,1,1.0
0760315833,1,5.0
076031635X,2,3.0
0760316392,2,5.0
0760316716,1,3.0
0760316961,1,3.0
0760317240,1,5.0
0760317615,1,5.0
0760317658,1,5.0
0760317836,1,5.0
0760318093,1,4.0
0760318654,1,5.0
0760319510,1,2.0
076031960X,1,4.0
0760319715,1,4.0
0760319804,1,5.0
0760319944,1,2.0
076032011X,1,3.0
0760320551,1,2.0
0760320594,4,4.0
0760320667,2,4.0
0760321094,1,5.0
0760321205,1,4.0
0760321752,1,4.0
0760321787,1,5.0
076032199X,1,2.0
0760322023,1,5.0
0760322368,1,4.0
0760601089,1,5.0
0760705623,1,4.0
0760707871,2,5.0
076070970X,1,5.0
076071200X,1,5.0
0760728666,1,1.0
0760735360,1,5.0
0760741328,2,5.0
0760750432,1,5.0
0760753075,1,5.0
0760761132,1,5.0
0760762163,1,5.0
0761103465,1,5.0
076110478X,1,4.0
0761104844,3,3.67
0761104879,1,5.0
0761106332,1,2.0
0761107711,1,5.0
0761112758,1,5.0
0761114009,2,4.5
076111517X,1,4.0
0761116230,1,5.0
0761116966,1,5.0
0761116982,1,5.0
0761117199,4,5.0
0761118268,1,4.0
0761118691,1,5.0
0761119752,1,3.0
0761119760,2,4.0
0761119795,2,4.5
0761120149,3,4.67
0761120157,1,5.0
0761121323,9,3.78
076112182X,4,4.25
0761122087,1,5.0
0761122710,1,4.0
0761123008,4,5.0
0761123695,2,5.0
0761124780,1,5.0
0761125663,3,5.0
0761126090,1,5.0
0761126325,2,5.0
0761126368,3,5.0
0761126805,1,5.0
0761127984,1,5.0
0761128182,8,4.5
0761128255,1,3.0
0761128603,1,5.0
0761128689,4,4.0
0761129235,1,5.0
0761129588,2,3.5
0761129758,1,5.0
0761130357,2,5.0
0761131221,1,5.0
0761131868,1,5.0
0761133232,2,4.0
0761133518,1,4.0
0761133682,1,5.0
0761133771,1,2.0
0761134220,3,4.67
0761134239,1,4.0
0761134719,1,5.0
0761135200,1,5.0
0761135480,2,4.0
0761135782,2,4.5
0761135901,2,3.5
0761135936,1,5.0
0761135944,1,5.0
0761135952,1,5.0
0761136193,7,4.43
076113719X,6,4.83
0761137262,1,5.0
0761137777,1,5.0
076113798X,3,3.0
0761137998,3,5.0
0761138064,1,5.0
0761138307,1,3.0
0761138331,1,3.0
0761140190,4,4.0
076131346X,1,5.0
0761319352,1,5.0
0761323767,1,5.0
0761451846,1,4.0
0761452141,1,5.0
0761452303,1,5.0
0761500014,1,5.0
0761500162,1,4.0
0761500227,1,3.0
0761501657,1,5.0
076150186X,1,4.0
0761504230,1,5.0
0761505911,1,3.0
0761508449,1,2.0
0761509615,1,4.0
0761511261,1,5.0
0761511709,1,5.0
0761512128,1,5.0
0761512195,1,5.0
0761512802,1,4.0
0761513698,1,5.0
0761514678,1,1.0
0761514953,1,2.0
0761515151,3,5.0
0761518088,1,5.0
0761518851,1,5.0
0761519661,2,4.5
0761520104,1,1.0
0761520139,1,5.0
0761520937,2,4.5
0761521364,4,5.0
076152407X,1,2.0
0761524304,1,3.0
0761525130,1,3.0
0761525580,1,5.0
0761525629,2,2.5
0761525653,1,1.0
0761525750,1,5.0
0761525769,1,3.0
0761526463,3,4.67
0761526501,1,5.0
0761526986,1,5.0
0761527907,1,5.0
0761529551,1,1.0
0761530142,1,5.0
0761532463,1,3.0
0761532994,1,4.0
0761534121,1,5.0
0761535985,1,4.0
0761536329,1,5.0
0761536434,1,5.0
0761536841,1,5.0
0761536949,2,3.0
0761537449,1,5.0
0761539948,1,5.0
0761541802,1,3.0
0761542264,1,5.0
0761542566,1,5.0
0761542868,1,3.0
0761542922,1,5.0
0761543422,1,5.0
0761543643,1,3.0
0761544801,1,4.0
0761544895,1,5.0
0761545018,1,4.0
0761545166,4,3.75
0761545220,1,2.0
0761546367,2,2.0
0761546391,1,2.0
0761546413,1,1.0
0761547096,1,2.0
076154710X,1,5.0
0761547487,1,5.0
0761548742,1,1.0
0761548858,1,3.0
0761548904,4,4.5
0761549463,1,5.0
0761549498,1,5.0
0761550992,1,5.0
0761563504,1,4.0
0761563520,1,1.0
0761813047,1,5.0
0761817786,1,3.0
076183205X,1,5.0
0761832211,1,5.0
0761901442,1,5.0
0761911154,1,5.0
0761911472,1,4.0
0761917578,1,3.0
0761917853,1,5.0
0761919643,1,4.0
076192065X,1,2.0
0761921966,1,4.0
0761922083,1,5.0
0761925511,1,5.0
0761926054,2,4.5
0761927123,1,5.0
0761927913,1,5.0
0761929053,1,2.0
0761929673,1,5.0
076194222X,1,5.0
0761959750,1,5.0
0761965815,1,5.0
0761973214,1,5.0
0761975756,1,1.0
0761976825,1,5.0
0761987630,1,1.0
0762101857,2,4.5
0762101911,1,5.0
0762102276,3,3.0
0762102489,1,2.0
0762104031,1,5.0
0762104058,2,5.0
0762104112,1,5.0
0762104341,1,2.0
0762105232,1,4.0
0762105674,1,5.0
0762105933,1,5.0
0762106212,1,5.0
0762106484,1,5.0
0762400099,1,4.0
0762404442,1,4.0
0762404515,1,1.0
076240499X,1,4.0
0762406984,1,4.0
0762408855,1,4.0
0762409444,1,4.0
0762409800,1,1.0
0762409819,1,1.0
076240986X,1,3.0
0762410582,1,2.0
0762411104,1,5.0
076241247X,1,4.0
0762412550,1,1.0
0762412569,1,3.0
0762413344,1,5.0
076241345X,1,5.0
0762413905,1,1.0
0762414529,1,2.0
0762414553,2,5.0
0762415339,2,5.0
076241572X,1,5.0
0762415983,1,5.0
076241636X,1,5.0
0762417722,1,1.0
0762417943,1,1.0
0762418273,1,5.0
0762418397,1,5.0
0762418958,1,4.0
0762419040,1,1.0
0762419318,1,1.0
0762419571,1,5.0
0762419652,1,3.0
0762420650,1,3.0
0762420774,1,4.0
0762420871,1,5.0
0762421894,1,5.0
0762423366,1,5.0
0762423412,1,5.0
0762700823,1,5.0
0762701897,1,2.0
0762702060,1,4.0
0762703180,2,4.5
0762703911,1,5.0
0762703938,1,5.0
0762704926,1,3.0
0762705256,1,5.0
0762707585,1,2.0
0762709332,1,5.0
0762710225,1,5.0
0762710829,1,5.0
0762711620,1,5.0
0762712279,1,2.0
076272210X,1,2.0
0762723289,1,2.0
0762723378,1,5.0
0762723785,1,5.0
0762724668,1,5.0
076272482X,1,4.0
0762727160,1,4.0
0762727500,1,4.0
0762727594,1,4.0
0762727942,1,5.0
0762727950,1,2.0
0762727977,1,5.0
0762728086,1,1.0
0762728191,1,1.0
076272823X,1,3.0
0762728280,1,5.0
0762728663,1,5.0
0762730013,1,5.0
0762730129,1,4.0
0762730145,1,5.0
0762730196,1,4.0
0762730382,1,1.0
0762730714,1,5.0
0762734264,1,5.0
0762734531,1,5.0
076273499X,1,5.0
0762735104,1,5.0
0762735511,1,5.0
0762735538,1,5.0
0762735775,1,5.0
0762735848,1,1.0
0762735880,1,2.0
0762736704,2,3.0
0762736771,1,3.0
076273812X,1,5.0
0763173258,1,5.0
0763175803,1,5.0
0763176915,1,4.0
0763184276,1,3.0
0763186422,1,5.0
0763186910,1,5.0
076318800X,1,5.0
0763188026,1,5.0
0763188352,1,5.0
076318912X,1,5.0
0763189367,1,5.0
0763190683,1,5.0
0763191264,1,5.0
0763195847,1,5.0
076360013X,2,4.5
0763600512,2,3.0
0763603341,1,5.0
076360660X,1,5.0
0763606715,1,5.0
0763609102,1,5.0
0763609714,1,5.0
0763611328,1,5.0
0763612863,1,5.0
076361338X,1,5.0
0763613827,1,5.0
0763614270,1,5.0
0763614327,1,5.0
0763616052,1,5.0
0763616699,1,4.0
0763617164,1,5.0
0763617229,1,5.0
0763617261,1,4.0
0763617814,1,5.0
0763618179,1,5.0
0763619086,2,5.0
0763619264,1,5.0
0763619507,2,4.5
0763619612,3,4.67
0763620025,1,5.0
0763620149,1,5.0
0763620173,1,5.0
0763620807,1,4.0
0763620912,1,5.0
0763621676,1,5.0
076362201X,1,5.0
0763622060,1,5.0
0763622281,7,5.0
0763622354,1,1.0
0763622567,5,5.0
0763622664,1,4.0
0763623296,2,5.0
0763623334,1,5.0
0763623407,2,5.0
076362344X,1,5.0
0763623636,1,5.0
0763624039,1,5.0
0763624233,1,1.0
0763624292,2,3.5
0763624373,1,5.0
0763625973,1,5.0
0763626384,2,5.0
0763626945,1,4.0
0763627798,1,5.0
076362814X,1,5.0
0763628239,1,5.0
0763628522,1,5.0
076370444X,1,3.0
0763711187,1,5.0
0763714976,1,5.0
0763718319,1,4.0
0763722464,1,5.0
0763725374,1,5.0
0763725714,1,2.0
0763725935,1,1.0
0763726737,1,5.0
0763731838,1,5.0
0763745537,1,5.0
0763745731,1,4.0
076374574X,1,5.0
0764101722,1,4.0
0764103431,2,4.5
0764105671,1,1.0
0764106201,1,1.0
0764106767,1,4.0
0764107739,1,1.0
0764109375,1,1.0
0764109928,1,4.0
0764109936,1,5.0
0764112082,1,5.0
0764112198,1,5.0
0764112295,1,5.0
0764112503,1,5.0
0764113488,1,5.0
0764113496,2,5.0
0764113992,1,5.0
0764114468,1,5.0
0764115219,1,4.0
0764115308,1,3.0
0764116452,1,3.0
0764116614,1,3.0
0764116959,1,4.0
0764117645,1,4.0
0764117823,3,4.0
0764117882,1,1.0
0764118234,1,3.0
0764118277,1,5.0
0764118374,1,3.0
0764118714,1,5.0
0764119516,1,4.0
0764119575,1,3.0
0764119583,1,4.0
0764120034,1,5.0
0764120050,1,2.0
0764121669,1,5.0
0764123513,1,1.0
0764123610,1,4.0
0764123769,1,4.0
0764123777,1,5.0
0764123963,1,5.0
0764124285,1,5.0
0764124293,1,5.0
0764124463,1,3.0
0764124528,1,4.0
0764124730,1,3.0
0764124757,1,5.0
0764125133,1,5.0
0764125303,1,5.0
0764126296,1,5.0
0764126628,1,5.0
0764126660,1,5.0
0764127837,1,5.0
0764128620,1,5.0
0764129082,1,5.0
0764129163,1,5.0
0764129619,1,5.0
0764131605,1,5.0
0764132709,1,2.0
0764150316,1,4.0
0764150677,1,4.0
0764150979,1,5.0
0764152319,3,4.33
0764153269,1,3.0
0764153773,1,5.0
0764154605,1,5.0
0764155210,1,5.0
0764155458,1,3.0
0764155490,3,4.33
0764155504,1,5.0
0764156152,2,5.0
0764156497,3,5.0
0764157019,1,5.0
0764157272,1,2.0
0764170074,1,3.0
0764173693,3,5.0
0764173839,1,5.0
0764175297,1,5.0
0764176781,1,5.0
0764178784,1,5.0
0764200089,1,5.0
0764200259,1,5.0
0764200534,2,5.0
0764200720,2,4.5
0764201247,1,5.0
0764220489,1,4.0
0764220764,1,5.0
0764222112,1,5.0
0764222120,1,5.0
0764222635,1,5.0
0764222880,2,5.0
0764223127,1,4.0
076422350X,1,5.0
0764224085,1,5.0
0764224158,1,5.0
0764224727,1,1.0
0764225219,1,5.0
0764226045,1,4.0
0764226312,2,5.0
0764226819,1,5.0
0764227335,1,5.0
0764227831,1,5.0
076422784X,1,5.0
0764227947,1,5.0
0764228196,1,5.0
0764228285,1,5.0
0764228730,2,4.5
0764228749,3,4.0
0764229176,1,5.0
0764229265,1,2.0
0764229370,2,5.0
0764229958,2,4.5
0764300164,1,2.0
0764301373,1,2.0
0764303597,1,2.0
0764304771,1,5.0
0764306189,1,4.0
0764307371,1,4.0
076430741X,1,5.0
0764308904,1,4.0
0764310135,1,3.0
0764312499,1,1.0
0764313371,1,5.0
0764314122,1,5.0
0764314165,1,3.0
0764314289,1,5.0
0764315188,1,1.0
0764315439,1,5.0
0764316656,1,5.0
0764316699,1,5.0
0764316893,1,5.0
0764316931,1,3.0
0764317261,1,5.0
0764319949,1,5.0
0764320181,2,5.0
0764320238,1,5.0
0764320505,1,4.0
076432070X,1,5.0
0764320785,1,1.0
0764321293,1,5.0
0764321323,1,2.0
0764321463,1,5.0
0764321722,1,5.0
0764323318,1,5.0
0764323377,1,1.0
0764323466,1,5.0
0764420488,1,4.0
0764422391,1,5.0
0764423061,2,4.5
0764425250,1,5.0
0764425277,1,5.0
0764425552,1,4.0
0764425889,1,5.0
0764426214,1,5.0
0764426257,1,5.0
0764426265,2,5.0
0764426826,1,5.0
0764427571,1,5.0
0764504525,1,5.0
0764505807,1,1.0
0764505904,1,1.0
0764506382,1,4.0
0764506617,2,4.5
0764507028,1,4.0
0764507672,1,1.0
0764507834,1,2.0
0764508180,1,1.0
0764508458,1,3.0
0764508679,1,5.0
0764516272,1,4.0
0764516345,2,5.0
0764516418,1,5.0
0764516515,2,1.5
0764516744,1,1.0
0764517619,1,4.0
0764518011,1,4.0
0764524313,1,5.0
0764524372,1,4.0
0764524461,1,3.0
0764524984,2,5.0
0764525166,1,5.0
0764525441,1,5.0
076452562X,1,4.0
076452576X,1,3.0
0764525999,2,4.0
0764526065,1,1.0
0764526324,1,5.0
0764526340,2,5.0
0764526413,1,4.0
0764534238,1,5.0
0764534513,1,4.0
076453484X,1,5.0
0764535153,1,5.0
0764535781,1,2.0
0764536095,1,5.0
0764536516,1,5.0
0764536958,1,5.0
0764537091,1,3.0
0764537539,1,1.0
076453758X,2,3.0
0764537644,1,5.0
0764538209,1,5.0
0764538810,1,4.0
0764538837,1,1.0
0764538942,1,3.0
0764539132,1,4.0
076453923X,1,2.0
0764539388,1,4.0
0764539663,1,1.0
0764539671,3,3.0
076453971X,1,5.0
0764539957,1,5.0
0764540726,2,2.0
0764540734,2,4.0
0764540742,1,5.0
0764540785,2,5.0
0764540939,1,4.0
0764541161,1,4.0
0764541315,1,5.0
076454134X,1,2.0
0764541749,1,5.0
0764541781,1,5.0
0764541811,1,4.0
0764541870,1,1.0
0764541951,1,5.0
0764542117,1,5.0
0764542222,1,5.0
0764542265,1,3.0
0764542338,1,5.0
0764542605,1,5.0
0764542850,1,3.0
0764542966,3,2.67
0764543105,1,2.0
076454313X,1,5.0
0764543180,1,1.0
0764543229,1,4.0
0764543237,1,5.0
0764543326,1,3.0
0764543342,1,5.0
076454344X,1,3.0
0764543504,1,5.0
0764543539,1,3.0
0764543547,1,3.0
0764543628,1,3.0
0764543792,2,4.5
0764543822,1,4.0
0764543857,1,5.0
0764543865,1,4.0
0764543881,2,5.0
0764543911,1,5.0
0764544136,1,5.0
0764544187,1,5.0
0764544373,1,4.0
0764544381,1,4.0
0764544683,2,5.0
0764544721,1,4.0
0764544799,1,5.0
0764544810,1,2.0
0764547593,1,4.0
0764548328,1,5.0
0764548379,2,2.0
0764548417,1,5.0
0764548972,1,2.0
0764549251,1,5.0
0764549359,3,4.67
0764549553,1,5.0
0764549707,1,4.0
0764549979,1,1.0
0764550381,1,3.0
076455087X,2,5.0
0764551019,1,5.0
076455168X,1,2.0
076455171X,1,5.0
0764552155,1,4.0
0764552163,1,5.0
076455221X,1,5.0
076455249X,1,4.0
0764552600,1,5.0
0764552716,1,5.0
0764552813,1,4.0
076455283X,1,1.0
0764552848,1,5.0
0764552899,1,5.0
0764552988,1,5.0
076455302X,1,3.0
0764553119,1,4.0
0764553143,1,4.0
0764553240,1,3.0
0764553259,1,2.0
0764553313,1,4.0
0764553348,1,3.0
0764553402,1,1.0
0764553542,1,5.0
0764553631,1,4.0
0764553690,1,4.0
076455395X,3,4.67
0764554107,1,4.0
0764554182,1,5.0
0764554190,1,5.0
0764554239,1,4.0
076455428X,1,5.0
0764554301,2,5.0
0764554328,1,4.0
0764554387,1,5.0
0764554581,1,4.0
076455476X,1,5.0
0764554891,1,5.0
0764554905,1,5.0
0764554972,1,4.0
0764555014,1,2.0
0764555022,1,4.0
0764555278,1,2.0
0764555812,1,5.0
0764555871,2,5.0
0764556002,1,3.0
0764556193,3,4.67
0764556851,1,5.0
0764557092,1,4.0
0764557157,1,4.0
076455719X,1,5.0
0764557386,1,5.0
0764557432,1,5.0
076455784X,1,4.0
0764558943,2,5.0
0764559176,1,5.0
0764559591,1,5.0
0764559648,1,3.0
0764559672,1,1.0
0764559702,1,4.0
0764559729,4,5.0
0764559850,1,4.0
0764559931,1,5.0
0764560794,8,4.38
0764563262,1,5.0
0764564439,1,2.0
076456448X,1,4.0
0764565168,4,4.75
0764565176,2,5.0
0764565311,1,5.0
0764566083,1,4.0
0764566164,1,4.0
0764566350,2,5.0
0764566768,1,5.0
0764567314,1,2.0
0764567586,9,4.33
0764567594,2,4.0
0764567616,1,5.0
0764567683,1,5.0
076456773X,1,3.0
0764568000,1,5.0
0764568450,1,5.0
0764568973,1,5.0
0764569090,1,3.0
0764569120,1,5.0
0764569147,2,5.0
0764569228,1,5.0
0764569295,2,4.0
0764569430,1,5.0
0764569597,3,3.67
0764569694,1,3.0
0764569783,1,2.0
0764569848,1,2.0
0764570218,1,5.0
0764570781,1,5.0
0764570811,1,4.0
0764571079,1,3.0
0764571427,2,3.0
0764571958,1,5.0
0764572121,1,5.0
0764572717,1,5.0
0764572822,1,2.0
0764572903,1,5.0
0764573268,1,5.0
0764573586,1,5.0
0764573993,1,5.0
0764574124,1,5.0
0764574248,1,5.0
0764574329,1,5.0
0764574817,1,5.0
0764574833,2,4.5
0764574841,2,4.5
0764574868,1,5.0
0764575589,1,4.0
0764575635,1,4.0
0764575740,1,4.0
0764576135,1,5.0
0764576445,1,3.0
0764576607,2,3.5
0764576755,1,3.0
0764576763,1,5.0
0764576771,1,2.0
076457681X,3,4.33
0764577271,1,4.0
0764577395,2,3.5
0764577921,1,1.0
0764578014,2,5.0
0764578065,2,5.0
0764578146,1,4.0
0764578278,1,3.0
0764578324,1,5.0
0764578332,1,5.0
0764578340,1,3.0
0764578359,1,4.0
0764578375,1,5.0
0764578405,3,4.0
0764578766,1,2.0
0764578812,1,4.0
0764579010,1,5.0
0764579061,1,2.0
0764579088,4,4.25
0764579177,1,5.0
0764579487,1,5.0
0764579495,1,5.0
0764579568,1,5.0
0764579576,3,4.33
0764579665,2,4.5
0764579711,1,5.0
0764579851,2,5.0
0764579967,1,3.0
0764583328,1,5.0
0764583417,1,5.0
076458345X,1,5.0
0764583530,1,4.0
0764583794,1,4.0
0764583816,1,5.0
0764584111,4,2.25
0764584243,1,2.0
0764584499,2,5.0
076458457X,1,5.0
0764584596,1,4.0
0764585746,1,4.0
0764585916,1,1.0
0764586823,2,5.0
076458796X,1,3.0
0764588133,1,5.0
0764588338,1,4.0
0764588346,1,5.0
0764589121,1,5.0
0764595636,6,3.33
0764595768,2,4.5
0764595954,1,2.0
0764596780,1,5.0
0764597787,2,5.0
0764800299,1,5.0
0764801716,1,4.0
0764809369,1,5.0
076480989X,1,4.0
0764810995,1,5.0
0764811584,1,5.0
0764913387,1,5.0
0764913417,1,5.0
0764920235,1,5.0
0764921304,1,5.0
076493175X,1,5.0
0765109182,1,3.0
076511030X,1,5.0
0765193388,1,5.0
0765196573,1,5.0
0765300133,1,3.0
0765300389,1,4.0
076530063X,1,1.0
0765300974,1,3.0
0765301075,1,5.0
0765301598,3,3.0
0765301644,2,3.5
0765301768,1,4.0
0765301938,2,4.0
0765303019,1,5.0
0765303299,1,3.0
0765303353,1,4.0
0765303507,1,5.0
0765304120,1,5.0
0765304198,1,5.0
076530449X,1,4.0
0765304635,1,4.0
0765304643,2,5.0
0765304694,1,5.0
0765304864,1,1.0
0765305038,1,3.0
0765305097,3,2.67
0765305135,1,5.0
0765305216,3,4.0
0765305224,1,2.0
0765305232,21,3.62
0765305283,1,4.0
0765305429,2,4.5
076530550X,1,5.0
0765305933,1,4.0
0765306271,1,4.0
0765306298,6,3.83
0765306336,1,4.0
0765306360,1,5.0
0765306824,1,5.0
0765306840,2,3.5
0765306913,1,5.0
076530693X,1,2.0
0765307006,1,4.0
0765307057,1,1.0
0765307065,1,4.0
0765307162,1,1.0
0765307243,1,5.0
0765307359,1,5.0
0765307375,1,5.0
0765307510,1,1.0
0765307618,1,3.0
0765307693,1,3.0
0765307782,1,5.0
0765307928,1,5.0
0765308002,1,3.0
0765308401,1,5.0
0765308738,1,4.0
0765309130,1,5.0
0765309157,3,4.33
0765309238,2,5.0
0765309289,2,3.5
0765309378,2,5.0
0765309386,3,5.0
0765309408,12,4.33
0765309467,1,5.0
0765309513,1,5.0
076530953X,2,4.0
0765309890,1,5.0
0765310333,1,5.0
0765310597,1,5.0
0765310848,1,5.0
0765310961,1,5.0
0765310988,1,4.0
076531102X,3,5.0
0765311046,5,4.0
0765311070,4,4.25
0765311127,1,4.0
0765311321,1,5.0
0765311410,1,5.0
0765311429,4,4.25
0765311437,1,5.0
0765311593,1,4.0
0765311658,1,5.0
0765311720,1,5.0
0765311771,4,5.0
0765311844,1,4.0
0765312018,3,4.0
0765312026,2,5.0
0765312050,1,2.0
0765312131,4,4.25
0765312395,1,3.0
0765312530,1,4.0
0765312786,1,2.0
0765312956,1,5.0
0765312999,2,3.0
0765313081,2,5.0
0765313111,1,5.0
0765313332,1,5.0
0765313472,2,4.0
0765313871,2,5.0
0765313901,1,4.0
0765313995,1,5.0
0765314290,2,5.0
0765314304,1,2.0
0765314711,2,5.0
0765315122,2,4.0
0765340054,1,3.0
0765340127,1,4.0
0765340151,1,2.0
0765340739,1,5.0
0765340747,2,2.0
0765340771,1,3.0
076534078X,1,4.0
0765340798,1,4.0
0765341026,1,5.0
0765341077,1,4.0
0765341131,1,2.0
076534114X,1,5.0
0765341417,1,4.0
0765341611,1,5.0
0765341921,2,5.0
0765342286,1,4.0
0765342324,1,3.0
0765342464,1,4.0
0765342480,1,3.0
0765342510,1,5.0
0765342987,1,3.0
0765343258,1,5.0
0765343541,1,3.0
0765343789,1,4.0
0765343835,2,3.0
0765343991,1,4.0
0765344300,1,1.0
0765344556,1,5.0
0765344637,1,1.0
0765344955,1,4.0
0765344963,1,4.0
0765345005,1,3.0
076534503X,1,3.0
0765345455,1,4.0
0765345498,2,4.0
0765345889,1,4.0
0765346435,1,4.0
0765346753,1,4.0
0765346915,1,5.0
0765347490,3,4.67
0765347539,1,5.0
0765347571,1,3.0
0765348616,1,4.0
0765348667,1,1.0
0765348780,1,5.0
0765348918,1,5.0
0765349051,2,4.0
0765349132,2,4.5
0765349140,1,5.0
076535084X,1,5.0
0765352257,2,4.0
0765352648,10,4.7
076536302X,1,5.0
0765603055,1,4.0
0765604183,1,5.0
0765613107,1,2.0
0765701073,1,5.0
0765701200,1,4.0
0765702371,4,4.75
0765702428,1,5.0
0765703319,2,5.0
0765703521,1,4.0
0765762099,1,1.0
0765806304,1,3.0
0765807254,1,5.0
0766014347,1,2.0
076601536X,1,1.0
0766017648,1,5.0
0766022730,1,5.0
0766101053,1,5.0
0766103692,1,4.0
0766104656,1,1.0
0766104974,1,5.0
0766130207,1,1.0
0766131696,1,2.0
0766140482,1,5.0
0766144550,1,2.0
0766157377,1,5.0
0766160203,1,1.0
0766173852,1,1.0
0766181189,1,5.0
0766182770,1,5.0
0766196003,1,2.0
0766808521,1,5.0
0766812073,1,4.0
0766814173,1,5.0
0766816370,2,5.0
0766816982,1,5.0
0766817776,1,5.0
0766818969,1,1.0
0766825485,1,4.0
0766862860,2,5.0
0767422546,1,5.0
0767900146,3,4.0
0767900316,1,5.0
0767900383,1,1.0
0767900391,1,4.0
0767900405,1,4.0
0767900464,1,4.0
0767900553,1,4.0
0767900847,1,5.0
0767901053,1,5.0
0767901266,1,2.0
0767901320,1,5.0
076790155X,2,5.0
0767901576,1,4.0
0767901800,1,5.0
0767901916,1,5.0
0767901975,1,5.0
0767902297,1,5.0
076790236X,1,5.0
0767902475,1,5.0
0767902521,5,3.8
0767902793,1,4.0
076790284X,1,5.0
0767902874,2,4.5
0767902890,1,4.0
076790303X,1,5.0
0767903277,1,4.0
0767903382,1,2.0
0767903447,2,4.5
0767903498,1,5.0
0767903579,2,4.0
0767903587,1,5.0
0767903595,4,4.0
0767903609,1,5.0
076790379X,1,3.0
0767903811,1,3.0
0767903862,3,5.0
0767903927,1,5.0
076790396X,2,4.5
0767904338,1,4.0
0767904362,1,3.0
0767904451,1,5.0
0767904559,1,2.0
076790463X,1,4.0
0767904818,2,3.0
0767904842,2,4.5
0767905180,1,5.0
0767905202,3,3.0
0767905288,1,4.0
0767905334,1,5.0
0767905342,1,4.0
0767905423,1,5.0
0767905563,1,5.0
0767905644,1,5.0
0767905814,1,5.0
076790592X,2,4.0
0767906071,1,4.0
0767906276,1,4.0
0767906284,2,5.0
0767906470,1,2.0
0767906713,1,5.0
076790690X,2,4.5
0767906918,1,5.0
0767906926,1,4.0
0767907434,1,5.0
0767907698,1,3.0
0767907817,1,4.0
0767907981,1,5.0
0767908139,1,2.0
0767908163,3,4.33
0767908171,4,5.0
076790818X,10,4.6
0767908201,2,3.5
0767908236,1,5.0
0767908260,1,3.0
0767908376,2,3.5
0767908457,1,5.0
0767909038,1,5.0
0767909194,2,5.0
0767909267,1,5.0
076791029X,3,5.0
0767910559,1,3.0
0767911733,1,4.0
0767911784,8,3.88
0767912225,1,5.0
0767912241,1,2.0
0767912276,1,2.0
0767912306,1,5.0
0767912853,2,5.0
0767912918,3,3.0
0767912926,3,4.33
0767913337,1,5.0
0767913469,1,4.0
0767913477,1,5.0
076791354X,1,3.0
0767913698,1,5.0
0767913795,1,4.0
0767913868,1,5.0
0767913965,2,4.0
0767913981,2,4.0
076791399X,1,3.0
0767914023,1,5.0
0767914104,4,4.5
0767914163,1,1.0
0767914201,2,4.5
0767914236,1,5.0
0767914279,1,4.0
0767914309,2,5.0
0767914376,2,3.5
0767914708,1,4.0
0767914732,3,3.33
0767914740,1,5.0
0767914767,3,4.67
0767914880,1,5.0
0767914945,1,4.0
0767915054,1,5.0
0767915305,2,5.0
0767915313,2,5.0
0767915593,1,5.0
0767915658,1,5.0
0767915674,1,3.0
0767915747,2,2.0
076791581X,9,3.56
0767915852,1,4.0
0767916077,2,5.0
0767916174,2,3.5
0767916263,1,5.0
0767916271,1,5.0
076791631X,1,2.0
0767916565,2,4.5
0767916611,1,5.0
076791676X,3,4.33
0767916883,4,4.5
0767916948,1,5.0
0767916964,1,5.0
0767917057,1,5.0
0767917200,1,4.0
0767917219,2,4.5
0767917413,1,1.0
0767917464,1,2.0
0767917529,5,4.8
0767917561,1,4.0
076791757X,1,4.0
0767917871,2,5.0
0767918185,1,5.0
076791841X,1,5.0
0767918436,3,4.67
0767918495,1,5.0
076791855X,5,5.0
0767918738,1,5.0
0767918843,3,4.33
0767919467,2,3.0
0767919491,2,5.0
076791953X,1,4.0
076791984X,1,5.0
0767920376,2,5.0
0767920457,7,3.43
0767920686,1,5.0
0767921143,2,4.0
0767921232,2,4.5
0767921852,2,3.5
0767922646,1,2.0
0768000505,1,5.0
0768003717,1,4.0
0768011264,1,5.0
0768012414,1,5.0
0768369797,1,5.0
0768369932,1,5.0
0768370248,1,5.0
0768373484,1,5.0
0768421195,1,4.0
0768421578,1,5.0
0768421748,1,5.0
0768421772,1,5.0
0768422175,1,5.0
0768422523,2,2.5
0768422817,1,5.0
0768429641,1,5.0
0768658497,1,5.0
0768861926,1,3.0
0768870534,1,5.0
0768870690,1,5.0
0768906091,1,5.0
0768909082,1,1.0
0768909953,1,5.0
0768910196,1,5.0
0768910943,1,4.0
0768911745,1,5.0
0768911923,1,3.0
0768913810,1,2.0
0768913985,1,2.0
0768914825,1,1.0
076891700X,2,5.0
0768917018,1,2.0
0768918332,1,4.0
0768918340,1,4.0
0768918383,1,2.0
0769001580,1,1.0
0769212859,1,5.0
0769214754,1,1.0
0769217842,1,5.0
0769220207,1,5.0
0769241921,1,5.0
0769258352,1,3.0
076927224X,1,1.0
0769284191,1,5.0
0769285732,2,3.5
0769285775,1,4.0
0769290450,1,5.0
0769299342,1,5.0
0769904459,1,1.0
0770107559,1,5.0
0771033346,1,3.0
0771054920,1,1.0
0771080689,1,5.0
0771082568,1,5.0
0771089473,1,5.0
0771097921,1,3.0
0771596138,1,5.0
0773527958,4,4.0
0774805412,1,4.0
0778320065,1,4.0
0778320448,1,5.0
0778320537,2,3.5
0778320561,1,5.0
0778320596,1,3.0
0778320650,1,3.0
0778320812,1,4.0
0778320820,3,5.0
0778320952,1,4.0
077832107X,1,3.0
0778321266,1,4.0
0778321304,2,3.0
0778321355,1,5.0
077832138X,2,4.0
0778321444,3,4.67
0778321460,2,5.0
0778321517,1,3.0
0778321584,1,5.0
0778321606,1,5.0
0778321711,4,4.25
0778321746,1,4.0
0778321878,1,5.0
0778321940,1,4.0
0778321967,1,5.0
0778322009,1,3.0
0778322017,1,4.0
077832205X,1,5.0
0778322084,2,5.0
0778322602,1,4.0
0778800342,1,2.0
0778800377,1,4.0
0778800385,2,5.0
0778800547,1,5.0
0778800636,2,5.0
0778801098,1,4.0
0778801128,2,5.0
0778801136,1,5.0
0778801187,1,5.0
0779500741,1,1.0
0780800974,1,2.0
0780807049,1,5.0
0781248795,1,5.0
078128936X,1,4.0
0781292352,1,4.0
0781400767,1,5.0
0781430550,2,4.5
0781430712,1,5.0
0781440580,1,5.0
078144165X,2,4.5
0781702771,1,5.0
0781712718,1,5.0
0781717078,1,5.0
0781721342,1,3.0
0781722004,1,3.0
0781723698,1,5.0
0781724821,1,5.0
0781725437,1,5.0
0781732344,1,4.0
078173391X,1,4.0
0781733928,1,5.0
0781737281,1,5.0
0781737338,1,5.0
0781737605,1,5.0
0781738369,1,5.0
0781741572,1,5.0
0781742315,1,1.0
078174332X,1,4.0
0781743540,1,5.0
0781747430,1,2.0
0781755425,1,5.0
078180096X,1,1.0
0781800994,1,3.0
0781802431,1,4.0
0781802822,1,3.0
0781806216,1,5.0
0781807360,1,5.0
0781808014,1,5.0
0781808073,2,5.0
0781808758,1,2.0
0781809312,1,1.0
0781809398,1,3.0
0781809487,1,1.0
0781809584,1,4.0
0781809924,1,5.0
0781809983,1,5.0
0781810078,1,4.0
0781810159,1,5.0
0781810256,1,5.0
0781810426,2,5.0
0781810450,2,4.5
0781810493,1,4.0
0781810566,2,3.0
0781810760,1,4.0
0781810957,3,4.33
0781810965,1,5.0
0782114458,1,4.0
0782123139,1,5.0
0782127975,1,1.0
0782128777,1,3.0
0782128874,1,2.0
0782128955,1,5.0
0782129110,1,4.0
0782129730,1,5.0
0782130372,1,1.0
0782140238,1,4.0
0782140475,1,4.0
0782141218,1,5.0
0782141293,2,4.5
0782141307,1,3.0
0782141552,1,2.0
0782141668,1,5.0
0782141781,2,4.0
0782141846,1,4.0
0782141862,1,5.0
0782141900,1,5.0
0782141978,2,3.0
0782142265,1,4.0
0782142370,2,4.0
0782142419,1,4.0
0782142443,1,3.0
0782142540,1,1.0
078214277X,1,4.0
0782142788,1,4.0
0782142796,1,2.0
0782142842,1,3.0
0782142907,2,2.5
0782142982,1,5.0
0782143008,1,5.0
0782143105,1,3.0
0782143113,2,4.5
0782143121,1,3.0
078214313X,1,3.0
0782143164,2,3.5
0782143237,2,5.0
078214327X,2,4.5
0782143377,1,4.0
0782143504,1,5.0
0782143555,1,5.0
0782143563,2,4.5
0782143598,1,4.0
0782143636,3,4.33
0782143687,1,5.0
0782143776,1,5.0
0782143814,1,5.0
0782143857,5,3.8
078214389X,3,3.0
0782143911,1,3.0
0782143962,4,4.0
0782144071,1,5.0
0782144144,1,5.0
0782144195,1,4.0
0782144217,1,3.0
0782144276,1,3.0
0782144314,1,5.0
0782150241,2,3.5
0782901123,1,5.0
078353910X,1,2.0
0783579012,1,5.0
0784715130,2,5.0
0784715440,1,5.0
0784716080,1,5.0
0785102167,1,4.0
0785102582,1,3.0
0785107908,1,3.0
0785107991,1,4.0
0785108785,1,5.0
0785109803,1,4.0
0785110895,1,1.0
0785111301,1,4.0
078511131X,1,4.0
0785111476,1,5.0
0785111611,1,5.0
0785111751,1,2.0
0785111921,1,3.0
0785112510,1,4.0
0785113320,1,4.0
0785113355,1,5.0
0785113495,1,1.0
0785114386,1,2.0
0785114432,1,5.0
0785114580,1,5.0
078511467X,1,4.0
0785114726,1,5.0
0785114823,3,3.67
078511484X,2,5.0
0785115315,1,5.0
0785115439,1,5.0
0785115455,1,4.0
0785115471,1,4.0
0785115706,1,4.0
0785116419,1,3.0
0785116567,1,2.0
0785116761,1,4.0
0785116796,1,5.0
0785116877,1,5.0
0785117245,1,4.0
0785117776,1,2.0
0785118764,1,5.0
0785200282,1,5.0
0785200304,1,5.0
078520041X,1,5.0
0785201688,2,5.0
0785202129,1,5.0
0785202684,2,5.0
0785204059,1,4.0
0785209824,2,3.0
0785209905,1,5.0
0785211497,1,4.0
0785211608,1,5.0
078521187X,2,2.0
0785242430,1,1.0
0785243631,1,5.0
0785245219,1,2.0
0785250190,1,5.0
0785250255,1,4.0
0785257292,2,4.0
0785260005,1,4.0
0785260048,1,4.0
0785260242,2,4.0
0785260250,4,5.0
0785260285,1,3.0
0785260382,5,4.0
0785260420,1,5.0
0785260498,1,5.0
0785260579,1,1.0
0785260668,2,4.5
0785260838,3,4.67
0785260897,2,2.5
0785260943,1,5.0
078526096X,2,5.0
0785260978,1,5.0
0785261036,3,4.0
0785261168,3,5.0
0785261192,1,5.0
0785261699,1,5.0
0785261826,1,5.0
0785262008,1,5.0
0785262199,2,3.5
0785262202,1,5.0
0785262377,1,5.0
0785262385,1,4.0
0785262539,1,5.0
0785263179,1,4.0
0785263233,1,5.0
0785263268,5,4.0
0785263276,1,5.0
0785263314,1,5.0
0785263705,6,5.0
0785264280,1,5.0
0785264329,1,5.0
0785264698,4,4.0
0785265120,1,5.0
0785265155,1,1.0
0785265392,2,4.5
0785265538,3,5.0
0785265724,1,5.0
0785265740,1,5.0
0785266100,1,5.0
0785266666,2,5.0
0785267026,1,5.0
0785267115,1,5.0
0785267255,1,5.0
0785268243,1,4.0
0785268766,1,5.0
0785268820,1,5.0
0785268839,7,4.71
0785269363,1,5.0
078526986X,1,5.0
0785269916,2,3.0
0785271279,1,5.0
0785271767,1,5.0
0785271929,1,5.0
0785272976,2,4.5
0785274251,1,4.0
0785274316,1,5.0
0785274359,1,3.0
0785274405,1,5.0
0785274715,1,5.0
0785277471,1,5.0
0785278060,1,5.0
0785278958,1,5.0
0785279814,1,5.0
0785280413,1,5.0
078532254X,1,5.0
0785328106,1,4.0
0785329633,1,5.0
0785352406,1,5.0
0785358757,1,5.0
0785368795,1,3.0
0785379878,1,5.0
0785384200,1,5.0
0785388605,1,5.0
0785391622,1,2.0
0785398929,1,5.0
0785772324,1,5.0
0785776753,1,5.0
0785777806,1,5.0
0785780122,1,4.0
0785811869,1,4.0
0785812636,1,5.0
0785812644,1,5.0
0785813039,1,5.0
0785813063,1,5.0
0785815198,1,1.0
0785815929,1,5.0
078581907X,1,5.0
0785991824,1,5.0
0786001062,1,4.0
0786001550,1,5.0
0786001941,1,4.0
078600486X,1,5.0
0786010827,1,5.0
078601086X,1,1.0
0786010908,1,5.0
0786011149,2,5.0
0786013621,2,5.0
0786013915,1,1.0
0786014598,1,4.0
0786014865,2,3.5
0786015187,1,5.0
0786015500,1,5.0
0786015519,1,2.0
0786015578,2,4.0
0786015748,1,3.0
0786015802,2,2.5
078601606X,1,5.0
0786016086,1,5.0
0786016221,1,4.0
078601637X,2,5.0
0786016396,1,3.0
0786016426,1,5.0
0786016620,1,5.0
0786016639,1,5.0
0786016701,1,3.0
0786016833,1,1.0
0786016949,2,3.0
0786016957,2,4.0
0786016973,1,5.0
0786016981,1,3.0
0786017147,1,5.0
0786017236,1,5.0
0786017325,1,4.0
0786117834,1,5.0
0786125039,1,5.0
0786129050,1,5.0
0786179937,1,5.0
0786182113,1,5.0
0786183926,2,4.0
0786185201,1,5.0
0786185260,1,4.0
0786186895,1,5.0
0786186925,1,5.0
0786189215,1,5.0
0786190736,1,2.0
0786197579,1,4.0
0786208368,1,5.0
0786209615,1,4.0
0786222158,1,5.0
0786237309,1,5.0
0786238259,1,4.0
0786243090,1,5.0
0786251778,1,5.0
0786257865,1,5.0
0786258888,1,1.0
0786258993,1,3.0
0786269103,1,3.0
0786271957,1,5.0
0786300027,1,2.0
0786303158,2,5.0
0786307986,1,1.0
0786311630,1,5.0
0786311916,1,5.0
0786312319,1,4.0
0786312408,1,5.0
0786406615,1,5.0
078640695X,1,4.0
078640826X,1,4.0
0786409355,1,5.0
0786410302,1,3.0
0786410507,2,1.5
0786410779,1,5.0
0786411090,1,3.0
0786413522,1,5.0
078641524X,2,3.5
0786415274,1,5.0
0786415436,1,5.0
0786416378,1,1.0
0786417315,1,5.0
0786417501,1,5.0
0786417862,1,3.0
0786418052,1,5.0
0786418427,1,5.0
0786419024,1,5.0
0786419113,1,5.0
0786419458,1,5.0
0786419873,1,5.0
0786419970,2,5.0
0786420359,5,2.8
0786420456,2,5.0
0786420464,1,5.0
078642074X,1,5.0
0786421045,2,5.0
0786421207,2,1.5
0786421312,1,2.0
0786422009,1,2.0
0786422106,1,5.0
0786500212,1,4.0
0786607467,1,4.0
0786614498,1,4.0
0786618051,1,5.0
0786620714,1,4.0
0786625821,1,3.0
0786631465,1,5.0
0786633875,1,5.0
0786640979,1,5.0
0786641592,1,4.0
0786652527,1,5.0
0786652918,1,5.0
0786657162,1,4.0
0786657774,1,1.0
0786658169,1,5.0
0786664584,2,3.0
0786666056,1,5.0
0786668806,1,5.0
0786671335,1,4.0
0786672234,1,4.0
0786701102,1,3.0
0786702672,1,4.0
0786703008,1,1.0
0786703024,1,5.0
0786704225,1,5.0
0786704403,1,3.0
0786704454,1,4.0
0786704675,1,1.0
0786704799,1,5.0
078670554X,1,5.0
0786705604,1,4.0
078670621X,1,4.0
0786706988,1,5.0
0786707763,1,4.0
0786708093,1,4.0
0786708395,1,5.0
0786708875,1,1.0
0786709421,1,4.0
0786709790,1,5.0
0786709871,1,4.0
0786709936,1,4.0
0786710373,1,3.0
0786710527,1,5.0
0786710624,1,4.0
0786710683,1,5.0
0786710861,1,4.0
0786710950,1,5.0
0786711469,1,4.0
0786711647,1,4.0
0786711876,1,1.0
0786712074,1,3.0
0786712198,1,4.0
0786712260,1,4.0
0786712376,1,3.0
0786712643,1,3.0
0786712651,1,5.0
0786712694,1,5.0
0786712759,2,5.0
0786712813,1,4.0
0786712945,1,5.0
0786713151,1,5.0
0786713496,1,5.0
0786713518,2,3.5
0786713666,2,4.5
0786713747,1,5.0
078671378X,1,4.0
0786713798,1,5.0
0786713917,1,5.0
0786714034,1,4.0
0786714174,1,5.0
0786714212,1,4.0
0786714336,1,5.0
0786714352,1,3.0
0786714379,1,3.0
0786714425,1,5.0
0786714433,1,5.0
0786714522,1,5.0
0786714603,1,4.0
0786714816,1,4.0
0786714840,1,5.0
0786714875,1,5.0
0786714956,1,5.0
0786715081,2,4.5
0786715103,1,3.0
078671512X,5,4.6
0786715189,1,1.0
0786715200,1,5.0
0786715243,1,5.0
0786715413,1,2.0
0786715448,1,5.0
0786715472,2,4.5
0786715480,4,2.75
0786715502,1,5.0
078671557X,1,5.0
0786715685,1,5.0
078671607X,2,4.5
0786801530,1,5.0
0786803614,1,5.0
0786806141,1,5.0
0786807601,1,5.0
0786808101,1,2.0
0786808330,1,5.0
0786808381,3,4.0
0786808780,1,5.0
0786808829,1,4.0
078680940X,2,4.0
0786809728,1,5.0
0786809957,1,5.0
0786813180,1,5.0
0786814179,1,5.0
0786814195,1,5.0
0786816015,1,4.0
0786816643,1,5.0
0786817070,1,5.0
0786817089,1,5.0
0786817240,1,5.0
078681800X,1,5.0
0786818484,1,5.0
0786818506,1,5.0
078681859X,5,3.6
0786818603,2,4.0
0786818689,1,5.0
0786818697,3,4.67
0786818700,6,5.0
0786818727,3,5.0
0786818751,1,5.0
0786818778,1,5.0
0786819081,2,3.5
0786819111,1,5.0
0786819308,2,4.0
078681957X,1,1.0
078681988X,7,4.29
078683434X,1,4.0
0786834889,1,5.0
0786834919,1,5.0
0786836504,1,2.0
0786836512,2,4.0
078683661X,3,4.67
0786838116,1,1.0
0786851163,1,5.0
0786851732,1,5.0
0786851821,1,5.0
0786851945,1,1.0
0786851953,1,4.0
0786852550,1,5.0
0786852895,8,4.62
0786852933,1,5.0
0786853662,1,5.0
0786853808,1,5.0
0786853824,1,5.0
0786854057,1,5.0
0786854065,2,5.0
0786854235,1,5.0
0786854286,1,3.0
0786854294,1,4.0
0786854308,1,5.0
0786854456,2,5.0
0786855533,2,4.0
0786855584,2,4.5
0786856297,2,5.0
0786860707,2,4.5
0786860936,1,5.0
0786862084,1,5.0
0786862734,1,5.0
0786863420,1,4.0
078686365X,1,5.0
0786864036,1,5.0
0786864273,1,1.0
0786864842,1,5.0
0786865695,1,5.0
0786865776,1,5.0
0786866020,1,1.0
0786866292,1,4.0
0786867175,1,4.0
0786867221,1,5.0
0786867264,2,3.5
0786867566,3,4.0
0786867744,1,1.0
078686818X,2,2.5
0786868198,2,4.5
0786868236,1,2.0
0786868384,2,5.0
0786868414,1,4.0
0786868511,1,5.0
0786868546,1,5.0
0786868694,1,5.0
0786868716,11,4.09
0786869143,1,5.0
0786869194,1,5.0
0786869208,3,5.0
0786869216,1,5.0
0786880708,1,5.0
0786881852,3,5.0
0786882417,1,5.0
0786883006,1,2.0
0786883367,1,5.0
0786883561,1,5.0
0786883723,2,4.0
078688388X,1,5.0
0786884096,1,5.0
0786884401,1,5.0
0786884460,1,5.0
0786884568,1,5.0
0786884770,1,4.0
078688505X,1,3.0
0786885181,1,5.0
0786885793,1,3.0
0786886161,1,5.0
0786886218,1,5.0
0786886811,1,3.0
0786887125,1,2.0
0786887176,1,5.0
0786887214,1,5.0
0786887273,1,1.0
078688732X,1,4.0
0786887494,1,5.0
078688777X,1,5.0
0786887796,2,5.0
0786887842,1,4.0
0786888016,1,5.0
0786888148,1,4.0
0786888156,4,5.0
0786888350,1,5.0
0786888423,1,3.0
0786888482,1,4.0
0786889020,1,5.0
0786889780,2,3.0
0786889985,1,5.0
0786890436,1,5.0
0786890444,1,3.0
0786890835,1,1.0
0786902035,1,1.0
0786907355,1,5.0
0786911832,1,2.0
0786911905,1,1.0
0786913339,1,5.0
0786918705,1,4.0
0786920157,1,4.0
0786926546,1,2.0
078692683X,1,5.0
0786926902,2,4.5
0786927208,1,5.0
0786927593,1,3.0
0786927828,1,4.0
0786928360,1,2.0
078692876X,2,4.5
0786928867,3,5.0
0786928883,2,5.0
0786928891,2,4.5
0786928921,1,4.0
0786928964,1,2.0
0786929081,1,5.0
0786929502,1,2.0
0786929804,1,4.0
0786929898,1,4.0
0786930128,1,5.0
078693087X,1,4.0
078693123X,1,5.0
0786931345,1,1.0
0786931558,1,5.0
0786932287,2,3.5
0786932376,1,1.0
0786932732,1,4.0
0786932740,1,5.0
0786933461,1,3.0
0786933607,3,3.0
0786934107,1,5.0
0786934212,1,5.0
0786934298,1,2.0
0786934328,3,4.33
0786934336,1,4.0
0786934387,1,3.0
0786934786,2,5.0
0786934794,2,4.5
0786935138,1,5.0
0786935219,3,4.33
0786935847,3,4.0
078693610X,2,3.5
0786936134,1,5.0
0786936401,8,2.25
0786936533,1,2.0
0786936541,2,5.0
078693655X,1,4.0
0786936568,1,3.0
0786936878,1,4.0
0786936886,2,3.5
0786936908,1,2.0
0786936932,1,3.0
0786937017,1,1.0
0786937335,1,4.0
0786937394,3,2.33
0786937661,1,2.0
0786937904,1,4.0
0786938420,1,5.0
0787105317,1,5.0
0787232416,1,4.0
0787301612,1,5.0
0787309664,1,4.0
0787675156,1,5.0
0787689793,4,4.5
0787901113,1,1.0
0787903027,1,1.0
0787903612,1,5.0
0787910589,1,5.0
0787910686,1,5.0
0787914118,1,5.0
0787938718,1,5.0
0787941190,1,4.0
0787944777,1,5.0
0787945137,1,5.0
0787945692,1,4.0
0787945781,1,4.0
0787946435,1,5.0
0787947350,1,5.0
0787947857,1,5.0
0787950475,1,4.0
0787951722,3,3.33
0787951935,1,5.0
0787952346,1,5.0
0787955116,1,2.0
078795599X,2,4.5
0787956309,1,5.0
0787956562,2,3.5
0787956783,1,5.0
0787960217,1,5.0
0787960551,1,4.0
0787960756,3,3.67
0787963712,1,5.0
0787963879,2,5.0
0787964190,1,2.0
0787964417,1,5.0
0787965685,3,4.67
0787965839,1,4.0
078796591X,1,5.0
0787966177,1,2.0
0787966304,1,5.0
0787966673,1,5.0
0787966878,1,4.0
0787967025,1,5.0
0787968056,1,4.0
0787968323,1,5.0
0787968331,1,5.0
0787968404,1,5.0
0787968951,2,4.5
0787969583,2,4.0
0787970034,1,3.0
0787970514,1,5.0
0787970719,1,5.0
078797112X,1,2.0
0787971545,1,2.0
0787971588,1,5.0
0787971898,1,5.0
0787972304,1,2.0
0787972959,1,5.0
0787973114,1,4.0
0787973653,1,4.0
0787973718,1,5.0
0787974099,2,4.5
0787974161,1,3.0
0787974277,1,5.0
0787974714,1,5.0
0787975923,11,4.55
0787976288,1,5.0
0787977357,1,5.0
0787977683,1,4.0
0787978949,2,4.5
0787979155,1,3.0
0787979287,1,5.0
0787979880,1,5.0
078798129X,1,5.0
0787981397,2,4.5
0788008552,1,5.0
0788013467,1,5.0
078809906X,1,5.0
0788112082,1,5.0
0788157787,1,5.0
0788401564,1,3.0
0788754327,1,4.0
0788789813,1,4.0
0788789821,1,5.0
078878983X,1,5.0
0789002183,1,5.0
0789002906,1,1.0
0789008955,1,5.0
0789009056,1,5.0
0789011441,1,1.0
0789012464,1,2.0
0789015838,1,4.0
0789018357,1,5.0
0789024497,1,5.0
0789201828,1,5.0
0789203650,1,5.0
0789203839,1,5.0
0789203944,1,5.0
0789204304,1,5.0
0789205386,4,4.5
0789205424,1,5.0
0789208318,1,5.0
0789300494,1,4.0
0789302454,1,5.0
0789303590,1,4.0
0789303612,1,5.0
0789303760,1,5.0
0789303817,1,5.0
0789304945,1,5.0
0789305895,1,5.0
0789306840,2,5.0
0789306859,1,4.0
0789307944,1,5.0
0789310058,1,3.0
0789310643,2,5.0
0789310740,1,5.0
0789310759,1,5.0
0789311909,1,5.0
0789312042,1,3.0
0789312050,2,4.0
0789312425,1,5.0
0789312514,1,5.0
0789313022,1,4.0
0789313073,2,4.0
0789313189,1,4.0
0789313200,1,5.0
0789415402,3,4.67
0789426374,1,1.0
0789432870,1,5.0
0789434369,1,4.0
0789434814,1,5.0
0789435187,1,3.0
0789435209,1,5.0
0789436507,1,5.0
0789439468,1,5.0
0789439891,1,5.0
0789446030,1,4.0
0789447223,1,4.0
0789448580,1,2.0
0789448904,1,4.0
0789450720,1,3.0
0789450747,2,2.5
0789451158,1,4.0
0789451565,1,5.0
0789451751,1,3.0
0789452200,1,2.0
0789452383,2,5.0
0789454300,1,3.0
0789457245,1,3.0
0789463024,1,5.0
0789465116,1,5.0
0789465213,1,5.0
0789467682,2,5.0
0789473380,1,5.0
078947395X,1,3.0
0789474018,1,5.0
0789476460,1,5.0
0789479907,1,4.0
0789479923,1,5.0
0789480212,2,4.5
078948031X,1,5.0
078948045X,1,5.0
0789480743,1,5.0
0789483297,1,4.0
078948398X,1,4.0
0789484005,1,5.0
0789484048,1,5.0
0789484536,1,5.0
0789485508,1,5.0
0789488582,1,5.0
0789489163,1,5.0
0789489287,1,4.0
0789489341,1,3.0
0789489597,1,4.0
0789489856,1,5.0
0789489902,1,5.0
0789489929,1,3.0
0789490102,1,2.0
0789491826,1,5.0
0789491834,1,4.0
0789492342,1,4.0
0789492539,1,1.0
0789493055,2,5.0
0789493306,1,5.0
0789493322,3,3.33
0789493349,1,4.0
0789493837,4,5.0
0789493853,2,5.0
0789493861,2,4.5
0789493896,2,5.0
0789493926,1,5.0
0789494213,1,4.0
0789494221,2,4.0
0789494248,1,3.0
0789494264,1,4.0
0789494280,2,4.5
0789494302,2,4.5
0789494329,1,5.0
0789494981,2,4.0
0789495694,1,5.0
0789495740,1,5.0
0789495759,1,4.0
0789496429,1,5.0
0789496518,1,3.0
0789496739,1,5.0
0789496909,1,5.0
0789496933,1,4.0
0789497182,1,4.0
0789497212,1,5.0
0789497247,1,4.0
0789497263,1,4.0
078949728X,1,4.0
0789497506,1,5.0
0789498693,1,5.0
0789701367,1,3.0
0789721449,1,5.0
0789722836,1,4.0
0789723018,1,1.0
0789723107,7,4.86
0789724286,1,1.0
0789724650,1,5.0
0789725045,1,4.0
0789725525,1,5.0
0789726599,1,5.0
078972698X,1,5.0
0789727560,1,5.0
0789728184,3,3.67
0789728222,3,4.67
0789728230,1,5.0
0789728303,2,5.0
0789728656,2,5.0
0789728745,1,4.0
0789728826,1,1.0
0789728966,1,5.0
0789728974,1,5.0
0789728990,1,5.0
0789729016,2,3.5
0789729024,3,4.33
0789729105,1,3.0
0789729474,1,1.0
0789729547,1,5.0
0789729911,1,5.0
0789729970,2,4.0
0789730286,2,5.0
0789730332,1,5.0
0789730375,2,4.0
0789730413,1,5.0
0789730421,2,3.5
078973043X,1,3.0
0789730448,2,4.0
0789730766,1,1.0
0789730782,1,3.0
0789730987,1,5.0
0789731002,1,3.0
0789731312,1,5.0
0789731320,1,4.0
0789731959,1,3.0
0789731975,1,5.0
0789732025,2,4.0
0789732564,2,3.0
0789732610,1,2.0
0789732726,2,3.0
0789732785,1,2.0
0789733730,3,4.33
078990456X,1,5.0
0789909960,1,5.0
0790610418,1,5.0
0790612194,1,4.0
0790613093,1,5.0
0790613123,1,1.0
0791081222,1,2.0
079144080X,1,5.0
0791446069,1,4.0
0791447820,1,5.0
0791454525,1,5.0
079145844X,1,5.0
0791459047,1,5.0
0791461033,1,4.0
079180223X,1,5.0
079222731X,1,5.0
0792233743,1,1.0
0792238737,1,5.0
079226164X,1,3.0
0792261879,1,5.0
0792261887,2,3.0
0792264029,1,5.0
0792264665,1,5.0
0792265211,1,5.0
0792266862,1,2.0
0792267958,1,4.0
0792268385,1,2.0
0792268776,1,4.0
0792270142,1,5.0
0792271688,1,5.0
0792272226,1,5.0
0792272668,1,1.0
0792274172,1,4.0
0792279212,1,5.0
0792279433,1,5.0
0792279468,1,4.0
0792282043,1,5.0
0792282256,1,5.0
0792289897,2,4.5
0792293290,1,5.0
0792293436,1,1.0
0792355148,1,3.0
0792397657,1,5.0
0792425898,1,5.0
0792715179,1,4.0
0792734793,1,5.0
0793111498,1,2.0
0793117313,1,2.0
0793127637,1,5.0
0793135230,1,4.0
0793136644,1,5.0
0793141095,2,4.0
0793142644,1,5.0
0793144914,1,4.0
0793145139,1,5.0
0793147565,1,1.0
0793148251,1,4.0
0793150264,1,5.0
0793154154,1,1.0
0793154375,3,4.33
0793154707,1,5.0
0793155606,1,1.0
0793160278,1,1.0
0793160324,1,1.0
0793167981,1,5.0
0793176816,1,3.0
0793177324,1,5.0
0793177545,1,5.0
0793177634,1,5.0
0793178398,1,4.0
0793179270,1,4.0
0793179297,1,4.0
079318018X,2,2.5
0793183391,1,2.0
079318567X,1,5.0
0793185688,2,5.0
079318794X,1,5.0
0793188288,1,5.0
0793188601,1,4.0
0793192773,2,4.5
0793193087,2,4.5
0793195160,2,2.5
0793195179,4,4.25
0793195209,1,4.0
0793198992,1,5.0
079350029X,1,2.0
0793502349,1,4.0
0793502861,2,4.0
0793504457,1,4.0
079350628X,1,5.0
079350824X,1,2.0
0793509580,1,5.0
0793514428,1,5.0
0793515173,1,5.0
0793516544,1,5.0
0793516889,1,3.0
0793518326,2,4.0
0793520886,1,5.0
0793524113,1,2.0
0793529581,1,5.0
0793530776,1,5.0
0793533775,1,4.0
0793534151,1,5.0
0793540461,1,5.0
0793542049,1,5.0
0793542057,2,5.0
0793542065,1,5.0
0793545374,1,4.0
0793551668,1,5.0
0793552559,1,5.0
0793557127,1,5.0
0793560438,1,3.0
079356509X,1,4.0
079357000X,1,5.0
0793570441,1,5.0
0793570514,1,5.0
079357370X,1,4.0
0793573742,1,5.0
0793574110,1,5.0
0793576741,1,4.0
0793576792,1,5.0
0793578264,1,5.0
0793578310,1,2.0
0793578566,2,3.5
0793581303,1,3.0
0793581702,1,5.0
079358177X,1,2.0
0793582598,2,4.0
0793585201,1,4.0
0793592658,1,4.0
0793594219,1,5.0
0793597528,1,5.0
0793598702,1,5.0
0793598788,1,5.0
0793599490,1,5.0
0793802121,1,2.0
0793802733,1,5.0
0793803764,1,4.0
0793804973,1,5.0
0793805309,1,4.0
0793805376,1,5.0
0793805384,1,5.0
0793805759,1,2.0
0793807700,1,5.0
0793807921,1,1.0
0793807972,1,2.0
0793819016,1,2.0
0793821010,1,4.0
0793821150,1,5.0
0793821215,1,5.0
0793827647,1,5.0
0793827779,1,3.0
0793827965,1,4.0
079382804X,1,5.0
0793828155,1,3.0
0793828198,1,5.0
0793834538,1,2.0
0793836549,1,5.0
0793836557,1,5.0
0794402623,1,5.0
0794403670,1,5.0
0794404138,1,5.0
0794404448,1,5.0
0794502164,1,1.0
079450535X,1,5.0
0794602134,1,4.0
0794602169,1,5.0
0794602223,1,5.0
0794602428,1,5.0
0794603165,1,5.0
0794650066,1,5.0
0794807321,1,1.0
0794817912,1,3.0
0800611462,1,5.0
0800615387,1,5.0
0800618998,1,5.0
0800623134,1,5.0
080062646X,2,5.0
0800626796,3,5.0
0800627237,1,5.0
0800628462,1,4.0
0800628543,1,5.0
0800629817,1,3.0
0800632249,1,5.0
0800632621,1,5.0
080063294X,1,5.0
080063490X,1,4.0
0800634942,1,4.0
0800635817,1,3.0
0800636090,1,5.0
080063618X,1,3.0
0800636236,1,4.0
0800636430,1,5.0
0800636740,1,3.0
0800636988,1,5.0
0800637003,1,3.0
0800637062,1,5.0
0800637658,1,5.0
0800683056,1,5.0
0800712374,1,4.0
0800714784,1,5.0
0800714903,1,5.0
0800717368,1,4.0
0800717880,3,5.0
0800718291,1,4.0
0800718305,1,4.0
0800718313,1,4.0
0800718372,1,4.0
0800730941,1,3.0
0800751213,1,5.0
0800755707,1,4.0
0800756312,1,1.0
0800757181,1,5.0
0800757270,1,5.0
0800757378,1,1.0
0800757394,2,5.0
0800758706,1,5.0
0800759494,1,5.0
0800759850,1,5.0
080078412X,2,5.0
0800784340,1,5.0
0800787242,2,3.5
0800791088,1,4.0
0800791312,1,5.0
0800792009,1,5.0
0800792602,1,4.0
0800792807,1,5.0
0800793013,2,5.0
0800793218,1,5.0
0800793242,1,4.0
0800793404,1,5.0
0800793439,1,5.0
0800793455,1,5.0
0800793617,1,5.0
0800793722,3,4.0
0800793749,1,5.0
080079382X,1,5.0
0800793897,1,5.0
080079396X,1,4.0
0800793994,1,5.0
0800809327,1,5.0
0800845730,1,2.0
0800849000,1,5.0
0801008859,1,5.0
0801009952,1,5.0
0801010195,1,5.0
0801011124,1,4.0
0801011205,1,5.0
0801012600,1,4.0
0801012643,1,5.0
080101266X,1,5.0
0801021189,1,5.0
0801021499,1,5.0
0801021839,2,5.0
0801022282,1,4.0
0801022665,1,5.0
080102451X,1,4.0
0801025893,1,4.0
0801026105,1,5.0
0801026520,1,3.0
0801026903,1,5.0
0801027128,1,4.0
0801027322,1,5.0
0801027519,1,4.0
0801027713,1,5.0
0801027977,1,3.0
080102871X,1,5.0
0801036771,1,4.0
0801038553,1,5.0
0801043859,1,5.0
0801044464,1,5.0
0801045045,1,5.0
0801045282,1,5.0
080105317X,1,5.0
080105494X,1,5.0
0801057744,1,5.0
0801057922,1,5.0
080105821X,1,5.0
0801058295,1,4.0
0801058341,1,4.0
0801058465,1,5.0
0801058627,1,1.0
080105916X,1,3.0
080106211X,1,5.0
0801062225,1,4.0
0801063051,1,5.0
0801063175,1,5.0
0801063698,1,2.0
0801063841,1,5.0
0801064007,1,5.0
0801064031,1,4.0
0801064112,1,4.0
0801064120,1,4.0
0801064139,1,5.0
0801064163,1,2.0
080106418X,1,4.0
0801064236,1,5.0
080106435X,2,3.5
0801064376,1,5.0
0801064694,1,5.0
0801065089,1,5.0
0801065275,1,5.0
0801065321,1,1.0
0801065429,1,5.0
080106550X,1,5.0
0801065585,1,5.0
0801069890,1,5.0
0801090474,1,5.0
0801091020,1,5.0
0801091438,1,5.0
0801091713,1,5.0
0801091721,1,5.0
0801091780,1,5.0
0801309719,1,5.0
080131531X,2,4.0
0801316480,1,1.0
0801318238,1,5.0
0801414555,1,4.0
0801419689,1,5.0
0801420857,1,2.0
0801427967,1,4.0
0801439272,2,4.0
0801441501,1,5.0
0801442303,1,5.0
0801442435,1,3.0
080144246X,1,2.0
0801442923,1,5.0
0801443970,1,5.0
080147261X,1,5.0
0801480752,1,4.0
0801483069,1,5.0
0801483344,4,4.75
0801484006,1,4.0
0801485037,1,3.0
0801486378,1,5.0
080148667X,1,5.0
0801487145,1,5.0
0801487277,1,3.0
0801488311,1,5.0
0801489156,1,4.0
0801489164,1,3.0
0801492009,1,5.0
0801492033,1,4.0
0801493137,1,5.0
0801497876,1,5.0
0801655285,1,5.0
080183158X,1,4.0
0801841119,1,1.0
0801842859,1,5.0
0801843006,1,5.0
0801848083,1,5.0
0801848245,1,3.0
080185363X,1,3.0
0801853990,1,2.0
0801854407,1,5.0
0801855055,1,4.0
080185654X,1,5.0
0801856582,1,5.0
0801856620,1,5.0
0801857074,1,5.0
0801860679,1,5.0
080186271X,1,2.0
0801863406,1,5.0
0801863945,1,5.0
0801864046,1,4.0
0801864771,1,5.0
0801865360,1,5.0
0801865603,1,4.0
0801866022,1,4.0
0801867452,1,5.0
0801868467,1,5.0
0801869323,1,5.0
0801869501,1,4.0
0801870380,1,5.0
0801879205,1,5.0
080187971X,1,5.0
0801879760,1,5.0
0801880076,2,5.0
0801880785,1,5.0
0801880912,1,5.0
0801881064,1,4.0
0801956439,1,4.0
0801972329,1,5.0
0801976758,1,5.0
0801983916,1,4.0
0801984327,1,1.0
0801985226,1,4.0
0801986451,2,4.0
080198680X,1,1.0
0801989647,1,1.0
0801990602,2,4.5
0801990890,1,4.0
0801990955,1,2.0
0801991110,1,4.0
080203778X,1,5.0
0802063675,1,5.0
0802078583,1,5.0
0802081029,1,5.0
0802083897,1,3.0
0802084257,1,4.0
0802086578,1,4.0
0802101593,1,4.0
0802114288,1,5.0
0802117295,1,5.0
0802117473,1,5.0
0802117767,1,5.0
0802117775,1,4.0
0802117791,4,5.0
0802117813,2,3.5
0802117856,1,5.0
0802117880,1,3.0
0802117910,1,4.0
0802117945,2,5.0
0802117961,1,5.0
0802117996,2,4.0
0802118054,4,4.75
0802130208,4,4.25
0802130313,1,3.0
0802130623,1,4.0
0802131379,1,5.0
0802131433,1,5.0
0802131662,1,2.0
0802132189,1,3.0
0802132634,1,5.0
0802134297,2,2.0
0802134505,1,1.0
0802134653,2,4.0
0802135064,1,5.0
0802135196,1,3.0
0802135781,1,5.0
0802135986,1,3.0
0802136257,1,5.0
0802136354,1,4.0
0802136486,2,4.5
0802136508,1,5.0
0802136834,1,5.0
0802136885,1,5.0
0802137407,1,3.0
0802137482,1,5.0
0802137490,1,4.0
0802137954,1,4.0
0802138292,1,4.0
0802138330,1,5.0
0802138551,1,5.0
0802138594,1,4.0
0802138942,2,5.0
0802139256,4,5.0
080213937X,1,5.0
0802139566,1,4.0
0802139582,1,4.0
0802139590,2,4.5
0802139787,1,4.0
0802139892,1,4.0
0802139957,1,4.0
0802139981,2,5.0
0802140149,1,5.0
0802140246,1,5.0
0802140343,1,5.0
080214120X,1,5.0
0802141226,1,5.0
0802141293,1,5.0
080214165X,1,5.0
0802141692,1,4.0
0802141927,1,5.0
0802141935,2,1.0
0802141951,2,5.0
0802142109,1,3.0
0802151787,1,5.0
0802170048,1,5.0
0802170099,1,5.0
0802402828,1,5.0
0802404782,1,5.0
0802407676,1,5.0
0802407684,1,5.0
0802408168,1,5.0
0802413633,1,5.0
0802413668,1,5.0
0802415555,1,5.0
0802423191,1,5.0
0802427340,2,3.5
0802429432,1,5.0
0802429793,1,5.0
0802430589,1,1.0
0802433219,2,5.0
0802436366,1,4.0
0802436986,1,4.0
0802438660,2,3.5
0802438954,1,3.0
0802439799,1,5.0
0802441971,1,3.0
0802442323,1,5.0
0802443710,1,5.0
080244458X,1,5.0
0802446922,1,5.0
0802454135,1,4.0
0802459137,2,5.0
0802467016,1,5.0
0802467997,2,3.5
0802471943,1,5.0
0802709451,1,5.0
0802712096,1,3.0
0802713203,1,5.0
0802713815,1,5.0
0802714021,1,5.0
0802714048,1,5.0
0802714110,1,4.0
0802714129,1,4.0
0802714153,1,5.0
0802714331,1,5.0
0802714358,1,5.0
0802714404,4,4.75
0802714439,1,5.0
0802714471,5,4.6
0802714498,2,5.0
0802714536,1,5.0
0802714544,1,5.0
0802775403,1,5.0
0802775640,1,5.0
0802775985,1,5.0
0802776604,1,5.0
0802784917,1,5.0
0802789013,1,4.0
0802789021,1,5.0
0802789412,1,5.0
0802789595,1,5.0
0802789617,1,5.0
0802801765,1,4.0
080280294X,1,5.0
0802803601,1,4.0
080280456X,1,4.0
0802805981,1,4.0
0802807933,1,5.0
0802807941,1,5.0
0802808212,1,5.0
0802808484,1,4.0
0802809758,1,5.0
0802809782,1,5.0
0802809812,1,5.0
0802811213,1,5.0
0802812821,1,5.0
0802817319,1,4.0
0802821170,1,5.0
0802821200,1,4.0
0802821642,1,2.0
0802823882,1,4.0
0802823955,1,5.0
0802824498,1,5.0
0802824978,2,4.0
0802825052,1,4.0
0802825109,1,5.0
0802825257,1,4.0
0802826598,1,5.0
0802827667,1,5.0
0802827780,1,5.0
0802827853,1,5.0
0802828523,1,5.0
0802828582,1,5.0
0802828752,1,5.0
080282921X,1,4.0
0802829295,1,4.0
0802834132,1,5.0
0802836194,1,5.0
0802837174,1,5.0
0802837301,1,4.0
0802837360,1,5.0
0802838448,1,5.0
0802838987,1,5.0
0802839061,1,5.0
0802839258,1,4.0
0802839940,1,5.0
0802841023,2,4.0
0802841066,2,5.0
0802841325,1,5.0
0802842828,1,5.0
0802843689,1,4.0
0802844375,1,1.0
0802844456,3,5.0
0802844847,1,5.0
0802845975,1,1.0
0802846491,1,5.0
0802846505,1,5.0
0802846602,1,5.0
0802846688,1,4.0
0802847706,1,5.0
0802849067,1,5.0
0802849601,1,5.0
0802849733,1,5.0
0802850111,1,5.0
0802852785,1,4.0
0802852831,1,5.0
0802860613,1,4.0
0803215142,1,5.0
0803215274,1,5.0
0803224265,1,5.0
080322432X,2,4.0
0803227620,1,4.0
0803227698,1,4.0
0803229291,1,4.0
0803238037,1,5.0
0803242972,1,3.0
0803250150,1,5.0
0803251386,1,5.0
0803257139,1,5.0
0803258348,1,4.0
0803258658,1,5.0
0803259425,1,4.0
0803261705,3,5.0
0803261845,1,5.0
0803262086,1,4.0
0803263252,1,5.0
0803263678,1,5.0
0803263708,1,5.0
0803263775,1,5.0
0803264283,1,5.0
0803266278,2,4.5
0803266316,1,5.0
0803270755,1,5.0
0803270984,1,5.0
0803273533,1,5.0
080327355X,1,5.0
0803275978,1,5.0
0803279957,1,5.0
0803280351,2,4.5
0803282478,1,5.0
0803282559,1,5.0
0803282885,1,5.0
0803291213,1,5.0
0803291841,1,4.0
0803292112,1,5.0
0803293275,2,4.0
0803294042,2,5.0
0803294336,1,4.0
0803296177,1,4.0
0803297807,1,4.0
0803298188,1,2.0
0803494777,1,1.0
0803496648,1,5.0
0803497059,1,4.0
080360033X,1,5.0
0803601581,1,1.0
0803602790,1,4.0
0803604270,1,5.0
0803606192,1,5.0
0803608330,1,4.0
080361053X,2,3.5
0803610564,1,5.0
0803612257,1,3.0
0803612486,1,1.0
0803612869,1,5.0
0803701233,1,5.0
0803719477,1,1.0
0803722907,1,5.0
0803723520,1,4.0
0803725876,2,5.0
0803727364,1,4.0
0803728808,1,1.0
0803729820,1,5.0
0803743009,1,5.0
080382033X,1,4.0
0803931042,1,4.0
080394540X,1,4.0
0803957998,1,4.0
0803959400,1,2.0
0804006172,1,4.0
0804009317,1,4.0
080401003X,1,4.0
0804103720,1,5.0
0804105995,1,5.0
0804106304,1,3.0
0804107386,1,4.0
0804108366,1,5.0
0804108560,1,4.0
0804108579,1,5.0
0804108749,1,5.0
0804110387,1,5.0
0804111359,1,5.0
0804111634,1,4.0
0804115427,1,4.0
0804115486,1,5.0
0804116059,2,5.0
0804117586,1,3.0
0804117640,1,5.0
080411871X,1,4.0
0804118752,1,4.0
0804118825,1,5.0
0804119120,1,4.0
0804119635,1,5.0
0804119716,1,4.0
0804119864,1,4.0
0804231095,1,5.0
0804708274,1,3.0
0804718849,1,5.0
0804723311,1,5.0
0804730415,1,2.0
0804730466,1,3.0
0804736332,1,5.0
0804745498,1,4.0
0804749264,1,5.0
0804750513,1,5.0
0804801967,1,5.0
0804804966,1,4.0
0804810435,1,4.0
0804815429,1,2.0
0804815801,1,3.0
0804816476,1,3.0
080481676X,1,5.0
0804817030,1,4.0
0804817251,1,5.0
0804818894,1,5.0
0804819181,1,4.0
0804820740,1,3.0
0804820775,1,5.0
0804831297,1,5.0
0804831602,1,5.0
0804831904,1,5.0
0804832056,1,1.0
0804832064,1,5.0
0804832625,1,5.0
0804832951,1,5.0
0804833184,1,3.0
0804833613,2,5.0
0804833656,1,5.0
0804833885,1,4.0
0804834091,1,5.0
0804834148,1,5.0
0804834202,1,4.0
0804834563,1,5.0
0804835101,2,4.0
0804835365,1,3.0
0804835918,1,4.0
0804835934,1,3.0
0805006621,3,5.0
0805008047,1,5.0
0805008225,1,5.0
0805009272,1,5.0
0805009361,1,5.0
0805010483,1,3.0
0805011579,1,5.0
0805011943,2,5.0
0805012176,1,5.0
0805014586,1,4.0
0805014977,1,5.0
0805015752,1,4.0
080501585X,1,4.0
0805018360,1,5.0
0805019790,1,5.0
0805020411,1,4.0
0805023968,1,4.0
0805028846,2,4.5
0805029605,1,5.0
0805031391,1,5.0
0805032576,1,4.0
0805035362,1,5.0
0805043926,1,1.0
0805044310,1,5.0
0805046305,1,4.0
0805046941,1,5.0
080504695X,1,5.0
0805047603,1,3.0
0805047743,1,5.0
0805047905,4,4.75
0805050132,1,5.0
0805051171,1,5.0
0805052143,1,4.0
080505295X,1,5.0
0805053034,1,3.0
0805053077,1,5.0
0805053883,1,5.0
0805054383,2,5.0
0805054642,1,3.0
0805055487,1,2.0
0805055762,1,4.0
0805055975,1,5.0
0805056238,1,4.0
0805056254,1,5.0
0805056491,1,3.0
080505765X,1,1.0
0805058265,1,4.0
0805059644,1,5.0
0805060286,1,4.0
0805061738,1,5.0
0805061770,2,5.0
0805061800,1,5.0
0805062009,1,5.0
0805062602,1,2.0
0805062882,1,4.0
0805062998,1,5.0
0805063218,1,5.0
0805063323,1,5.0
0805063528,1,5.0
0805063897,3,2.67
0805065105,1,5.0
0805065377,1,5.0
0805065512,1,5.0
0805066144,3,5.0
0805066152,1,5.0
0805066284,1,5.0
0805066330,2,2.0
0805066438,1,3.0
0805066624,1,5.0
0805066683,1,5.0
0805066691,2,5.0
0805066934,1,5.0
0805066977,2,5.0
0805067620,1,5.0
0805067639,1,3.0
0805067698,1,5.0
0805067809,1,4.0
0805067884,2,3.5
0805067906,1,4.0
0805068007,2,5.0
0805068392,1,4.0
0805068953,1,5.0
0805069046,1,2.0
0805069054,1,4.0
0805069089,1,4.0
0805069135,1,4.0
0805069399,1,4.0
0805069429,2,3.5
0805069461,2,3.0
0805069496,1,4.0
0805069569,1,2.0
0805069801,2,3.0
0805069925,2,4.5
0805070044,1,5.0
0805070664,2,5.0
0805070893,2,5.0
0805071342,2,4.5
0805071458,3,4.0
0805071474,1,3.0
0805071652,1,1.0
0805071741,1,5.0
0805071954,1,5.0
0805072101,1,5.0
0805072454,1,5.0
0805072500,1,4.0
0805072527,1,5.0
080507256X,1,2.0
0805072780,1,5.0
0805073132,3,3.67
0805073140,1,5.0
0805073302,1,5.0
0805073396,5,2.8
0805073566,2,3.5
080507368X,1,4.0
0805073698,1,5.0
0805073744,3,3.67
0805073957,1,4.0
0805073965,1,4.0
0805074007,1,5.0
0805074031,2,1.0
0805074066,1,4.0
080507421X,1,5.0
0805074287,1,3.0
0805074422,3,5.0
0805074562,10,4.2
0805074627,1,1.0
0805074643,1,5.0
0805074791,1,5.0
0805075062,1,3.0
0805075119,1,5.0
0805075313,1,5.0
0805075372,1,3.0
0805075402,4,4.5
0805075429,1,5.0
0805075593,1,4.0
0805075615,1,5.0
0805075690,1,5.0
080507581X,2,4.0
0805075909,1,4.0
0805075933,1,2.0
0805075941,2,5.0
0805075984,1,5.0
080507600X,1,5.0
0805076026,1,2.0
0805076069,4,2.75
0805076123,4,3.25
0805076220,1,4.0
0805076336,1,3.0
0805076468,2,2.0
0805076514,2,4.0
0805076530,1,5.0
0805076670,1,5.0
0805076824,17,4.47
0805076883,1,5.0
0805077111,1,5.0
0805077235,1,5.0
0805077251,2,3.5
0805077456,2,3.5
0805077464,3,3.67
0805077545,2,5.0
0805077553,1,4.0
080507757X,1,5.0
080507774X,4,5.0
0805077766,2,5.0
080507791X,4,4.5
0805078185,1,5.0
0805078517,1,5.0
0805078592,1,5.0
0805078649,1,5.0
0805078681,3,3.67
0805078738,1,5.0
0805078975,4,3.5
0805079076,3,4.67
0805080163,1,5.0
0805205098,1,5.0
0805208984,4,4.0
0805209700,1,3.0
0805210245,1,4.0
0805210318,2,4.5
0805210407,2,4.5
0805210601,1,4.0
0805210954,1,3.0
0805211195,1,5.0
0805211403,1,5.0
080524204X,1,5.0
0805366245,4,4.25
080537146X,2,5.0
0805374736,1,5.0
0805374760,1,5.0
0805390456,1,5.0
0805401717,1,4.0
0805401989,1,5.0
0805406654,1,5.0
0805412662,1,5.0
0805417761,2,5.0
0805418350,1,5.0
0805418768,1,5.0
0805419675,1,5.0
0805420207,1,5.0
0805420525,1,3.0
0805420789,1,5.0
0805421289,1,5.0
0805421378,1,2.0
0805421580,1,5.0
0805422838,1,5.0
0805422943,1,4.0
0805423311,1,5.0
0805424830,1,5.0
0805424938,1,5.0
0805425764,1,4.0
0805426248,1,5.0
0805426337,1,5.0
0805427279,1,5.0
0805427309,1,5.0
0805430504,1,5.0
0805430539,1,5.0
0805431322,1,5.0
0805431373,1,5.0
0805431438,1,5.0
0805431586,1,5.0
0805431853,1,1.0
0805431888,1,5.0
0805431896,1,5.0
0805431934,1,3.0
0805432639,1,5.0
0805437703,1,5.0
0805439609,1,5.0
0805440372,2,5.0
0805440453,1,5.0
0805494626,1,3.0
0805499547,1,5.0
080549975X,1,5.0
0805779558,1,5.0
0805819746,1,5.0
0805822313,1,5.0
0805835598,1,5.0
0805838929,1,5.0
080583978X,1,5.0
0805840184,1,5.0
0805842969,1,4.0
0805846247,1,5.0
0805847898,1,5.0
0805851070,1,5.0
0805851178,1,5.0
0805855939,1,4.0
0805957316,1,5.0
0805958231,1,1.0
0805958533,1,5.0
080596049X,1,5.0
0805960953,1,1.0
0806113669,1,4.0
0806115386,1,5.0
0806122951,1,4.0
0806126671,1,4.0
080612668X,1,5.0
0806127260,1,5.0
0806128461,1,5.0
0806129980,1,5.0
0806130547,1,5.0
0806131047,1,5.0
0806131284,1,5.0
0806131888,1,5.0
0806133201,1,5.0
080613464X,1,5.0
0806135514,1,5.0
0806136383,2,4.0
0806136391,1,4.0
0806136588,1,5.0
0806313420,1,2.0
0806317418,1,4.0
0806502002,1,1.0
0806504404,1,1.0
0806505494,1,5.0
0806507233,1,4.0
0806507284,1,3.0
0806510609,1,4.0
0806512717,1,2.0
0806516852,1,5.0
0806517379,1,4.0
0806518871,1,5.0
0806519258,1,5.0
0806520329,1,5.0
0806520639,1,4.0
0806520892,1,5.0
0806521821,1,4.0
080652247X,1,5.0
0806522941,1,5.0
0806523433,1,5.0
080652345X,1,5.0
0806523506,1,5.0
0806523514,1,5.0
0806523557,1,4.0
0806523700,3,4.67
0806524103,1,5.0
0806524235,1,5.0
080652541X,1,2.0
0806525592,1,2.0
080652569X,3,3.67
0806525908,1,5.0
0806526262,1,5.0
080652636X,1,5.0
0806526424,1,1.0
0806526513,2,5.0
0806526637,1,4.0
080652670X,1,5.0
0806526750,1,5.0
0806526793,3,5.0
0806613106,1,5.0
0806616768,1,5.0
0806621516,1,2.0
0806622628,1,5.0
0806625767,1,5.0
080662700X,1,5.0
0806635711,1,5.0
0806638982,1,5.0
0806645962,1,5.0
0806649364,1,5.0
0806651059,1,5.0
0806651083,1,5.0
080665130X,1,4.0
0806651458,1,5.0
0806651776,1,5.0
0806651792,1,4.0
0806901861,1,5.0
0806904968,1,4.0
0806925272,1,5.0
0806926996,1,5.0
0806940409,1,4.0
0806943394,1,2.0
0806948221,1,5.0
080694837X,1,5.0
0806948388,1,4.0
0806948779,1,5.0
0806955198,1,5.0
0806958022,1,4.0
0806961716,1,4.0
080696345X,1,4.0
0806972165,1,4.0
0806974869,1,4.0
080697561X,1,4.0
0806975644,1,5.0
080697589X,1,4.0
0806976292,1,5.0
0806978961,1,5.0
0806982640,2,3.0
0806984694,1,5.0
0806987391,2,5.0
0806989130,1,5.0
0806991992,1,5.0
080699391X,1,5.0
0806993987,1,2.0
080699424X,1,2.0
0807002348,1,4.0
0807004227,1,4.0
0807009571,1,5.0
0807010529,1,5.0
0807012394,2,5.0
0807012432,1,1.0
0807016179,1,5.0
0807021148,1,4.0
0807032670,1,1.0
0807032727,1,4.0
0807043443,1,4.0
0807043761,1,5.0
0807046604,1,1.0
0807047058,1,4.0
0807059099,1,5.0
0807064734,1,5.0
0807065226,1,5.0
0807066613,1,4.0
080706789X,1,3.0
0807067938,1,5.0
0807068314,1,5.0
0807068772,1,5.0
0807070718,1,5.0
0807072125,1,5.0
0807072524,1,5.0
0807072583,1,4.0
0807072605,1,3.0
0807072621,2,4.0
0807072664,1,5.0
0807077143,2,5.0
0807077224,2,4.0
0807083178,1,4.0
0807107832,1,5.0
0807113522,1,5.0
0807116904,1,5.0
0807118540,1,5.0
0807118737,1,5.0
0807119679,1,5.0
0807121363,1,5.0
0807126802,1,4.0
0807127914,1,1.0
0807131113,1,4.0
0807206121,2,5.0
0807218677,1,3.0
0807219657,1,5.0
0807220299,2,4.5
0807223166,1,5.0
0807261688,1,3.0
0807261785,1,5.0
0807262013,1,5.0
0807262021,1,3.0
0807275565,1,5.0
0807281913,1,5.0
0807281948,4,5.0
0807281956,1,5.0
0807282324,1,4.0
0807282588,1,5.0
0807282596,6,5.0
0807404837,1,5.0
0807408832,1,4.0
0807501875,1,4.0
0807507857,1,5.0
0807511528,1,5.0
080751697X,1,5.0
0807542105,1,3.0
0807552216,1,5.0
0807563390,1,5.0
0807563803,1,5.0
0807574589,1,5.0
0807574910,1,5.0
080757550X,1,5.0
0807578223,1,5.0
0807591092,1,4.0
0807609560,1,5.0
0807614572,1,5.0
0807734470,1,5.0
0807736732,1,5.0
0807812536,1,5.0
0807820962,1,5.0
0807826480,1,4.0
0807826731,1,5.0
0807828289,1,4.0
0807828939,1,4.0
0807829099,1,5.0
0807829218,3,4.67
0807841471,1,1.0
0807843490,1,3.0
0807844209,1,5.0
0807844705,2,2.0
0807845949,1,5.0
0807847860,1,5.0
0807847909,2,5.0
0807849111,1,4.0
080784926X,1,4.0
0807854158,1,5.0
0807854794,1,5.0
0807855014,1,5.0
0807855103,1,3.0
0807855154,1,5.0
0807855618,1,5.0
0809001608,1,5.0
0809015803,1,5.0
0809028581,2,4.0
0809029561,3,4.0
0809069512,1,1.0
0809080737,1,4.0
080908970X,1,3.0
0809095335,1,5.0
0809104881,1,5.0
0809117541,1,5.0
0809122332,1,5.0
0809123452,1,5.0
0809127059,1,3.0
0809128969,1,5.0
0809129590,1,5.0
0809133997,1,1.0
0809134632,1,1.0
0809135140,1,5.0
0809135795,3,5.0
0809136678,1,5.0
0809139227,1,5.0
0809139553,1,5.0
0809139596,1,5.0
0809139731,1,5.0
0809140934,1,5.0
0809142651,1,5.0
0809142708,1,5.0
0809143011,1,5.0
0809143283,1,5.0
0809167018,1,4.0
0809167085,1,5.0
0809222272,1,4.0
0809224275,3,4.67
0809225034,1,1.0
0809225352,1,5.0
0809225379,1,5.0
0809225921,2,4.0
0809229099,2,5.0
0809230585,1,5.0
0809232197,1,1.0
0809234998,1,5.0
0809235005,1,5.0
0809235668,1,5.0
0809238403,1,5.0
0809240726,1,5.0
0809241315,1,4.0
0809244748,1,5.0
0809244756,1,5.0
0809245914,1,5.0
0809246295,1,3.0
0809247275,1,5.0
0809247992,1,4.0
0809258811,1,4.0
0809275449,1,5.0
0809294192,1,3.0
0809294583,1,1.0
0809294699,1,5.0
0809297469,1,5.0
0809298805,1,5.0
0809308800,1,4.0
0809311984,1,4.0
0809314665,1,4.0
0809314673,1,4.0
0809316927,1,4.0
0809316935,1,4.0
0809319640,1,4.0
0809320347,1,4.0
080932198X,1,4.0
0809322765,1,4.0
0809324326,1,5.0
0809324903,1,4.0
0809325950,1,5.0
0809325985,1,5.0
0809326272,1,5.0
0809326310,1,4.0
0809326329,1,4.0
0809326450,1,5.0
080943427X,1,5.0
0809452456,1,5.0
0809500450,1,5.0
0809510715,1,5.0
0809510979,1,5.0
0809510987,1,5.0
0809511193,1,4.0
0809511266,1,1.0
0809511290,1,4.0
0809530864,1,5.0
0809533677,1,5.0
0809550970,1,4.0
0809592789,1,4.0
0809810239,1,5.0
0810004097,1,5.0
0810110202,1,4.0
0810112906,1,5.0
0810114275,1,5.0
0810115492,1,5.0
0810117444,1,1.0
0810117657,1,5.0
0810118769,1,1.0
0810160234,1,4.0
081016065X,2,3.0
0810394901,1,5.0
0810456877,1,5.0
0810827832,1,4.0
081083796X,1,3.0
0810839431,1,5.0
0810841312,1,5.0
0810847388,1,5.0
0810847779,1,1.0
0810848147,1,5.0
0810848201,1,2.0
0810848449,1,5.0
0810848848,1,5.0
0810849976,1,5.0
0810851326,1,3.0
0810851598,1,4.0
0810905582,1,5.0
0810906244,1,5.0
0810910098,1,3.0
0810913712,1,5.0
0810916746,1,4.0
0810918684,1,5.0
0810925087,1,5.0
0810932911,1,5.0
0810932962,1,5.0
0810932989,1,5.0
0810933519,1,5.0
0810934817,1,5.0
0810935309,1,5.0
0810935325,1,5.0
0810935333,1,1.0
0810935406,1,4.0
0810938138,1,5.0
0810939304,1,5.0
0810941228,1,5.0
0810941864,1,4.0
0810942178,1,5.0
0810942534,1,5.0
0810942747,1,2.0
0810943409,1,5.0
0810943565,1,5.0
0810943697,1,5.0
0810943743,1,5.0
0810944413,1,5.0
0810944472,1,4.0
0810945320,1,5.0
0810945398,1,5.0
0810945436,1,5.0
0810945797,1,5.0
0810946033,1,4.0
0810946661,1,5.0
0810948214,1,1.0
0810948478,1,5.0
0810949385,1,5.0
0810949415,2,4.5
0810949520,1,5.0
0810949547,1,5.0
0810949687,1,5.0
0810949709,2,5.0
0810949792,1,5.0
0810950146,1,4.0
0810950391,1,5.0
0810955849,1,2.0
0810955911,1,4.0
0810955946,1,5.0
0810956047,1,4.0
081095608X,1,4.0
0810956136,1,5.0
0810956268,1,5.0
0810956551,1,5.0
0810957809,1,5.0
0810957868,1,4.0
0810957876,1,5.0
0810958597,1,4.0
0810958686,1,5.0
0810958724,1,1.0
0810958740,3,4.67
0810958856,1,5.0
0810958864,1,5.0
0810958937,1,5.0
0810958945,1,5.0
081095897X,1,5.0
0810959011,2,3.5
0810959038,1,5.0
0810959062,1,5.0
0810959429,1,1.0
0810965941,1,5.0
0810966085,1,5.0
0810967960,1,5.0
0810981270,1,5.0
0810982013,1,5.0
0810985942,1,5.0
0810987767,1,5.0
0810991055,3,4.67
0810991179,1,2.0
0810992000,5,3.4
0810992108,1,5.0
0811200418,1,4.0
0811200426,1,5.0
0811200612,1,5.0
081120118X,1,3.0
0811201546,1,4.0
0811201805,1,5.0
081120491X,1,5.0
0811205746,1,5.0
081121138X,1,5.0
0811212696,1,4.0
0811212882,1,5.0
0811214206,1,5.0
0811214575,1,5.0
0811214885,1,4.0
0811215865,2,5.0
081121592X,1,5.0
0811216071,1,2.0
0811216195,1,3.0
0811700194,1,5.0
0811700615,2,3.0
0811700798,1,4.0
081170128X,1,5.0
0811701441,1,5.0
0811701980,1,3.0
0811705781,1,5.0
0811709272,1,5.0
0811715663,1,5.0
0811716538,1,1.0
0811722260,3,3.33
0811726045,1,5.0
0811726347,1,4.0
0811726371,1,5.0
0811726495,1,5.0
0811726738,1,3.0
0811727939,1,5.0
0811728110,1,5.0
0811728196,1,5.0
0811728463,1,5.0
0811728986,1,5.0
0811729117,2,4.0
0811729427,1,5.0
0811729710,2,4.0
0811729885,1,5.0
0811730042,1,5.0
0811731014,1,2.0
0811731804,1,5.0
0811731812,1,5.0
0811731839,1,3.0
0811731987,1,3.0
0811732193,1,5.0
081173238X,1,5.0
0811808173,1,4.0
081180870X,1,5.0
0811808858,1,5.0
0811809692,1,5.0
081181064X,1,4.0
0811811212,2,5.0
0811811514,1,5.0
0811811565,1,5.0
0811813541,2,2.5
0811814238,1,3.0
0811815706,1,5.0
0811816664,1,5.0
0811817318,1,5.0
0811818128,1,5.0
0811818179,1,5.0
0811818438,1,5.0
0811820718,1,5.0
0811820866,1,5.0
0811822141,1,4.0
0811823059,1,1.0
0811824195,1,5.0
0811824462,1,5.0
0811824659,2,5.0
0811824896,1,5.0
0811825558,1,5.0
0811826023,1,5.0
0811826538,1,2.0
0811826600,1,5.0
0811826880,1,4.0
0811827569,1,4.0
0811827593,1,3.0
0811827917,1,5.0
0811828255,1,5.0
0811828468,1,4.0
0811828506,1,1.0
0811828689,1,5.0
0811828867,1,5.0
0811828891,1,5.0
0811828964,1,5.0
0811828980,1,3.0
0811829189,1,5.0
0811829677,1,3.0
0811830195,1,2.0
0811830225,2,5.0
0811831256,1,5.0
0811831477,1,4.0
0811831779,1,5.0
0811831973,4,4.25
0811833283,1,5.0
0811833550,1,5.0
0811833836,2,5.0
0811834352,1,5.0
0811834514,2,3.0
081183493X,2,3.5
0811834948,2,1.0
0811834964,1,5.0
0811835111,1,5.0
0811835162,1,5.0
0811835340,1,2.0
0811835480,1,4.0
0811835952,1,5.0
0811835987,1,3.0
0811836428,1,5.0
0811836525,1,1.0
0811836746,1,3.0
0811836835,1,5.0
0811836983,1,1.0
0811837858,1,3.0
0811838099,1,5.0
0811838188,1,5.0
0811838285,1,5.0
0811838447,1,4.0
0811839591,3,5.0
0811839893,1,1.0
0811840026,1,5.0
0811840484,1,5.0
0811840549,2,5.0
0811840867,1,4.0
0811840913,1,5.0
0811840921,1,5.0
0811841154,1,5.0
0811841308,1,5.0
0811841472,1,5.0
0811841529,1,5.0
0811842118,2,1.0
0811842126,2,4.5
0811842134,1,4.0
0811842169,2,5.0
0811842436,1,2.0
0811842460,1,1.0
0811842487,1,5.0
081184305X,3,4.33
0811843084,1,5.0
0811843130,1,5.0
0811843203,1,4.0
0811843211,4,5.0
0811843432,1,5.0
081184384X,1,3.0
0811843971,1,5.0
0811844307,1,5.0
0811844331,1,5.0
0811844420,1,2.0
081184501X,1,5.0
0811845044,1,3.0
0811845052,6,3.67
0811845109,1,5.0
0811845117,1,4.0
0811845362,4,3.5
0811845427,1,5.0
0811845451,1,4.0
0811845540,1,5.0
0811845613,1,5.0
0811845923,2,2.0
0811846040,1,5.0
0811846067,2,3.5
0811846350,3,4.0
081184658X,1,1.0
0811846695,1,5.0
0811847470,1,5.0
0811848159,1,5.0
0811848248,4,4.75
0811848566,1,5.0
0811848655,1,5.0
0811848833,1,4.0
0811849481,2,5.0
0811849902,1,5.0
0811850161,1,4.0
0812004760,1,5.0
0812005473,1,4.0
0812006372,1,3.0
0812013565,1,1.0
0812016874,1,5.0
0812019423,1,5.0
0812020847,1,5.0
0812027000,1,4.0
0812040902,2,4.5
0812045297,1,2.0
0812046013,1,5.0
0812065530,1,2.0
0812074793,1,5.0
0812080165,1,5.0
0812090187,1,5.0
0812090349,1,4.0
0812091418,2,4.5
0812093240,1,4.0
0812094107,1,5.0
0812094689,1,5.0
0812096045,1,5.0
0812096487,1,5.0
0812096533,3,4.0
0812097491,1,3.0
0812099168,1,5.0
0812211561,1,5.0
0812212517,1,5.0
0812212762,1,5.0
0812213823,1,4.0
0812216792,1,4.0
0812217268,1,4.0
0812217721,1,5.0
0812218191,1,5.0
0812218604,1,5.0
0812218698,1,2.0
0812237005,1,5.0
0812237714,1,5.0
0812238079,1,3.0
0812238087,1,5.0
0812238508,1,3.0
0812238966,1,5.0
081242302X,1,5.0
0812505042,1,3.0
0812510488,1,2.0
0812511638,1,4.0
0812511816,3,4.33
0812513711,1,5.0
0812513738,1,5.0
0812515285,2,5.0
0812516524,1,5.0
0812516834,1,4.0
0812517024,1,5.0
0812517725,1,5.0
0812519655,1,3.0
0812520297,1,1.0
0812520610,1,5.0
0812520971,1,5.0
0812521390,1,5.0
0812521463,1,5.0
0812522222,1,4.0
0812523350,1,5.0
0812524020,2,3.5
0812524853,1,1.0
0812524896,1,4.0
0812533178,1,4.0
0812533844,1,1.0
081253882X,1,4.0
0812540077,2,4.0
0812540395,1,3.0
0812541626,1,3.0
0812541642,1,3.0
0812541928,2,3.0
0812542835,2,5.0
0812544501,1,5.0
0812544641,1,4.0
0812547381,1,5.0
0812549139,1,5.0
0812549333,1,4.0
0812550447,1,4.0
0812550757,2,5.0
0812551087,1,5.0
0812553926,1,4.0
0812555481,1,5.0
0812562615,1,5.0
0812564626,1,5.0
081256541X,1,3.0
0812565959,1,5.0
081256653X,1,4.0
0812566548,1,4.0
0812566629,1,3.0
0812566793,1,5.0
0812566998,1,4.0
0812570030,1,5.0
0812571053,1,3.0
0812571088,1,3.0
0812571339,7,1.43
0812571355,1,5.0
0812574664,1,3.0
0812575059,1,4.0
0812575482,1,3.0
0812575490,1,3.0
081257558X,1,1.0
0812575601,1,5.0
0812575717,1,5.0
0812576063,1,3.0
0812576330,1,3.0
0812576365,1,5.0
081257639X,1,5.0
0812576403,1,3.0
0812577795,1,4.0
0812578546,1,5.0
0812579410,1,5.0
0812579488,1,5.0
0812579844,2,2.0
0812580036,1,4.0
0812580311,1,5.0
0812580346,1,4.0
081258435X,1,4.0
0812589262,1,5.0
0812589718,1,1.0
0812589815,1,5.0
0812589831,1,5.0
0812590619,1,5.0
0812590961,1,4.0
0812693663,1,2.0
0812693906,1,3.0
081269404X,1,4.0
0812694333,1,4.0
0812694554,1,4.0
0812695631,1,5.0
0812695755,1,4.0
0812695771,1,5.0
0812695836,1,5.0
0812817966,1,5.0
0812821661,1,5.0
081282749X,1,4.0
0812901665,1,5.0
0812906241,1,4.0
0812907582,1,4.0
0812910826,1,5.0
0812917561,2,3.0
081291970X,1,4.0
0812920996,1,5.0
0812921666,1,5.0
0812922654,1,4.0
0812924029,1,5.0
0812925300,1,4.0
0812925866,1,3.0
0812928881,1,5.0
081292990X,1,5.0
0812929985,1,5.0
0812931076,1,5.0
0812931173,1,5.0
0812931416,1,5.0
0812932188,3,5.0
0812932293,2,4.0
0812932307,1,4.0
081293332X,1,5.0
0812933753,1,4.0
0812934393,1,3.0
0812935152,1,5.0
0812935810,2,4.5
0812936132,1,1.0
0812936531,1,5.0
081296618X,2,2.5
081296666X,1,5.0
0812966678,1,5.0
0812966767,1,4.0
0812966902,1,5.0
0812966929,2,3.0
0812967089,2,4.5
0812967127,1,4.0
0812967216,1,5.0
0812967267,2,3.5
0812967348,1,5.0
0812967623,1,5.0
0812967682,1,1.0
0812967852,1,4.0
0812967879,1,4.0
0812967941,1,5.0
0812968204,1,5.0
0812968379,3,5.0
0812968425,1,4.0
081296845X,1,4.0
0812968557,1,5.0
0812968581,1,5.0
0812968972,3,4.33
0812968980,1,4.0
0812969006,3,4.67
0812969014,3,4.67
0812969472,1,5.0
0812969553,1,5.0
0812969596,1,5.0
0812970667,1,5.0
0812971043,2,3.0
081297106X,6,2.83
0812971337,1,5.0
0812971469,1,5.0
0812971531,2,2.5
0812972120,1,5.0
0812972511,1,5.0
0812972597,2,4.5
0812972864,1,3.0
0812972961,1,5.0
0812973011,2,4.0
0812973038,1,5.0
0812973151,1,5.0
0812973607,1,4.0
0812973925,1,5.0
0812974417,1,4.0
0812991001,2,4.5
0812991079,1,2.0
0812992199,1,5.0
0812992520,1,5.0
0813015472,1,5.0
0813016770,1,1.0
081301767X,1,5.0
0813026156,1,5.0
0813026369,1,5.0
081302644X,1,4.0
0813028388,1,4.0
0813101778,1,5.0
0813108101,1,5.0
0813109558,1,4.0
0813114594,1,5.0
081311859X,1,5.0
0813119502,1,5.0
0813120470,1,3.0
0813120497,1,5.0
0813121221,1,3.0
0813122309,1,5.0
0813122333,1,5.0
0813122430,1,3.0
0813122600,1,5.0
0813122678,2,4.0
0813123097,1,5.0
0813123259,1,5.0
0813123445,1,5.0
0813123488,1,5.0
081312350X,1,5.0
0813200962,1,4.0
0813206332,1,5.0
0813208653,1,3.0
0813209714,1,5.0
0813209722,1,5.0
0813301661,1,5.0
0813310636,1,3.0
0813324785,1,5.0
0813326427,1,1.0
0813326621,1,5.0
0813335337,1,4.0
0813338786,1,2.0
0813339367,1,5.0
0813340489,1,5.0
0813340861,2,3.0
0813341388,1,5.0
0813341531,1,5.0
081334218X,1,4.0
0813342511,2,3.5
0813343046,1,2.0
0813343143,1,3.0
0813365635,1,5.0
0813365961,1,2.0
0813366208,1,5.0
0813391539,1,3.0
0813391563,2,3.0
0813507251,1,2.0
0813522242,1,5.0
0813528747,1,4.0
0813530032,1,4.0
081353030X,1,4.0
0813530369,2,5.0
081353433X,1,5.0
0813534712,1,5.0
0813534933,1,5.0
0813535042,1,5.0
0813535077,1,3.0
0813535476,1,5.0
0813535530,1,4.0
0813535662,1,1.0
0813536006,2,5.0
0813536847,1,5.0
0813628199,1,3.0
081365632X,1,3.0
0813803195,1,1.0
081380423X,1,5.0
0813807387,1,5.0
0813808081,2,5.0
0813808545,1,5.0
081381328X,1,5.0
0813821495,2,4.0
0813912652,1,3.0
0813912660,2,3.5
0813912997,1,4.0
0813917581,1,5.0
0813923239,1,4.0
0814118720,1,4.0
0814158161,1,5.0
0814205364,1,5.0
0814205429,1,2.0
0814250912,1,5.0
081432228X,1,5.0
0814331289,1,5.0
0814332277,1,5.0
0814332331,1,5.0
0814402437,1,1.0
0814403565,1,5.0
0814404332,1,4.0
0814404804,1,1.0
0814405053,1,5.0
0814405991,1,5.0
0814406505,1,5.0
081440667X,1,4.0
0814407935,2,5.0
0814408095,1,4.0
0814408435,1,4.0
0814408540,2,5.0
0814408656,3,3.67
0814470548,1,5.0
0814470637,1,5.0
0814470653,1,5.0
0814470726,1,5.0
0814471056,3,4.0
0814471536,1,4.0
0814471609,2,5.0
0814471684,1,3.0
0814472028,1,3.0
0814472079,1,5.0
0814472109,6,4.83
0814472214,1,4.0
0814472435,1,2.0
0814472451,1,5.0
0814472494,6,4.0
0814472621,1,1.0
0814472699,2,5.0
0814472753,2,1.5
0814472796,1,5.0
081447280X,1,5.0
0814472990,1,5.0
0814477208,1,5.0
0814477232,1,5.0
0814478808,1,1.0
081447926X,1,3.0
0814479774,1,5.0
0814479952,1,4.0
0814604323,1,5.0
0814612245,1,5.0
0814613632,1,5.0
081461518X,1,5.0
0814619665,1,5.0
0814620280,1,5.0
0814620590,1,5.0
0814620752,1,5.0
0814621279,1,5.0
0814621546,1,5.0
0814624332,1,4.0
0814627609,1,5.0
081462796X,1,4.0
0814627978,1,3.0
0814628338,3,4.33
0814628729,1,5.0
0814629849,1,5.0
0814630189,1,5.0
0814650783,1,5.0
0814651585,1,5.0
0814652190,1,5.0
0814652891,1,5.0
0814657885,1,5.0
0814658121,1,4.0
0814660851,1,5.0
0814690513,4,4.5
0814713289,1,5.0
081472714X,1,5.0
0814747752,1,5.0
081475550X,1,4.0
0814756530,1,1.0
0814756867,1,3.0
0814758169,1,5.0
0814767109,1,5.0
0814782825,1,5.0
0814782922,1,5.0
0814796982,1,3.0
081515609X,1,5.0
0815170599,1,5.0
0815190727,1,2.0
0815316216,1,5.0
0815320450,1,4.0
0815332181,1,5.0
0815404514,1,3.0
0815410093,1,3.0
0815410220,1,5.0
0815410425,1,5.0
0815410700,1,1.0
0815412045,2,3.5
0815412134,1,5.0
0815412894,1,4.0
0815602545,1,5.0
0815603665,1,5.0
0815604998,1,5.0
0815605846,1,5.0
0815607571,1,5.0
0815628218,1,5.0
0815629575,1,4.0
0815629591,1,5.0
0815715013,1,5.0
0815716176,1,5.0
0815752040,2,4.0
0815764758,1,5.0
0815783000,1,5.0
0815797281,1,2.0
0815968078,1,5.0
0816011680,1,3.0
0816030723,1,5.0
0816036497,1,5.0
0816038287,2,3.0
0816039615,1,4.0
0816040362,1,5.0
0816044015,1,5.0
0816044562,1,5.0
0816044570,1,5.0
081604578X,1,2.0
0816046719,1,5.0
0816047022,1,5.0
0816051232,2,2.5
0816160341,1,3.0
0816319790,1,5.0
0816512566,1,5.0
0816512892,1,5.0
0816514801,1,5.0
0816518874,1,5.0
0816520232,1,1.0
0816520577,2,4.5
0816522421,1,3.0
0816618003,1,5.0
081662089X,1,1.0
0816622353,1,5.0
0816627541,1,3.0
081662979X,1,2.0
0816632421,1,4.0
0816634971,1,5.0
081663551X,1,5.0
0816636737,1,1.0
0816642680,1,5.0
0816643369,1,5.0
0816643377,1,4.0
0816713170,1,3.0
0817011218,1,5.0
0817014799,1,5.0
0817242724,1,1.0
0817313931,1,5.0
0817314008,1,5.0
0817314148,1,5.0
0817314156,1,5.0
0817424563,1,5.0
0817433112,1,5.0
0817433252,1,3.0
0817434852,1,3.0
0817435425,2,5.0
081743710X,1,5.0
081743738X,1,5.0
0817437789,1,3.0
0817440240,2,4.0
0817440526,1,5.0
0817440593,4,4.75
0817441816,1,5.0
0817442324,1,2.0
0817445455,1,1.0
0817450157,1,5.0
0817450416,2,4.5
0817454276,3,3.67
0817456023,1,4.0
081745926X,1,5.0
0817459278,1,2.0
0817463003,7,4.43
0817463542,1,5.0
0817464166,1,4.0
0817470719,1,5.0
0817632360,1,5.0
0817640614,1,5.0
0817641742,1,5.0
0818403969,1,5.0
0818404302,1,5.0
0818404566,1,1.0
0818405716,1,5.0
0818406054,2,3.5
0818406305,1,1.0
0818406356,1,4.0
0818406402,1,5.0
0818406429,6,4.17
081840647X,2,4.0
0818406488,1,4.0
0818904100,1,5.0
081890822X,1,5.0
0818909757,1,1.0
0819104736,1,4.0
0819125822,1,4.0
0819178322,1,3.0
0819194913,1,4.0
0819214760,1,3.0
0819215856,1,5.0
0819217158,1,4.0
0819217689,1,3.0
0819217700,1,5.0
0819218200,1,4.0
0819218308,1,5.0
0819218715,1,5.0
0819218863,1,5.0
081921910X,1,3.0
0819219150,1,4.0
0819219487,1,5.0
0819219673,3,4.67
0819221139,2,3.0
0819221198,1,5.0
0819221384,1,4.0
081922152X,1,5.0
0819221783,1,5.0
0819303941,1,5.0
0819305162,1,5.0
0819309133,1,5.0
081955233X,1,3.0
0819561444,1,5.0
0819563293,1,5.0
0819564516,1,5.0
0819564656,1,3.0
0819564818,1,5.0
0819566713,1,5.0
0819567507,1,5.0
0819700150,1,5.0
0819705985,1,5.0
0819707198,1,4.0
0819815306,1,5.0
0819839833,1,5.0
081986479X,1,5.0
0819873942,1,5.0
0819909211,1,5.0
0819909815,1,5.0
0820111074,1,5.0
0820310263,1,4.0
0820316369,1,3.0
0820316636,1,4.0
0820321753,1,5.0
0820322741,1,5.0
0820323586,1,5.0
0820324914,1,5.0
082032499X,1,4.0
0820326550,1,5.0
0820327115,1,5.0
0820327433,1,5.0
0820437808,1,5.0
0820467596,1,5.0
0820470716,1,4.0
0820474088,1,5.0
082054910X,1,5.0
0820550272,1,4.0
0821217992,1,5.0
0821219243,1,3.0
0821220160,1,5.0
0821222821,1,2.0
082122459X,1,4.0
0821224697,1,5.0
0821224956,1,5.0
0821225162,1,1.0
0821225650,1,4.0
0821226118,1,5.0
0821226770,1,5.0
0821227300,1,4.0
0821227653,1,4.0
0821228005,1,5.0
0821228188,1,5.0
0821228439,1,2.0
0821228455,1,5.0
0821228463,1,5.0
0821228617,1,5.0
0821228692,1,3.0
082125698X,1,4.0
0821257153,1,5.0
0821261851,1,5.0
0821261967,1,4.0
0821277545,1,5.0
0821358235,1,5.0
0821359339,1,3.0
082141237X,1,3.0
0821576119,1,5.0
0821714570,1,3.0
0821717154,1,3.0
082171922X,1,3.0
0821719912,1,5.0
0821725599,1,5.0
0821728946,1,5.0
0821730460,1,3.0
0821735608,1,5.0
0821736752,1,5.0
0821738232,1,3.0
082173864X,1,2.0
0821746529,1,5.0
082174755X,1,2.0
0821752677,1,5.0
0821754289,1,5.0
0821756788,1,5.0
0821760106,1,5.0
0821760955,1,4.0
0821762400,1,2.0
0821765213,1,5.0
0821768670,1,5.0
0821769057,1,3.0
0821769073,1,4.0
0821771221,1,2.0
0821771418,1,5.0
0821771426,1,5.0
0821772198,1,4.0
0821772384,1,3.0
0821772899,1,4.0
0821772929,1,4.0
0821772961,1,5.0
0821773828,1,4.0
0821773917,1,2.0
0821774018,1,5.0
082177493X,1,2.0
0821775014,1,1.0
0821775022,1,5.0
0821775146,2,4.5
0821775294,1,3.0
0821775456,1,1.0
082177591X,1,2.0
0821776061,1,1.0
0821776142,1,5.0
0821776207,1,4.0
0821776320,1,4.0
0821776843,1,4.0
082177686X,1,4.0
0821776924,1,5.0
0821776967,1,5.0
0821777459,1,1.0
0821777505,1,5.0
0821777548,1,5.0
0821777661,2,4.5
082177767X,1,5.0
0821778072,1,5.0
0821778269,1,2.0
0821778315,2,3.0
0821778331,1,5.0
082177848X,3,5.0
082177851X,1,4.0
0821819313,1,3.0
0821821628,1,3.0
0821836749,1,5.0
0821925377,1,4.0
0822020335,1,5.0
0822020599,1,4.0
0822053357,1,5.0
0822200651,1,5.0
0822201046,1,4.0
0822201437,1,5.0
0822203545,1,5.0
0822204185,1,5.0
0822205009,1,5.0
0822205904,1,4.0
0822205955,1,5.0
0822212706,1,4.0
0822217244,1,5.0
0822218348,1,5.0
0822218887,1,5.0
0822319241,1,5.0
0822321947,1,5.0
082232217X,1,4.0
0822323346,1,5.0
0822327171,1,5.0
0822332469,1,4.0
0822333244,1,5.0
0822334941,1,5.0
082250605X,1,5.0
0822595575,2,5.0
0822936658,1,4.0
0822942682,2,5.0
0822953137,1,5.0
0822957507,1,5.0
0822957892,1,5.0
0822958589,1,5.0
0822958597,1,5.0
0822958775,1,5.0
0823001024,1,2.0
0823001601,1,5.0
082300192X,1,4.0
0823002292,1,5.0
0823002764,1,5.0
0823002977,1,4.0
0823003078,3,5.0
0823003671,1,5.0
0823004996,1,5.0
0823005100,1,5.0
0823005917,1,5.0
0823005933,1,5.0
0823005941,1,4.0
0823006867,1,5.0
0823007618,1,5.0
0823007626,1,3.0
0823010082,2,3.0
0823010309,1,5.0
0823010449,1,1.0
0823011240,4,4.25
0823013421,2,5.0
0823013731,1,5.0
0823013987,1,1.0
0823014037,2,2.5
0823016242,1,5.0
0823016293,1,4.0
0823016412,1,5.0
0823016498,1,4.0
0823016536,1,5.0
0823021874,1,3.0
0823022633,1,5.0
0823023346,1,5.0
0823023753,1,5.0
0823023796,1,5.0
0823023834,1,3.0
0823024555,1,3.0
0823024970,1,3.0
0823025128,1,5.0
0823025160,1,1.0
0823025268,1,2.0
0823027457,1,5.0
0823029735,1,5.0
0823029751,1,5.0
082302976X,1,2.0
0823029808,1,4.0
0823029921,1,5.0
0823030148,1,5.0
0823030385,1,5.0
0823031284,1,5.0
0823031497,2,5.0
0823031594,2,4.5
0823032329,1,4.0
0823032698,2,3.0
0823033112,1,4.0
0823036332,1,4.0
0823038157,1,5.0
0823039072,1,5.0
0823040976,1,5.0
0823047660,1,2.0
0823048152,1,5.0
0823052273,1,5.0
0823053687,1,5.0
0823056201,1,5.0
0823056406,2,5.0
082305649X,1,5.0
0823056600,1,3.0
0823057011,1,5.0
0823057070,1,3.0
0823057089,1,3.0
0823061310,1,5.0
0823069818,2,4.0
0823071782,1,1.0
0823082504,1,3.0
0823083004,1,3.0
0823083225,1,5.0
0823083322,1,3.0
0823083667,1,5.0
0823084043,1,5.0
0823084124,1,5.0
0823084353,1,5.0
0823084507,1,3.0
0823091937,1,5.0
0823218287,1,5.0
0823224406,3,5.0
0823224686,1,2.0
082340093X,1,5.0
0823403769,1,5.0
0823412717,1,2.0
0823414450,1,5.0
0823415619,1,5.0
0823415856,1,2.0
0823416836,1,3.0
0823416879,1,3.0
0823418081,1,5.0
0823418200,1,5.0
0823418545,1,5.0
0823418707,1,5.0
0823659909,1,5.0
0823922960,1,2.0
0823932656,1,5.0
0823953009,1,5.0
0823958345,1,3.0
0824500156,1,3.0
0824508572,1,5.0
0824512596,1,4.0
0824514122,1,5.0
0824516796,1,2.0
0824518330,1,5.0
0824519655,1,4.0
0824519744,1,5.0
0824519868,2,3.0
0824520114,1,1.0
0824521412,1,5.0
0824522818,1,5.0
0824522982,1,4.0
0824522990,1,5.0
0824523008,2,5.0
0824523091,1,2.0
0824525035,1,5.0
0824603052,1,5.0
0824603540,1,3.0
0824603931,1,3.0
0824604253,1,5.0
0824604539,1,4.0
082475493X,1,5.0
082479561X,1,5.0
0824796667,1,5.0
0824798295,1,1.0
0824799070,1,5.0
0824810686,1,5.0
082481083X,1,5.0
082481178X,1,5.0
0824813030,1,5.0
0824813928,1,5.0
0824815491,1,3.0
0824816870,1,2.0
0824818520,1,4.0
0824821548,1,3.0
0824821769,1,5.0
0824823567,1,5.0
0824825918,1,5.0
082482766X,1,4.0
0824827686,1,3.0
0824828488,1,4.0
0824942175,1,4.0
0824946391,1,5.0
0824951514,1,5.0
0824953541,1,5.0
0824965892,1,5.0
0824965906,1,5.0
0825305322,1,5.0
0825305357,1,5.0
0825414571,1,5.0
082542030X,1,1.0
0825420474,2,4.0
0825420709,1,4.0
0825420962,1,5.0
0825420997,1,5.0
082542237X,1,3.0
0825423848,2,4.5
0825423880,1,5.0
0825424003,2,4.0
0825424909,1,5.0
0825425085,1,5.0
0825425093,1,5.0
0825427088,1,4.0
0825428955,1,5.0
0825430992,1,4.0
0825431557,1,5.0
0825431859,1,4.0
0825431891,1,5.0
0825431905,1,5.0
0825431921,1,2.0
0825431964,1,5.0
0825431972,1,4.0
0825432286,1,5.0
082543324X,1,5.0
0825433436,1,5.0
0825434874,1,5.0
0825435331,1,1.0
082543601X,1,1.0
0825436397,1,5.0
0825436486,1,4.0
0825436958,1,5.0
082543839X,1,5.0
0825439248,1,5.0
0825439671,1,1.0
0825441099,1,5.0
082546207X,3,5.0
0825515408,1,5.0
0825601886,1,5.0
0825603234,1,4.0
0825612845,1,5.0
0825615143,1,5.0
0825615313,1,5.0
0825616026,2,5.0
0825616034,1,5.0
0825616042,2,3.5
0825616174,1,5.0
0825616212,1,1.0
082561824X,1,5.0
0825619300,1,5.0
0825624398,1,1.0
0825625416,1,2.0
0825627125,1,1.0
0825627206,1,4.0
0825629977,1,5.0
0825672538,1,3.0
0825672805,1,3.0
0825672872,1,5.0
0825673151,1,5.0
0825697034,1,5.0
0825803853,2,4.5
082580440X,1,5.0
0826123759,1,5.0
0826202160,1,5.0
0826211674,1,4.0
0826213588,1,5.0
0826214789,1,5.0
0826215661,1,4.0
0826215688,1,5.0
0826215734,1,5.0
0826303773,1,5.0
0826322603,1,4.0
0826322735,1,5.0
082632388X,2,5.0
0826331823,1,5.0
0826332234,1,5.0
0826334326,1,5.0
0826339158,1,5.0
0826408028,1,5.0
082641124X,1,5.0
0826411843,1,5.0
082641236X,1,5.0
0826414346,1,4.0
0826414931,1,4.0
082641494X,1,1.0
0826414974,1,4.0
0826415490,1,4.0
0826415687,4,5.0
0826416330,1,5.0
0826416357,1,1.0
0826416586,2,3.0
0826416705,1,5.0
0826416748,1,5.0
0826416845,1,5.0
0826449956,1,5.0
0826453341,1,4.0
0826457193,1,4.0
0826458076,1,5.0
0826464505,1,5.0
0826472621,1,5.0
0826514677,1,5.0
0826514855,1,5.0
0826604668,1,1.0
0826705006,1,4.0
0826904556,1,5.0
0827212496,1,5.0
0827216203,1,5.0
0827221304,1,5.0
0827345178,1,4.0
0827349386,1,4.0
0827358717,1,5.0
0827386273,1,5.0
0827600771,1,4.0
0827603665,1,1.0
0827606974,1,1.0
082760811X,1,3.0
0828015619,1,5.0
0828017298,1,5.0
0828017603,2,3.0
0828314403,1,5.0
082941441X,1,5.0
0829419861,1,5.0
082942072X,2,2.5
0829742379,1,3.0
0829742646,1,5.0
082981163X,1,4.0
0829813233,1,5.0
0829813985,1,4.0
082981597X,1,5.0
0829816194,1,5.0
082981650X,1,4.0
0829816607,1,5.0
0830611630,1,2.0
0830611851,1,3.0
0830615733,1,4.0
0830627898,3,3.67
0830641297,1,5.0
0830704159,2,3.5
0830709258,1,1.0
0830717544,1,5.0
0830719008,2,4.0
0830723730,1,5.0
0830724966,1,5.0
0830725695,1,5.0
0830729135,1,5.0
0830729240,1,5.0
0830731237,1,5.0
0830731245,1,5.0
0830732454,1,5.0
0830733639,1,5.0
0830733701,1,5.0
0830734422,1,3.0
0830734864,1,5.0
0830736794,2,4.0
0830737308,2,5.0
0830811206,1,4.0
0830812377,1,5.0
0830812822,1,4.0
0830812865,2,5.0
0830812873,1,5.0
0830813241,1,4.0
0830814477,1,4.0
0830814930,1,5.0
0830815058,2,5.0
0830815279,2,5.0
0830815422,1,5.0
0830815724,1,5.0
083081650X,1,5.0
0830817638,1,4.0
0830817743,1,5.0
0830818049,1,5.0
0830818529,2,4.5
083081891X,1,5.0
0830819290,1,5.0
0830819460,1,5.0
0830819711,1,5.0
0830819916,1,5.0
0830822267,1,4.0
0830822496,1,4.0
0830822569,1,5.0
0830822844,1,5.0
083082300X,1,3.0
0830823093,1,5.0
083082314X,2,4.0
0830823166,2,4.5
0830823387,2,2.5
0830823727,1,5.0
0830823751,3,4.67
0830823948,1,5.0
0830826661,2,3.0
0830827285,1,5.0
0830827323,1,4.0
0830827358,2,4.5
0830827382,2,5.0
0830827390,1,5.0
0830827706,1,3.0
0830827803,1,5.0
0830827889,1,5.0
0830832025,2,5.0
0830832149,2,5.0
0830832696,1,1.0
0830832823,1,3.0
0830853669,1,5.0
0830865497,1,3.0
0831111267,1,5.0
0831111550,1,5.0
0831126000,1,1.0
0831127279,1,5.0
083113173X,1,4.0
0831131829,1,3.0
0831132019,1,4.0
0831773987,1,4.0
0832305359,1,3.0
0832903922,1,5.0
0832918407,1,4.0
0833117033,1,5.0
0834003503,1,5.0
083410007X,1,5.0
0834117940,1,4.0
083411903X,1,5.0
0834119382,1,5.0
0834120976,1,5.0
0834800799,5,4.4
0834801515,1,5.0
0834802295,1,5.0
0834802368,1,5.0
0834804158,1,3.0
0834804255,1,5.0
0834804484,1,5.0
0834804522,1,5.0
0835126765,1,4.0
0835126781,1,4.0
0835606848,1,5.0
0835606910,1,5.0
0835607194,1,5.0
0835607224,1,5.0
0835607852,1,5.0
083580559X,1,5.0
083580643X,1,3.0
0835808610,1,4.0
0835809811,1,5.0
0835809994,1,1.0
0835919196,1,4.0
0836133994,1,5.0
083613561X,1,5.0
0836190157,1,4.0
0836190971,1,5.0
0836191706,1,5.0
0836192974,1,5.0
0836208196,1,5.0
0836218833,1,5.0
0836218981,1,5.0
0836220854,1,5.0
0836228065,1,5.0
0836267672,1,3.0
0836269195,1,5.0
0836280008,2,4.0
0836280180,1,5.0
0836289099,1,5.0
0836954521,1,5.0
0836969626,1,5.0
0837157749,1,4.0
0837167477,1,5.0
0837350727,1,5.0
0837353459,1,3.0
0837362016,1,1.0
0837366461,1,4.0
0837600707,1,5.0
0837600960,1,4.0
0837601606,1,4.0
0837602262,2,4.5
0837602351,1,5.0
0837602858,2,3.5
0837603250,1,5.0
0837603285,1,5.0
0837603633,1,5.0
0837603668,2,4.5
0837603765,1,4.0
0837603846,1,4.0
0837610338,1,4.0
0837612497,1,4.0
0837612519,2,4.5
0837713374,1,4.0
0837737265,1,3.0
0838406599,1,5.0
0838413692,1,3.0
0838457819,1,5.0
083858117X,1,5.0
0838590756,1,4.0
0838636888,1,5.0
083864077X,1,5.0
0838817807,1,5.0
0838908705,1,5.0
0839531060,1,1.0
0839533497,1,5.0
0840700415,1,4.0
0840720718,1,5.0
0840721285,2,4.5
0840732155,1,5.0
0840742827,1,5.0
0840744196,1,5.0
0840752725,1,5.0
0840757719,1,5.0
0840759304,1,4.0
0840759320,1,4.0
0840769040,1,5.0
0841232539,1,5.0
0841621705,1,5.0
0841625174,3,5.0
0842050337,1,5.0
0842050558,1,4.0
0842300074,1,5.0
0842300988,1,5.0
0842302425,1,5.0
0842303383,1,5.0
0842305068,1,4.0
0842309071,1,5.0
0842311017,1,5.0
0842311440,1,5.0
0842313206,1,5.0
0842314296,2,5.0
0842329129,3,1.0
0842329218,1,5.0
0842329250,1,5.0
0842332294,2,3.5
0842332847,1,5.0
0842333916,1,5.0
084233498X,1,5.0
0842335684,1,4.0
0842335722,1,5.0
0842336222,2,5.0
084233792X,1,4.0
0842338845,1,5.0
0842339140,1,5.0
0842339523,4,5.0
0842339876,1,5.0
0842340416,1,5.0
0842342532,1,5.0
0842342958,1,5.0
0842343512,1,5.0
0842343520,1,4.0
0842343628,1,5.0
0842345485,1,5.0
0842345523,2,4.5
084234571X,1,5.0
0842348921,1,5.0
084235090X,1,5.0
0842351477,1,5.0
084235266X,1,4.0
0842352678,1,4.0
0842352880,1,5.0
0842353607,1,2.0
0842355081,1,2.0
0842355308,1,5.0
0842356223,1,3.0
0842358935,1,5.0
0842359907,1,5.0
0842359915,2,5.0
0842360565,5,3.2
0842361715,1,5.0
0842362398,1,4.0
0842369309,2,5.0
0842369961,1,5.0
0842370358,1,5.0
0842373624,1,5.0
0842375090,1,5.0
0842375155,1,5.0
0842377492,2,5.0
0842377506,2,4.5
0842377522,1,5.0
0842379428,8,4.88
0842379681,1,5.0
0842381384,1,5.0
0842382674,1,5.0
0842382879,1,5.0
0842383522,1,4.0
0842384189,1,2.0
0842384340,1,5.0
0842384375,1,2.0
0842384383,1,4.0
0842386173,1,5.0
0842386882,1,5.0
0842386904,1,5.0
0842387129,1,5.0
0842387439,3,5.0
0842387595,1,5.0
0842513140,1,3.0
0843128682,1,5.0
0843149477,1,5.0
0843174234,1,5.0
0843708646,1,4.0
0843708743,1,4.0
0843717998,1,4.0
0843936495,1,5.0
0843937424,1,4.0
0843940336,1,5.0
0843940344,1,4.0
0843940352,1,4.0
0843940697,1,4.0
084394272X,1,4.0
084394305X,1,3.0
0843943289,1,3.0
0843943726,1,5.0
0843944382,1,5.0
0843944463,3,4.67
0843944595,1,4.0
0843944838,1,5.0
0843945575,1,4.0
0843945893,1,4.0
084394658X,1,5.0
0843947365,1,4.0
0843947527,1,5.0
0843947551,1,5.0
0843947667,1,3.0
0843948191,1,4.0
0843948507,1,4.0
0843948760,1,4.0
0843949414,1,5.0
0843949570,1,2.0
0843949740,1,4.0
0843949880,1,3.0
0843949910,1,5.0
084395020X,1,4.0
0843950455,1,4.0
0843950471,1,5.0
0843950498,1,5.0
084395096X,1,4.0
0843951346,1,4.0
0843951354,1,3.0
0843951605,1,5.0
084395177X,1,5.0
0843951834,1,5.0
0843951842,1,5.0
0843952008,1,4.0
0843952016,5,4.0
0843952032,2,4.5
0843952180,1,3.0
084395261X,1,3.0
0843952741,1,5.0
0843952814,1,4.0
0843953012,1,5.0
0843953071,1,4.0
0843953144,1,4.0
0843953187,1,5.0
0843953241,1,3.0
0843953373,1,1.0
0843953500,1,3.0
0843953519,2,4.0
0843953527,1,4.0
0843953608,1,5.0
0843953640,1,4.0
0843953705,1,5.0
0843953993,1,4.0
0843954094,1,5.0
0843954124,1,1.0
0843954159,1,3.0
0843954256,1,5.0
0843954663,1,5.0
0843955082,1,1.0
0843955090,1,5.0
0843955147,1,3.0
0843955287,1,1.0
0843955422,1,3.0
0843955430,1,5.0
084395549X,1,3.0
0843955538,1,5.0
0843955546,1,5.0
0843955627,1,5.0
0843955775,1,5.0
0844202312,1,5.0
0844204625,1,5.0
0844223956,1,5.0
0844226173,1,5.0
0844226521,1,4.0
0844238546,1,5.0
0844238562,1,5.0
0844242497,1,5.0
0844253073,1,1.0
0844259640,1,5.0
0844270520,1,5.0
0844272450,1,3.0
0844272515,1,1.0
0844273341,1,5.0
0844283509,1,5.0
0844284467,1,5.0
0844284955,1,5.0
0844408549,1,4.0
0844622478,1,5.0
084474171X,1,4.0
0846401959,1,5.0
0847662535,1,5.0
0847673596,1,5.0
0847685179,1,5.0
0847688356,1,4.0
0847692655,1,3.0
084769299X,1,5.0
0847694291,2,4.5
0847695077,1,5.0
084780738X,1,5.0
0847818500,1,5.0
0847819248,1,5.0
0847820335,1,5.0
084782215X,1,2.0
084782280X,1,5.0
0847825574,1,4.0
0847825779,1,5.0
0847825817,1,5.0
0847826198,1,4.0
0847826333,1,4.0
0847826465,1,5.0
0847826570,1,5.0
0847826635,1,4.0
0847826740,1,5.0
0847826902,1,5.0
0847826945,1,1.0
0847826961,1,5.0
0847827615,6,4.5
0848207130,1,4.0
0848703332,1,5.0
0848714628,1,5.0
0848714792,1,4.0
0848716817,1,4.0
084871945X,4,4.75
0848719514,1,5.0
0848725239,1,5.0
0848726227,1,5.0
0848727096,1,5.0
0848727258,1,5.0
0848727436,1,4.0
0848727576,1,5.0
0848727592,1,5.0
0848727606,1,5.0
0848727975,2,4.5
0848728254,1,5.0
0848730542,1,4.0
0848730615,2,5.0
084880385X,1,5.0
0848804236,1,5.0
0848817567,1,5.0
084930072X,2,4.5
0849304407,1,3.0
0849307104,1,4.0
0849308887,1,2.0
0849310717,1,4.0
0849311373,1,3.0
0849312744,1,4.0
0849316510,1,5.0
0849316758,1,3.0
084931707X,2,4.5
0849319560,1,2.0
0849320321,2,4.5
0849320526,1,4.0
0849321093,1,5.0
0849334918,1,4.0
0849344093,1,5.0
0849378796,1,1.0
0849381282,1,5.0
0849900158,1,2.0
0849902029,1,3.0
084990434X,1,5.0
0849904374,1,5.0
0849904579,1,3.0
0849906334,1,5.0
0849910056,1,5.0
084991163X,1,3.0
084991180X,7,4.14
0849912229,1,1.0
0849913896,1,5.0
0849916097,1,4.0
0849916461,1,4.0
0849916550,1,4.0
0849916739,1,5.0
0849916917,2,3.5
0849917611,1,5.0
0849917883,1,3.0
0849917905,1,4.0
0849918057,1,5.0
0849918111,1,5.0
0849918200,1,5.0
0849918235,1,4.0
084991826X,1,5.0
0849918278,1,5.0
0849918383,1,5.0
084993236X,1,4.0
0849932378,2,5.0
0849937140,1,5.0
0849937388,1,4.0
0849938619,1,4.0
0849940508,1,5.0
0849940702,1,5.0
0849942055,3,4.0
0849942365,1,5.0
0849942411,1,5.0
0849942527,1,4.0
0849942942,1,5.0
0849943272,1,5.0
0849943655,1,5.0
0849943736,2,3.5
0849943760,1,5.0
0849943787,1,2.0
0849943809,1,5.0
0849944031,1,5.0
0849944058,2,3.5
0849944244,1,3.0
0849944295,1,5.0
0849944384,1,4.0
0849944473,1,5.0
0849944775,1,2.0
0849944791,1,5.0
0849945232,2,5.0
0849945267,1,5.0
0849945321,2,5.0
0849951305,1,5.0
0849952484,1,4.0
0849954452,1,5.0
0849955068,1,5.0
0849955815,1,5.0
0849957397,1,5.0
084995911X,1,5.0
0849962099,1,2.0
0849962862,1,3.0
0849963443,1,4.0
0849977908,1,2.0
0849988217,1,5.0
0849990319,1,3.0
0849996627,1,4.0
0850307430,1,1.0
0850308437,1,5.0
0850450845,1,5.0
0850453062,1,5.0
0850521130,1,3.0
0850527465,1,2.0
0851119905,1,5.0
0851158390,1,5.0
0851158404,1,5.0
0851310419,1,5.0
0851317049,1,5.0
0851317251,1,1.0
0851317588,1,5.0
0851318932,1,3.0
0851514782,1,5.0
0851515126,1,4.0
0851515215,1,5.0
0851516610,1,5.0
0851516939,1,5.0
0851517552,1,5.0
0851518214,1,5.0
0851518877,1,5.0
0851705561,1,5.0
0851705669,1,4.0
085170624X,1,5.0
0851707548,1,5.0
0851707602,1,5.0
0851707777,1,5.0
0851709311,1,5.0
0851709389,1,4.0
0851709494,1,5.0
0851777481,1,4.0
0851778933,1,5.0
0851779212,1,3.0
0852072619,1,4.0
0852073259,1,5.0
0852345178,2,3.0
0852345216,1,5.0
0852345860,1,5.0
0852442084,1,4.0
0852443315,1,4.0
0853237794,2,5.0
0853319081,1,3.0
0853459916,1,5.0
0853609365,1,5.0
0853980683,1,5.0
0854298037,1,5.0
085435493X,2,5.0
0855206926,1,2.0
0855327960,1,5.0
0855328029,1,2.0
0855328185,1,5.0
0855328355,1,5.0
0855328940,1,5.0
0855329289,1,5.0
0855329378,1,5.0
0856675962,1,5.0
0856854360,1,5.0
0856962406,1,3.0
0856966975,1,4.0
085696980X,1,1.0
0859531821,1,5.0
0859536580,1,5.0
0859650839,1,4.0
0859653145,1,3.0
0859653153,1,5.0
0859653536,1,5.0
0859695328,1,5.0
0859780651,1,5.0
0859914976,1,5.0
0859975118,1,5.0
0860018512,1,5.0
0860514501,1,4.0
0860915468,1,3.0
0860917886,1,4.0
0860917967,1,5.0
086171072X,2,5.0
086171136X,1,5.0
0861711483,1,5.0
0861711823,1,5.0
0861712781,1,5.0
0861713168,1,5.0
0861713214,1,5.0
0861713338,1,5.0
0861713400,1,4.0
0861713656,1,5.0
086171380X,1,4.0
0861713958,1,5.0
0861714954,1,5.0
0861714970,1,4.0
0862209293,1,4.0
0862415349,1,5.0
0863040403,1,2.0
0863150926,1,5.0
0863153585,1,3.0
0863153674,1,4.0
086315431X,1,5.0
0863155278,1,5.0
086316157X,1,1.0
0863183565,1,5.0
0863223192,1,5.0
0863563686,1,4.0
0863563953,1,5.0
0863565484,1,4.0
0864425635,1,4.0
0864425813,2,4.0
0864425902,1,4.0
0864427697,1,5.0
0865163553,1,5.0
0865164436,1,4.0
086516536X,1,5.0
0865165920,1,5.0
0865300410,1,2.0
0865304572,1,3.0
0865340986,1,1.0
0865343209,1,5.0
0865344167,1,4.0
0865344426,1,5.0
0865380783,1,5.0
0865432392,1,4.0
0865471185,1,5.0
0865471975,1,5.0
0865472106,1,2.0
0865473994,1,5.0
0865474524,1,3.0
0865475091,1,5.0
0865475261,1,5.0
0865475296,1,5.0
0865475407,1,5.0
0865475814,2,2.0
0865475873,2,5.0
0865476063,2,4.5
0865476322,1,5.0
0865476357,1,2.0
0865476470,1,5.0
0865476527,1,4.0
0865476640,1,5.0
0865476853,1,5.0
0865476993,1,5.0
0865477248,1,4.0
0865542279,1,5.0
0865547637,1,4.0
086554848X,1,4.0
0865549206,1,1.0
0865549354,1,5.0
0865549397,1,4.0
0865620164,1,2.0
0865620415,1,3.0
0865620520,1,2.0
0865620865,1,5.0
086562089X,1,2.0
0865680213,1,5.0
0865681589,1,2.0
0865681724,1,4.0
0865682097,1,5.0
0865714223,1,4.0
0865714401,1,5.0
0865714487,1,5.0
0865714495,1,1.0
0865714622,3,2.0
0865714711,1,5.0
0865714754,1,5.0
0865714762,1,4.0
0865714827,3,5.0
0865715076,3,5.0
0865715106,3,4.67
0865715149,1,5.0
0865715181,1,4.0
0865715327,1,5.0
0865715408,9,4.56
0865715432,1,5.0
086573108X,1,5.0
0865731578,1,3.0
0865732000,1,5.0
0865733279,1,5.0
0865733457,1,4.0
0865734275,2,3.5
0865734283,2,4.0
0865734291,1,5.0
0865734348,1,5.0
0865734720,1,4.0
0865735778,1,5.0
0865735808,1,5.0
0865735816,1,3.0
0865776857,1,3.0
0865778078,1,3.0
086577918X,1,5.0
0865779570,1,5.0
0865850704,1,4.0
0865878145,1,5.0
0865971382,1,5.0
0865971439,1,5.0
0865971447,1,5.0
0865972885,1,5.0
0865974098,1,5.0
0866222650,1,2.0
0866223851,1,4.0
0866225277,1,1.0
0866227407,1,5.0
0866227598,1,5.0
0866515097,1,3.0
0866539972,1,5.0
0866852972,1,1.0
0866855955,1,4.0
086690087X,1,5.0
086690431X,1,5.0
0866904875,1,5.0
0866981527,1,5.0
0866982868,1,5.0
0867094397,1,2.0
0867095229,1,5.0
0867095784,1,5.0
0867130911,1,5.0
0867154004,1,4.0
0867162449,1,4.0
0867163526,1,5.0
0867165960,1,5.0
0867193743,1,4.0
0867193840,1,5.0
0867194014,1,5.0
0867194057,1,5.0
0867194278,1,5.0
0867194650,1,5.0
0867194731,1,1.0
086719507X,1,5.0
0867195444,1,5.0
0867195657,1,5.0
086719586X,1,5.0
0867196149,1,4.0
0867196181,1,5.0
0867196661,1,3.0
0867199016,1,5.0
0867200170,1,5.0
0867307846,1,5.0
0867309075,1,4.0
0867342153,1,1.0
0870022059,1,1.0
0870032143,1,4.0
0870043617,1,2.0
0870044133,1,3.0
0870044354,1,5.0
0870113143,1,5.0
0870113992,1,5.0
0870135430,1,5.0
0870136887,1,5.0
0870137107,1,4.0
0870213202,1,5.0
0870215698,1,5.0
0870216953,1,4.0
0870217569,1,5.0
0870237306,1,3.0
0870293214,1,4.0
0870293451,1,5.0
0870310658,1,4.0
0870334778,1,4.0
0870335138,1,5.0
0870335294,1,4.0
0870335456,1,5.0
087033560X,1,5.0
0870340565,1,5.0
0870340611,1,5.0
087040461X,1,5.0
0870407619,1,5.0
087040962X,1,5.0
0870541560,1,5.0
0870610635,1,5.0
0870671081,2,2.5
0870678655,1,3.0
087067935X,1,5.0
0870684833,1,5.0
0870700952,1,4.0
0870703412,1,5.0
0870706357,1,5.0
0870714864,1,5.0
0870714937,1,4.0
0870714996,1,5.0
0870743686,1,5.0
0870744720,1,5.0
0870744755,1,4.0
087081365X,1,4.0
087081513X,1,4.0
0870815342,1,5.0
0870816217,1,5.0
0870817833,1,3.0
087082967X,1,1.0
0871085127,1,4.0
0871087715,1,5.0
0871132656,1,5.0
0871133474,1,5.0
0871136643,2,5.0
0871136791,1,5.0
0871138425,1,4.0
0871138492,1,5.0
0871138514,1,5.0
0871138549,1,5.0
0871138719,1,5.0
0871138743,2,4.0
0871138808,1,5.0
0871138816,4,3.75
0871138840,1,5.0
0871138859,1,5.0
0871138875,1,3.0
0871138883,13,4.38
0871138905,8,3.75
087113893X,1,1.0
0871138956,3,4.33
0871138972,1,2.0
0871139103,1,4.0
0871139111,3,5.0
087113912X,1,3.0
0871139138,2,4.0
0871139197,1,1.0
0871139243,1,4.0
087113926X,1,5.0
0871161915,2,5.0
0871161990,1,2.0
0871162024,1,5.0
0871162172,1,5.0
0871203758,1,2.0
0871205041,1,5.0
0871209721,1,5.0
0871234653,1,5.0
0871237970,1,4.0
0871238705,1,3.0
0871272520,1,5.0
0871272598,2,5.0
0871292467,1,2.0
0871312050,1,5.0
0871312565,1,5.0
0871313588,1,5.0
0871314282,1,4.0
0871314797,1,5.0
0871316021,2,4.5
0871319128,1,3.0
0871319349,1,5.0
0871319640,1,5.0
0871319748,1,5.0
0871356430,1,1.0
0871359022,1,5.0
0871401525,1,5.0
0871401622,1,5.0
0871401738,1,5.0
0871401754,1,5.0
0871482274,1,5.0
0871485338,1,4.0
0871488620,1,4.0
0871562782,1,4.0
0871564300,1,5.0
0871564378,1,5.0
0871568772,1,5.0
0871568896,1,5.0
0871591243,1,5.0
0871620065,1,5.0
0871628686,3,5.0
0871664836,1,4.0
0871667347,1,1.0
0871667630,1,2.0
0871669153,1,5.0
0871923874,1,5.0
0871924935,1,5.0
0871961296,1,5.0
0871974258,1,3.0
0872072452,1,5.0
0872074560,1,4.0
0872166899,1,5.0
0872200086,1,5.0
0872201775,1,5.0
0872202992,1,5.0
0872204847,1,2.0
0872205525,2,5.0
0872205738,1,5.0
0872205819,1,2.0
0872262952,1,5.0
0872265455,1,3.0
0872431398,1,5.0
0872432181,1,5.0
0872490912,1,3.0
0872598047,1,5.0
0872598659,1,5.0
0872598810,1,5.0
0872599167,1,2.0
0872634922,1,4.0
0872720403,1,4.0
0872860175,1,2.0
0872860744,1,5.0
0872861716,1,4.0
0872863239,2,4.5
0872863514,1,3.0
0872864332,1,5.0
0872864499,1,5.0
0872884481,1,4.0
0872885836,1,1.0
087319036X,1,4.0
0873224035,1,5.0
087328187X,1,5.0
0873326210,1,4.0
0873328205,1,3.0
0873374193,1,5.0
0873378253,1,5.0
0873378334,1,5.0
0873379101,1,5.0
087337990X,1,5.0
0873384458,1,4.0
0873386892,1,5.0
0873387007,1,4.0
0873415612,1,4.0
0873416325,1,3.0
0873416376,1,5.0
0873416694,2,4.5
0873417828,1,2.0
0873418212,1,5.0
0873418271,2,4.5
0873418824,1,4.0
0873419707,1,5.0
0873419936,1,5.0
0873419995,1,5.0
0873489578,1,2.0
0873491866,1,3.0
087349346X,1,5.0
0873493575,1,1.0
0873493583,1,5.0
0873493656,1,5.0
0873493885,1,5.0
0873493958,1,2.0
0873494857,1,5.0
0873495039,1,3.0
0873495098,1,5.0
0873495217,1,5.0
0873495438,1,3.0
0873495586,1,3.0
0873495624,1,5.0
0873495764,1,2.0
0873495799,1,5.0
0873496167,1,4.0
0873496655,1,4.0
0873496779,1,4.0
0873496841,1,5.0
0873497163,1,5.0
0873497244,2,5.0
087349749X,2,3.5
0873497503,1,5.0
0873497554,1,5.0
0873497589,1,5.0
087349816X,1,5.0
0873498186,1,5.0
0873498259,1,5.0
0873498712,1,1.0
0873498739,1,5.0
0873498844,1,1.0
0873498992,3,2.67
087349900X,1,5.0
0873499042,1,5.0
0873499050,3,3.0
087349931X,1,4.0
0873499611,1,4.0
0873499654,3,3.67
0873499689,1,5.0
0873499875,1,4.0
0873499980,1,5.0
0873503767,1,4.0
0873512812,1,4.0
0873513193,1,5.0
0873513932,2,4.0
0873514068,1,5.0
0873515048,2,5.0
087351517X,1,5.0
0873515277,1,5.0
0873529863,2,4.5
0873582004,1,5.0
0873585925,1,5.0
0873587243,1,5.0
0873587480,1,5.0
0873587871,1,5.0
0873588258,1,5.0
0873640284,1,3.0
0873641566,1,4.0
0873642155,1,1.0
0873642473,1,4.0
0873642589,1,5.0
0873644972,2,2.5
087364543X,1,3.0
0873646754,1,2.0
0873647041,1,5.0
0873647432,1,5.0
0873647513,1,5.0
0873648196,1,5.0
087364851X,1,3.0
0873648595,1,3.0
0873648862,1,3.0
0873648951,1,1.0
0873648986,2,4.0
0873649125,1,3.0
0873649214,1,5.0
087364929X,1,4.0
0873649346,1,5.0
0873649575,1,2.0
0873649699,1,1.0
0873649869,1,5.0
0873649907,1,5.0
0873649974,1,1.0
0873651995,1,5.0
0873674847,1,5.0
0873718860,1,4.0
0873890760,1,5.0
0873892666,1,5.0
0873895916,2,3.5
087389619X,1,5.0
0873896432,1,3.0
087395954X,1,5.0
0873985605,1,5.0
0874066751,1,5.0
0874137721,1,4.0
0874171679,1,3.0
0874175232,1,3.0
0874208947,1,5.0
0874215617,1,5.0
0874215935,1,5.0
0874215978,1,5.0
0874221293,1,5.0
0874313015,1,5.0
0874413311,1,4.0
0874477034,1,1.0
0874477182,3,4.33
0874515793,1,5.0
0874515815,1,4.0
0874517389,1,5.0
0874517451,1,5.0
0874519209,1,5.0
0874604508,1,5.0
087462052X,1,5.0
0874621607,1,4.0
0874748410,1,5.0
0874771501,1,4.0
0874771951,1,4.0
0874775043,3,3.67
0874775132,1,5.0
0874776317,1,4.0
0874776929,1,2.0
0874776945,1,5.0
0874776953,1,4.0
0874777984,3,3.67
0874778034,1,5.0
0874778050,1,5.0
0874778565,1,5.0
087477876X,1,4.0
0874779057,2,5.0
0874779227,1,5.0
0874779405,1,5.0
0874779707,1,3.0
0874807158,1,3.0
0874808227,1,5.0
0874810418,2,5.0
0874813735,1,5.0
0874836549,1,5.0
0874871441,1,5.0
0874871638,1,4.0
0874875846,1,5.0
087487940X,1,3.0
0875080189,1,5.0
0875081886,2,5.0
0875083757,1,2.0
0875086985,1,4.0
0875087876,1,5.0
0875093663,1,5.0
0875095224,1,4.0
087509712X,1,5.0
087516000X,7,4.14
0875160786,1,5.0
0875162142,1,5.0
087516319X,1,5.0
0875163238,8,3.62
0875165389,1,5.0
0875165508,1,3.0
0875165516,1,5.0
0875166105,1,5.0
0875305628,1,5.0
0875305660,1,5.0
0875420036,1,5.0
0875420052,1,5.0
0875420281,1,5.0
0875420486,1,3.0
0875420915,1,5.0
0875421180,1,5.0
0875421229,2,5.0
0875421261,1,5.0
0875421296,2,4.5
0875421830,1,5.0
0875421903,1,5.0
0875422470,1,5.0
0875423205,1,5.0
0875423574,1,4.0
0875425771,1,4.0
0875426700,1,2.0
0875427790,1,4.0
0875427847,1,5.0
087542791X,2,4.5
087542869X,1,5.0
0875428940,1,5.0
0875522017,1,5.0
0875522238,1,5.0
0875522696,1,5.0
0875523382,1,5.0
0875523595,1,2.0
0875525105,1,5.0
0875525237,1,5.0
0875526063,2,4.5
0875526071,2,4.5
087552608X,1,5.0
0875526438,5,4.8
0875526497,1,5.0
0875526500,1,5.0
0875526632,1,4.0
0875526799,1,5.0
0875527086,1,1.0
0875527159,1,5.0
0875527205,3,3.33
0875527868,1,5.0
0875528279,1,5.0
087552849X,1,5.0
087554603X,1,5.0
0875730221,1,5.0
0875730701,1,5.0
0875790534,1,5.0
0875792529,1,5.0
0875796001,1,5.0
0875796370,1,5.0
0875796397,1,5.0
0875799612,1,5.0
0875843662,1,5.0
0875844030,1,5.0
0875847404,1,2.0
0875847471,1,5.0
0875848192,1,3.0
0875848575,1,5.0
087584863X,2,5.0
0875849342,1,1.0
0875849466,1,5.0
0875862136,1,5.0
087586337X,1,5.0
0875882196,1,3.0
0875885187,1,5.0
0875902928,1,5.0
0875951600,1,4.0
0875962823,1,4.0
087596379X,1,1.0
0875964044,1,5.0
0875964486,2,3.0
0875964680,1,5.0
0875967442,1,4.0
0875967604,1,5.0
0875967612,1,5.0
0875968201,2,5.0
0875968228,1,5.0
0875968473,1,5.0
0875968708,1,5.0
0875968805,1,5.0
087596897X,1,5.0
0875969143,1,4.0
0875969186,1,5.0
0875969801,1,5.0
0875969879,2,5.0
087596995X,2,4.0
0876031874,1,5.0
0876040032,1,4.0
0876041071,1,3.0
0876044224,1,5.0
0876044399,1,5.0
0876044429,1,1.0
0876044461,1,5.0
0876044577,1,5.0
0876044925,1,5.0
0876052014,6,5.0
0876054173,1,5.0
0876055528,1,5.0
0876056060,1,5.0
0876056192,1,1.0
0876056664,2,5.0
0876057350,1,1.0
0876057407,1,5.0
0876059396,1,2.0
0876091648,1,3.0
0876120796,8,4.88
0876120958,1,5.0
0876121911,1,5.0
0876122810,1,5.0
0876124619,1,5.0
0876125550,4,4.75
0876144857,1,2.0
087626500X,1,5.0
0876281145,1,4.0
0876284349,1,5.0
0876287984,1,5.0
0876289146,1,5.0
0876293577,1,2.0
087630868X,1,4.0
0876390092,1,4.0
0876390106,1,3.0
0876390467,1,3.0
0876390483,1,4.0
0876390599,1,5.0
0876590008,1,5.0
0876591640,1,5.0
0876591683,1,1.0
0876591950,1,5.0
0876592809,1,4.0
0876592825,1,5.0
0876608381,1,1.0
0876618018,1,5.0
0876639252,1,5.0
0876856490,1,4.0
0876859260,1,5.0
0876912064,1,4.0
0876913583,1,5.0
0877011087,1,4.0
0877017883,1,4.0
0877180202,1,5.0
0877192774,2,5.0
087719386X,1,5.0
0877200416,1,4.0
0877200971,1,5.0
0877228922,1,4.0
0877280649,1,5.0
0877280738,1,5.0
0877285039,1,4.0
0877286361,1,5.0
0877286477,1,5.0
0877286833,1,1.0
0877287309,1,5.0
0877287872,1,5.0
087728847X,1,3.0
0877453691,1,5.0
0877456380,1,5.0
0877456712,1,5.0
0877458944,1,5.0
0877479429,1,5.0
0877656231,1,4.0
0877731268,1,5.0
0877733759,1,5.0
0877734151,1,5.0
0877734224,1,4.0
0877734313,1,5.0
0877735107,1,3.0
0877735131,1,3.0
0877735190,1,5.0
0877735263,1,5.0
0877735697,1,5.0
0877736030,1,1.0
0877736537,1,4.0
0877736677,1,4.0
0877736758,1,4.0
0877738629,1,5.0
0877790477,2,5.0
0877791694,1,3.0
0877792062,1,4.0
0877794200,1,5.0
0877794707,1,5.0
0877796521,1,5.0
0877798087,2,4.0
0877798095,1,5.0
087779913X,2,4.5
0877799156,1,4.0
0877799164,3,4.33
0877842507,1,5.0
0877842876,1,4.0
0877842981,1,2.0
0877843899,1,5.0
0877847509,1,5.0
0877848106,1,4.0
0877849226,1,4.0
0877849420,1,5.0
087784996X,1,5.0
0877880425,1,5.0
0877880719,1,4.0
0877880905,1,5.0
0877883068,1,5.0
0877883548,1,5.0
087788935X,1,5.0
0877936250,1,5.0
087793746X,1,5.0
0877939322,2,5.0
0877939446,1,5.0
0877939861,1,5.0
0878058370,2,4.5
0878058990,1,5.0
0878084320,1,5.0
0878146547,1,2.0
087822369X,1,4.0
0878300031,1,5.0
0878300201,1,5.0
087830987X,1,5.0
0878331689,1,1.0
0878331700,1,5.0
0878332162,1,5.0
0878332316,1,5.0
0878332626,1,4.0
0878333029,1,1.0
0878337210,1,5.0
0878338624,1,5.0
0878391711,1,5.0
0878421521,1,5.0
0878422013,1,5.0
0878422285,1,3.0
0878423060,1,4.0
0878423915,1,5.0
0878424091,1,5.0
0878424989,1,5.0
0878425055,1,5.0
0878440879,1,4.0
0878466886,1,5.0
0878570047,1,5.0
0878572392,1,5.0
0878573410,2,4.5
0878685855,1,5.0
0878873775,1,5.0
0878913386,1,2.0
0878913467,1,1.0
0878914013,1,5.0
0878914358,2,3.0
0878914501,1,5.0
0878915648,1,1.0
0878915656,1,1.0
0878917527,1,4.0
0878919023,1,5.0
0878930418,1,5.0
0878934391,1,5.0
0879051639,1,5.0
0879054786,1,5.0
087905882X,1,4.0
0879058854,1,2.0
0879059508,1,4.0
0879059729,2,4.0
0879079045,1,5.0
0879100362,1,5.0
0879101865,1,4.0
0879101970,1,2.0
0879103124,1,5.0
0879191295,1,5.0
0879233338,1,5.0
087923573X,1,5.0
0879237511,1,5.0
0879238542,1,5.0
0879280719,1,5.0
0879303727,1,4.0
0879304227,1,5.0
087930460X,1,3.0
0879306114,2,5.0
0879306173,2,5.0
0879306335,1,4.0
0879306386,1,5.0
0879306416,1,4.0
0879307161,1,4.0
0879307277,3,5.0
0879307498,2,5.0
087930751X,1,4.0
0879307587,1,5.0
0879307773,1,5.0
0879308249,2,5.0
0879308303,2,4.0
0879308346,1,5.0
0879308370,2,4.0
0879308419,1,5.0
0879308656,1,4.0
0879388498,1,1.0
0879389303,1,5.0
0879462809,2,4.5
0879462892,2,4.5
0879472510,1,1.0
0879474149,1,3.0
0879474246,1,5.0
0879514795,1,5.0
0879516178,2,2.5
0879516283,3,5.0
0879517204,1,5.0
0879657081,1,4.0
0879695838,1,5.0
0879696346,1,5.0
0879696753,1,5.0
0879730188,1,2.0
0879733926,1,1.0
0879734337,1,3.0
0879735538,1,3.0
0879735791,1,5.0
0879738510,1,5.0
087975124X,2,5.0
0879752092,1,5.0
0879752106,1,4.0
0879755253,1,4.0
0879755350,1,5.0
0879755733,1,5.0
0879756381,1,4.0
0879756764,1,4.0
0879757744,1,4.0
0879758775,1,5.0
0879759356,1,4.0
0879759844,2,3.5
0879759895,1,5.0
0879800232,1,5.0
0879800429,1,4.0
0879801654,1,5.0
0879802251,1,4.0
0879802723,1,3.0
0879803479,1,5.0
0879803975,1,5.0
0879804211,3,4.67
087983515X,1,5.0
0879836024,1,5.0
0879837195,1,1.0
0879837608,1,5.0
0879837942,1,5.0
0879838159,1,5.0
0879838167,4,5.0
0879857544,1,3.0
0879857986,1,5.0
0879974877,1,3.0
0879975636,1,4.0
0879976462,1,5.0
0879978996,1,4.0
0880012463,1,5.0
0880014504,1,4.0
088001539X,1,5.0
0880015403,1,5.0
0880015691,1,5.0
0880071311,1,2.0
0880071745,1,4.0
0880104279,1,5.0
0880105267,1,2.0
0880105534,1,5.0
0880115580,1,4.0
0880116048,1,4.0
0880117354,2,5.0
0880119136,1,4.0
0880223723,1,5.0
0880290552,1,4.0
088029065X,1,4.0
0880295627,1,4.0
088032404X,1,3.0
0880324198,1,4.0
0880451211,1,1.0
0880451645,1,5.0
0880487127,1,4.0
0880509996,1,5.0
0880621494,1,5.0
088064124X,1,3.0
0880641789,1,4.0
088064219X,1,5.0
0880642599,1,5.0
0880709464,1,3.0
0880780045,1,5.0
0880791276,1,5.0
0880791489,1,5.0
0880793562,1,4.0
0880795506,1,5.0
0880796650,1,5.0
0880796863,3,2.33
0880880783,1,3.0
0880881976,1,5.0
0880882735,1,4.0
088088648X,2,4.5
0880886676,1,5.0
0880886684,1,5.0
0880924659,1,5.0
0881010081,1,5.0
0881030368,1,5.0
0881068772,1,4.0
0881069116,1,4.0
0881254878,1,5.0
0881255289,1,5.0
0881257788,1,5.0
0881333050,1,5.0
0881339245,1,5.0
0881339423,1,5.0
0881410187,1,4.0
088141042X,1,5.0
0881412333,1,5.0
088150159X,1,4.0
0881502057,1,5.0
0881504211,1,5.0
0881505331,1,5.0
0881505358,1,5.0
0881505811,1,5.0
088150629X,1,5.0
0881506303,2,4.5
0881506419,2,4.5
0881506532,1,5.0
0881506591,1,5.0
0881506753,1,4.0
0881633968,1,5.0
0881664049,1,5.0
088166474X,1,5.0
0881791369,1,4.0
0881791911,3,5.0
0881791989,1,5.0
0881792012,1,5.0
0881792055,1,5.0
0881842583,1,4.0
0881845973,1,4.0
0881847399,1,5.0
0881882607,1,5.0
0881883077,1,2.0
0881886157,1,5.0
0881887579,1,5.0
0881889008,1,1.0
0881889075,1,4.0
0881923982,1,5.0
0881924008,1,5.0
0881924148,2,4.5
0881924210,1,5.0
0881924350,2,3.5
0881924423,1,4.0
0881924857,1,5.0
0881924881,1,5.0
0881925012,1,5.0
0881925071,1,4.0
088192508X,1,5.0
0881925535,1,4.0
0881925594,1,4.0
0881926019,1,5.0
0881926183,1,5.0
088192637X,1,5.0
0881926442,1,1.0
088192654X,1,3.0
0881926647,1,4.0
0881926728,1,5.0
0881926736,1,3.0
0881926787,1,4.0
0881926809,1,4.0
088192685X,1,5.0
0881927023,1,5.0
0881927112,1,5.0
0881955094,1,5.0
0881956473,1,4.0
0881957151,1,5.0
0881958719,1,3.0
0882077112,1,5.0
0882078135,1,5.0
0882143719,1,2.0
0882145134,1,5.0
0882190296,1,4.0
088240511X,1,5.0
0882405136,6,4.67
088240539X,1,5.0
0882405772,1,5.0
0882433199,1,5.0
0882434748,1,4.0
0882436120,1,4.0
0882643290,1,2.0
0882662953,1,5.0
088266378X,1,5.0
0882663917,1,5.0
0882666118,1,5.0
0882666126,1,5.0
0882667033,1,4.0
0882668889,1,4.0
0882669133,1,4.0
0882669842,1,4.0
0882669850,1,2.0
088266994X,1,4.0
0882681494,1,3.0
0882681575,1,5.0
0882681583,1,5.0
0882700960,1,1.0
0882700979,1,5.0
0882706209,2,5.0
0882706306,1,2.0
0882707205,1,5.0
088270947X,1,5.0
0882710583,1,1.0
0882791257,1,5.0
0882791346,1,5.0
0882821520,1,1.0
0882821962,1,4.0
0882822586,2,5.0
0882840142,1,4.0
0882840622,1,5.0
0882842978,1,5.0
0882844849,1,1.0
0882846345,1,3.0
0882846361,1,4.0
0882846752,1,5.0
0882847295,1,4.0
0882848720,1,5.0
0882894110,1,5.0
0882898760,1,5.0
0882906070,1,1.0
0882907743,1,5.0
0882952250,1,3.0
0882952323,1,5.0
0882959417,1,5.0
0883171074,1,5.0
0883172739,1,5.0
0883172798,1,5.0
088317314X,1,5.0
0883261529,1,5.0
0883310945,1,3.0
0883312190,1,5.0
0883323273,1,4.0
0883446847,1,5.0
0883638754,1,5.0
0883659948,1,4.0
0883681250,3,4.0
0883682796,1,5.0
0883683237,1,5.0
0883683725,1,5.0
088368442X,1,1.0
0883684977,1,3.0
0883685418,1,3.0
0883685426,1,5.0
0883685442,1,5.0
0883685906,1,5.0
0883686570,1,5.0
0883688263,1,5.0
088368876X,2,4.5
0883782634,1,5.0
0883855402,1,5.0
0883855453,1,5.0
0883856220,1,4.0
0883857014,1,4.0
0883880466,1,1.0
0883940000,1,5.0
0883969238,1,5.0
0884020215,1,5.0
0884022595,1,5.0
088404341X,1,5.0
0884046818,1,1.0
0884111539,1,4.0
0884111660,2,5.0
0884116778,1,4.0
0884119033,1,3.0
088411905X,1,2.0
0884119726,1,1.0
0884153509,1,4.0
0884193624,1,4.0
0884194515,1,5.0
0884194612,1,4.0
0884195627,1,5.0
0884196615,1,5.0
088419793X,1,5.0
0884198847,1,5.0
0884198863,1,5.0
0884199487,2,4.5
0884199495,1,2.0
0884271153,2,3.5
0884271781,3,4.67
0884326098,1,3.0
088432723X,1,4.0
0884827585,1,5.0
0884860639,1,5.0
0884860809,1,5.0
0884861279,1,5.0
0884872033,1,5.0
0884897109,1,5.0
0884945030,1,5.0
0884963128,1,5.0
0886461820,1,5.0
0886770335,1,4.0
0886773520,2,4.5
0886774012,1,3.0
0886774268,1,3.0
0886774454,2,4.0
0886774632,1,5.0
0886774713,1,2.0
0886775167,1,5.0
0886775361,1,4.0
0886776740,1,5.0
0886777100,2,3.5
0886777283,1,1.0
0886777356,1,3.0
0886777712,1,5.0
0886777801,1,4.0
0886777844,1,2.0
0886778034,1,3.0
0886778379,1,2.0
0886778395,1,5.0
0886778492,1,5.0
0886778964,1,4.0
0886779758,1,5.0
0886779898,1,3.0
0886852129,2,4.0
0886852161,1,4.0
0886852404,1,4.0
0886852412,2,4.0
0886852528,1,2.0
0886901278,1,5.0
0887060242,1,5.0
0887065112,1,5.0
0887066860,1,5.0
0887070388,1,5.0
0887073344,1,4.0
0887080685,1,5.0
0887100333,1,5.0
0887100643,1,5.0
088710066X,1,5.0
0887101372,1,5.0
0887245811,1,5.0
0887290906,1,4.0
0887291996,1,5.0
0887295541,1,2.0
0887306004,1,5.0
0887306101,1,5.0
0887306292,1,5.0
0887306667,3,4.33
0887307280,3,4.67
0887308309,1,5.0
0887308511,1,4.0
0887308856,1,3.0
0887309674,1,4.0
088730995X,1,2.0
0887387543,1,5.0
0887404413,1,3.0
0887405177,1,5.0
088740619X,1,1.0
0887407048,1,1.0
0887408516,1,4.0
0887431453,1,3.0
0887431461,1,5.0
0887431496,1,5.0
088743293X,1,5.0
0887434029,1,5.0
0887483364,1,5.0
0887761747,1,2.0
0887764371,1,5.0
0887764606,1,3.0
0887764614,1,3.0
0887766994,1,5.0
0887805213,1,5.0
0887806511,1,3.0
088784524X,1,5.0
0888350325,1,4.0
0888651902,1,2.0
0888990375,1,4.0
0888995954,1,5.0
0889082812,1,5.0
0889372934,1,5.0
0889614474,1,5.0
0889626278,1,1.0
088968281X,1,5.0
0889682828,1,5.0
0889682917,1,5.0
0889953031,1,5.0
0890065462,1,5.0
0890090556,1,4.0
0890132399,1,5.0
089019033X,1,5.0
0890243697,1,5.0
0890243808,1,5.0
0890244235,1,5.0
0890244480,1,5.0
0890244537,1,5.0
0890244650,1,5.0
0890245762,1,5.0
0890245827,1,5.0
0890420254,1,5.0
0890420270,1,4.0
0890439869,2,4.5
0890510032,1,5.0
0890511209,1,5.0
0890511586,1,5.0
0890511748,1,5.0
0890512078,1,5.0
0890512531,1,2.0
0890512574,2,4.5
0890512760,1,5.0
0890513406,1,4.0
0890513414,1,5.0
0890513600,3,5.0
0890513910,1,3.0
0890514356,1,4.0
0890792674,1,5.0
0890796831,1,5.0
0890812853,1,5.0
0890814414,2,5.0
0890815534,1,4.0
0890875243,1,5.0
0890877149,1,5.0
0890877394,1,5.0
0890877556,1,3.0
0890877645,1,5.0
0890877904,1,5.0
0890893144,1,3.0
0890893438,1,5.0
0890897239,1,1.0
089104115X,1,5.0
0891060871,1,4.0
089107290X,1,5.0
0891073825,1,5.0
089107418X,1,5.0
0891074511,1,5.0
0891075275,1,5.0
0891075380,1,5.0
0891077367,1,5.0
0891078126,1,5.0
0891078665,1,5.0
0891079319,3,4.67
0891079831,1,5.0
0891096973,1,5.0
0891098364,1,5.0
0891230777,1,2.0
089134148X,1,5.0
0891344012,1,5.0
0891347178,1,5.0
0891347208,1,5.0
0891347216,1,5.0
0891347364,1,5.0
0891347712,1,4.0
089134800X,1,5.0
0891348670,1,5.0
0891349456,1,5.0
0891349553,1,5.0
0891349693,1,5.0
0891349790,1,5.0
089135087X,1,5.0
0891410309,1,3.0
0891411739,2,5.0
0891412425,1,3.0
0891414274,1,5.0
089141486X,1,5.0
0891415378,1,4.0
0891415726,2,5.0
089141617X,1,5.0
0891417192,1,5.0
0891417281,1,5.0
0891417338,1,5.0
0891417451,1,4.0
0891417702,2,5.0
0891417826,1,4.0
0891417990,1,4.0
0891418121,2,5.0
0891418148,1,2.0
0891418210,1,5.0
0891418369,2,4.5
0891418431,1,2.0
0891418504,1,3.0
0891418725,9,3.78
0891418733,3,4.33
0891418806,1,5.0
0891451994,1,5.0
0891453474,1,4.0
0891454071,1,2.0
0891454837,1,4.0
0891456589,1,3.0
0891457291,1,4.0
0891458557,2,4.5
0891458840,1,3.0
0891480161,1,4.0
089148079X,1,4.0
0891740066,1,5.0
0891893520,1,4.0
0891894373,1,5.0
0891900519,1,5.0
0891903550,1,5.0
0891916040,1,5.0
0892046880,1,5.0
0892047682,1,4.0
089207292X,1,1.0
0892073217,1,5.0
0892132949,1,5.0
0892133252,2,3.5
0892210354,1,5.0
0892211237,2,4.5
0892215828,1,1.0
0892216212,1,5.0
0892216239,1,5.0
0892253568,1,5.0
0892281391,1,1.0
089229003X,1,4.0
0892341122,3,4.0
0892363053,1,4.0
0892364467,1,5.0
0892364726,1,5.0
0892366850,1,5.0
0892367172,1,5.0
0892367199,1,5.0
0892390328,1,5.0
0892438908,1,4.0
0892438916,1,4.0
0892440554,1,5.0
0892541121,1,5.0
0892551240,1,5.0
089255245X,1,5.0
0892552824,1,5.0
0892656484,1,4.0
0892723653,1,5.0
089272420X,1,5.0
089272479X,1,2.0
0892725087,1,5.0
089272529X,1,4.0
0892725338,2,4.5
0892725753,1,4.0
0892726113,1,5.0
089272627X,1,5.0
0892726458,1,5.0
0892726806,1,5.0
0892741848,1,5.0
0892749164,1,5.0
0892749504,2,5.0
0892760850,1,5.0
0892764015,1,4.0
0892765046,1,5.0
089276516X,1,5.0
0892765275,1,5.0
0892810912,1,5.0
0892810955,1,5.0
089281098X,1,5.0
0892810998,1,4.0
0892811285,1,4.0
0892811455,1,5.0
0892812702,1,4.0
0892813113,1,5.0
0892813687,1,5.0
0892814500,1,2.0
0892814853,1,4.0
089281506X,1,5.0
0892815256,2,4.0
0892815353,1,5.0
0892815507,1,5.0
0892816260,1,2.0
0892816635,2,4.0
0892817038,1,5.0
0892817445,1,1.0
089281764X,2,5.0
0892817887,1,4.0
0892818042,1,3.0
0892818115,1,5.0
0892818131,1,5.0
0892818689,1,1.0
0892818875,1,5.0
0892819057,1,3.0
0892819111,2,5.0
0892819235,1,1.0
089281957X,1,5.0
0892819758,1,5.0
0892819782,1,5.0
0892819790,2,5.0
0892819901,1,5.0
0892831812,1,5.0
0892832193,1,5.0
0892836164,1,2.0
0892836385,1,5.0
0892836512,1,5.0
0892837780,1,5.0
0892837896,1,5.0
0892839988,1,5.0
0892873051,1,4.0
0892876557,1,4.0
0892876913,1,5.0
0892877502,1,4.0
0892877820,1,5.0
0892878193,1,4.0
0892878436,1,5.0
0892878584,1,4.0
0892878878,1,5.0
0892878894,1,4.0
0892879181,2,3.5
0892879270,1,4.0
089296006X,1,2.0
0892963700,1,4.0
0892967544,1,5.0
089296782X,1,3.0
0892967838,1,5.0
0892967870,1,5.0
0892967919,1,3.0
0892967951,1,5.0
0892967994,2,5.0
0892968001,1,5.0
0892968028,1,5.0
0892968095,2,4.0
0893170321,1,5.0
0893300128,1,5.0
0893300136,2,5.0
0893300144,1,5.0
0893300667,1,5.0
0893342939,1,3.0
0893343854,1,5.0
0893401560,1,5.0
0893468282,1,2.0
0893468428,1,2.0
0893468452,1,5.0
089357080X,1,5.0
089381296X,1,1.0
0893814393,1,5.0
0893814458,1,5.0
089381525X,1,2.0
0893815381,1,5.0
0893817414,1,4.0
0893817449,1,5.0
0893860220,3,5.0
0893860336,2,5.0
0893891568,1,5.0
0893892459,1,5.0
0894103601,1,3.0
0894121596,1,5.0
0894202448,1,3.0
0894202995,1,5.0
0894550179,1,5.0
0894550381,1,4.0
0894682199,1,5.0
0894717413,1,1.0
0894717766,1,5.0
0894800213,1,1.0
0894800566,1,5.0
0894801406,2,5.0
0894802046,1,5.0
0894803123,6,4.67
0894803417,2,4.0
0894806297,1,3.0
089480698X,2,4.5
0894807536,1,5.0
0894807544,1,5.0
0894807625,1,4.0
0894807668,1,5.0
0894808354,1,5.0
0894809393,1,5.0
0894809946,1,4.0
0894863940,1,5.0
0894864025,3,4.0
0894867253,1,5.0
0894867415,1,5.0
0894900757,1,5.0
0894990284,1,2.0
0895246104,1,5.0
0895247380,1,2.0
0895260050,2,4.5
0895260131,17,4.47
0895260158,5,5.0
0895260166,2,4.5
0895260174,2,5.0
0895260190,2,5.0
0895260344,5,5.0
0895260387,7,4.57
0895260409,3,5.0
0895260417,2,4.5
0895260425,4,4.0
0895260433,2,5.0
0895260476,21,3.9
0895260506,19,4.68
0895260530,1,5.0
0895260603,1,1.0
0895260654,2,5.0
089526076X,3,5.0
0895260859,1,3.0
0895260905,2,5.0
0895261014,1,5.0
0895261146,1,5.0
0895261286,1,5.0
0895261359,1,5.0
0895261405,1,3.0
0895261456,2,5.0
0895261480,2,2.5
0895261596,1,5.0
0895261650,2,5.0
0895261715,1,2.0
0895262002,2,5.0
0895262177,1,5.0
0895262258,1,3.0
0895262355,1,5.0
0895262479,1,4.0
0895262762,1,4.0
0895263998,1,4.0
0895264293,1,5.0
0895265370,1,5.0
0895265494,1,1.0
0895267519,1,5.0
0895267896,2,5.0
0895267934,1,5.0
0895293234,1,5.0
0895295954,1,1.0
0895296586,1,5.0
0895296721,1,5.0
0895296845,1,5.0
0895298171,1,1.0
0895298384,1,5.0
0895298694,1,5.0
0895381036,1,5.0
0895550024,1,5.0
0895550156,1,5.0
0895550482,1,5.0
089555058X,1,4.0
0895550709,1,5.0
0895551659,1,5.0
0895552167,1,2.0
0895552450,1,5.0
0895552795,1,1.0
089555321X,1,5.0
0895553538,1,5.0
0895554623,1,5.0
089555464X,1,5.0
0895554658,1,5.0
0895554666,1,5.0
0895554682,1,2.0
0895554755,1,5.0
0895555018,1,5.0
0895555972,1,5.0
0895556421,1,5.0
089555643X,1,5.0
0895556766,1,5.0
0895557576,1,2.0
0895561506,1,4.0
0895770210,1,2.0
0895770288,1,5.0
0895773511,2,4.5
0895778599,1,5.0
0895778718,1,5.0
0895778726,1,5.0
0895779331,1,5.0
0895779390,1,5.0
0895810085,1,5.0
0895860473,1,3.0
0895861283,1,5.0
0895861860,1,5.0
0895862387,1,4.0
0895862662,1,3.0
0895863014,1,5.0
0895863774,1,4.0
0895864029,1,4.0
0895864231,1,5.0
0895864797,1,4.0
0895870665,1,5.0
0895871106,1,5.0
0895871912,1,5.0
0895873052,1,5.0
0895945096,1,5.0
0895949903,1,5.0
0896084140,1,5.0
0896086283,1,3.0
0896087271,1,4.0
0896103145,1,5.0
0896103730,1,5.0
0896223957,1,1.0
0896226956,1,5.0
0896227243,1,5.0
0896382583,1,5.0
089651451X,1,5.0
0896584178,1,5.0
089658481X,1,5.0
0896585085,1,3.0
0896585522,1,5.0
0896585565,1,4.0
0896585654,1,5.0
0896585891,1,5.0
0896586545,1,5.0
0896586758,1,5.0
0896597989,2,4.0
0896599035,1,4.0
0896599302,1,3.0
0896599310,1,5.0
0896600661,1,5.0
0896723917,1,3.0
0896725111,1,3.0
0896725200,1,5.0
0896725316,1,5.0
0896725332,1,5.0
0896760820,1,3.0
0896761258,1,5.0
0896762394,1,5.0
0896762513,1,2.0
0896891402,2,1.5
0896891410,1,4.0
0896891607,2,2.5
0896891682,1,1.0
0896891933,2,5.0
0896892654,1,5.0
0896936597,1,5.0
0897211820,1,5.0
0897214242,1,3.0
0897241207,1,3.0
0897244869,1,5.0
0897245865,1,5.0
089732403X,1,4.0
0897325486,1,5.0
0897325524,1,4.0
0897330536,1,4.0
0897331214,1,5.0
0897331818,1,5.0
0897332733,1,2.0
0897333659,1,5.0
0897334078,1,5.0
0897334213,1,4.0
0897334973,1,4.0
089733499X,1,5.0
0897335287,2,5.0
0897460685,1,5.0
0897500024,1,4.0
0897500482,1,5.0
089750058X,1,4.0
0897501403,1,3.0
0897501446,3,4.33
0897501454,1,4.0
0897893549,1,5.0
0897931645,1,5.0
0897931653,1,4.0
0897933974,1,5.0
0897934032,1,5.0
0897934377,1,3.0
0897934393,1,4.0
0897934474,1,5.0
0897934490,1,4.0
0898002621,1,5.0
089804099X,1,5.0
0898151899,1,5.0
089815197X,1,5.0
0898152925,1,5.0
0898154081,1,4.0
0898155177,1,3.0
089815555X,1,5.0
0898157617,1,5.0
089815927X,1,5.0
089815944X,1,5.0
0898159539,1,2.0
0898159954,1,3.0
0898201462,1,4.0
0898214246,1,5.0
0898249716,1,4.0
0898457920,1,4.0
0898458714,1,5.0
0898620341,1,5.0
0898621283,2,4.0
0898621798,1,2.0
0898693527,1,4.0
0898700809,2,4.0
0898701775,2,5.0
0898702046,1,5.0
0898702623,1,5.0
0898702631,1,3.0
0898702976,2,3.0
0898704197,1,5.0
0898704456,1,5.0
0898704529,1,5.0
0898705320,1,4.0
0898705525,2,5.0
0898705533,2,4.5
0898705789,1,5.0
0898705800,1,4.0
0898705886,1,5.0
089870605X,1,4.0
0898706408,1,5.0
0898706866,1,5.0
0898706904,1,5.0
0898707021,3,4.33
0898707102,1,5.0
0898707315,1,5.0
0898707536,2,4.5
0898708192,1,5.0
0898708249,1,5.0
0898708451,1,5.0
0898708540,1,5.0
0898709253,1,5.0
0898709547,1,4.0
0898709628,2,5.0
0898709636,1,5.0
0898709717,1,4.0
089870975X,1,4.0
0898709822,1,5.0
0898709849,1,5.0
0898709989,1,4.0
0898713285,1,4.0
0898713838,1,5.0
0898715113,1,5.0
089874752X,1,5.0
0898755980,1,5.0
089879255X,1,2.0
0898793475,1,4.0
0898795109,1,2.0
0898797756,1,5.0
089879868X,1,5.0
0898799058,2,5.0
0898799082,1,4.0
0898799279,1,5.0
0898799325,2,5.0
0898799511,1,4.0
089879983X,2,4.0
0898799953,1,5.0
0898860970,1,5.0
0898864801,1,5.0
0898865573,1,4.0
0898865905,1,3.0
0898866103,1,4.0
0898866189,1,3.0
0898866251,1,4.0
0898866782,1,4.0
0898867169,1,5.0
0898867304,1,4.0
0898867495,1,4.0
0898867770,1,4.0
0898867789,1,5.0
0898867908,1,3.0
0898868157,1,5.0
0898868580,1,4.0
0898868696,1,5.0
0898869080,1,4.0
0898869110,1,5.0
0898869412,1,5.0
0898869544,1,5.0
0898869595,1,3.0
0898869625,1,4.0
0898869862,1,5.0
0898986966,1,5.0
089898890X,1,5.0
0899061788,1,5.0
0899067174,1,5.0
0899093108,1,5.0
0899193803,1,5.0
0899194427,1,5.0
0899332374,1,3.0
0899332536,2,3.5
0899332773,2,4.5
089933282X,1,5.0
0899332862,1,4.0
0899332897,1,5.0
0899333206,1,5.0
0899333214,1,5.0
0899333338,1,2.0
0899333397,1,5.0
0899333532,1,4.0
0899421210,1,5.0
0899423655,1,5.0
0899429327,1,5.0
089950163X,1,5.0
0899504558,1,5.0
0899507522,1,5.0
0899571492,2,4.0
0899571700,1,5.0
0899573789,1,5.0
0899574459,1,3.0
0899576516,1,4.0
0899576567,1,5.0
0899576877,3,5.0
0899661742,1,4.0
0899663567,1,4.0
0899667287,1,5.0
0899668054,2,5.0
0899683061,1,5.0
0899703380,1,5.0
0899972292,1,5.0
0899972608,1,5.0
0899972969,1,4.0
0899973353,1,5.0
0899973779,1,5.0
090038414X,1,4.0
0900588616,1,5.0
0900612878,1,5.0
0901938041,1,4.0
0903505231,1,5.0
0903873214,1,5.0
0904311120,1,5.0
0905138368,1,5.0
0905138805,1,4.0
090613823X,1,5.0
0906212855,1,5.0
0906362431,1,5.0
0906672694,1,5.0
0906720311,1,4.0
0907077390,1,5.0
0907259065,1,5.0
0907261035,1,5.0
090732570X,1,1.0
0907516955,1,1.0
0907797105,1,5.0
0907845991,1,2.0
0907871755,1,4.0
0910019681,1,1.0
0910034737,1,1.0
0910034974,1,5.0
0910055998,3,5.0
0910146217,1,5.0
0910155593,1,4.0
0910167028,1,1.0
0910267014,1,4.0
0910299013,1,5.0
0910305005,1,5.0
091031103X,1,2.0
0910311315,1,1.0
0910311587,1,5.0
0910311617,1,5.0
0910311641,1,3.0
0910367531,2,5.0
0910413533,1,5.0
0910542880,1,5.0
0910575185,1,5.0
091061847X,1,5.0
0910667268,1,5.0
0910707510,1,5.0
0910707545,1,5.0
0910707642,1,5.0
0910707677,1,5.0
0910707707,1,5.0
0910791694,1,5.0
0910923221,1,4.0
091096551X,1,5.0
0910965714,1,5.0
0911005137,1,5.0
0911010602,1,5.0
0911104216,2,5.0
0911104577,1,4.0
0911122109,1,5.0
091113929X,1,5.0
0911203230,1,1.0
0911203443,1,5.0
0911207023,2,3.0
0911226230,1,5.0
0911295534,1,3.0
0911311602,1,1.0
0911378200,1,5.0
0911469036,1,5.0
0911560637,1,5.0
0911572406,1,5.0
091159227X,1,5.0
0911662286,1,5.0
0911747397,1,5.0
0911842314,1,5.0
0911903356,1,5.0
0911903739,1,5.0
0911903763,1,5.0
0911903968,2,4.5
0911910107,1,5.0
0911910506,1,4.0
0911921702,1,5.0
0911977007,1,5.0
0911977058,1,5.0
0911977082,1,5.0
0912111542,1,5.0
0912299231,1,5.0
0912301538,1,3.0
0912333022,1,4.0
0912333987,1,5.0
091242320X,1,5.0
0912423242,1,5.0
0912500859,1,3.0
0912510013,1,4.0
0912517123,1,4.0
0912660201,1,5.0
0912724382,1,4.0
0912724501,1,2.0
0912783370,1,5.0
0912835001,1,1.0
0912856904,1,3.0
0912944781,1,1.0
0912986212,2,5.0
0912986409,1,5.0
0913022349,1,5.0
091305609X,1,5.0
0913063029,2,3.0
0913342459,1,4.0
0913383333,1,3.0
091342871X,1,5.0
0913546836,1,5.0
0913573868,1,5.0
0913589160,1,5.0
0913589608,1,4.0
0913757691,1,5.0
0913836117,1,3.0
0913836397,1,4.0
0913866229,1,5.0
0913923109,1,2.0
0913966568,1,5.0
0913990426,1,3.0
0913990604,1,5.0
0913990736,1,5.0
0913990795,1,5.0
0914061550,1,5.0
0914061917,1,5.0
0914094750,1,5.0
0914098705,1,4.0
0914098713,1,5.0
0914156020,1,5.0
0914168797,1,5.0
0914293559,1,5.0
0914513400,1,1.0
0914520431,1,5.0
0914839195,1,5.0
0914846175,1,5.0
0914846809,1,3.0
091486307X,2,5.0
0914875191,1,5.0
091488185X,2,5.0
0914881922,1,5.0
0914941852,3,5.0
0914955926,1,2.0
0915005042,1,5.0
0915005050,1,4.0
0915009757,1,5.0
0915024659,1,5.0
091502473X,1,3.0
0915031027,1,5.0
0915035278,1,5.0
0915132397,1,4.0
0915132893,1,4.0
0915132982,1,3.0
091514459X,1,4.0
0915145855,1,3.0
091516650X,1,5.0
0915179822,1,4.0
0915230151,2,4.0
0915269058,1,5.0
0915297019,2,3.5
0915297256,2,4.5
0915299143,1,5.0
0915299151,1,2.0
0915299364,1,5.0
0915516438,1,5.0
091554024X,1,5.0
0915540509,1,5.0
0915597071,1,5.0
0915611902,1,4.0
0915749203,1,4.0
0915765896,1,5.0
0915780003,1,4.0
0915801639,1,5.0
0915807025,1,5.0
0915811006,1,5.0
0915811049,1,5.0
0915811499,1,1.0
091581160X,1,5.0
0915811812,2,5.0
0915811898,1,5.0
0915811936,1,5.0
0915815354,2,4.0
0915950839,1,5.0
0916078582,1,5.0
0916124290,1,5.0
0916189082,2,4.5
0916189104,1,4.0
0916219208,1,4.0
0916260879,2,4.5
0916260917,1,1.0
0916288455,1,5.0
0916291456,1,3.0
0916365689,1,2.0
0916370100,1,5.0
0916374769,1,5.0
0916392066,1,5.0
0916489582,1,5.0
0916489647,1,4.0
0916503046,1,4.0
0916552284,1,4.0
0916583759,1,4.0
0916586820,1,5.0
0916586995,1,5.0
0916700518,1,5.0
0916766713,1,1.0
0916773477,1,5.0
0916773914,1,5.0
0916773965,1,5.0
0916856011,1,3.0
0916927091,1,4.0
0916938069,1,5.0
0916938131,1,1.0
0916938166,1,1.0
0917006011,1,5.0
0917006240,1,5.0
0917086805,1,3.0
091718100X,1,4.0
0917191021,1,4.0
0917304659,1,5.0
0917334264,1,5.0
0917406257,1,2.0
0917510232,1,2.0
0917634314,1,5.0
0917643127,1,5.0
0917800001,1,5.0
0917849221,1,5.0
0918080762,1,4.0
0918222885,1,5.0
091822635X,1,5.0
0918273781,1,5.0
0918316049,1,4.0
091832159X,1,5.0
0918321727,1,4.0
0918371198,1,5.0
0918399173,1,3.0
0918399181,1,3.0
0918471664,1,5.0
0918477425,1,5.0
0918618649,1,5.0
0918684331,1,5.0
091868451X,1,5.0
091868465X,1,5.0
0918684730,1,5.0
0918736641,1,4.0
0918804299,1,1.0
091880440X,1,5.0
0918812054,1,3.0
091897304X,1,4.0
0919123589,1,5.0
0919123600,2,5.0
0919123848,1,5.0
0919123902,1,5.0
0919345522,1,4.0
0919345921,1,3.0
0919345980,1,5.0
0919359078,1,5.0
0919359159,1,4.0
0919985041,1,3.0
0919985386,2,3.5
0919985432,1,5.0
0920236162,3,5.0
0920236642,1,5.0
0920470483,1,5.0
0920490700,1,4.0
0920515002,1,5.0
0920668364,1,5.0
0920668372,3,3.67
0920668496,1,5.0
0920698549,1,4.0
0920855180,1,5.0
0921149220,1,4.0
0921451067,1,5.0
0921513054,1,3.0
0921835175,1,3.0
092187202X,1,5.0
0921991460,1,4.0
0921991703,2,5.0
0922029938,1,3.0
0922233063,1,4.0
0922352011,1,5.0
0922433445,1,5.0
0922769311,2,2.5
0922802823,1,4.0
0922915121,1,4.0
0922915784,1,5.0
0922915792,1,4.0
0922915814,1,5.0
0922915849,1,3.0
0922915865,1,5.0
0923521518,1,5.0
0923550127,1,4.0
0923550453,1,5.0
0923980814,1,4.0
0924357207,1,4.0
0924486759,1,4.0
0924486953,1,5.0
0924608269,1,3.0
0924722002,1,5.0
0924886102,1,5.0
0925168009,1,3.0
0925168998,1,5.0
0925190594,1,5.0
0925794201,1,3.0
0925873012,1,2.0
0926412205,1,5.0
0926494139,1,5.0
0926524585,1,4.0
092688803X,1,4.0
0926888048,1,5.0
0926888110,1,5.0
0927015250,1,5.0
092753438X,1,5.0
0927978199,1,5.0
0927978202,1,5.0
0929173422,1,5.0
092923913X,1,5.0
0929239393,1,5.0
0929239989,1,5.0
092926181X,1,5.0
0929306333,1,2.0
0929311051,1,5.0
0929371240,1,5.0
0929384504,1,4.0
0929385314,1,1.0
0929386124,1,5.0
0929392787,1,4.0
0929459016,1,2.0
0929480317,1,3.0
0929521404,1,5.0
092959150X,1,5.0
0929591801,2,4.5
092959181X,1,5.0
0929591828,1,5.0
0929591836,1,5.0
0929605489,1,3.0
0929619021,1,5.0
092961903X,1,5.0
0929652010,1,5.0
0929701755,1,5.0
0929712056,1,3.0
0929712110,1,5.0
0929712366,2,5.0
0929845064,1,5.0
0929895258,1,5.0
0929895282,1,5.0
0929895355,1,5.0
0929895363,1,5.0
0929975324,1,3.0
0929975367,1,5.0
0929980158,1,5.0
0929980220,1,4.0
0930031385,1,5.0
093003175X,1,4.0
0930031970,2,4.0
0930073002,1,5.0
0930073274,1,4.0
0930100948,1,5.0
0930113160,1,3.0
0930118294,1,5.0
0930213408,1,5.0
0930265343,1,5.0
0930289234,2,5.0
0930289366,1,4.0
0930289382,1,5.0
0930289447,1,4.0
0930289455,3,4.67
0930289528,5,4.4
0930289560,1,5.0
0930289595,1,5.0
0930289668,1,3.0
0930289943,1,4.0
0930289986,1,3.0
0930313046,1,5.0
0930324900,1,5.0
0930330382,1,5.0
093033051X,1,4.0
093035091X,1,1.0
0930407504,1,5.0
0930452941,1,5.0
0930464540,1,5.0
0930464745,1,4.0
0930741536,1,5.0
0930769112,1,4.0
0930851056,1,5.0
0930852311,3,5.0
0930852354,1,1.0
0930852400,1,5.0
0930878264,1,5.0
0930897692,1,5.0
0930926269,1,4.0
0930948106,1,5.0
0930982525,1,4.0
0931015006,1,1.0
0931104351,1,5.0
0931213177,1,5.0
0931271738,1,5.0
0931411289,1,3.0
0931431123,1,5.0
0931432782,1,5.0
0931432820,2,5.0
0931432952,1,5.0
0931464315,1,5.0
0931560004,1,3.0
0931613191,1,5.0
0931674441,1,5.0
0931722268,1,5.0
0931759102,1,5.0
0931759331,2,5.0
0931761972,1,5.0
093178302X,1,5.0
0931866979,1,5.0
0931892813,1,5.0
0931968410,1,4.0
0931993954,1,1.0
0932040381,1,5.0
0932052479,1,3.0
0932086195,1,5.0
0932102123,2,5.0
0932194176,1,2.0
0932194400,1,5.0
0932212883,2,4.0
0932265685,1,5.0
0932367119,1,5.0
0932412114,1,5.0
0932415628,1,2.0
093244055X,1,5.0
0932529771,1,5.0
0932551394,1,5.0
0932586031,1,5.0
0932592104,2,4.5
0932592856,7,3.86
0932633293,1,4.0
0932633331,1,4.0
0932633390,1,1.0
0932633439,1,5.0
0932633536,1,5.0
0932633544,1,5.0
0932813119,1,5.0
0932813186,1,5.0
0932813518,1,5.0
0932813747,6,3.33
0932813917,1,1.0
0932859585,1,5.0
093286337X,1,5.0
0932945384,1,5.0
0932945430,1,5.0
0932956254,1,5.0
0933029845,1,4.0
0933062249,1,5.0
0933121199,1,5.0
0933121261,1,5.0
0933121768,1,5.0
0933140460,1,5.0
0933149646,1,4.0
0933149980,1,5.0
0933174659,1,4.0
0933216246,1,5.0
0933224206,1,1.0
0933224494,1,4.0
0933239378,1,2.0
0933248059,1,5.0
0933405014,1,3.0
0933511116,1,1.0
0933635559,1,3.0
0933670044,2,3.0
0933849672,1,5.0
0933852762,1,4.0
0933884540,1,3.0
0933884931,1,3.0
0933999518,1,4.0
0934009929,1,5.0
0934026971,1,4.0
0934041059,1,1.0
0934041288,1,5.0
0934041571,1,5.0
0934041822,2,3.5
0934041857,1,5.0
0934041962,1,5.0
0934211639,1,5.0
0934211671,1,4.0
0934211922,1,5.0
0934211965,1,5.0
0934252459,2,5.0
0934252912,1,2.0
0934380309,1,3.0
0934380538,2,4.5
0934380708,1,4.0
0934419353,1,5.0
0934426015,1,5.0
0934666024,1,5.0
093467227X,1,5.0
0934678162,1,4.0
0934798664,1,4.0
0934953457,1,3.0
0934977143,1,5.0
0935039031,1,5.0
0935039600,1,1.0
0935039678,1,3.0
0935039783,1,1.0
0935047360,1,1.0
0935127046,1,5.0
0935127305,1,5.0
093512733X,1,5.0
0935127674,1,5.0
0935127682,1,5.0
0935182721,1,5.0
0935216146,1,5.0
0935216154,1,5.0
0935257004,1,4.0
0935278419,1,5.0
0935278427,2,4.5
0935526382,1,5.0
0935526854,1,5.0
0935553223,1,3.0
0935553487,1,3.0
0935621466,1,3.0
0935699007,1,5.0
0935699201,1,5.0
093570261X,1,5.0
0935702970,1,5.0
0935741135,1,5.0
0935741194,1,5.0
0935755780,1,5.0
0935810749,1,4.0
0935882030,1,5.0
0935907076,1,5.0
0935908420,1,5.0
0935921095,1,3.0
0935926240,1,5.0
0935926259,4,4.75
0935952861,1,4.0
0936028017,1,5.0
0936034025,1,2.0
093607020X,2,4.5
0936070226,2,5.0
0936070277,1,5.0
0936070307,1,4.0
0936070331,1,5.0
093607731X,1,5.0
0936077506,1,5.0
0936184191,1,5.0
0936184515,2,4.5
0936184663,1,5.0
093618471X,1,4.0
0936184744,8,4.88
0936184752,2,4.5
0936184795,3,4.67
0936184809,1,5.0
0936184817,1,5.0
0936184825,2,4.5
0936184868,2,5.0
0936184876,1,1.0
0936185082,1,5.0
0936185732,1,5.0
0936185929,2,3.5
0936197390,1,5.0
0936197439,1,5.0
0936197447,1,5.0
093619748X,2,4.5
0936240245,1,3.0
0936262370,1,5.0
0936310146,1,5.0
0936348070,1,4.0
093638431X,1,5.0
0936399465,1,3.0
0936399562,1,4.0
0936602481,1,5.0
0936608064,1,5.0
0936663367,1,5.0
0936713011,1,5.0
0936738030,1,1.0
0936760192,1,5.0
093678332X,1,5.0
0936783397,1,4.0
0936783435,1,5.0
0936784482,1,2.0
0936799005,1,5.0
093679920X,1,5.0
0936834471,1,5.0
0936916036,1,5.0
0936965045,2,5.0
0936965088,2,3.5
0937036013,1,5.0
0937058599,1,5.0
0937274747,1,5.0
0937274828,1,5.0
0937360066,1,5.0
0937381500,2,4.5
093738156X,1,1.0
0937381748,1,1.0
0937381829,1,5.0
0937381845,1,4.0
0937382000,1,5.0
0937404632,1,5.0
093742238X,1,2.0
0937422606,1,2.0
0937539651,2,4.5
0937548480,1,5.0
0937548561,1,5.0
0937552178,1,5.0
0937611018,1,5.0
0937611468,1,5.0
0937663093,1,5.0
0937750115,1,5.0
0937750174,1,5.0
0937822566,1,5.0
0937822582,1,5.0
0937866229,1,4.0
093787745X,1,4.0
0937877468,1,2.0
0937938661,1,5.0
0937938726,1,5.0
0937938874,1,5.0
0937944130,1,5.0
0937959189,1,5.0
0937986690,1,1.0
0938045253,2,4.0
0938045326,1,5.0
0938045350,1,5.0
0938045369,1,4.0
0938045385,1,5.0
0938045431,2,5.0
0938045482,1,5.0
0938045520,2,3.5
0938045652,1,5.0
0938077929,1,5.0
0938078739,1,5.0
0938216120,1,3.0
0938250019,1,5.0
0938317717,1,5.0
0938329014,1,4.0
0938349406,1,3.0
0938497103,1,4.0
0938497154,1,5.0
0938497189,1,4.0
093853002X,1,5.0
0938626647,1,5.0
0938635301,1,5.0
0938635859,1,5.0
0938644327,1,5.0
0938665839,1,4.0
0938721976,1,5.0
0938817396,1,3.0
0938818066,1,5.0
0938864211,1,5.0
0938935208,1,5.0
0939009900,1,5.0
0939040158,1,1.0
0939149133,1,5.0
0939165538,1,5.0
0939214342,1,5.0
0939217406,1,5.0
0939217422,1,5.0
0939217627,1,5.0
0939246384,1,5.0
0939301105,1,5.0
093930192X,1,5.0
0939302268,1,5.0
0939302322,1,5.0
0939343398,1,5.0
0939479206,1,5.0
0939481545,1,5.0
0939481561,1,4.0
093948157X,1,5.0
0939481677,1,5.0
0939482029,1,4.0
0939482223,1,5.0
0939516225,1,2.0
0939616114,1,5.0
0939616335,1,5.0
0939631466,1,5.0
0939650444,1,4.0
093965749X,1,2.0
093966030X,1,5.0
0939680866,1,5.0
093968098X,1,5.0
0939691086,1,4.0
0939837498,1,2.0
0939837544,1,5.0
0939837641,1,5.0
093983765X,1,5.0
0939895080,1,3.0
0939923874,1,4.0
0940110431,1,5.0
0940112108,1,5.0
0940149036,1,5.0
0940149451,1,5.0
0940159732,1,5.0
0940182106,1,5.0
0940182262,1,4.0
0940208164,1,5.0
094020827X,1,1.0
0940232006,1,4.0
0940232537,1,2.0
094026269X,1,5.0
0940262835,1,5.0
094027972X,1,4.0
0940322064,1,5.0
0940322226,1,5.0
0940322250,1,4.0
0940322471,1,4.0
0940322560,1,1.0
0940322668,3,4.67
0940322889,1,5.0
0940322919,1,3.0
0940322994,1,4.0
0940328046,1,4.0
0940352141,1,4.0
0940352168,1,4.0
0940450186,1,5.0
0940450542,1,5.0
0940512424,1,4.0
0940646250,1,4.0
094066934X,1,5.0
0940672642,3,5.0
0940672693,1,5.0
0940672731,1,3.0
0940685949,1,5.0
0940745062,1,5.0
0940780453,1,4.0
0940780496,2,3.0
0940780658,1,5.0
0940884127,1,5.0
0940899272,1,4.0
0940907143,1,1.0
0940920123,1,5.0
0940920174,1,5.0
0940984563,1,5.0
0940985845,1,3.0
0940999307,1,3.0
0941017680,1,4.0
0941130053,1,5.0
0941130843,1,4.0
0941130924,1,5.0
0941188108,1,5.0
0941188248,1,5.0
0941188280,1,5.0
0941188337,2,4.0
0941188701,3,3.67
0941188736,1,2.0
0941188779,1,1.0
0941188809,1,3.0
0941188949,1,5.0
0941188973,1,3.0
0941241130,1,5.0
0941301362,1,4.0
0941332969,1,5.0
0941355519,1,5.0
0941355632,1,5.0
0941405117,1,5.0
0941405222,1,5.0
0941405443,1,5.0
0941423735,1,5.0
094143432X,1,5.0
0941478297,1,5.0
0941491080,1,5.0
0941524612,2,5.0
0941524655,1,5.0
0941524744,1,5.0
0941524760,1,5.0
0941543285,1,4.0
0941570134,1,5.0
094159906X,1,5.0
0941599523,1,4.0
0941676013,1,5.0
0941676250,1,3.0
0941676269,2,4.0
0941676285,1,5.0
0941676498,1,5.0
0941676684,1,4.0
0941693007,1,5.0
0941936562,2,3.5
0941936724,1,2.0
0941936864,1,5.0
0941967077,1,5.0
094197314X,1,4.0
0941995046,1,5.0
0942018133,1,5.0
0942018222,1,5.0
094205525X,1,5.0
0942102460,1,3.0
0942143027,1,3.0
0942154959,1,2.0
094223748X,1,5.0
0942237781,1,5.0
0942237900,1,5.0
0942323289,1,5.0
0942375033,1,5.0
0942456181,1,5.0
0942617142,1,5.0
0942617460,1,5.0
0942620674,1,4.0
0942637461,1,4.0
0942637577,1,5.0
0942639634,1,5.0
0942639723,1,4.0
0942639804,1,4.0
094267927X,1,5.0
0942679296,1,4.0
0942785312,1,5.0
0942817087,1,5.0
0943079012,1,5.0
0943126444,1,4.0
0943151201,1,5.0
0943151643,1,4.0
0943151651,2,4.5
0943151902,1,3.0
0943351669,1,4.0
0943389186,1,5.0
0943400821,1,1.0
0943414814,1,4.0
0943575516,1,5.0
0943575621,1,5.0
0943595886,1,5.0
0943604214,1,4.0
094360432X,1,4.0
0943604532,1,3.0
0943604575,2,4.5
0943604583,1,4.0
0943665000,1,4.0
0943685397,1,5.0
0943706742,1,4.0
0943748933,1,2.0
094374895X,1,4.0
0943763010,1,5.0
0943763177,1,5.0
0943763312,1,4.0
0943763355,1,5.0
0943822556,1,5.0
0943914744,1,5.0
094395570X,1,5.0
0943972094,1,5.0
0943990386,1,5.0
0943990424,1,5.0
0943990491,1,4.0
0943990742,1,5.0
0944029922,1,3.0
0944031943,1,5.0
0944031978,1,1.0
0944092691,1,5.0
0944379184,1,1.0
0944386148,1,5.0
0944428703,1,5.0
0944428711,1,5.0
0944435424,2,4.0
0944435548,1,5.0
094450213X,1,4.0
0944502334,1,4.0
0944502598,1,3.0
0944510191,1,2.0
0944560288,1,1.0
0944599087,1,5.0
0944613179,1,5.0
0944627560,1,1.0
0944634486,1,5.0
0944817653,2,2.5
0944835023,1,5.0
0944875564,1,4.0
094487598X,2,2.5
0944918042,1,5.0
0944934218,2,2.0
0944934293,2,3.5
0944934315,1,4.0
0945001533,2,4.5
0945053266,1,5.0
0945053274,1,2.0
0945053290,1,4.0
0945053304,2,3.5
0945111002,1,5.0
0945167504,1,4.0
0945315236,1,2.0
0945320531,1,5.0
0945353871,1,4.0
094535438X,1,4.0
0945383347,1,5.0
0945397836,1,4.0
0945434049,1,5.0
094546617X,2,4.5
0945466307,1,5.0
0945466358,1,2.0
0945495366,1,5.0
0945512015,1,5.0
0945585020,1,3.0
0945668155,1,4.0
0945685033,1,3.0
0945707010,1,3.0
0945707045,1,4.0
0945707118,1,2.0
0945707339,1,5.0
0945760388,1,4.0
0945774109,2,4.5
0945822065,1,5.0
0945959524,1,5.0
094648791X,1,5.0
0946535051,1,4.0
0946621322,1,5.0
0946621810,1,5.0
0946719497,1,3.0
0946719616,1,2.0
0946719705,1,4.0
0947117806,1,4.0
0947981446,1,5.0
0948006374,1,5.0
0948207973,1,3.0
0948390409,1,5.0
0948660031,1,5.0
0949749508,1,2.0
0951244752,1,5.0
095194133X,1,5.0
0952162059,1,1.0
095216440X,1,5.0
0952322528,1,5.0
0952328836,1,5.0
0952517256,1,2.0
0952537508,2,5.0
0952614766,1,3.0
0952632098,2,3.0
0952789507,1,5.0
0952912104,1,5.0
0952921529,1,5.0
0952954044,1,5.0
0953096424,1,4.0
0953131114,1,5.0
0953176622,2,5.0
095332611X,1,5.0
0953519112,1,5.0
095371120X,1,5.0
0953818055,1,5.0
0953881024,3,4.0
0953881067,9,4.33
0953933601,1,3.0
0954106369,1,4.0
0954161793,1,5.0
0954296346,1,4.0
0954358902,1,5.0
0954395921,1,4.0
0954446607,1,5.0
0954500709,2,5.0
0954627520,1,4.0
0954627563,1,4.0
0954734319,1,5.0
0954779215,1,5.0
0954779223,1,5.0
0957798105,1,5.0
0957884419,1,5.0
0957900716,1,5.0
0957921861,4,4.75
095792187X,1,3.0
0957921896,1,4.0
0957985835,1,4.0
0958054355,1,3.0
0958189145,1,5.0
0958249504,1,5.0
0958578346,1,5.0
0958670056,1,4.0
0958670080,1,5.0
0958670099,1,5.0
0958789142,1,5.0
0959774661,2,5.0
0960040013,1,4.0
0960057013,1,5.0
0960087621,1,5.0
0960170618,1,4.0
0960283862,1,4.0
0960308229,1,5.0
0960394672,1,5.0
0960412875,2,4.5
0960475419,1,1.0
0960522603,2,4.5
0960638881,1,5.0
096063889X,3,5.0
0960695400,1,5.0
0960707611,1,5.0
0960726802,1,5.0
0960735658,1,5.0
0960850090,1,5.0
0960851461,1,5.0
0960883606,1,5.0
0960971408,1,3.0
0961047062,1,5.0
096107227X,1,5.0
0961143800,1,1.0
0961248408,1,5.0
0961302674,1,5.0
0961320745,1,5.0
0961350318,1,4.0
096139210X,1,5.0
0961392142,1,5.0
0961392150,2,3.0
0961416866,1,5.0
0961424826,1,5.0
0961444401,1,5.0
0961454733,1,4.0
0961470194,1,5.0
0961519762,1,5.0
0961582944,1,4.0
0961584823,1,3.0
0961593806,1,1.0
0961598484,2,4.5
0961630663,1,4.0
0961641274,1,4.0
0961648643,1,5.0
0961663308,1,1.0
0961726679,1,4.0
0961748176,1,5.0
0961757000,1,5.0
0961808837,1,4.0
0961840668,1,5.0
0961882131,1,2.0
0961907207,1,3.0
096192201X,1,5.0
0961934506,1,5.0
0961959533,2,5.0
0962052728,2,4.5
0962060836,2,1.5
0962067121,1,5.0
0962094129,1,4.0
0962114200,1,5.0
0962117293,1,2.0
0962125733,1,3.0
0962125784,1,2.0
0962138533,1,2.0
0962145386,1,5.0
0962155144,1,4.0
0962167452,1,4.0
0962211001,1,4.0
0962213209,1,1.0
0962226408,1,5.0
096225956X,1,1.0
0962289035,1,2.0
0962306703,1,5.0
0962395315,1,5.0
0962423645,3,5.0
0962426482,1,1.0
0962453137,1,4.0
096246483X,1,5.0
0962477060,3,3.67
0962477966,1,5.0
0962515043,1,4.0
0962533661,1,5.0
0962535109,1,5.0
0962570761,1,1.0
0962596361,1,5.0
0962597716,1,1.0
0962612421,1,5.0
0962622818,1,5.0
096263591X,1,3.0
0962643807,1,5.0
0962644668,2,2.0
0962670472,1,4.0
0962673056,1,5.0
0962673099,1,5.0
096267625X,1,4.0
0962713821,1,4.0
096272095X,1,5.0
0962724637,1,1.0
0962726311,1,4.0
0962741779,1,5.0
096278155X,1,3.0
0962783277,1,5.0
0962818216,1,2.0
0962819034,1,5.0
0962833029,7,4.14
0962836907,1,5.0
0962846767,1,5.0
0962855529,1,5.0
0962897108,1,4.0
0962904910,1,5.0
096290497X,1,5.0
0962904988,2,5.0
0962907618,1,5.0
0962911925,1,5.0
0962911933,1,5.0
0962912328,1,4.0
096293030X,1,5.0
0962936022,1,5.0
0962936065,2,5.0
0962962813,1,2.0
0962962899,1,5.0
0962988804,1,5.0
0962994235,1,5.0
0963009621,1,1.0
0963022008,1,2.0
0963034014,1,5.0
0963039059,1,4.0
0963087878,1,5.0
0963096850,2,5.0
0963106090,1,5.0
0963120417,1,5.0
0963120425,1,5.0
0963120433,1,5.0
0963121707,1,5.0
0963122991,3,4.33
096312921X,1,5.0
0963129244,1,5.0
0963151835,1,5.0
096318671X,1,4.0
096319822X,1,5.0
0963198238,1,5.0
0963206702,1,5.0
0963209159,2,5.0
096321943X,1,5.0
0963235931,1,5.0
0963263773,1,4.0
0963281437,1,3.0
0963288687,1,5.0
0963290673,1,3.0
0963298208,1,5.0
0963319906,1,5.0
0963330306,1,5.0
0963370324,1,5.0
0963406302,1,5.0
0963406337,1,5.0
0963411284,1,3.0
0963446606,1,5.0
0963456024,1,2.0
0963457454,1,5.0
0963463527,1,3.0
0963473263,1,5.0
0963487167,1,1.0
0963564234,1,5.0
0963571222,1,4.0
0963596403,1,5.0
096362198X,2,5.0
096362556X,1,2.0
0963630407,1,5.0
0963630423,1,5.0
0963643509,2,5.0
0963643533,1,5.0
0963651714,1,5.0
0963651730,1,5.0
0963675133,1,4.0
096368289X,1,5.0
0963703005,1,5.0
096373248X,1,5.0
0963733613,1,5.0
096373363X,1,5.0
0963753959,1,5.0
096376120X,1,5.0
0963761226,1,5.0
0963778463,1,5.0
0963783203,1,5.0
0963796836,2,5.0
096380314X,1,3.0
0963805835,1,5.0
0963809601,1,5.0
0963815210,1,1.0
0963818368,2,3.5
0963823132,2,5.0
0963845829,2,4.0
0963846191,1,4.0
096384721X,1,4.0
0963847228,1,4.0
0963847260,1,4.0
0963847279,3,4.33
0963859501,1,5.0
0963860607,1,1.0
0963865005,1,4.0
0963865439,1,3.0
0963869558,3,5.0
0963869566,1,5.0
0963869574,3,5.0
096387151X,1,5.0
0963876406,1,5.0
0963878735,1,5.0
0963881450,1,5.0
0963907689,1,5.0
0963910337,1,4.0
0963921002,1,5.0
0963926209,2,5.0
0963937162,1,4.0
0963942964,1,4.0
0963942999,2,4.5
0963947419,2,4.0
0963956655,1,5.0
0963971611,1,4.0
0963976389,1,5.0
0964012561,1,4.0
0964048531,1,5.0
096406054X,1,5.0
0964060566,1,5.0
0964060582,1,5.0
0964084813,1,4.0
0964084961,1,5.0
0964089904,1,5.0
096409102X,1,5.0
0964093316,1,4.0
0964094584,1,1.0
0964100495,1,1.0
0964107007,1,4.0
0964107058,1,2.0
0964108003,1,5.0
0964120186,4,5.0
0964122014,1,2.0
0964130521,1,5.0
0964135892,2,3.0
0964144433,1,5.0
0964160307,1,4.0
0964164094,1,4.0
0964170612,1,3.0
0964212803,1,5.0
0964216809,1,5.0
0964216825,1,4.0
0964216833,2,5.0
0964216868,3,5.0
0964232901,1,5.0
0964238624,1,5.0
0964242672,1,1.0
0964243512,1,4.0
0964261081,1,5.0
0964271346,1,5.0
096431584X,1,5.0
0964321033,1,5.0
0964326191,3,3.67
0964336901,1,5.0
0964350408,1,5.0
096436476X,1,5.0
096442410X,1,1.0
0964425351,1,5.0
0964425890,1,5.0
0964442752,1,4.0
0964460122,1,4.0
096447963X,1,4.0
0964519127,1,5.0
0964546752,1,4.0
0964547872,1,5.0
0964548615,1,5.0
0964559846,1,4.0
0964568152,1,1.0
0964569329,1,5.0
0964571315,1,1.0
0964596032,1,5.0
0964596040,1,4.0
0964596059,1,4.0
0964596075,1,5.0
0964597284,1,5.0
0964598272,1,5.0
0964601001,1,4.0
096460101X,1,4.0
0964603659,1,4.0
096460728X,1,2.0
0964628929,1,4.0
0964629100,1,5.0
0964631075,1,5.0
0964631601,1,3.0
0964639823,1,5.0
0964654105,1,2.0
0964661853,1,2.0
0964668424,1,5.0
0964702533,1,5.0
0964711621,1,5.0
0964718723,1,4.0
0964738627,1,5.0
0964739410,1,2.0
0964758113,1,3.0
0964760908,1,4.0
0964760975,1,5.0
0964763575,1,5.0
0964783231,1,3.0
0964859114,1,5.0
0964874687,1,1.0
0964876310,1,3.0
0964888602,1,5.0
0964888610,1,5.0
0964894238,1,3.0
0964894262,1,3.0
0964911388,1,4.0
0964914182,1,5.0
0964920506,1,5.0
0964920514,1,5.0
0964974002,1,5.0
0965026302,1,5.0
096503917X,1,3.0
0965040909,1,5.0
096504453X,1,3.0
0965047709,3,4.0
0965053490,1,3.0
0965057755,1,5.0
0965058409,1,2.0
096507241X,1,5.0
0965104257,1,5.0
0965104265,1,2.0
0965113108,1,4.0
0965114511,1,1.0
0965114546,2,5.0
0965114589,1,5.0
0965120732,2,5.0
0965124053,1,5.0
0965145824,1,5.0
0965148718,1,5.0
0965150917,1,1.0
0965150941,1,1.0
096516960X,4,4.0
0965200574,1,3.0
0965213676,1,5.0
0965236943,1,5.0
0965242269,2,5.0
0965242285,2,5.0
0965250938,1,4.0
0965250962,1,5.0
0965253104,1,5.0
0965253147,2,5.0
0965260313,3,4.67
0965287742,1,5.0
096529840X,1,5.0
0965308715,1,5.0
0965310701,1,1.0
0965313247,1,5.0
0965327507,1,4.0
0965353338,1,4.0
096535752X,1,5.0
0965376648,1,5.0
0965391140,1,4.0
0965433609,1,5.0
0965435288,1,5.0
0965451704,1,5.0
0965456773,1,4.0
096546377X,1,5.0
0965466833,1,4.0
0965480607,1,3.0
096548811X,1,4.0
0965516105,1,5.0
0965521001,1,5.0
0965521818,1,5.0
0965530914,1,4.0
0965541231,1,2.0
096556620X,1,4.0
0965568237,1,4.0
0965578003,1,5.0
096562160X,1,5.0
0965623009,1,5.0
0965623904,1,1.0
0965624781,1,5.0
0965642801,1,1.0
0965659305,1,4.0
0965678415,2,4.0
0965683613,1,5.0
0965694089,1,1.0
0965701611,2,4.5
0965703150,1,2.0
0965734102,1,4.0
0965743039,2,5.0
096574373X,1,4.0
0965748367,1,2.0
0965755827,1,3.0
0965758435,1,4.0
0965763919,1,5.0
0965765997,1,1.0
0965780627,1,5.0
0965792676,1,5.0
0965800733,1,5.0
0965810801,1,1.0
0965821846,2,4.0
0965824209,1,5.0
0965840573,1,4.0
0965853349,1,5.0
096585454X,1,5.0
0965855902,1,5.0
0965857409,1,5.0
0965867404,1,5.0
0965879445,2,2.5
0965880311,1,3.0
0965881199,1,5.0
0965890147,1,5.0
0965894258,1,5.0
0965911381,1,5.0
0965922529,1,5.0
0965922812,1,5.0
0965922820,1,5.0
0965922847,1,5.0
0965925072,1,5.0
0965925838,1,5.0
0965931188,1,5.0
0965942228,1,3.0
0965951316,2,4.5
0965972135,1,4.0
0965981703,1,1.0
0965987302,1,5.0
0966001516,1,5.0
0966001532,1,5.0
0966001931,1,5.0
0966016548,1,5.0
0966034619,1,5.0
0966034694,3,3.67
0966036646,1,5.0
0966036654,1,5.0
0966036700,1,5.0
0966043626,1,3.0
0966043642,1,1.0
0966066871,1,5.0
0966068521,1,4.0
0966085604,1,1.0
0966097203,1,3.0
0966100700,1,3.0
0966100719,1,3.0
0966106601,1,3.0
0966107292,1,5.0
0966107594,1,5.0
0966128206,1,1.0
0966132777,1,5.0
0966132785,1,5.0
0966164202,1,5.0
0966172000,1,5.0
096618260X,1,5.0
0966187601,1,2.0
0966189906,1,1.0
0966189922,2,4.0
0966189981,1,3.0
0966190858,1,4.0
0966197003,1,1.0
0966197933,1,5.0
0966211715,1,5.0
0966220617,1,1.0
0966225767,1,5.0
0966228502,1,5.0
0966234138,1,3.0
0966234162,1,5.0
0966236319,1,5.0
0966237889,1,5.0
0966250400,1,5.0
0966264959,1,5.0
0966269616,1,5.0
0966270975,1,5.0
0966287630,1,5.0
0966287657,2,4.0
0966287673,1,5.0
0966290674,1,4.0
0966297903,1,5.0
096632238X,1,3.0
0966326008,1,5.0
0966326016,1,4.0
096633552X,1,4.0
0966339231,1,5.0
0966339770,1,5.0
0966349504,1,2.0
0966351711,1,4.0
0966367219,1,2.0
0966373103,2,4.5
096637732X,1,1.0
0966396685,1,2.0
096639772X,1,5.0
0966402790,1,5.0
0966408101,1,2.0
0966408217,1,1.0
0966421701,1,5.0
096642171X,1,1.0
0966425502,1,5.0
0966439503,1,5.0
0966446119,1,5.0
0966446755,2,3.5
0966447603,1,4.0
0966452321,1,5.0
0966459229,1,1.0
0966462475,1,5.0
0966469119,2,5.0
096647161X,1,3.0
0966476948,1,4.0
0966477502,1,3.0
0966480503,1,3.0
0966484908,1,4.0
0966492811,1,2.0
0966493303,1,4.0
0966500601,1,5.0
0966517113,1,5.0
0966517687,1,5.0
0966517695,1,5.0
0966526635,1,4.0
0966526686,1,5.0
0966537343,1,4.0
0966553535,1,5.0
0966561805,2,4.5
0966564049,1,5.0
096656765X,1,2.0
0966583299,1,3.0
0966587138,1,2.0
0966588010,2,3.0
0966611705,1,2.0
096662291X,1,4.0
0966637801,1,5.0
0966638328,1,5.0
0966638956,1,5.0
0966638980,2,4.5
0966638999,1,3.0
0966661060,1,4.0
0966665732,1,4.0
0966666879,1,2.0
0966678702,1,3.0
0966693213,1,3.0
0966696727,1,5.0
0966701305,1,5.0
096670360X,2,4.5
096670732X,1,4.0
0966712706,1,4.0
0966728513,1,5.0
096673839X,1,5.0
096673937X,1,2.0
0966758706,2,3.0
0966770447,2,4.0
0966770498,1,4.0
0966772628,1,5.0
0966772652,1,5.0
0966773233,1,4.0
0966780701,1,5.0
0966784839,1,5.0
0966784847,1,5.0
0966787595,1,3.0
0966797000,2,4.5
0966803035,1,2.0
0966813103,1,5.0
0966816013,1,5.0
0966818504,1,4.0
0966828925,2,5.0
0966828941,1,4.0
0966835239,1,5.0
0966836774,1,4.0
0966852109,1,3.0
0966854802,1,5.0
0966862309,1,5.0
0966876636,1,5.0
0966894901,1,4.0
0966904214,1,3.0
0966904745,1,2.0
096690480X,1,5.0
0966915828,1,5.0
0966916859,1,2.0
096692021X,1,5.0
0966921917,1,5.0
0966931203,1,3.0
0966935926,1,5.0
0966942507,1,5.0
0966971094,1,2.0
0967005701,1,5.0
0967007240,1,3.0
0967017610,1,4.0
0967029104,1,1.0
0967029309,1,4.0
0967030714,1,1.0
0967038103,1,4.0
096704510X,1,5.0
0967049202,1,5.0
0967050723,1,1.0
0967059607,1,5.0
0967059844,2,5.0
0967059852,1,5.0
0967061105,1,5.0
0967065402,1,5.0
0967077494,1,5.0
0967089328,5,4.4
0967089700,3,4.0
0967089735,5,5.0
0967089743,1,5.0
0967091705,1,5.0
0967094755,1,5.0
0967096405,1,5.0
0967096413,2,5.0
0967097320,1,5.0
0967098807,1,4.0
0967105803,1,1.0
0967142822,1,5.0
0967143209,1,3.0
0967145643,1,1.0
0967146631,1,5.0
0967152305,1,1.0
0967175402,1,4.0
0967178142,1,5.0
0967180309,1,5.0
0967183405,2,5.0
0967187109,1,5.0
0967189101,1,5.0
0967193788,1,4.0
0967197929,1,1.0
0967206715,2,3.0
096722490X,2,5.0
0967224969,2,4.5
0967224977,2,5.0
0967225345,1,4.0
0967232309,1,4.0
096723820X,1,5.0
0967251419,1,5.0
0967256410,1,5.0
0967263034,1,4.0
0967270707,1,5.0
0967271002,1,5.0
0967271045,2,1.0
0967277000,1,5.0
0967279712,1,5.0
0967282225,1,5.0
0967287006,1,2.0
0967303575,1,4.0
0967323800,1,4.0
0967323819,1,5.0
0967327911,1,2.0
0967330602,1,4.0
0967344204,1,5.0
0967375207,1,2.0
0967375517,2,5.0
0967377315,2,4.0
0967378508,1,5.0
0967386969,1,1.0
0967407494,1,5.0
0967407508,1,2.0
0967412897,4,2.5
0967417406,1,5.0
0967418100,1,4.0
0967435110,1,3.0
0967441609,1,4.0
0967450616,1,3.0
0967450659,1,1.0
0967459540,1,5.0
0967468124,1,5.0
0967469783,2,4.0
0967479606,3,3.67
0967479649,1,5.0
0967481708,1,3.0
0967483204,1,3.0
0967498104,1,5.0
0967499011,1,3.0
0967499119,1,5.0
0967502918,1,5.0
0967512301,1,4.0
0967513626,1,5.0
096751410X,1,1.0
0967518822,2,4.5
0967518830,1,4.0
0967519144,2,3.5
0967520002,1,2.0
0967539439,1,5.0
0967539838,1,5.0
0967575621,1,5.0
096757563X,2,5.0
0967578833,1,5.0
0967596130,1,5.0
0967606160,1,5.0
0967608058,1,2.0
0967633230,2,4.0
0967642809,1,5.0
0967642817,1,5.0
0967654351,1,5.0
0967663504,1,5.0
096767476X,1,5.0
0967687802,1,4.0
0967697425,1,1.0
0967714702,1,5.0
0967714923,1,5.0
0967718902,1,5.0
0967724805,1,5.0
0967725518,1,5.0
0967748143,1,4.0
0967759404,2,3.0
0967760356,1,5.0
0967790107,1,5.0
0967793416,1,5.0
0967794811,1,3.0
0967805910,1,5.0
0967809827,1,5.0
0967811228,1,5.0
0967816807,1,2.0
0967817064,1,5.0
0967817072,1,5.0
0967822106,2,2.5
0967822149,1,3.0
0967826373,1,4.0
0967838258,1,4.0
0967841437,1,5.0
0967851408,1,5.0
0967857503,1,5.0
0967868009,1,5.0
0967879809,1,5.0
0967882001,1,4.0
096788330X,2,4.5
096788764X,1,4.0
0967890438,1,5.0
0967893607,1,5.0
0967893801,1,1.0
0967911311,1,2.0
0967917107,1,4.0
0967928834,1,5.0
0967933501,1,5.0
0967945801,1,5.0
0967950317,1,3.0
0967954614,1,5.0
0967958903,2,5.0
0967965519,1,3.0
0967967503,1,5.0
0967967562,1,5.0
0967970318,3,4.67
0967970458,1,5.0
096797903X,1,5.0
0967984351,1,5.0
0967987024,1,3.0
0967991536,1,4.0
096802923X,1,5.0
0968058728,1,4.0
0968214932,1,5.0
0968240801,1,5.0
0968331823,1,5.0
096835470X,1,3.0
0968354718,1,1.0
0968368905,1,5.0
0968400426,1,1.0
0968447309,1,4.0
0968492827,1,4.0
0968519512,2,3.0
0968601405,1,5.0
0968628907,1,4.0
0968707505,1,5.0
0968751903,1,5.0
0968768946,1,3.0
0968772501,1,5.0
0968838952,1,1.0
0968850715,1,3.0
0968871518,1,3.0
0968871550,1,5.0
0968925901,1,5.0
096892591X,1,5.0
0968935702,1,3.0
0968941974,1,5.0
0968950205,1,5.0
0969179200,1,5.0
0969582226,1,5.0
0969641427,1,5.0
0969677316,2,4.0
0969677340,1,1.0
0969677359,1,2.0
096969220X,1,5.0
0969856938,1,5.0
0969987927,1,5.0
0970005717,2,2.0
0970006322,1,5.0
0970013027,2,1.5
0970014759,1,3.0
0970014767,1,5.0
0970028776,2,3.0
0970042809,1,5.0
0970045514,1,5.0
0970055218,1,1.0
0970055226,1,4.0
0970055234,2,5.0
0970057644,1,5.0
0970060610,2,5.0
0970067704,1,5.0
0970073380,1,5.0
0970083645,1,1.0
0970093349,1,5.0
0970094868,1,1.0
0970097999,1,3.0
0970116225,1,2.0
0970141947,1,5.0
0970145683,1,5.0
0970146655,1,1.0
097014668X,1,5.0
0970161700,3,4.33
0970162421,5,5.0
0970183275,1,5.0
097018431X,1,5.0
0970185804,1,5.0
0970186916,1,1.0
0970207808,1,1.0
0970215215,1,5.0
0970219660,1,4.0
0970220308,1,5.0
0970222467,1,3.0
0970231407,1,5.0
0970238339,1,5.0
0970247117,1,5.0
0970247214,1,1.0
0970247265,2,3.0
0970247281,3,4.0
0970262124,1,5.0
0970273193,1,5.0
0970278500,1,3.0
0970279329,2,4.5
0970302207,1,1.0
0970310072,1,5.0
0970312555,1,4.0
0970313012,1,5.0
0970323077,2,4.5
0970323093,1,4.0
0970335520,1,3.0
0970347316,1,2.0
0970352522,1,5.0
0970365217,1,5.0
0970378408,2,4.0
0970382405,1,5.0
0970400004,1,5.0
0970400012,1,5.0
0970406509,1,4.0
0970434480,1,2.0
0970451547,1,4.0
0970458347,1,5.0
0970479107,1,5.0
0970479522,1,5.0
0970481713,1,4.0
0970481934,1,4.0
0970490836,1,4.0
0970507909,1,5.0
0970540116,1,4.0
0970543824,1,5.0
0970544979,1,4.0
0970546629,1,2.0
0970557469,3,3.0
0970560516,1,4.0
0970568207,1,4.0
0970568215,1,4.0
0970568479,1,3.0
0970573413,1,5.0
0970575203,1,5.0
0970576811,1,1.0
0970583109,1,5.0
0970595611,1,5.0
0970601999,1,4.0
0970624212,1,1.0
0970626126,2,4.5
0970626193,1,5.0
0970631219,1,5.0
0970659105,1,4.0
0970659164,1,5.0
0970673906,1,1.0
0970682913,1,1.0
0970682964,1,2.0
0970685521,1,4.0
0970687303,1,5.0
0970690037,1,3.0
0970692676,1,5.0
0970692811,2,4.0
0970704607,1,3.0
0970709536,2,4.0
0970714637,1,5.0
0970726309,1,4.0
0970730500,1,5.0
097073462X,2,4.5
0970742053,1,5.0
0970742215,1,4.0
0970746865,1,5.0
0970750781,1,3.0
0970753004,1,5.0
0970775679,1,5.0
0970777620,1,4.0
0970784902,1,5.0
0970791917,1,5.0
0970799705,1,5.0
0970807597,1,5.0
097080881X,1,5.0
0970821646,1,5.0
0970822650,2,4.5
0970825307,1,5.0
0970827342,1,3.0
0970849338,1,5.0
0970863349,1,5.0
0970864515,1,5.0
0970867417,1,5.0
0970869630,1,5.0
0970874642,1,5.0
0970874693,1,5.0
0970886950,2,4.0
0970886977,3,4.0
0970886985,3,3.33
0970910118,1,3.0
0970911718,1,5.0
0970917031,1,5.0
0970919506,1,5.0
0970930704,1,5.0
0970944667,1,1.0
0970970315,1,4.0
0970972652,1,4.0
0970996519,1,5.0
0971019754,1,5.0
0971024952,1,5.0
097103141X,1,5.0
0971032610,1,5.0
0971035601,1,1.0
0971049319,2,4.0
0971078610,1,5.0
097107965X,3,2.67
0971082642,1,1.0
0971084114,1,1.0
0971084130,2,3.0
0971100047,1,5.0
0971102007,1,5.0
0971116296,1,2.0
0971128103,1,4.0
0971131724,1,5.0
0971131740,1,5.0
0971144702,2,5.0
0971147205,1,5.0
0971151032,1,5.0
0971151067,5,4.8
0971164738,6,4.33
0971164770,1,4.0
0971164789,2,4.0
0971174814,1,4.0
0971180318,1,5.0
097120196X,1,1.0
0971202206,1,5.0
0971207046,1,5.0
0971214921,1,1.0
0971217505,2,5.0
0971222002,1,4.0
0971222010,1,5.0
0971229007,1,2.0
0971237018,1,2.0
0971237034,2,3.5
0971237042,3,4.0
0971237085,1,5.0
0971246440,2,4.0
0971252602,1,2.0
0971255873,1,5.0
0971257000,2,2.5
097126161X,1,5.0
0971276110,1,4.0
0971278601,2,4.0
0971281203,1,5.0
0971281408,2,5.0
0971297207,1,4.0
0971300305,1,5.0
0971309957,1,4.0
0971327823,1,5.0
0971341575,2,5.0
0971344094,1,5.0
0971347255,1,4.0
0971357234,3,3.0
0971357250,2,5.0
0971358222,1,2.0
0971360820,1,3.0
0971365903,1,5.0
0971386609,1,5.0
0971398909,2,4.0
0971400326,1,5.0
0971401020,1,5.0
0971407207,2,3.0
0971407339,5,4.4
0971408653,1,2.0
0971410089,1,5.0
0971410283,1,1.0
0971412901,2,4.5
0971412936,1,5.0
0971412944,2,4.0
0971422907,1,4.0
0971427224,1,3.0
0971437211,2,3.0
0971440506,1,5.0
0971448124,1,5.0
0971451516,1,3.0
0971453209,18,4.39
0971453233,1,5.0
0971457689,1,1.0
097146670X,1,4.0
0971466890,2,5.0
0971473633,1,5.0
0971476993,3,4.67
0971489467,1,5.0
0971490856,1,2.0
0971500703,1,5.0
097150072X,3,3.33
0971518319,1,2.0
0971537402,3,5.0
0971539804,1,5.0
0971551480,1,2.0
0971553629,2,3.5
0971554498,1,4.0
0971556504,1,5.0
0971564000,2,2.0
0971573603,2,4.5
0971580804,1,5.0
0971584753,1,5.0
0971588902,1,1.0
097159404X,1,3.0
0971601305,1,5.0
0971609101,1,3.0
0971614512,1,5.0
0971633878,1,2.0
0971634912,1,5.0
0971639906,2,5.0
0971645965,1,2.0
0971659702,1,5.0
0971662304,1,2.0
0971662355,3,2.0
0971695873,1,1.0
0971700931,1,5.0
0971702144,3,5.0
0971703612,1,3.0
0971703647,2,5.0
0971711925,1,1.0
0971712417,1,5.0
0971725403,1,5.0
0971727910,2,5.0
0971727929,5,4.6
0971727937,6,4.83
0971729638,2,5.0
0971731659,1,4.0
097173660X,1,5.0
0971741808,1,5.0
0971745412,2,5.0
0971757593,1,5.0
0971759502,1,5.0
097176204X,1,5.0
0971765022,2,5.0
0971778019,1,1.0
0971784345,5,4.4
0971791104,1,4.0
0971793565,3,3.33
0971793573,1,4.0
0971794006,1,5.0
0971796505,1,3.0
0971801428,2,4.5
0971814309,1,5.0
0971815054,1,5.0
0971815119,1,5.0
0971818509,1,5.0
0971851522,2,4.5
0971860033,1,5.0
0971873402,1,3.0
0971879605,1,4.0
0971889708,1,5.0
0971890102,2,4.5
0971891109,1,5.0
0971891117,1,5.0
0971921199,1,5.0
0971933405,1,4.0
0971933413,2,4.0
0971934088,1,5.0
0971938830,1,5.0
0971939241,1,5.0
0971942439,1,5.0
0971958106,2,5.0
0971961204,1,5.0
0971964300,1,5.0
097196940X,1,5.0
0971988404,1,5.0
0971994501,1,3.0
0972002626,1,5.0
0972005064,1,5.0
0972008039,1,4.0
0972016414,2,3.5
0972018417,6,4.83
0972020748,2,4.0
0972020772,1,4.0
0972020799,1,3.0
0972022724,1,5.0
0972025413,1,1.0
0972028277,1,3.0
0972029206,1,5.0
0972029222,1,1.0
0972030107,2,5.0
097203840X,1,4.0
0972044221,6,3.67
0972066217,1,4.0
0972066268,1,5.0
0972072837,4,5.0
0972094164,2,5.0
0972101802,1,4.0
0972109803,1,4.0
0972112804,1,1.0
0972115293,1,5.0
0972120211,1,4.0
097212022X,1,5.0
097212179X,2,3.0
097212182X,1,5.0
0972121838,1,5.0
0972121897,1,1.0
0972123342,1,5.0
0972123377,1,2.0
097212960X,4,4.25
0972132112,1,3.0
0972143602,1,5.0
0972151206,1,5.0
0972151249,1,5.0
0972153209,1,2.0
0972167412,1,5.0
0972168729,1,5.0
0972202668,1,5.0
0972209115,1,5.0
0972222006,1,4.0
0972223002,1,5.0
0972238565,1,5.0
0972247815,1,4.0
0972247831,2,4.5
0972254420,1,1.0
0972262423,1,5.0
0972277196,1,5.0
097227880X,1,5.0
0972281908,1,5.0
0972295658,1,1.0
0972299017,1,5.0
0972311009,1,2.0
0972311017,1,4.0
0972317937,1,4.0
0972324372,1,1.0
0972353208,1,3.0
097235350X,1,4.0
0972356215,1,4.0
0972363904,1,5.0
0972368655,1,3.0
0972380108,2,5.0
0972380132,3,5.0
0972383042,1,3.0
0972393617,1,2.0
0972393625,3,3.33
0972393633,1,5.0
097239432X,1,5.0
0972400370,1,5.0
0972417346,1,5.0
0972417354,1,2.0
0972424113,1,5.0
0972429530,1,1.0
0972437738,1,2.0
0972437746,1,1.0
097244128X,1,5.0
0972441409,3,4.0
0972445013,2,4.0
0972455302,1,5.0
0972456295,2,5.0
0972456910,1,5.0
097246641X,1,5.0
097246865X,2,1.5
0972469036,3,2.67
0972469060,1,5.0
0972486720,1,2.0
0972492607,1,1.0
0972507841,1,5.0
0972510001,1,5.0
0972510419,1,4.0
0972529012,2,4.5
097253380X,1,3.0
0972534806,1,4.0
0972537902,1,1.0
0972538437,1,5.0
0972543600,1,5.0
0972545425,2,5.0
0972553606,1,5.0
0972553746,1,5.0
0972553762,1,4.0
0972563806,1,5.0
0972572880,1,1.0
0972577025,1,5.0
0972588019,1,4.0
0972589813,1,5.0
0972598111,1,5.0
0972606408,1,5.0
0972617086,1,5.0
0972619720,1,5.0
0972619879,1,4.0
0972621504,1,5.0
0972624414,1,5.0
0972635750,2,4.5
0972635785,1,5.0
0972640142,1,4.0
097264380X,1,5.0
0972650431,1,5.0
0972652914,1,5.0
0972672958,1,3.0
0972675604,1,5.0
0972683917,1,2.0
0972688811,1,4.0
097268882X,1,5.0
097269675X,2,4.0
0972705554,1,2.0
097270731X,1,4.0
0972712119,2,4.5
0972714405,1,1.0
097271491X,1,1.0
0972749306,1,5.0
0972751319,1,4.0
0972751955,1,3.0
0972753702,1,5.0
0972759298,1,4.0
097276612X,1,5.0
097276710X,1,2.0
0972783210,1,5.0
0972795332,1,1.0
0972800557,1,4.0
0972800565,1,4.0
0972800581,1,5.0
0972805028,2,5.0
0972805370,1,1.0
0972807101,1,4.0
0972807152,2,5.0
0972822399,1,4.0
0972825207,1,5.0
0972831010,2,5.0
097283981X,1,5.0
0972844732,1,5.0
097284502X,1,3.0
0972851887,1,1.0
0972852905,4,3.0
0972852913,3,2.67
0972858547,1,5.0
0972860320,1,5.0
0972863419,1,5.0
0972872604,1,5.0
0972883584,2,3.0
0972885013,2,5.0
097288999X,1,5.0
0972890300,1,5.0
097289070X,1,4.0
0972893806,1,5.0
0972896961,1,5.0
097291871X,2,3.5
0972918736,1,4.0
0972918744,1,1.0
0972922652,1,5.0
0972922903,1,5.0
0972923705,1,4.0
0972929622,1,5.0
0972930930,1,5.0
0972931708,1,5.0
0972932518,1,4.0
0972936211,1,1.0
0972937706,1,5.0
0972942734,1,5.0
0972944508,1,5.0
0972959815,2,3.5
0972959823,1,5.0
0972959831,1,5.0
0972959874,1,3.0
0972959890,4,4.5
0972962506,1,5.0
0972967303,10,4.9
0972973036,1,5.0
0972978100,1,2.0
0972986618,1,1.0
0972987762,1,5.0
0972992901,1,4.0
0973027010,1,5.0
0973083174,1,5.0
0973083727,1,5.0
0973119705,1,5.0
0973157003,1,5.0
097315702X,1,5.0
097316980X,1,5.0
0973224002,4,4.5
0973225483,1,3.0
0973274808,1,5.0
0973275200,1,5.0
0973278676,2,4.0
0973322802,1,5.0
0973323302,1,3.0
0973323310,1,3.0
0973349212,1,5.0
0973358602,1,5.0
0973378603,1,5.0
0973381760,1,4.0
0973405406,1,4.0
0973405481,1,5.0
0973467622,2,4.0
0973534133,1,5.0
0973540907,1,5.0
0973651202,1,5.0
0973673605,2,5.0
0973690402,4,1.0
0973731702,1,5.0
0973735201,1,1.0
0973779608,1,1.0
097401320X,1,2.0
0974013218,1,5.0
0974013900,1,5.0
0974014001,1,3.0
0974019038,1,5.0
0974028614,1,4.0
0974032301,1,1.0
0974035904,2,3.0
0974039454,1,5.0
0974041114,2,3.5
0974056022,1,5.0
0974056731,1,5.0
0974061026,1,5.0
0974062146,1,4.0
0974068748,1,1.0
0974072516,2,3.0
0974081906,1,1.0
0974082503,1,5.0
0974092118,1,4.0
0974092800,1,3.0
0974095524,1,1.0
0974106003,1,5.0
0974137715,2,4.0
0974142808,1,5.0
0974145718,3,4.0
0974145742,3,2.67
0974146803,1,5.0
0974150002,1,1.0
0974150207,1,5.0
0974153001,2,5.0
0974161705,2,3.5
0974166464,1,4.0
0974170046,1,5.0
0974171425,1,5.0
0974188700,1,2.0
0974189405,1,5.0
0974195510,1,5.0
0974226912,2,3.0
097423060X,1,4.0
0974237159,1,2.0
0974239011,2,3.0
0974239100,1,5.0
0974240508,1,5.0
0974240559,1,3.0
097424340X,1,4.0
0974255211,1,4.0
0974256919,1,5.0
097426721X,2,5.0
0974271004,1,3.0
0974275433,3,4.67
0974275573,1,5.0
0974279056,1,4.0
0974291536,1,4.0
0974304824,1,5.0
0974306649,1,5.0
0974317608,1,5.0
0974327417,1,3.0
0974339105,1,4.0
0974348104,1,5.0
0974359602,1,5.0
0974363626,1,4.0
0974363650,1,5.0
0974363685,3,4.67
0974363960,1,1.0
0974363995,2,2.5
0974372102,1,1.0
0974377619,1,5.0
0974381411,3,5.0
0974387606,1,5.0
0974392340,1,1.0
0974403784,1,3.0
0974409200,2,5.0
0974416002,1,5.0
0974416118,1,1.0
0974420212,2,5.0
0974423009,1,5.0
0974434477,1,5.0
0974435449,1,1.0
0974435546,1,2.0
0974437433,1,1.0
0974439800,1,4.0
097443986X,1,4.0
0974452424,1,5.0
0974464406,1,5.0
0974470619,1,5.0
0974472107,1,5.0
0974476455,1,5.0
0974483907,2,5.0
0974497908,1,5.0
0974501433,1,4.0
0974503134,1,5.0
0974513806,2,5.0
0974514004,1,4.0
0974514039,3,4.0
0974514047,3,3.33
0974514055,1,3.0
0974514063,2,4.0
0974519804,1,2.0
0974521272,1,1.0
0974524603,2,4.5
097452462X,1,3.0
0974524638,2,3.0
0974524662,1,2.0
0974524670,1,3.0
0974524689,1,1.0
0974524697,2,3.5
0974525308,1,5.0
0974530905,2,5.0
0974531324,1,5.0
0974537608,1,2.0
0974537616,1,2.0
0974537632,8,4.75
0974554502,1,5.0
0974558303,2,5.0
0974558702,1,5.0
0974560324,1,3.0
0974575046,1,5.0
0974577685,1,5.0
0974582905,1,5.0
097458293X,1,5.0
0974582972,1,5.0
0974594504,1,2.0
097461338X,2,1.0
097461369X,1,1.0
097462103X,1,4.0
0974622907,1,5.0
0974629022,1,5.0
0974637009,1,4.0
0974648183,1,5.0
0974658758,1,1.0
097465891X,1,4.0
0974666521,1,4.0
0974670103,2,4.0
0974670138,2,3.0
0974676306,1,5.0
0974684465,1,5.0
0974688711,1,1.0
0974690244,1,5.0
0974693235,1,5.0
0974694207,1,1.0
0974694258,2,5.0
0974694290,1,5.0
0974696633,1,5.0
0974698105,1,5.0
0974699004,3,4.0
0974702501,1,2.0
0974702528,1,4.0
0974702560,2,5.0
0974702579,1,5.0
0974707414,1,5.0
0974707708,1,4.0
0974719137,1,5.0
0974722103,2,4.5
0974722146,1,3.0
0974732311,1,5.0
0974732532,1,4.0
097474431X,1,5.0
0974745502,2,3.0
0974748005,1,4.0
0974750131,2,3.0
097475210X,1,5.0
0974764507,1,5.0
0974766038,1,5.0
0974767808,1,5.0
097476809X,2,3.0
0974773034,1,2.0
0974779113,1,3.0
097478690X,1,5.0
0974789542,1,3.0
0974791504,1,5.0
097479550X,1,3.0
0974803200,1,5.0
0974805114,1,5.0
0974805130,1,5.0
0974820814,1,5.0
0974824909,1,2.0
0974827002,1,1.0
0974827401,1,5.0
097483050X,1,5.0
0974839205,1,4.0
0974844144,1,5.0
0974844187,1,5.0
0974848417,1,3.0
0974848808,2,3.0
0974853348,1,3.0
0974856606,2,4.5
0974857009,1,5.0
0974858013,1,5.0
097485803X,2,3.5
0974868450,1,5.0
0974874507,1,4.0
0974876542,1,5.0
0974884324,1,1.0
097488670X,1,1.0
0974886807,1,3.0
097488684X,2,2.5
0974886858,2,2.5
0974899712,1,5.0
0974908037,1,5.0
0974914541,1,5.0
0974917915,2,4.5
0974929808,1,4.0
0974929816,1,1.0
0974930008,1,5.0
097493030X,1,4.0
0974930326,1,5.0
0974930407,2,5.0
0974939609,1,5.0
0974945005,1,3.0
0974947113,1,5.0
0974953652,3,3.33
0974955205,1,5.0
0974960888,1,5.0
0974960942,1,4.0
0974970433,1,2.0
0974980102,1,4.0
0974980404,1,3.0
0974993352,1,5.0
0974995851,1,5.0
0975126407,1,5.0
097515947X,1,5.0
097521280X,1,4.0
0975212818,1,4.0
0975213903,1,5.0
0975249002,5,5.0
0975257382,1,5.0
0975258907,2,3.5
0975258923,2,5.0
0975264540,1,5.0
0975264583,1,5.0
0975270605,1,1.0
0975282204,1,5.0
0975283707,1,5.0
0975283715,1,5.0
0975286706,1,5.0
0975289616,1,5.0
0975291203,1,4.0
0975297619,1,5.0
0975297627,2,5.0
0975298003,3,5.0
0975302701,1,2.0
0975306073,1,2.0
0975306626,3,3.0
0975306642,1,2.0
0975306693,1,4.0
0975320408,1,1.0
0975322443,1,5.0
0975322451,1,5.0
0975324608,1,5.0
097532490X,1,2.0
0975325906,1,5.0
0975329901,2,4.0
0975329944,1,4.0
0975339702,1,5.0
0975342207,1,1.0
0975345540,1,5.0
0975348809,1,4.0
097535048X,1,5.0
097537561X,4,3.0
0975376535,1,2.0
0975380826,1,1.0
097538130X,1,5.0
0975381326,1,5.0
0975389203,1,2.0
0975396439,1,5.0
0975397044,1,4.0
0975404903,1,4.0
0975406000,1,5.0
0975410105,1,5.0
0975415670,1,5.0
0975417908,1,4.0
0975427008,1,5.0
0975436600,1,5.0
0975436619,1,4.0
0975436708,2,4.5
0975443402,1,5.0
0975451626,2,3.5
0975451634,2,3.0
0975453378,1,5.0
0975453386,1,5.0
0975480456,1,4.0
0975492217,1,1.0
0975496905,3,3.67
0975503200,1,5.0
0975516205,1,5.0
0975519913,2,5.0
0975521616,1,5.0
0975527800,1,5.0
0975533126,1,1.0
097554036X,1,5.0
0975541706,1,5.0
0975553402,1,3.0
0975562207,1,5.0
0975563009,1,5.0
0975566733,2,2.5
0975568604,1,3.0
0975572202,1,1.0
0975572210,1,5.0
0975573926,1,5.0
0975581104,1,5.0
0975591401,1,1.0
0975592904,1,5.0
0975594605,1,1.0
0975597108,2,5.0
097559740X,2,5.0
097559950X,16,1.75
0975599518,43,2.77
0975717405,1,5.0
0975720007,1,5.0
0975850326,1,5.0
0975850806,1,5.0
0975857088,1,5.0
0975857096,1,5.0
0975867911,1,5.0
0975874411,1,5.0
0975876945,1,5.0
0975886541,1,5.0
0975891413,1,5.0
0975892800,1,4.0
0975896806,1,5.0
0975917102,1,5.0
0975922947,1,5.0
0975925539,1,4.0
0975938207,1,5.0
0975944622,2,4.5
0975944630,1,5.0
0975946102,1,5.0
0975948806,1,1.0
0975961500,1,5.0
0975963201,1,1.0
0975965328,1,5.0
0975965344,1,3.0
0975966006,1,1.0
0975967606,1,4.0
0975983660,1,4.0
0975985310,1,5.0
0975988409,1,5.0
0975989006,2,5.0
0975991477,10,4.6
0975998110,2,4.5
0975999206,1,2.0
0976001101,1,5.0
0976017407,1,2.0
0976020505,1,5.0
0976023571,1,1.0
0976035715,1,1.0
0976035723,1,5.0
0976039001,1,4.0
0976049201,1,5.0
0976052504,1,5.0
0976057409,2,5.0
0976057549,1,5.0
0976057611,1,5.0
0976061805,3,3.0
0976061821,1,1.0
0976068001,1,5.0
0976072602,1,5.0
0976073919,2,5.0
0976082217,1,5.0
0976086514,1,3.0
0976090139,1,5.0
0976096315,1,5.0
0976096501,1,5.0
097609925X,1,5.0
0976112000,1,4.0
0976114100,1,1.0
0976118106,2,5.0
0976119005,1,5.0
0976141086,2,5.0
097614140X,1,5.0
0976153505,1,5.0
0976154706,2,5.0
0976155508,1,5.0
0976159104,2,4.5
0976165902,12,4.67
0976166011,1,2.0
097617040X,1,2.0
0976187000,1,5.0
0976187809,1,5.0
097619130X,1,4.0
0976195410,1,5.0
0976196204,1,5.0
0976211300,1,5.0
0976214709,1,5.0
0976227916,1,5.0
0976234904,1,5.0
0976234912,2,5.0
0976234920,3,3.67
0976234963,1,4.0
0976247909,1,5.0
0976249707,2,2.5
0976249804,1,5.0
0976251604,4,5.0
0976252708,2,4.5
0976254263,1,5.0
0976256525,2,5.0
0976261308,2,5.0
0976268604,1,2.0
0976270900,1,3.0
0976279401,1,5.0
0976287404,1,5.0
0976303809,1,5.0
0976305054,2,5.0
0976340801,1,5.0
0976341107,2,3.5
0976349205,1,5.0
0976353911,1,5.0
0976358107,1,5.0
0976377705,1,5.0
0976386232,1,1.0
0976393514,1,1.0
0976395908,2,5.0
097640110X,1,5.0
0976405008,1,5.0
0976405903,2,3.5
0976422603,2,5.0
0976436809,1,3.0
0976465507,3,5.0
0976465515,2,5.0
0976470101,1,5.0
0976476525,1,5.0
0976491907,1,5.0
0976494329,2,5.0
0976498138,1,5.0
0976506203,1,5.0
0976519836,3,5.0
0976526611,1,5.0
097652810X,1,5.0
0976542609,1,5.0
0976542633,1,5.0
097655030X,1,3.0
0976553007,1,5.0
0976554100,1,5.0
0976556502,1,2.0
0976557916,1,5.0
0976578301,1,5.0
0976585707,2,4.5
0976595788,3,5.0
0976598604,1,5.0
0976600714,1,4.0
0976604507,5,4.8
0976613212,1,5.0
0976623102,1,5.0
0976628708,1,5.0
0976631008,1,5.0
0976637219,2,2.5
0976638819,1,5.0
0976649004,1,5.0
097666190X,1,4.0
0976682206,1,2.0
097669400X,2,4.5
0976701219,1,5.0
0976718669,2,5.0
0976723417,1,5.0
0976726904,7,5.0
0976738007,1,5.0
0976739011,1,4.0
0976742527,1,5.0
0976744104,1,1.0
0976744112,2,4.0
0976744120,1,1.0
0976744201,1,5.0
097674421X,1,5.0
0976747308,1,5.0
097676640X,1,5.0
0976776405,1,5.0
0976789418,2,5.0
0976799227,1,1.0
0976830302,1,5.0
0976857804,1,5.0
0976860007,1,5.0
0976861208,1,4.0
0976867001,1,5.0
0976877201,1,5.0
0976888505,1,5.0
0976895900,2,5.0
0976915901,1,5.0
0976932407,1,4.0
0976933403,1,5.0
0977002608,1,5.0
0977007022,1,5.0
0977010783,1,5.0
0977050602,1,5.0
0977080412,1,2.0
0977085538,1,5.0
0977134830,1,5.0
0977189309,1,5.0
1000001687,1,5.0
1400000084,1,5.0
1400011329,1,4.0
1400012813,1,2.0
1400013208,1,5.0
1400013690,2,3.0
1400013755,1,2.0
1400013763,1,5.0
1400014077,1,5.0
1400014085,1,4.0
1400014190,2,4.5
1400014913,1,4.0
1400020239,1,3.0
1400020271,1,2.0
1400020549,1,4.0
1400020751,1,4.0
1400021170,1,1.0
1400021839,1,5.0
1400030021,1,5.0
1400030080,2,3.0
1400030099,1,4.0
1400030250,1,4.0
1400030382,1,2.0
1400030609,2,4.5
140003065X,2,4.5
1400030838,1,5.0
1400030927,1,5.0
1400031001,1,5.0
1400031087,6,4.83
1400031133,1,5.0
1400031354,1,5.0
1400031532,1,5.0
1400031540,1,4.0
1400031575,1,3.0
1400031699,2,4.0
1400031702,2,2.5
140003180X,1,5.0
1400031818,2,4.5
1400031885,1,5.0
1400032083,1,1.0
1400032350,1,5.0
1400032369,1,5.0
140003258X,1,4.0
1400032652,1,5.0
1400032717,20,4.2
1400032806,7,3.86
1400032903,5,4.8
1400033756,1,5.0
1400033764,1,5.0
1400033802,1,4.0
1400033918,1,5.0
1400034116,1,5.0
1400034183,1,5.0
1400034469,1,2.0
140003468X,1,5.0
1400034728,1,4.0
1400034779,2,3.5
1400040019,1,5.0
1400040035,1,5.0
140004006X,6,4.17
1400040264,1,4.0
1400040310,4,3.75
1400040353,2,5.0
1400040442,2,4.0
1400040450,3,5.0
1400040566,1,5.0
1400040671,1,5.0
1400040744,1,5.0
1400040760,1,5.0
1400040795,1,3.0
1400040868,1,5.0
1400040930,1,4.0
1400040957,1,5.0
1400041112,1,5.0
1400041287,1,5.0
140004135X,2,1.5
1400041457,1,4.0
1400041473,1,4.0
1400041570,1,4.0
1400041619,5,3.4
1400041759,2,4.0
1400041767,1,4.0
1400041996,1,2.0
1400042011,2,4.0
1400042127,22,3.77
1400042135,1,3.0
1400042216,1,5.0
1400042240,1,3.0
1400042267,2,3.5
140004233X,2,3.0
1400042488,1,5.0
1400042755,1,4.0
140004281X,5,5.0
1400042909,2,3.5
1400043085,3,4.33
1400043123,3,4.67
140004314X,3,5.0
1400043379,1,4.0
1400043395,18,4.22
1400043417,2,4.5
1400043646,1,5.0
1400043662,7,3.86
1400043700,3,4.0
1400043816,4,3.25
1400045371,4,5.0
1400045509,1,3.0
1400045940,1,5.0
1400046122,1,2.0
140004622X,1,1.0
1400046408,4,5.0
1400046416,1,5.0
1400046475,3,4.67
140004684X,1,5.0
1400046874,1,4.0
1400046955,2,4.5
1400047285,2,4.5
1400047323,1,3.0
1400047595,1,3.0
1400047641,1,5.0
140004765X,1,5.0
1400047862,1,2.0
1400047927,2,4.5
140004796X,1,5.0
1400048001,1,4.0
1400048389,1,5.0
1400048656,1,5.0
1400048672,2,3.5
1400048710,1,5.0
1400048737,1,5.0
1400048753,1,5.0
1400048842,1,3.0
1400048931,1,5.0
1400049199,1,1.0
1400049202,1,1.0
1400049210,2,5.0
1400049229,1,1.0
1400049350,4,4.25
1400049520,1,5.0
1400049628,6,4.17
1400049687,1,5.0
1400049709,1,5.0
1400049741,1,5.0
1400049903,1,1.0
1400050081,3,4.67
1400050111,3,4.67
1400050219,1,5.0
140005026X,1,1.0
1400050332,1,3.0
1400050359,1,4.0
1400050421,1,5.0
1400050448,1,5.0
1400050456,1,5.0
1400050588,1,5.0
1400050685,1,3.0
1400050715,1,3.0
1400050790,1,3.0
1400050847,2,1.5
1400051029,1,5.0
140005107X,1,5.0
1400051347,1,5.0
1400051428,1,1.0
1400051452,2,2.5
1400051495,1,4.0
1400051576,4,4.75
1400051606,1,5.0
140005169X,1,5.0
1400051711,2,4.0
1400051754,1,5.0
1400051878,1,4.0
1400051908,1,1.0
1400052114,1,5.0
1400052157,1,5.0
1400052378,1,5.0
1400052408,1,5.0
1400052424,1,5.0
1400052483,1,1.0
1400052564,1,5.0
1400052580,22,4.14
1400052688,1,4.0
1400052718,1,5.0
1400052726,1,4.0
1400052734,1,5.0
1400052793,1,2.0
140005284X,5,4.6
1400052858,2,4.5
1400052882,1,5.0
1400052904,1,1.0
1400052998,1,2.0
1400053064,1,4.0
1400053153,1,3.0
1400053161,1,3.0
1400053250,1,5.0
1400053439,1,5.0
1400053625,1,5.0
140005365X,1,4.0
1400053668,1,1.0
1400053684,6,4.83
1400053781,1,4.0
140005382X,1,5.0
1400054095,1,2.0
1400054184,8,4.25
1400054745,1,4.0
1400054761,1,1.0
140005477X,1,5.0
1400054788,1,4.0
1400054877,2,4.5
1400059453,1,5.0
1400060028,1,4.0
1400060036,1,2.0
1400060060,1,5.0
1400060079,6,4.33
1400060168,1,4.0
1400060176,1,4.0
1400060184,2,2.5
1400060281,6,4.5
140006032X,1,5.0
1400060397,2,5.0
1400060400,1,5.0
1400060494,1,5.0
1400060508,2,4.5
1400060516,2,3.5
1400060621,1,5.0
1400060761,1,5.0
1400060818,1,5.0
1400060842,12,4.75
1400060869,1,3.0
1400060923,1,4.0
1400060990,1,4.0
1400061016,1,1.0
1400061091,1,4.0
1400061164,1,4.0
1400061180,1,2.0
1400061199,1,5.0
1400061245,4,4.0
1400061326,1,5.0
1400061504,2,2.5
140006158X,3,4.0
1400061601,6,3.0
1400061652,1,5.0
1400061784,1,5.0
1400061849,5,4.2
1400061946,2,1.5
1400061989,2,2.5
1400062136,1,5.0
1400062144,2,5.0
1400062217,1,4.0
1400062292,1,5.0
1400062314,9,3.67
1400062411,1,3.0
1400062438,1,2.0
1400062500,3,3.33
1400062527,1,3.0
1400062594,1,5.0
1400062659,4,4.0
1400062667,1,4.0
1400062845,1,5.0
1400062896,3,5.0
1400062918,5,3.6
1400063043,2,4.5
1400063051,1,4.0
1400063108,2,4.5
1400063175,3,5.0
1400063272,1,1.0
140006337X,7,3.57
1400063426,1,4.0
1400063450,2,2.5
1400063469,1,3.0
1400063493,1,5.0
1400063531,2,5.0
1400063701,3,4.67
1400063779,1,5.0
1400063833,12,3.67
1400063922,6,4.67
1400064031,1,5.0
1400064074,1,5.0
1400064090,1,5.0
1400064562,1,4.0
1400064740,8,4.38
1400071267,1,1.0
1400075289,1,2.0
1400075602,1,4.0
1400076099,2,5.0
1400076145,1,5.0
1400076544,1,4.0
1400076609,1,5.0
1400076943,2,3.5
1400076951,1,5.0
1400077087,5,3.2
1400078008,1,4.0
1400078377,2,3.5
1400078520,1,5.0
1400078679,2,3.5
1400078970,3,5.0
1400079322,2,4.5
1400079446,3,4.33
1400079934,2,5.0
1400079950,3,3.33
1400080363,1,5.0
1400080452,1,4.0
1400080479,3,5.0
1400080495,1,5.0
1400080517,1,5.0
1400080592,1,5.0
1400081009,5,3.2
1400081025,1,5.0
1400081033,3,2.33
1400081440,1,4.0
1400081599,3,4.67
140008170X,1,3.0
1400081807,1,5.0
1400081882,3,4.67
140008198X,5,4.4
1400082315,21,3.33
1400082366,1,4.0
1400082382,1,5.0
1400082536,3,4.33
1400082587,4,3.75
1400082773,3,5.0
1400082781,6,5.0
1400082870,4,5.0
1400082943,5,3.6
1400085314,1,5.0
1400090687,2,4.5
1400095085,2,3.5
1400095093,2,3.0
1400095360,2,5.0
1400095808,1,3.0
1400095913,5,4.2
1400097355,1,5.0
140009741X,6,4.5
1400097711,2,4.5
1400097916,2,4.0
1400098424,1,5.0
1400099188,1,4.0
1400099498,1,5.0
1400099625,1,5.0
1400100259,1,1.0
1400100577,1,5.0
1400101565,1,5.0
1400101573,1,4.0
1400101719,1,4.0
1400303842,1,5.0
1400304644,1,5.0
1400305284,1,5.0
1400305292,1,4.0
1400305667,1,5.0
1400306590,1,5.0
1401027407,1,4.0
1401029043,1,5.0
140103473X,1,5.0
1401038840,1,5.0
1401044751,1,4.0
1401044832,1,5.0
1401052975,1,5.0
1401054080,1,5.0
1401054986,1,5.0
1401060978,1,1.0
1401064515,1,5.0
1401069274,1,3.0
1401072658,1,4.0
1401074146,1,5.0
1401081274,1,1.0
1401085873,1,2.0
1401086276,1,1.0
1401091490,1,4.0
140109242X,1,5.0
1401200079,1,4.0
1401200087,1,4.0
1401200605,1,4.0
1401200621,1,3.0
140120077X,1,5.0
1401200893,1,2.0
1401200923,1,5.0
1401200990,1,4.0
1401201180,2,3.0
1401201245,1,5.0
1401201288,1,3.0
1401201695,1,4.0
1401201911,1,5.0
1401201938,1,3.0
1401201946,1,2.0
1401202012,1,5.0
1401202071,1,4.0
1401202098,1,2.0
1401202187,2,5.0
1401202225,1,5.0
1401202322,1,4.0
1401202403,1,4.0
1401202411,1,4.0
1401202438,1,5.0
1401202519,1,5.0
1401202543,1,4.0
140120256X,1,5.0
1401202691,2,3.5
1401202799,1,2.0
1401203272,1,5.0
1401203418,1,4.0
1401203442,1,4.0
1401203477,2,5.0
1401203914,1,2.0
1401204228,1,4.0
1401204244,1,5.0
1401204260,1,5.0
1401204341,1,5.0
1401204376,1,4.0
1401204406,1,4.0
1401204430,1,4.0
1401204686,1,4.0
1401204732,1,5.0
1401204740,2,4.0
1401204805,1,4.0
1401204864,1,5.0
1401204929,2,4.0
1401204953,2,5.0
140120502X,1,5.0
1401205127,1,5.0
1401205380,1,3.0
1401206123,1,5.0
1401206565,1,5.0
1401206905,2,5.0
1401206999,1,5.0
1401207278,1,5.0
1401300286,1,1.0
1401300340,1,4.0
1401300367,1,4.0
1401300391,5,3.6
1401300464,2,2.0
1401300642,4,4.25
1401300707,1,4.0
1401300715,1,5.0
1401300731,5,5.0
1401300871,2,2.5
1401300901,1,5.0
1401301010,2,3.5
140130107X,1,5.0
1401301088,1,5.0
1401301126,3,4.0
1401301177,2,5.0
1401301282,2,4.5
1401301312,1,5.0
1401301428,3,4.67
1401301495,3,4.0
1401301568,1,5.0
1401301711,1,5.0
1401301800,8,4.5
1401301819,3,2.0
1401301894,5,4.4
1401301916,2,5.0
1401302009,2,4.5
1401302289,3,2.0
1401302351,2,4.5
1401302424,1,4.0
1401307442,1,5.0
1401307663,3,3.67
1401307698,1,4.0
1401307795,1,2.0
1401308104,4,4.0
1401337031,1,1.0
1401351964,1,5.0
140135209X,1,4.0
1401352154,4,3.75
1401352197,2,5.0
1401352227,2,4.5
1401352243,2,5.0
1401352294,1,4.0
1401352316,2,5.0
1401352367,3,4.33
1401359345,6,4.17
1401359620,2,5.0
1401382339,1,4.0
1401397530,1,5.0
1401399169,1,5.0
1401600085,1,4.0
1401600204,1,5.0
1401600751,1,5.0
1401601073,1,5.0
1401601103,1,2.0
1401601111,1,4.0
1401601146,1,2.0
1401602029,1,5.0
140160207X,2,5.0
1401602126,1,4.0
1401602169,1,4.0
1401602177,1,5.0
1401812066,2,4.5
1401815324,1,4.0
1401819826,1,5.0
1401820492,1,3.0
1401824196,1,2.0
1401825540,2,5.0
1401837654,1,5.0
1401839673,1,5.0
140184006X,1,5.0
140184362X,2,5.0
1401843808,1,4.0
1401848184,1,3.0
140185060X,1,4.0
1401852068,1,5.0
1401857043,1,5.0
1401864961,1,5.0
1401871097,1,5.0
1401878180,1,2.0
1401878385,1,5.0
1401878776,2,5.0
1401881548,1,5.0
140188203X,1,5.0
1401883850,2,3.5
1401888763,1,5.0
1401900313,1,5.0
1401900488,2,3.0
1401900526,2,5.0
1401900631,1,4.0
1401900852,5,4.4
140190100X,1,5.0
1401901115,1,4.0
1401901123,1,5.0
1401901204,3,4.33
140190131X,3,3.33
1401901387,1,5.0
1401901921,1,5.0
1401902049,1,3.0
1401902081,1,5.0
1401902103,1,1.0
1401902154,8,2.75
1401902324,1,5.0
1401902340,2,4.5
1401902413,1,5.0
1401902448,1,5.0
1401902480,2,3.5
140190257X,1,5.0
1401902618,1,5.0
1401902669,1,5.0
1401902758,2,5.0
1401902901,3,3.0
1401902928,1,5.0
1401903002,1,5.0
1401903010,2,5.0
1401903096,2,5.0
140190310X,1,5.0
1401903185,1,5.0
1401903193,1,5.0
140190324X,1,5.0
1401903339,1,4.0
140190341X,1,5.0
1401903517,1,5.0
1401903584,1,3.0
1401903789,1,5.0
1401903983,1,5.0
1401903991,1,4.0
140190405X,1,5.0
1401904157,1,2.0
140190419X,2,5.0
1401904238,2,3.5
1401904432,1,5.0
1401904599,21,4.57
1401904602,1,5.0
140190467X,2,4.5
1401905153,3,4.67
1401905323,1,5.0
1401905404,1,1.0
1401905668,11,5.0
1401905676,2,1.0
1401906109,1,5.0
1401906125,1,5.0
1401906257,1,5.0
1401907350,2,3.0
1401907474,1,5.0
1402072791,1,4.0
1402074018,1,3.0
1402076665,1,4.0
140207672X,1,2.0
1402080913,1,1.0
1402200153,1,5.0
1402200455,2,4.5
1402200617,1,1.0
1402202172,1,3.0
1402202296,1,5.0
1402202377,1,5.0
1402202652,1,4.0
1402202695,2,5.0
1402202733,7,3.29
1402203063,1,5.0
1402203349,1,5.0
140220342X,1,5.0
1402203462,1,5.0
1402203748,2,4.0
1402203810,2,5.0
1402204000,1,5.0
1402204094,1,4.0
1402541775,1,5.0
1402541805,1,5.0
1402555989,1,4.0
1402558945,1,5.0
1402573723,1,1.0
1402575629,1,5.0
1402581386,1,5.0
1402583648,2,5.0
1402594291,1,5.0
1402597665,1,5.0
1402700598,1,5.0
1402704100,1,5.0
1402705697,1,5.0
1402705778,1,5.0
1402706596,1,1.0
1402707436,1,4.0
1402707975,1,5.0
1402708890,1,4.0
1402710593,1,2.0
1402711018,1,5.0
1402711476,1,3.0
1402712073,1,5.0
1402713231,1,3.0
1402714203,1,5.0
1402714424,2,4.0
1402714580,1,5.0
1402716125,3,5.0
1402717288,2,3.0
1402718381,1,5.0
1402718616,9,4.44
1402718756,1,4.0
1402718802,1,5.0
1402719442,1,5.0
1402719965,1,5.0
140272005X,2,4.5
140272022X,2,5.0
1402721390,1,3.0
1402721536,1,5.0
1402721544,1,5.0
1402723490,1,2.0
140272568X,1,5.0
1402732805,1,3.0
1402809654,1,5.0
1403300291,1,5.0
1403306095,1,4.0
1403308004,1,5.0
1403321981,1,1.0
1403325510,1,2.0
1403337748,1,1.0
1403346089,1,4.0
1403348065,1,3.0
1403353123,1,3.0
1403357110,1,1.0
140335958X,1,5.0
1403364222,1,2.0
1403370192,1,1.0
1403373515,1,5.0
1403382387,1,5.0
1403388830,1,4.0
1403394733,1,5.0
1403903050,1,5.0
1403911770,2,3.0
1403915075,1,5.0
1403934037,1,3.0
1403941092,1,5.0
1403942633,1,5.0
140396131X,2,3.5
1403961557,1,5.0
1403962294,1,5.0
1403962383,1,5.0
1403963037,1,5.0
1403963541,1,5.0
1403964300,1,5.0
1403964335,1,3.0
1403965382,1,5.0
1403966869,1,5.0
1403966982,1,5.0
1403967261,1,3.0
140396792X,2,4.5
140396839X,1,5.0
1403968950,1,4.0
1403969213,2,4.0
140397201X,1,5.0
1404100954,1,5.0
140410187X,1,5.0
1404101926,1,5.0
1404102116,1,5.0
1404184961,1,2.0
1404314504,1,2.0
1404345302,1,5.0
140500116X,1,4.0
1405103264,1,5.0
1405103310,1,3.0
1405103418,3,4.67
1405103426,1,5.0
1405104503,1,5.0
1405105305,1,1.0
1405106824,1,4.0
1405125241,2,2.5
1405201711,1,5.0
1405211296,1,1.0
1410101924,1,5.0
1410103323,1,3.0
1410105083,1,5.0
1410106632,1,5.0
1410201570,1,5.0
1410201953,1,1.0
1410212394,1,3.0
1410213560,1,5.0
1410219992,1,5.0
1410401901,1,4.0
1410402193,2,3.5
1410701727,1,5.0
1410704211,1,5.0
1410704459,1,1.0
1410708454,1,4.0
1410716732,1,5.0
1410717305,1,5.0
141071764X,1,4.0
1410717666,2,2.0
1410729397,1,5.0
1410730883,1,5.0
1410738507,1,5.0
1410740110,1,5.0
1410741168,1,1.0
1410742008,1,3.0
1410749428,1,5.0
1410750833,1,5.0
1410752828,1,1.0
1410753476,2,4.5
1410765652,2,1.5
1410765857,1,1.0
1410779130,1,5.0
1410785149,2,1.0
1410791998,2,2.0
1410793680,2,5.0
1410796949,1,5.0
1411603443,1,1.0
1411603605,1,1.0
1411607546,1,5.0
1411608313,3,4.67
1411608542,1,1.0
1411609158,1,5.0
1411611462,1,5.0
1411612507,1,1.0
1411613236,1,4.0
1411613279,1,3.0
1411613384,1,2.0
1411613961,1,5.0
141161609X,1,5.0
1411616669,1,5.0
141161836X,2,4.5
1411618726,1,5.0
1411619188,1,4.0
1411621425,1,5.0
1411621913,1,4.0
1411622103,1,5.0
1411622987,1,5.0
1411624505,1,5.0
1411624815,1,5.0
141162520X,1,1.0
1411625307,1,5.0
141162551X,2,4.5
1411627148,2,4.5
1411627644,1,1.0
1411628179,1,5.0
1411628985,1,5.0
1411629205,1,5.0
1411632389,1,5.0
1411634535,1,3.0
1411634616,1,5.0
1411635515,1,3.0
1411635892,1,5.0
1411636872,1,5.0
1411637488,1,1.0
1411639626,1,5.0
1411641361,1,5.0
1411642910,1,5.0
1411644573,1,5.0
1411646746,1,5.0
1411647211,1,5.0
1411647289,1,5.0
1412000882,1,3.0
1412004772,1,4.0
1412005078,1,5.0
1412006686,1,4.0
1412006848,1,4.0
1412007607,1,2.0
1412012651,1,4.0
1412013607,1,2.0
141201607X,1,4.0
1412023548,1,5.0
1412028744,1,5.0
1412032245,1,5.0
1412032423,1,5.0
1412032482,1,5.0
1412033209,1,5.0
1412033853,1,1.0
1412035651,1,5.0
141203633X,1,5.0
1412037735,2,1.0
1412039096,2,3.0
1412039312,1,5.0
1412040191,1,5.0
1412040558,1,2.0
1412041171,1,5.0
1412045320,4,5.0
1412048435,1,5.0
1412050189,3,4.0
1412700523,1,4.0
1412915104,1,5.0
1412916496,1,5.0
1413001785,1,2.0
1413300405,1,5.0
1413300782,1,5.0
1413300855,1,5.0
141330088X,1,4.0
1413301479,2,5.0
1413301800,1,5.0
1413301878,1,5.0
1413302165,1,5.0
1413303722,1,5.0
141340488X,1,5.0
1413406114,1,5.0
141340720X,1,5.0
1413409849,1,1.0
1413410960,1,1.0
1413411983,1,4.0
1413412203,1,5.0
1413414265,1,5.0
1413416144,1,4.0
1413420680,1,5.0
1413420699,1,5.0
1413422691,1,2.0
1413426220,1,4.0
1413431992,1,4.0
1413434819,10,4.8
1413440002,1,4.0
1413444539,1,5.0
1413446663,1,3.0
1413448879,1,5.0
1413450156,1,5.0
1413451012,1,5.0
1413451365,1,2.0
1413451438,1,5.0
1413451942,1,5.0
1413453767,1,4.0
1413454763,2,5.0
1413458548,2,5.0
1413459234,1,5.0
1413461980,1,5.0
1413463134,1,3.0
1413465323,1,5.0
1413466621,1,5.0
1413468136,1,5.0
1413468845,1,3.0
1413469183,1,4.0
1413469353,1,5.0
141346937X,1,5.0
1413470998,1,5.0
1413473474,1,5.0
1413477801,1,5.0
1413478654,1,5.0
1413482023,1,5.0
141348297X,1,4.0
1413484050,1,4.0
1413487777,1,5.0
1413488781,1,4.0
1413488811,1,5.0
1413701426,1,5.0
1413701949,1,5.0
1413702767,1,5.0
1413703771,1,5.0
1413705898,1,5.0
1413706045,1,5.0
1413707491,1,5.0
1413712878,1,5.0
1413713106,1,5.0
1413713823,1,5.0
1413713963,1,2.0
1413716121,1,5.0
1413719627,1,5.0
1413719708,1,5.0
1413720536,1,1.0
1413721648,1,5.0
1413723071,1,5.0
1413723241,1,5.0
1413726453,1,5.0
1413726593,1,5.0
1413726755,2,4.5
1413728898,1,5.0
1413729142,1,5.0
1413729789,2,5.0
1413730779,1,5.0
1413730841,1,5.0
1413730957,1,2.0
1413732755,1,5.0
141373278X,1,1.0
1413737099,1,4.0
1413739555,1,3.0
1413740073,1,5.0
1413740243,1,5.0
1413740650,1,5.0
1413741614,1,5.0
1413741800,1,5.0
1413741959,1,5.0
1413742130,1,5.0
1413742998,1,5.0
1413743838,1,4.0
1413744877,2,1.0
141374527X,1,1.0
1413747124,1,5.0
1413748546,1,5.0
1413749542,1,5.0
1413750419,1,1.0
141375161X,1,5.0
1413752020,1,5.0
1413754317,1,5.0
1413755453,1,5.0
141375645X,1,4.0
1413756808,1,4.0
1413757855,1,5.0
1413757944,1,5.0
1413759106,1,5.0
1413760031,1,4.0
1413760821,1,5.0
1413761445,1,4.0
1413761844,1,5.0
141376231X,1,5.0
1413762328,1,5.0
1413762468,1,5.0
1413762476,1,5.0
1413763928,1,5.0
1413763960,1,4.0
1413764592,1,5.0
1413764851,1,5.0
141376598X,1,5.0
1413765998,1,5.0
1413766153,1,5.0
1413766455,1,5.0
1413768687,1,4.0
1413769624,1,5.0
1413769713,1,2.0
1413769993,1,5.0
1413772730,1,5.0
1413774342,1,5.0
1413775519,2,4.0
1413776469,1,5.0
141377668X,1,4.0
1413777457,1,1.0
1413777503,1,4.0
1413778038,1,5.0
1413778348,1,5.0
1413778631,1,5.0
1413779107,1,5.0
1413780229,1,5.0
1413780776,1,5.0
1413781322,1,5.0
1413783775,1,5.0
1413785379,1,4.0
1413785468,1,3.0
1413786650,1,5.0
141378920X,1,5.0
1413789935,1,5.0
1413790968,1,2.0
1413794548,1,5.0
1413900178,1,5.0
1413900267,1,4.0
1413901441,1,3.0
1413901794,1,2.0
1413902340,2,3.5
1413903177,1,5.0
141400303X,1,5.0
1414023715,1,4.0
1414024746,1,1.0
1414025017,1,5.0
1414034458,1,3.0
1414047487,1,4.0
1414072740,1,3.0
1414078013,1,5.0
1414100574,2,3.5
1414101406,2,5.0
1414101856,1,2.0
1414103697,1,4.0
1414236824,1,5.0
1414258011,1,4.0
1414275897,1,2.0
1414283024,1,1.0
1414300336,1,5.0
1414300360,1,4.0
1414300395,3,3.67
1414300786,2,5.0
1414300913,1,5.0
1414301383,1,5.0
1414302045,1,4.0
1414302134,1,5.0
1414302606,1,5.0
1414302797,1,5.0
1414303424,1,5.0
1414303432,15,4.13
1414304501,1,5.0
1414306385,1,4.0
1414702043,1,5.0
1416001263,1,5.0
1416001298,1,5.0
1416002944,2,5.0
1416023127,1,5.0
1416500200,1,1.0
1416500448,1,1.0
1416500464,1,5.0
1416501622,1,5.0
1416503560,1,5.0
1416503595,2,4.5
1416504176,1,4.0
1416504273,1,3.0
1416504419,1,4.0
1416504915,1,5.0
1416505202,1,4.0
1416505458,3,3.0
1416507507,1,2.0
1416507558,2,3.5
1416507825,1,5.0
1416508937,2,5.0
1416508945,3,5.0
1416509682,1,5.0
1416509690,3,4.0
1416513116,1,5.0
1416900144,1,5.0
1416900233,1,4.0
141690056X,6,3.83
1416900667,1,5.0
141690235X,3,3.0
1416902414,6,4.0
1416902473,2,4.5
1416902597,1,5.0
1416906703,1,5.0
1416907106,2,5.0
1416909532,1,1.0
1416913912,3,4.33
1417617853,1,5.0
1417635959,1,4.0
1417903198,1,3.0
1417942444,1,5.0
1417949864,1,5.0
1417978066,1,5.0
1418005665,1,3.0
141802046X,1,5.0
1418169773,1,1.0
1418403199,1,5.0
1418404616,1,5.0
1418404993,1,5.0
1418408891,1,1.0
1418409014,1,5.0
1418413380,1,5.0
1418418668,1,1.0
1418420174,1,5.0
1418423122,1,4.0
1418425036,1,5.0
1418425559,1,3.0
1418426539,1,5.0
1418430072,1,3.0
1418430714,1,3.0
1418432237,1,5.0
1418434027,1,1.0
1418434426,1,1.0
1418435058,1,4.0
1418435635,1,1.0
1418437824,1,5.0
1418440663,1,5.0
1418440841,1,5.0
1418444804,1,5.0
141844538X,1,4.0
1418445916,1,5.0
1418449210,1,1.0
1418453277,1,4.0
1418453331,1,5.0
141845589X,1,5.0
1418466360,1,1.0
1418474789,1,5.0
1418475181,1,3.0
1418478946,1,4.0
1418481157,2,2.5
1418481165,2,3.0
1418481394,1,4.0
1418485756,1,5.0
1418487082,1,1.0
1418488437,2,3.5
1418491454,2,3.5
1418491462,1,4.0
1418493260,1,5.0
1418494070,1,5.0
1418494283,1,4.0
1418494372,1,5.0
1418496251,1,1.0
1418498068,1,2.0
1418498149,1,1.0
1418499404,1,4.0
1418835617,1,4.0
1419116665,1,1.0
1419132318,1,1.0
1419138499,1,1.0
1419153501,1,1.0
1419156853,1,1.0
1419160826,1,5.0
1419165046,1,3.0
1419304801,1,5.0
1419333828,1,5.0
141933591X,1,3.0
141934322X,1,5.0
1419349996,1,5.0
1419361538,1,5.0
1419501577,1,1.0
1419505017,1,5.0
1419505149,2,1.0
1419600109,1,4.0
1419600206,1,5.0
1419600923,1,5.0
1419601806,2,5.0
1419602616,1,5.0
1419602640,1,5.0
1419602926,1,3.0
1419605011,1,5.0
1419605127,1,5.0
1419605917,1,3.0
1419606018,1,5.0
1419606530,1,2.0
1419607561,1,5.0
141960807X,1,5.0
1419608142,1,4.0
1419609300,1,4.0
1419610481,1,4.0
1419950037,1,5.0
141995007X,1,5.0
141995010X,1,5.0
1419950282,1,3.0
1419950339,1,4.0
141995038X,1,5.0
1419950487,1,5.0
1419950509,1,5.0
1419950908,1,5.0
1419950916,1,4.0
1419951009,1,5.0
1419951076,2,5.0
1419951114,1,4.0
1419951130,1,4.0
1419951157,1,5.0
141995122X,2,4.0
1419951238,2,4.5
1419951378,1,5.0
1419951491,1,2.0
1419951572,1,5.0
1419951610,1,5.0
141995170X,1,5.0
1419951807,1,3.0
1419952080,1,1.0
1420631225,1,4.0
1420802054,1,5.0
1420802321,1,3.0
1420803387,1,4.0
1420803778,1,5.0
1420803905,1,5.0
1420804715,1,3.0
1420805223,1,5.0
1420806947,1,3.0
1420807005,1,5.0
1420807617,1,5.0
1420808052,1,1.0
1420808265,1,5.0
142080846X,1,3.0
1420809822,1,5.0
1420812173,3,5.0
1420812793,1,5.0
1420814583,1,5.0
1420815628,1,5.0
1420816799,1,3.0
1420820451,1,5.0
1420823876,1,5.0
1420824414,1,5.0
1420825895,1,5.0
1420826905,1,5.0
1420831445,1,5.0
1420834614,1,5.0
1420836722,1,5.0
1420836749,1,4.0
1420837818,1,5.0
1420840169,1,5.0
1420841033,1,5.0
1420841300,1,5.0
1420843818,1,5.0
1420845225,1,2.0
1420849212,1,5.0
1420849549,1,5.0
1420850083,1,5.0
1420851594,1,5.0
1420857983,1,4.0
1420859455,1,5.0
1420862987,1,2.0
1420867423,1,5.0
1420868535,1,5.0
1463422423,1,5.0
1550022997,1,3.0
1550023624,1,4.0
1550023780,1,5.0
1550024779,1,5.0
1550173502,1,5.0
1550223852,1,1.0
1550224611,1,2.0
1550224700,1,5.0
1550224743,1,5.0
1550225391,1,5.0
1550225405,1,2.0
1550225480,2,5.0
1550225677,1,5.0
1550225839,1,5.0
1550225847,1,4.0
1550226185,1,3.0
1550226215,1,5.0
1550226568,2,3.0
1550226576,1,5.0
1550226614,6,4.17
1550226649,2,3.5
1550226843,1,5.0
1550286250,1,3.0
1550370987,1,5.0
1550372653,1,5.0
1550374842,1,5.0
1550376330,1,5.0
155037883X,1,5.0
1550379100,1,5.0
1550391518,1,5.0
1550412949,1,4.0
1550463322,1,4.0
1550463659,1,4.0
1550464051,1,5.0
1550548913,1,3.0
1550549855,1,4.0
1550711229,1,5.0
1550747797,1,3.0
155074805X,1,4.0
1550749595,2,5.0
1551052261,1,4.0
1551053810,1,5.0
1551054280,2,5.0
1551055201,1,5.0
1551091623,1,5.0
1551103982,2,4.0
1551110172,1,4.0
1551302616,1,2.0
1551381346,1,5.0
1551430959,1,5.0
1551432552,1,5.0
1551520672,1,5.0
1551521067,1,1.0
1551521806,1,5.0
1551562189,1,5.0
1551562871,2,5.0
1551563266,1,5.0
1551563495,1,5.0
1551563991,1,5.0
1551564610,1,5.0
1551665042,1,5.0
1551665093,1,4.0
1551665344,1,4.0
1551665638,1,4.0
1551666189,1,5.0
1551666472,1,5.0
155166660X,1,5.0
1551667940,2,4.5
1551668335,1,1.0
1551668998,1,5.0
1551669048,1,1.0
1551669226,1,4.0
1551669293,1,4.0
155166965X,1,3.0
1551800594,1,4.0
1551803542,1,4.0
1551805693,1,5.0
1551926334,1,5.0
1551926385,1,5.0
1551990210,1,5.0
1551990814,1,5.0
1552090159,1,5.0
1552092062,1,2.0
1552092984,1,5.0
1552093026,1,5.0
1552093158,1,1.0
1552093425,1,3.0
1552093735,1,5.0
1552096106,1,4.0
1552096335,1,5.0
1552100154,2,5.0
1552123073,1,1.0
1552451313,1,5.0
1552460746,1,5.0
1552633071,1,5.0
1552635171,1,5.0
1552636127,2,3.5
1552636143,1,5.0
1552781607,1,5.0
1552850749,1,5.0
1552852113,1,4.0
155285227X,1,5.0
1552854973,1,5.0
1552972224,1,5.0
1552975487,1,5.0
1552975762,2,2.5
1552975924,1,4.0
155297605X,1,5.0
1552977188,1,5.0
155297734X,1,5.0
1552977498,1,3.0
155297751X,1,5.0
1552977862,1,3.0
1552977978,1,5.0
1552979512,2,5.0
1552979660,1,1.0
1553014073,1,4.0
1553062655,1,3.0
1553066561,1,4.0
1553100387,1,5.0
1553376609,1,5.0
1553412311,1,5.0
1553413458,1,5.0
155341411X,1,4.0
155341554X,1,4.0
1553416074,1,5.0
1553650018,1,4.0
1553663055,1,3.0
155369175X,2,5.0
1553693078,1,1.0
1553696042,1,3.0
1553697898,1,1.0
1553817532,1,5.0
1553952081,1,5.0
1553956303,2,4.0
1554041066,1,2.0
1554070120,1,5.0
1554070244,1,5.0
1554070325,1,5.0
155407102X,1,4.0
1554102170,1,5.0
1555046258,1,5.0
1555174019,1,5.0
1555177948,1,5.0
1555177956,1,5.0
1555211550,1,5.0
1555423566,1,5.0
1555534007,1,5.0
1555535798,1,4.0
1555536034,1,5.0
1555536239,1,3.0
155557162X,1,5.0
1555571948,1,5.0
1555582419,2,3.5
1555582869,1,5.0
1555583016,1,4.0
1555583156,2,2.5
1555583164,1,3.0
1555610277,1,4.0
1555610730,1,5.0
1555612482,1,4.0
1555612881,1,5.0
1555613462,3,4.33
1555661173,1,3.0
1555662188,1,5.0
1555662498,1,5.0
1555662838,1,5.0
1555663192,1,1.0
1555663273,3,4.33
1555663494,1,5.0
1555663559,1,5.0
1555715494,1,5.0
1555716334,2,5.0
1555831567,1,5.0
1555832342,1,3.0
1555832903,1,4.0
1555833837,1,3.0
1555834701,1,3.0
1555835384,1,3.0
155583566X,1,2.0
1555835856,1,3.0
1555835864,1,5.0
1555836062,1,3.0
1555836534,1,5.0
1555836585,1,4.0
1555837441,1,4.0
1555837468,1,3.0
1555837581,1,4.0
1555837891,1,1.0
155583793X,3,3.33
1555838103,1,5.0
1555838170,1,3.0
1555838197,5,2.8
1555838235,1,5.0
1555838405,3,3.67
1555838537,1,5.0
1555838545,2,4.0
1555838596,4,4.75
1555838634,1,5.0
1555838715,2,4.5
1555838812,2,3.0
1555838847,2,4.5
1555838855,2,4.5
1555838898,2,4.0
1555839037,1,4.0
1555839061,1,5.0
1555839088,1,4.0
155583910X,1,5.0
1555911390,1,5.0
1555912532,1,5.0
1555912559,1,5.0
1555913024,1,5.0
1555914128,1,5.0
1555914195,1,5.0
1555914616,1,5.0
1555915116,1,5.0
1555919030,1,4.0
1555951783,1,3.0
1555952399,1,5.0
1555972608,1,1.0
1555973183,1,4.0
1555973639,1,5.0
1555974198,1,3.0
1556053657,1,4.0
1556110332,1,4.0
1556113471,1,5.0
1556125658,1,1.0
1556159005,2,5.0
1556181566,1,1.0
1556195052,1,3.0
1556220782,2,4.5
1556222297,2,3.0
1556223242,1,5.0
1556226373,1,4.0
1556226950,1,5.0
1556229135,1,4.0
1556229224,1,1.0
1556229240,1,1.0
1556229984,1,2.0
1556236832,1,4.0
1556342330,1,5.0
1556343302,1,5.0
1556345658,1,5.0
1556345933,1,5.0
1556347294,1,5.0
1556347340,1,5.0
1556370040,1,5.0
1556370385,1,3.0
155637092X,1,4.0
1556430744,1,2.0
1556431740,1,5.0
1556431767,1,5.0
1556432038,1,5.0
155643216X,1,5.0
155643233X,1,2.0
1556432410,1,2.0
1556432607,1,5.0
1556433212,1,3.0
1556433255,1,4.0
1556433468,1,5.0
1556433565,1,5.0
1556433794,1,5.0
1556433875,1,3.0
155643393X,1,5.0
1556434073,1,5.0
1556434251,1,5.0
1556434308,1,5.0
1556434650,1,5.0
1556434855,1,1.0
155643488X,1,4.0
1556435061,1,5.0
1556435193,1,5.0
1556520581,1,5.0
1556520743,2,3.5
1556522371,1,4.0
155652241X,1,4.0
1556523181,1,4.0
1556523521,1,3.0
1556523750,2,4.0
1556524005,1,5.0
1556524056,1,4.0
1556524625,1,5.0
1556525060,1,5.0
1556525206,1,5.0
1556525222,1,4.0
155652532X,5,5.0
1556525591,1,4.0
1556525648,1,5.0
1556525656,1,5.0
1556525672,1,5.0
1556525737,1,5.0
1556525745,1,5.0
1556525761,1,3.0
155652577X,2,4.5
1556525869,1,5.0
1556525966,1,4.0
1556591896,1,5.0
1556592019,2,5.0
1556592213,1,5.0
1556612664,1,5.0
1556615736,1,5.0
1556615760,1,5.0
155661683X,1,5.0
1556618042,1,5.0
1556619820,1,5.0
1556703260,2,5.0
1556704704,1,5.0
1556706308,1,5.0
1556709668,1,2.0
1556817177,1,5.0
1556852193,1,1.0
1557000026,1,5.0
1557043167,1,4.0
1557045658,1,4.0
1557046492,1,5.0
1557046514,1,4.0
1557046654,1,4.0
1557091420,1,5.0
1557094713,1,5.0
1557133581,1,5.0
1557237026,1,3.0
1557252165,1,2.0
155725253X,1,5.0
1557252912,1,5.0
1557253064,1,5.0
1557253447,1,5.0
1557254052,2,5.0
1557254184,1,5.0
1557254206,1,5.0
1557254281,1,5.0
1557283044,1,4.0
1557286019,1,4.0
1557287902,2,5.0
1557342350,1,5.0
1557342911,1,4.0
1557344205,1,5.0
1557345546,1,1.0
1557360200,1,5.0
1557385556,1,1.0
1557388733,1,5.0
155738911X,1,3.0
1557481105,1,5.0
1557481822,1,5.0
1557482640,1,4.0
1557484619,1,5.0
155750217X,1,4.0
155750248X,1,5.0
1557502641,1,5.0
1557503877,1,5.0
1557504180,1,5.0
1557504253,1,4.0
1557504881,1,5.0
1557505306,1,5.0
1557505365,2,2.0
1557507198,1,5.0
1557508097,1,4.0
1557508313,1,4.0
1557531455,1,5.0
1557532818,1,4.0
155766126X,1,1.0
1557662363,1,5.0
1557666466,1,5.0
1557739870,1,5.0
155776025X,1,5.0
1557782075,1,5.0
1557787611,1,3.0
155778843X,2,5.0
1557788472,1,1.0
1557832471,1,5.0
1557832773,1,5.0
155783332X,1,4.0
1557833575,1,3.0
1557834474,1,5.0
1557834598,1,2.0
155783492X,1,5.0
1557835055,1,5.0
1557835071,1,5.0
1557835519,1,3.0
1557836000,5,3.8
1557836361,1,5.0
1557836388,2,5.0
1557836531,1,5.0
1557880204,1,1.0
1557880468,1,5.0
1557880557,1,1.0
155788238X,1,5.0
1557882452,1,4.0
1557882622,1,4.0
1557882649,1,4.0
1557882940,1,5.0
1557883432,1,5.0
1557883467,1,1.0
1557883521,1,5.0
1557883610,2,3.0
155788370X,1,4.0
1557883718,1,4.0
1557883874,1,4.0
1557883947,1,4.0
1557884234,2,3.5
155788451X,1,2.0
1557884536,1,5.0
1557984115,1,4.0
1557987912,2,4.5
1557988889,1,4.0
1557989605,1,5.0
1557989788,1,5.0
1557995788,1,5.0
1557996067,1,4.0
1557996555,1,5.0
1557996563,1,5.0
1557997659,1,4.0
1557997667,2,4.5
1557998116,1,5.0
1557998140,1,5.0
155799854X,1,5.0
1557998566,1,5.0
1557998914,1,5.0
1557999309,1,5.0
1557999422,1,5.0
1557999708,1,5.0
155802378X,1,5.0
1558151672,1,5.0
1558155066,1,4.0
1558176594,1,5.0
1558177418,1,5.0
1558190333,1,4.0
1558192506,1,4.0
155819262X,1,5.0
1558196536,1,5.0
1558199500,1,5.0
155821447X,1,5.0
1558214526,1,5.0
1558215433,1,5.0
1558215662,1,2.0
1558215948,1,5.0
1558217215,1,5.0
1558217916,1,5.0
1558219293,1,4.0
1558219528,2,5.0
1558281800,1,5.0
1558290699,1,1.0
1558321144,1,5.0
1558321152,1,5.0
1558321179,1,5.0
1558321276,1,5.0
1558321527,2,4.5
155832156X,1,5.0
1558321772,1,5.0
1558321810,1,5.0
155832187X,1,5.0
1558321950,1,5.0
1558322027,1,5.0
1558322035,1,5.0
1558322051,2,3.5
1558322116,1,5.0
1558322337,1,5.0
155832237X,2,4.5
155832240X,1,5.0
1558322426,2,4.5
1558322450,7,4.86
155832254X,2,5.0
1558322620,2,4.5
155832304X,1,5.0
1558323074,1,5.0
155849393X,1,4.0
155849491X,1,5.0
1558503048,1,5.0
1558504206,1,4.0
1558505822,3,4.67
1558507124,1,5.0
1558507280,1,5.0
1558508457,1,5.0
1558533834,1,5.0
1558535969,2,5.0
1558539352,1,5.0
1558539395,1,1.0
1558539522,1,5.0
1558539654,1,4.0
1558539786,1,5.0
1558539913,1,5.0
1558580093,2,4.0
1558584226,1,5.0
1558585362,2,5.0
1558591184,1,4.0
1558592199,1,5.0
1558594744,1,5.0
1558601368,1,3.0
1558603395,1,5.0
1558605614,1,3.0
1558605827,1,4.0
1558606432,1,1.0
1558607013,1,5.0
1558607366,2,2.5
1558607587,1,5.0
1558608745,1,3.0
1558609067,1,4.0
1558609164,1,4.0
1558609172,1,1.0
1558609326,1,5.0
1558612742,1,5.0
1558614745,1,2.0
1558614923,1,3.0
1558641297,1,5.0
1558671102,1,1.0
1558671145,1,3.0
1558671242,1,2.0
1558685197,1,5.0
1558685219,1,5.0
1558686398,1,5.0
1558686797,1,2.0
1558687025,1,5.0
155868705X,1,3.0
1558687742,1,5.0
1558688501,1,5.0
1558702067,1,5.0
155870390X,1,5.0
1558704655,1,1.0
1558705201,1,4.0
1558705325,1,3.0
1558705600,1,1.0
1558706070,1,2.0
1558706429,1,5.0
1558706852,1,5.0
1558707395,1,5.0
1558707441,1,5.0
1558740422,1,5.0
1558740546,1,5.0
1558741119,1,5.0
1558741127,1,3.0
1558741798,1,5.0
1558742778,1,5.0
1558743669,4,3.5
1558745157,2,4.5
1558745262,1,5.0
155874682X,1,5.0
1558747060,2,2.5
1558747192,1,5.0
1558747540,1,5.0
1558748792,1,5.0
1558748989,1,5.0
1558749373,2,5.0
1558762590,1,2.0
1558820582,1,5.0
1558821023,1,5.0
1558850260,1,4.0
1558854169,1,5.0
1558888470,1,1.0
1558963456,1,5.0
1558963758,1,4.0
1558964487,1,5.0
1559212519,1,5.0
1559213140,1,3.0
1559270357,1,5.0
155927641X,1,4.0
1559277777,1,5.0
1559277874,2,3.5
1559278064,1,5.0
1559279001,1,5.0
1559279311,1,1.0
1559333065,1,5.0
1559349158,1,2.0
155935027X,1,5.0
1559390212,1,5.0
1559390697,1,5.0
1559390743,1,5.0
1559390921,1,5.0
1559391030,1,4.0
1559391200,1,5.0
1559391294,1,5.0
1559391553,1,5.0
1559391693,1,5.0
1559391766,1,5.0
1559391790,1,3.0
1559391995,1,5.0
1559392169,1,5.0
1559392266,1,4.0
1559459042,1,3.0
1559498951,1,2.0
1559501103,1,5.0
1559501782,1,5.0
155950188X,1,5.0
1559502096,1,4.0
1559502290,1,4.0
1559502401,1,5.0
1559530138,1,5.0
1559530693,1,5.0
155953107X,1,5.0
1559585595,1,5.0
155963295X,1,5.0
1559634340,1,4.0
1559634669,1,3.0
1559634952,1,5.0
1559636327,1,5.0
1559636378,1,5.0
1559636815,1,5.0
1559637501,1,5.0
1559637706,1,5.0
1559638575,1,4.0
1559638605,1,5.0
1559638923,1,4.0
1559639776,1,5.0
155963992X,1,4.0
1559705302,1,3.0
1559705477,1,4.0
1559707100,1,5.0
1559707879,2,5.0
1559707895,1,4.0
1559714581,1,5.0
1559717955,1,3.0
1559718706,1,4.0
1559719052,1,5.0
1559719060,1,5.0
1559719168,1,5.0
1559723157,1,3.0
155972496X,1,4.0
1559775661,1,2.0
1559942339,1,5.0
1559946679,1,5.0
155994806X,1,5.0
1559948361,1,5.0
1559949902,1,4.0
1560002514,1,5.0
1560005319,1,4.0
1560006218,1,3.0
156001668X,1,3.0
1560104481,1,5.0
1560105828,1,5.0
156010662X,1,5.0
1560107405,1,3.0
1560108037,1,5.0
156015229X,1,4.0
1560229993,1,5.0
1560234466,2,2.5
1560234792,1,5.0
1560235055,1,4.0
1560235179,1,5.0
1560235225,1,5.0
1560235241,1,5.0
1560250461,1,5.0
1560251689,1,5.0
1560252200,1,1.0
1560253010,1,5.0
1560253142,1,5.0
1560253258,1,4.0
1560253959,1,1.0
1560253967,1,5.0
1560254041,1,3.0
156025405X,1,5.0
1560254424,2,5.0
1560254475,1,5.0
1560255110,1,5.0
1560255153,1,4.0
1560255269,2,3.5
1560255307,1,5.0
1560255315,1,5.0
1560255498,1,5.0
1560255552,1,5.0
1560255692,1,5.0
1560255781,1,5.0
1560255897,1,4.0
1560256117,1,5.0
1560256141,1,5.0
1560256214,1,4.0
1560256230,2,3.5
1560256257,1,4.0
1560256362,1,5.0
1560256494,1,4.0
1560256516,1,5.0
1560256532,3,3.67
1560256591,1,4.0
1560256672,1,5.0
1560256842,1,5.0
1560256869,1,5.0
1560256907,1,5.0
1560256931,4,3.0
1560257105,1,4.0
1560257164,1,4.0
1560257172,1,1.0
1560257504,1,5.0
1560257636,1,5.0
1560257644,1,5.0
1560257806,1,5.0
1560272112,1,4.0
1560272171,3,4.67
1560275375,1,4.0
1560275510,1,5.0
1560301457,1,4.0
1560301767,1,4.0
1560329920,1,5.0
1560370386,1,2.0
1560371927,1,4.0
1560394196,1,5.0
1560440627,1,2.0
1560442514,2,3.5
1560443952,1,4.0
1560444010,1,4.0
1560444029,1,4.0
1560444312,1,2.0
1560444754,1,2.0
1560445637,1,5.0
1560446331,2,5.0
1560446455,1,2.0
156044682X,1,4.0
1560447249,1,5.0
1560447893,1,3.0
156044861X,1,5.0
156044889X,1,4.0
1560449683,1,3.0
1560522615,1,3.0
1560525533,1,2.0
1560526696,1,5.0
1560531037,1,5.0
1560533560,1,5.0
1560534621,1,5.0
1560536314,1,5.0
1560768703,1,5.0
1560850175,1,3.0
1560850892,1,3.0
1560850973,1,5.0
1560851082,1,4.0
1560851104,1,5.0
1560851570,9,4.89
1560851791,1,3.0
1560851813,1,4.0
1560851821,1,5.0
1560915269,1,5.0
1560971207,1,3.0
1560971266,1,4.0
1560973668,1,5.0
1560973862,1,5.0
1560974028,1,5.0
156097432X,1,4.0
1560974362,1,4.0
156097494X,1,5.0
1560975296,1,5.0
1560975369,1,5.0
1560975458,1,4.0
156097558X,1,4.0
1560975601,1,5.0
1560975733,1,5.0
156097589X,1,5.0
1560976160,1,2.0
1560976209,1,5.0
1560976276,1,4.0
1560976322,1,5.0
1560976470,5,5.0
1560976527,1,4.0
156097656X,1,5.0
1560976802,1,5.0
1560983248,1,5.0
1560985410,1,5.0
1560986352,1,5.0
1560986530,1,5.0
156098757X,1,5.0
1560987804,1,4.0
156098998X,1,4.0
1561005495,1,5.0
1561011843,1,4.0
1561011967,1,5.0
1561012246,1,5.0
1561012629,1,5.0
1561290505,1,5.0
156131014X,1,1.0
1561310700,1,4.0
156138450X,1,5.0
1561385263,1,4.0
1561451088,1,5.0
1561452114,1,5.0
1561452963,1,5.0
1561453102,1,5.0
156145317X,1,5.0
1561453447,1,5.0
1561480711,1,4.0
1561483397,1,4.0
1561483605,1,5.0
1561484385,1,4.0
1561580589,1,5.0
1561580686,1,5.0
1561580953,1,3.0
1561581143,1,3.0
1561581585,1,5.0
1561582360,1,5.0
1561582476,1,5.0
1561582700,2,5.0
1561582891,3,4.33
1561583391,1,5.0
1561583421,1,3.0
1561583510,1,4.0
1561583537,2,4.0
1561583596,1,5.0
1561583855,2,3.0
1561584118,1,5.0
1561584215,1,4.0
156158424X,1,5.0
1561584266,4,3.75
1561584363,1,5.0
1561584371,1,5.0
1561584789,2,4.0
1561584843,1,4.0
1561584940,1,5.0
1561584991,1,5.0
1561585122,1,2.0
1561585270,2,5.0
1561585319,1,4.0
1561585343,2,5.0
1561585351,2,5.0
1561585408,1,3.0
1561585513,1,5.0
1561585610,1,5.0
1561585858,1,5.0
1561585920,1,5.0
1561585939,1,1.0
1561585955,1,3.0
1561585963,2,4.0
1561586102,1,1.0
1561586161,1,1.0
156158617X,1,4.0
1561586277,1,5.0
1561586501,1,5.0
1561586579,1,1.0
1561586595,2,5.0
1561586625,1,5.0
156158682X,1,5.0
1561586838,1,5.0
1561587125,1,5.0
1561587303,1,1.0
1561587338,1,5.0
1561587486,1,3.0
1561587699,1,5.0
1561630446,1,3.0
1561631833,1,5.0
1561631892,1,4.0
1561632309,1,4.0
1561632759,1,1.0
1561632791,1,4.0
1561633445,1,4.0
1561633771,1,2.0
1561633828,1,5.0
1561634255,1,5.0
156164014X,1,5.0
1561640484,1,4.0
1561640964,1,5.0
1561641340,1,1.0
1561642126,1,1.0
1561642290,1,5.0
1561642851,1,5.0
1561643041,1,5.0
1561643114,1,5.0
1561643130,1,5.0
1561701688,1,5.0
1561702919,1,5.0
156170315X,1,5.0
1561703249,1,3.0
1561703370,1,5.0
1561703850,1,5.0
1561704601,1,5.0
156170511X,1,1.0
1561705314,1,5.0
1561705861,1,5.0
1561706280,1,5.0
1561706671,1,5.0
1561707228,1,5.0
1561707309,1,4.0
1561707503,1,5.0
1561707856,1,5.0
1561707929,1,3.0
1561708070,1,1.0
1561708739,1,3.0
1561708755,2,5.0
1561709298,1,5.0
1561709336,7,4.43
1561709727,1,5.0
1561709743,1,5.0
1561709786,1,5.0
1561709794,1,4.0
1561709913,1,5.0
1561711764,1,5.0
1561718807,1,5.0
1561719145,1,2.0
1561797006,1,5.0
1561799041,1,5.0
1561840262,2,5.0
1561840564,1,2.0
1561840572,1,4.0
1561841625,1,5.0
1561841633,1,5.0
1561841641,1,5.0
1561841978,1,4.0
1561841986,1,5.0
1561842354,1,4.0
1561890898,1,3.0
1561893676,1,5.0
1561893692,3,5.0
1561893749,1,5.0
1561899089,1,5.0
1561899259,1,5.0
156201059X,1,5.0
1562011154,1,5.0
1562012614,2,3.5
1562012916,1,2.0
1562012959,1,3.0
156201403X,1,1.0
1562220764,1,2.0
1562229478,1,5.0
156224003X,1,5.0
1562290037,1,3.0
1562340743,1,3.0
1562474820,1,5.0
1562476661,5,5.0
1562477684,1,5.0
1562515497,1,5.0
1562516728,1,5.0
1562535366,1,1.0
1562614207,1,5.0
1562614266,1,5.0
1562615300,1,5.0
1562760165,1,5.0
1562762869,1,5.0
156279034X,1,3.0
1562828460,1,4.0
1562828762,1,5.0
1562862715,1,1.0
1562922106,1,5.0
1562923048,1,5.0
1562929755,1,5.0
1563054345,1,5.0
1563054426,2,5.0
1563054434,1,5.0
1563054442,1,5.0
1563054884,1,5.0
1563058669,3,3.67
1563085208,1,5.0
156308869X,1,1.0
1563094371,1,3.0
1563097249,1,5.0
1563137674,1,1.0
1563150883,1,5.0
1563153211,1,2.0
1563220865,1,5.0
1563270536,1,1.0
1563271095,1,5.0
1563271737,1,5.0
1563272466,2,4.5
1563272628,1,5.0
1563272989,3,4.0
1563318296,1,3.0
1563319276,1,3.0
1563332760,1,5.0
1563381877,1,5.0
1563382288,1,5.0
156338342X,1,5.0
1563383578,1,5.0
1563383772,1,5.0
1563383780,1,4.0
1563410982,2,3.5
1563472813,1,3.0
1563474565,1,5.0
1563523108,1,4.0
1563523302,1,5.0
1563523876,1,5.0
1563524651,1,5.0
1563524848,1,5.0
1563526859,1,5.0
1563527502,1,5.0
1563633647,1,5.0
1563635151,1,5.0
1563671026,1,5.0
1563672235,1,4.0
1563673096,1,2.0
1563673398,1,4.0
1563680483,1,5.0
1563680920,1,3.0
1563683113,2,5.0
1563830558,1,5.0
1563890054,1,2.0
1563890178,1,3.0
1563890283,1,4.0
1563890291,1,5.0
1563890666,1,4.0
1563890712,1,5.0
1563890895,1,5.0
1563890976,1,5.0
1563891018,1,4.0
1563891506,1,5.0
1563891913,1,4.0
1563891980,1,4.0
1563892626,1,5.0
1563892731,1,4.0
1563892936,1,4.0
1563893088,1,4.0
1563893304,1,5.0
156389341X,1,5.0
1563893428,6,4.33
1563893789,1,4.0
1563894025,1,5.0
1563894254,2,3.5
1563894459,1,5.0
1563894572,1,2.0
1563894696,2,5.0
156389470X,1,5.0
1563894815,1,5.0
1563895005,1,4.0
1563895269,1,5.0
156389565X,1,4.0
1563895684,1,5.0
1563895765,1,5.0
1563896117,1,4.0
1563896133,1,4.0
1563896761,1,5.0
1563896818,1,5.0
1563897008,2,3.5
1563897032,1,4.0
1563897148,1,4.0
1563897164,1,5.0
1563897261,1,4.0
156389727X,1,4.0
1563897431,1,5.0
1563897784,1,4.0
1563897989,1,1.0
1563898012,1,5.0
1563898055,1,5.0
1563898446,2,3.5
1563898470,1,5.0
1563898497,1,5.0
1563898586,1,2.0
1563898608,1,2.0
1563898616,1,2.0
1563898640,1,5.0
1563898683,2,5.0
1563899027,1,3.0
1563899078,1,5.0
1563899086,1,5.0
1563899221,1,4.0
1563899264,1,2.0
1563899647,1,5.0
1563899671,1,2.0
1563899809,1,5.0
1563920689,1,4.0
1563923777,1,5.0
1563923807,1,4.0
1563924420,1,3.0
1563924471,1,4.0
1563924552,1,4.0
1563924889,1,5.0
1563924897,1,3.0
1563925109,1,3.0
1563925230,1,4.0
1563925478,1,1.0
1563925486,1,3.0
156397021X,1,5.0
1563979764,1,5.0
1564020290,1,5.0
1564020320,1,5.0
1564021017,2,5.0
1564021599,1,5.0
1564024733,2,5.0
1564025020,1,5.0
1564026205,1,5.0
1564143961,2,2.5
1564143996,1,4.0
1564144771,1,4.0
1564145522,1,5.0
1564145743,1,5.0
1564146642,1,5.0
1564146871,1,3.0
1564147118,2,5.0
1564147169,1,1.0
156414724X,1,5.0
1564147401,1,4.0
156414741X,1,3.0
1564147487,1,5.0
1564147568,1,4.0
156414772X,1,5.0
1564147835,1,5.0
1564147843,1,4.0
1564148068,1,1.0
1564148130,1,5.0
1564260518,1,5.0
1564552217,1,4.0
1564554201,1,5.0
156455726X,1,5.0
1564557359,1,5.0
1564557456,1,3.0
156455760X,1,5.0
1564557987,1,5.0
1564558304,2,4.0
1564558320,1,3.0
1564558452,1,5.0
1564558673,1,1.0
1564558797,1,2.0
1564559246,1,5.0
1564559416,1,4.0
1564559459,1,5.0
1564580652,1,3.0
1564582558,1,5.0
1564586251,1,5.0
1564587185,1,5.0
1564591158,1,4.0
1564593312,1,1.0
1564597156,1,5.0
1564597458,1,2.0
1564741281,1,4.0
1564742555,1,4.0
1564744388,1,5.0
1564761223,1,5.0
1564764826,1,3.0
1564767892,1,5.0
1564770419,1,5.0
1564770753,2,4.5
1564770818,1,5.0
1564771849,1,5.0
156477189X,1,5.0
1564771989,1,5.0
1564772047,1,5.0
1564772101,1,5.0
1564772713,1,5.0
1564772829,3,5.0
1564773221,1,5.0
1564773280,1,5.0
1564773612,1,4.0
1564773795,1,1.0
1564773809,1,5.0
1564773930,1,2.0
1564774163,1,5.0
1564774341,1,3.0
1564774775,1,4.0
156477483X,1,5.0
1564775011,1,4.0
1564775283,1,4.0
1564775348,1,5.0
156477547X,1,4.0
1564775658,3,2.67
1564775666,1,3.0
1564775704,3,5.0
1564775747,1,3.0
1564775801,1,3.0
156477581X,1,3.0
1564775844,1,5.0
1564775852,1,5.0
1564775941,2,4.0
1564775968,3,3.67
1564775976,1,3.0
1564775984,1,4.0
1564775992,1,5.0
1564776220,1,5.0
1564776379,2,4.0
1564780961,1,1.0
1564781313,1,5.0
156478181X,1,5.0
156478214X,1,5.0
1564782735,1,5.0
1564783928,1,5.0
1564920895,1,3.0
1564966208,1,1.0
1564966763,1,2.0
1564968510,1,3.0
1564968677,1,3.0
1564968952,1,5.0
1564969223,1,1.0
1564969428,1,5.0
1564969436,1,5.0
1564969541,1,2.0
1564969568,1,4.0
1564969975,2,5.0
1565042808,1,5.0
1565043367,1,2.0
1565049098,1,5.0
1565049462,1,5.0
1565071263,1,5.0
1565071999,1,5.0
1565072286,1,5.0
1565072537,1,5.0
1565073282,2,4.0
1565073479,1,5.0
1565074432,1,1.0
1565075722,1,5.0
1565076982,1,3.0
1565078454,1,1.0
1565079051,1,5.0
1565079329,1,5.0
1565112148,1,5.0
156511325X,2,4.0
1565114175,1,3.0
1565114205,1,5.0
1565114248,1,5.0
156511499X,1,5.0
1565115104,1,4.0
1565115392,2,5.0
156511664X,1,5.0
1565117301,1,5.0
156511731X,1,5.0
156511776X,1,4.0
1565117808,1,4.0
1565117972,2,5.0
1565118197,1,4.0
1565118278,1,2.0
1565118553,1,5.0
1565119169,1,5.0
156511924X,1,5.0
1565119290,1,5.0
1565119312,1,4.0
1565119347,1,5.0
1565119568,2,4.0
1565119576,1,1.0
1565119738,1,4.0
1565119851,1,3.0
1565121112,1,5.0
1565121929,1,3.0
1565122712,1,5.0
1565123166,1,5.0
1565123409,1,5.0
1565123514,1,4.0
1565123603,1,5.0
1565123727,1,5.0
1565123921,2,4.5
156512409X,1,5.0
1565124219,4,4.5
1565124227,2,5.0
1565124294,1,5.0
1565124499,1,5.0
1565124502,2,5.0
1565124510,1,5.0
1565124766,1,5.0
1565124936,1,5.0
1565230043,1,5.0
1565230051,1,5.0
156523006X,1,5.0
1565230078,1,5.0
1565230361,1,5.0
1565230914,1,3.0
1565230981,1,1.0
1565231015,1,5.0
1565231783,1,5.0
1565232070,3,5.0
1565232135,1,5.0
1565232216,1,5.0
1565232313,1,5.0
1565232585,1,5.0
1565481895,1,4.0
156550092X,1,2.0
156554014X,1,4.0
1565541219,1,4.0
1565542061,1,4.0
1565542568,1,5.0
156554286X,1,5.0
1565543440,1,5.0
1565544463,1,5.0
1565546504,1,5.0
1565633253,2,5.0
1565633962,1,5.0
1565634365,2,5.0
1565636597,1,5.0
1565636791,1,5.0
1565637763,1,3.0
1565656288,1,2.0
1565658841,1,4.0
1565770161,1,5.0
1565792289,1,5.0
1565794435,1,4.0
1565794990,1,5.0
156584095X,1,4.0
156584100X,1,4.0
1565842138,1,5.0
1565843738,1,3.0
1565844394,1,5.0
1565848004,1,5.0
1565848322,1,5.0
1565848357,1,5.0
1565848365,1,1.0
1565848403,1,5.0
1565848608,1,5.0
1565848640,2,5.0
1565848705,2,3.5
1565848772,1,2.0
1565848845,2,3.5
156584887X,1,5.0
1565848918,2,5.0
1565848942,1,4.0
1565849043,1,3.0
1565849086,1,5.0
1565849353,1,5.0
1565849426,1,5.0
1565849515,1,3.0
1565849558,2,4.5
1565849639,1,5.0
1565849736,1,4.0
1565849825,1,5.0
1565891805,1,5.0
1565891910,1,5.0
1565921321,1,1.0
1565922573,1,5.0
1565923472,1,4.0
1565923839,1,4.0
1565924266,1,5.0
1565924274,1,5.0
156592536X,1,2.0
1565925394,1,3.0
1565926420,1,2.0
1565926595,1,4.0
1565926730,1,5.0
1565926811,1,5.0
1565926978,1,4.0
1565927206,1,2.0
1565927249,2,4.5
1565928393,1,5.0
156592861X,1,5.0
1565932692,1,5.0
1565933958,1,3.0
1565935438,1,5.0
1565970438,1,4.0
1566192889,1,4.0
1566194024,1,5.0
1566194032,1,4.0
1566210313,1,1.0
1566250048,1,3.0
1566251087,1,4.0
1566251346,1,4.0
1566251737,1,5.0
1566251761,1,5.0
1566251826,1,5.0
1566251974,1,4.0
1566376955,1,1.0
1566393213,1,4.0
1566394546,1,5.0
1566399319,1,1.0
1566399513,1,5.0
1566471850,1,5.0
1566473268,1,2.0
1566473470,1,2.0
1566476518,1,5.0
1566477026,1,5.0
1566491053,1,4.0
156649124X,1,5.0
1566492564,1,3.0
1566561868,1,5.0
1566562937,1,5.0
1566563135,1,3.0
156656333X,1,5.0
1566563747,1,5.0
1566563887,1,5.0
1566565014,1,2.0
1566565529,3,4.67
1566565707,1,4.0
1566565839,1,5.0
1566565847,3,5.0
1566565960,1,4.0
1566630991,1,5.0
1566632285,1,4.0
1566632714,2,5.0
1566632951,1,5.0
1566634180,1,5.0
1566635055,1,4.0
1566635519,1,5.0
1566635624,1,5.0
1566635640,1,5.0
1566636086,1,5.0
1566636140,2,5.0
156663637X,1,5.0
1566636426,2,4.5
1566636434,4,4.75
1566706300,1,5.0
1566863848,1,5.0
1566913101,1,5.0
1566914183,1,2.0
1566914310,2,4.5
1566914337,1,2.0
1566914817,1,5.0
1566914825,1,5.0
1566914949,1,5.0
1566914973,1,5.0
1566915007,1,5.0
1566915058,1,5.0
1566916062,1,4.0
1566916186,1,3.0
1566916208,1,4.0
1566916232,1,4.0
1566916526,1,4.0
1566916666,1,4.0
1566916712,3,5.0
1566916763,1,5.0
1566916771,3,4.33
1566916798,1,3.0
1566916828,2,5.0
1566916836,1,5.0
1566916844,1,5.0
1566916879,1,5.0
1566916887,3,5.0
1566916992,1,5.0
1566917867,1,5.0
1566918847,1,5.0
1566983479,1,3.0
1567131751,1,5.0
156718023X,2,5.0
1567181082,1,3.0
1567181198,1,5.0
1567181325,1,5.0
1567183360,2,5.0
1567183603,1,4.0
1567184006,1,5.0
1567184081,1,2.0
1567184464,1,5.0
1567184510,1,5.0
156718457X,1,2.0
1567184677,1,4.0
1567184693,1,5.0
1567184855,2,3.0
1567184995,3,5.0
1567185274,1,5.0
1567185312,1,5.0
1567185371,1,5.0
1567185584,1,1.0
1567186718,1,5.0
156718698X,1,5.0
1567187455,1,5.0
1567187943,1,2.0
1567187986,1,5.0
1567188176,1,5.0
1567203876,1,5.0
1567205038,1,4.0
1567312365,1,5.0
1567312993,1,5.0
1567313264,1,5.0
1567315437,1,3.0
1567400930,1,1.0
1567511252,1,5.0
1567512925,1,5.0
1567513042,1,5.0
1567513107,1,5.0
1567513182,1,3.0
1567513220,1,4.0
1567921051,1,5.0
1567921299,1,5.0
1567921841,1,1.0
1567932150,1,5.0
1567940455,1,3.0
1568000707,1,3.0
1568028288,1,3.0
156802830X,1,4.0
1568029055,1,4.0
1568210442,1,5.0
1568212186,1,5.0
1568212305,1,1.0
1568213220,1,2.0
1568213840,1,3.0
1568215002,1,3.0
1568221983,1,5.0
1568224796,1,5.0
1568330049,1,4.0
1568331916,1,5.0
1568360177,1,5.0
1568360223,1,5.0
1568360320,1,3.0
1568361483,1,5.0
1568380550,1,5.0
1568380836,1,5.0
1568381409,1,5.0
1568381905,1,5.0
1568382014,1,5.0
1568386214,2,5.0
1568491417,1,3.0
1568491980,1,5.0
1568492294,1,2.0
1568492545,1,5.0
1568494750,1,3.0
1568496990,1,5.0
1568497318,1,5.0
1568541139,1,5.0
1568543387,1,5.0
1568581025,1,2.0
1568581246,1,1.0
1568581769,1,5.0
1568582102,1,5.0
1568582196,2,4.5
1568582269,1,1.0
1568582862,1,5.0
1568583095,1,5.0
1568583168,1,4.0
1568591772,1,4.0
1568600623,1,5.0
1568600887,1,5.0
1568650493,1,3.0
1568651155,1,5.0
1568812116,2,5.0
1568812167,1,5.0
1568820461,1,3.0
1568820690,1,5.0
1568820941,1,4.0
1568821042,1,4.0
1568821468,1,5.0
1568821573,1,4.0
1568821670,1,5.0
1568821727,1,5.0
1568981694,1,1.0
1568981988,1,5.0
1568982496,1,5.0
1568982976,1,5.0
1568983069,1,5.0
1568983239,1,2.0
1568983549,1,4.0
1568983972,1,4.0
1568984057,1,5.0
1568984456,1,4.0
1568984561,1,5.0
156898460X,1,2.0
1568984650,1,1.0
1568984685,1,3.0
1568984782,1,2.0
1568984936,1,5.0
1568985029,2,3.5
1568985312,1,5.0
156899351X,1,2.0
156906797X,1,1.0
1569120501,1,5.0
1569243670,2,5.0
1569243719,1,2.0
1569243778,3,5.0
1569243972,1,5.0
1569244022,1,5.0
1569244197,5,4.4
1569244200,1,1.0
1569244286,4,2.5
1569244324,1,3.0
1569244367,1,4.0
1569244375,1,5.0
1569244510,2,5.0
1569244537,2,3.5
1569244618,1,4.0
1569244677,3,4.33
1569244685,1,5.0
156924491X,1,4.0
1569245002,1,4.0
1569245096,1,5.0
1569245134,2,3.5
1569245207,1,5.0
1569245215,1,5.0
1569245223,1,2.0
1569245320,1,4.0
1569245444,1,5.0
1569245460,3,5.0
1569245479,1,5.0
1569245665,1,5.0
1569245843,1,3.0
1569246009,2,5.0
1569246084,1,4.0
1569246211,1,5.0
1569246297,2,4.5
1569246378,1,5.0
1569247153,1,5.0
1569311935,1,4.0
1569312893,1,4.0
1569313229,1,5.0
1569313369,1,4.0
156931649X,1,5.0
1569316554,1,1.0
156931778X,3,4.33
1569317798,1,3.0
1569318077,1,5.0
1569318417,1,5.0
1569318689,1,5.0
1569318697,1,5.0
1569319537,1,5.0
1569373124,1,3.0
1569373965,1,5.0
1569376190,1,5.0
1569470154,1,4.0
1569470200,1,5.0
1569471509,1,5.0
1569471622,1,5.0
1569472807,1,4.0
1569473137,1,4.0
1569473307,1,5.0
1569473390,1,5.0
1569473439,1,4.0
1569473455,2,5.0
1569473692,2,3.5
1569473706,1,5.0
1569473765,1,5.0
156947379X,1,5.0
1569473803,1,5.0
1569550239,1,5.0
1569550956,1,5.0
1569552142,1,5.0
1569552924,1,4.0
1569553211,1,5.0
1569553688,1,5.0
1569705445,1,2.0
1569709467,1,4.0
1569709521,2,4.5
1569709696,1,5.0
1569709777,1,5.0
1569709785,1,4.0
1569709793,2,5.0
1569709807,1,5.0
1569709866,1,4.0
1569709912,1,4.0
156971021X,1,5.0
1569710635,1,5.0
1569712352,1,5.0
1569712441,1,5.0
1569712697,1,4.0
1569712972,1,5.0
1569713758,1,5.0
1569713782,1,4.0
1569714029,1,5.0
1569714290,1,3.0
1569714819,1,4.0
1569715157,1,3.0
1569716056,1,4.0
156971648X,1,5.0
1569717494,1,5.0
1569718164,1,4.0
1569718822,1,4.0
1569719047,1,5.0
1569719403,1,5.0
1569719624,1,4.0
1569719640,1,3.0
1569719780,1,4.0
1569751684,1,1.0
1569753040,1,4.0
1569753059,1,2.0
1569753202,1,5.0
1569753903,1,2.0
1569754128,3,4.67
1569754144,1,5.0
1569754152,1,5.0
1569754217,1,5.0
1569754306,1,5.0
1569754381,1,4.0
1569754578,3,4.0
1569754594,1,2.0
1569754772,1,5.0
1569754780,2,4.5
1569761388,1,5.0
1569761523,2,5.0
156976154X,1,5.0
1569761744,2,4.5
1569775036,1,5.0
1569800863,1,5.0
156980155X,1,2.0
1569801657,1,4.0
1569802327,1,5.0
1569802475,1,5.0
1569802521,1,4.0
1569802629,1,5.0
1569802742,1,5.0
1569802858,1,5.0
1570031096,1,4.0
1570035121,1,4.0
1570065357,1,5.0
1570066361,1,4.0
1570066396,1,5.0
1570085188,1,5.0
1570089841,1,5.0
1570181519,1,5.0
157019050X,1,5.0
1570231990,1,2.0
1570270392,1,4.0
1570271410,1,4.0
1570280754,1,5.0
1570281823,1,5.0
1570282021,1,3.0
1570340404,1,1.0
1570425388,1,5.0
1570426287,1,5.0
1570427933,1,5.0
1570428131,1,5.0
1570429693,1,4.0
1570541116,2,4.5
1570541175,1,4.0
1570548080,1,5.0
1570548374,1,5.0
1570548587,1,5.0
1570549605,1,5.0
1570611327,1,5.0
1570611807,1,5.0
1570612226,1,5.0
1570613168,1,5.0
1570613591,1,5.0
157061377X,1,5.0
1570613818,3,4.33
1570613966,1,5.0
1570614156,1,2.0
1570614253,2,4.5
1570614261,1,5.0
1570614482,1,5.0
1570614555,1,5.0
1570620504,1,5.0
157062089X,1,5.0
1570620938,1,5.0
1570620962,1,5.0
1570621152,1,5.0
1570622310,1,5.0
1570622345,1,5.0
1570622426,1,5.0
1570622590,1,4.0
1570623007,1,5.0
1570623074,1,3.0
1570623449,1,4.0
1570623503,2,4.5
1570623945,1,4.0
1570624127,1,5.0
1570624364,1,5.0
1570624526,1,5.0
1570624763,1,5.0
1570625549,2,5.0
1570625840,1,5.0
1570625875,1,5.0
1570626111,1,5.0
157062710X,1,5.0
1570627118,1,5.0
1570627134,1,5.0
1570627428,1,5.0
1570627703,1,4.0
1570628041,1,5.0
1570628092,1,4.0
1570628122,2,5.0
1570628521,1,4.0
1570628599,1,5.0
157062884X,1,5.0
157062903X,3,5.0
1570629137,1,3.0
1570629307,1,4.0
157062982X,1,5.0
1570629838,1,4.0
1570670196,1,5.0
1570670250,1,3.0
1570670692,1,5.0
1570670994,1,3.0
1570671036,3,4.33
1570671176,1,5.0
1570671362,1,4.0
1570671435,1,5.0
1570671443,1,5.0
1570671516,1,3.0
1570671613,2,5.0
157067163X,1,5.0
1570671672,1,5.0
1570671699,1,4.0
1570671796,1,5.0
1570713383,1,5.0
1570713960,2,3.0
1570715106,1,5.0
1570715114,1,1.0
1570716242,1,4.0
1570717141,1,4.0
1570717540,1,4.0
1570718318,1,5.0
1570718423,1,5.0
1570719063,1,4.0
1570719322,1,5.0
1570720428,1,2.0
1570751692,1,4.0
1570753113,2,4.5
1570753318,1,3.0
1570754047,1,5.0
1570754195,1,5.0
1570754330,1,4.0
1570755450,1,5.0
157075554X,1,4.0
1570760187,1,1.0
1570760845,1,4.0
1570761183,1,5.0
1570761361,1,4.0
1570761841,1,1.0
1570762120,1,3.0
1570762163,1,5.0
1570762228,1,4.0
1570762333,1,5.0
1570762481,1,3.0
1570762619,1,4.0
1570762821,2,4.5
1570762848,3,5.0
1570762856,2,3.0
1570763127,1,4.0
1570872929,1,5.0
1570911525,1,5.0
1570911649,1,5.0
1570914176,1,4.0
1570916020,1,4.0
1570916187,1,5.0
1570916209,1,5.0
1570918775,1,5.0
1570970157,2,3.5
1570970238,1,1.0
1570980217,1,4.0
1571100814,1,4.0
1571100857,1,5.0
157110089X,3,5.0
1571103074,1,5.0
1571103104,1,4.0
1571103198,1,5.0
1571103538,1,4.0
1571103732,1,5.0
1571132481,1,5.0
1571200193,1,1.0
157120024X,1,5.0
1571201025,1,5.0
1571201505,1,5.0
1571201688,1,5.0
1571201734,3,4.0
1571201912,1,5.0
1571202048,1,5.0
1571202099,1,4.0
1571202102,1,5.0
1571202110,1,5.0
1571202161,1,5.0
1571202226,1,5.0
1571202234,1,5.0
1571202269,1,5.0
1571202366,1,5.0
1571202412,3,5.0
1571202447,2,5.0
1571202455,1,5.0
1571202544,1,4.0
1571202560,1,5.0
1571202781,1,3.0
157120279X,4,5.0
1571202803,1,5.0
1571202811,2,3.0
1571202854,1,4.0
1571202862,1,5.0
1571202927,1,5.0
1571202943,1,2.0
1571203079,3,4.67
1571203095,1,4.0
1571203125,2,4.5
1571290370,1,5.0
1571310444,1,5.0
157143092X,1,4.0
1571454535,1,5.0
1571455825,1,5.0
1571456864,1,5.0
1571456899,1,5.0
1571457151,1,5.0
1571457895,1,5.0
157145814X,1,5.0
1571458409,1,4.0
1571458794,1,5.0
1571458816,2,5.0
1571459707,1,5.0
1571459774,1,5.0
1571515437,1,2.0
1571515895,1,5.0
1571670068,1,5.0
1571671536,1,5.0
1571685863,1,4.0
1571687653,1,5.0
1571740627,1,3.0
1571740767,1,5.0
1571740872,1,5.0
1571741062,2,1.5
1571741208,1,3.0
1571741437,1,5.0
1571741704,1,3.0
1571741739,1,4.0
1571741836,1,5.0
1571741917,1,5.0
1571741976,1,5.0
157174200X,2,4.5
1571742212,1,5.0
1571742263,1,4.0
1571742298,1,5.0
1571742387,1,5.0
1571742549,1,5.0
1571742786,2,3.0
1571743227,2,5.0
1571743251,1,5.0
1571743294,1,5.0
1571743499,1,4.0
1571743537,1,5.0
1571743669,1,5.0
1571743774,1,2.0
1571743790,1,5.0
1571743812,5,4.4
1571743847,1,5.0
1571743863,1,4.0
1571744045,1,5.0
1571744126,1,5.0
1571744134,1,5.0
1571744215,1,1.0
1571744231,2,5.0
1571744290,1,4.0
1571744347,1,5.0
1571744363,1,5.0
157174438X,1,5.0
1571744401,1,4.0
1571744428,1,5.0
1571744509,1,3.0
1571780300,1,5.0
1571780386,1,4.0
1571780890,1,4.0
1571781803,3,3.0
1571882006,1,4.0
1571882979,1,3.0
1571892451,1,4.0
1571892508,1,5.0
1571893016,1,2.0
1571893199,2,5.0
1571974342,1,5.0
157218079X,1,5.0
1572181443,2,2.5
157223301X,1,5.0
1572234059,2,5.0
1572235810,1,5.0
1572236825,1,5.0
1572238844,2,5.0
1572240016,1,5.0
1572240407,2,5.0
1572240504,1,5.0
157224058X,1,5.0
1572240628,1,5.0
1572240709,1,2.0
1572240806,1,1.0
157224108X,2,5.0
1572241152,1,5.0
1572241349,1,5.0
1572242086,2,5.0
1572242108,1,5.0
1572242191,1,3.0
157224223X,1,5.0
1572242310,3,4.67
1572242388,3,5.0
1572242396,1,3.0
1572242582,1,5.0
1572242841,1,4.0
1572242914,1,5.0
1572243066,1,4.0
1572243260,1,4.0
1572243287,1,5.0
1572243317,1,2.0
1572243422,1,5.0
157224349X,2,4.0
1572243562,1,5.0
1572243635,1,3.0
157224366X,1,4.0
1572243759,9,4.44
1572243805,1,5.0
1572243899,1,5.0
1572243961,1,3.0
1572243996,1,5.0
1572244038,1,4.0
1572244089,1,4.0
1572244275,1,5.0
1572301155,1,5.0
1572302801,1,4.0
1572303077,1,5.0
1572304510,2,5.0
1572305258,1,5.0
1572306254,1,5.0
1572307188,1,5.0
1572307609,1,4.0
1572308702,1,5.0
1572308796,2,5.0
1572309059,1,5.0
1572309288,1,5.0
1572309784,1,5.0
1572309881,1,2.0
1572316217,1,4.0
1572332816,1,5.0
1572432837,1,1.0
1572433493,1,5.0
1572436727,1,5.0
1572437243,1,5.0
1572437448,1,5.0
1572437545,1,3.0
1572437553,1,4.0
1572437790,1,4.0
1572482206,1,1.0
1572484551,1,5.0
1572492511,1,4.0
157249266X,1,5.0
157249283X,1,4.0
157249350X,1,4.0
1572493739,1,5.0
1572580143,1,4.0
1572623284,1,5.0
1572701137,1,4.0
1572703210,1,5.0
1572704357,1,4.0
1572704462,1,3.0
1572704691,3,2.67
1572734345,1,5.0
1572736070,1,4.0
1572810661,1,4.0
1572811234,1,5.0
1572812583,1,4.0
1572812915,1,5.0
1572814349,3,4.0
1572814659,1,5.0
1572814683,2,4.5
1572814764,1,5.0
1572814888,2,5.0
1572840420,1,5.0
1572840579,1,4.0
1572840781,1,3.0
1572930373,1,5.0
157293039X,1,5.0
1572931167,1,5.0
1572931256,1,5.0
1572970111,1,5.0
157297267X,1,5.0
1573061115,1,2.0
1573061425,1,5.0
157306145X,1,5.0
1573120944,1,5.0
1573122874,1,3.0
1573181226,1,3.0
1573220558,1,5.0
1573221112,1,4.0
1573221597,1,5.0
1573222259,1,1.0
1573222453,4,5.0
1573222518,1,3.0
1573222631,2,3.0
1573222666,1,2.0
1573222739,1,4.0
1573222763,1,4.0
157322281X,5,4.4
1573222852,1,1.0
1573222968,1,2.0
1573222976,7,4.86
1573222984,1,4.0
1573222992,13,4.0
157322300X,1,3.0
1573223026,9,3.67
1573223042,4,4.5
1573223077,2,3.5
1573223085,2,4.0
1573223093,2,3.0
157322314X,11,4.55
1573223158,6,4.83
1573223247,1,5.0
1573223328,3,3.33
1573223425,1,3.0
157322345X,1,5.0
1573223573,1,1.0
1573225053,1,5.0
1573225096,1,5.0
1573225142,1,5.0
1573225320,1,5.0
1573225789,3,3.33
1573226106,2,5.0
1573226327,1,5.0
1573226513,1,5.0
1573226521,4,4.5
1573226882,1,5.0
1573227218,1,5.0
1573227331,1,5.0
1573227358,1,5.0
1573227811,1,5.0
1573227846,1,5.0
1573227889,1,4.0
157322815X,1,4.0
1573228710,1,5.0
1573228834,2,2.0
1573229202,1,4.0
1573229326,1,5.0
1573229377,1,5.0
1573229865,1,5.0
157322989X,1,5.0
1573240362,1,5.0
1573240532,1,5.0
1573241016,1,5.0
1573241903,1,5.0
1573242136,1,5.0
1573245704,1,5.0
1573247022,1,5.0
157324824X,1,3.0
1573249122,2,3.5
157324967X,1,4.0
1573440795,1,5.0
1573441066,1,4.0
1573441333,1,3.0
1573441368,1,4.0
1573441449,1,2.0
1573441511,1,4.0
1573441562,4,4.25
1573441635,1,4.0
1573441678,1,3.0
1573441686,2,4.5
1573441872,1,3.0
1573442046,1,5.0
1573442143,1,5.0
1573451576,1,5.0
1573451878,1,5.0
1573459194,1,5.0
157356396X,1,5.0
1573580287,1,5.0
1573660817,1,5.0
1573671908,1,3.0
1573691372,1,5.0
157383355X,1,5.0
1573920053,1,3.0
1573920517,1,5.0
1573920614,1,5.0
1573921661,2,3.5
1573926213,1,5.0
1573927783,1,4.0
157392797X,1,3.0
1573928151,1,5.0
1573928410,1,2.0
1573928968,1,3.0
1573929344,1,3.0
1573929425,1,5.0
157392945X,1,4.0
1573929727,1,5.0
1574090194,1,5.0
1574090232,1,1.0
1574090275,1,4.0
1574091247,1,5.0
1574091778,1,5.0
1574092138,1,2.0
1574160060,1,5.0
1574160265,1,5.0
1574160400,1,5.0
1574160737,1,5.0
1574215450,1,5.0
157421568X,1,5.0
1574218174,1,4.0
1574240625,1,3.0
157424115X,1,5.0
1574270567,1,5.0
1574271547,1,5.0
1574320041,1,5.0
1574320289,1,4.0
1574320319,1,4.0
1574320971,1,5.0
1574321560,1,4.0
1574321641,1,4.0
157432182X,1,5.0
157432196X,1,5.0
1574322036,1,5.0
1574322125,1,4.0
1574322206,1,5.0
1574322850,1,1.0
1574322990,1,5.0
1574323253,1,2.0
1574323539,2,5.0
1574323806,1,5.0
1574323903,1,2.0
1574323938,1,4.0
1574323954,2,3.0
1574324055,1,5.0
1574324098,1,2.0
1574324128,1,2.0
157432425X,1,4.0
1574324349,1,4.0
1574324357,1,4.0
1574324489,1,4.0
1574324594,1,4.0
1574327968,2,4.5
1574410121,1,5.0
157441139X,1,5.0
1574411586,1,4.0
1574411780,2,5.0
1574411853,1,5.0
1574442236,1,5.0
1574443402,1,1.0
1574530305,1,5.0
1574530860,1,5.0
1574534025,1,3.0
1574535110,2,5.0
1574535250,1,5.0
1574551094,1,5.0
1574555561,1,5.0
1574556924,2,5.0
1574670883,1,3.0
1574670972,1,5.0
1574670980,1,5.0
1574671081,1,5.0
157467109X,1,5.0
1574717235,1,5.0
157471810X,1,5.0
1574723103,1,5.0
1574780018,2,4.5
1574860542,1,4.0
1574862030,1,4.0
1574862820,2,5.0
1574864432,1,2.0
1574864564,1,3.0
1574864599,1,5.0
157486498X,1,5.0
1574865048,1,5.0
1574865102,2,4.0
1574865110,2,5.0
157488154X,1,5.0
1574881809,2,4.0
1574882198,1,5.0
157488252X,1,5.0
1574882627,1,5.0
1574882856,1,4.0
1574882864,1,4.0
1574883186,1,5.0
1574883356,1,4.0
157488414X,1,5.0
1574884360,1,5.0
1574884417,1,5.0
1574885189,1,5.0
1574886398,1,5.0
1574887599,1,5.0
1574887963,1,1.0
157488834X,1,5.0
1574888498,5,3.6
1574888528,1,5.0
1574888560,2,4.0
1574888900,1,4.0
1574889079,1,3.0
157488915X,1,1.0
1574889621,1,5.0
1574911384,1,1.0
1575001772,1,4.0
1575040123,1,4.0
1575050285,1,5.0
1575100479,1,5.0
1575240459,2,4.5
1575240653,1,5.0
1575250128,1,5.0
1575252368,1,1.0
1575252384,1,5.0
1575253496,1,5.0
1575302942,1,5.0
1575420139,1,5.0
1575420554,1,4.0
1575420899,1,5.0
1575421127,1,5.0
1575421283,1,5.0
1575421305,1,5.0
1575441136,1,5.0
157558106X,1,1.0
1575605147,1,4.0
1575606550,1,5.0
1575606798,1,5.0
1575608235,1,5.0
1575660350,1,2.0
157566352X,1,3.0
1575663570,1,5.0
157566528X,1,5.0
1575665379,2,4.0
1575665557,1,4.0
157566609X,1,5.0
1575666618,1,4.0
1575666987,1,4.0
1575667258,1,3.0
1575667355,1,4.0
157566755X,1,1.0
1575668548,1,4.0
1575668777,1,4.0
1575668882,1,4.0
1575690039,1,2.0
1575791250,1,1.0
157579277X,1,4.0
1575841886,1,4.0
1575871726,1,5.0
1575872005,1,5.0
1575872110,1,5.0
1576079872,1,5.0
1576102912,1,1.0
1576105253,1,5.0
1576121682,3,2.0
1576121917,1,4.0
1576234436,1,5.0
1576236196,1,5.0
1576239969,1,5.0
1576300447,1,5.0
1576300587,1,5.0
1576361616,1,5.0
1576462404,1,1.0
157646637X,1,4.0
1576468429,1,5.0
1576601250,1,5.0
1576601331,1,5.0
1576601390,1,5.0
157660151X,1,5.0
1576601919,1,5.0
1576732754,1,4.0
1576733165,1,5.0
157673580X,1,5.0
1576736083,1,5.0
1576736423,1,2.0
1576736644,1,5.0
1576737063,1,5.0
1576737071,1,5.0
157673708X,1,5.0
1576737098,1,5.0
1576737330,2,5.0
1576737551,1,5.0
1576737578,1,5.0
1576737748,1,5.0
1576737772,1,4.0
1576737799,1,5.0
1576738167,4,5.0
1576738191,1,3.0
157673840X,1,5.0
1576738892,1,5.0
1576739252,1,5.0
1576739759,1,5.0
1576739902,1,5.0
157675006X,1,5.0
1576750507,2,5.0
1576750744,1,5.0
1576750914,1,4.0
1576750949,1,5.0
1576751198,1,5.0
1576751244,2,5.0
1576751678,1,5.0
1576751740,2,4.5
1576751988,3,4.33
1576751996,3,4.67
1576752003,1,4.0
1576752259,1,4.0
1576752267,1,1.0
1576752321,1,5.0
1576752518,1,5.0
1576752577,1,5.0
1576752585,7,4.71
1576752860,2,3.5
1576752887,2,3.5
1576752895,1,5.0
1576753018,23,3.91
1576753158,1,5.0
1576753174,2,5.0
1576753301,1,5.0
1576753492,1,5.0
1576760588,1,1.0
1576830020,1,5.0
1576830454,1,5.0
1576830470,1,5.0
1576830942,1,5.0
1576830969,1,5.0
1576831280,1,5.0
1576831973,1,5.0
1576832899,1,5.0
1576832961,1,4.0
1576833445,1,5.0
1576833755,1,4.0
1576833992,1,4.0
1576834301,1,5.0
1576834344,1,5.0
1576834727,1,5.0
1576835197,1,1.0
1576835251,3,4.33
1576835766,1,4.0
1576835774,1,5.0
1576836541,1,5.0
1576836673,2,5.0
1576836703,1,5.0
1576836827,2,4.0
1576837971,1,5.0
157683798X,2,5.0
1576839109,3,2.33
1576839141,1,5.0
1576855007,2,4.0
1576870987,1,5.0
1576871509,1,5.0
1576871568,1,2.0
157687169X,1,4.0
1576872106,1,2.0
1576872327,1,5.0
1576872513,1,3.0
1577310640,1,4.0
1577310764,1,1.0
1577310799,1,5.0
1577311302,1,5.0
1577311337,1,5.0
1577311477,1,5.0
1577311825,2,5.0
1577311922,1,5.0
1577311949,1,5.0
1577311957,2,5.0
1577312082,2,5.0
1577312295,1,5.0
1577312333,2,5.0
1577312341,1,3.0
1577312406,1,5.0
1577312457,1,5.0
157731400X,2,5.0
1577314131,2,4.5
1577314212,1,2.0
1577314239,1,5.0
1577314263,1,5.0
1577314506,1,4.0
1577314522,1,3.0
1577314557,1,4.0
1577314565,1,5.0
1577314611,1,5.0
1577314638,1,5.0
1577314646,2,4.0
1577314670,1,5.0
1577314689,4,3.0
1577314697,1,5.0
1577314700,1,5.0
1577314808,4,4.75
1577314816,3,5.0
1577314913,1,5.0
1577314980,1,5.0
157731512X,1,5.0
1577315146,1,5.0
1577330366,1,4.0
1577483421,1,5.0
1577483944,1,2.0
1577489470,1,3.0
1577491181,1,5.0
1577491343,1,3.0
157749153X,2,4.5
1577592956,1,4.0
1577658051,1,2.0
1577658124,1,2.0
1577660315,1,5.0
1577660633,2,4.5
1577660757,1,5.0
1577662180,1,5.0
1577663144,1,1.0
157768687X,1,4.0
1577688236,1,4.0
157770004X,1,4.0
157778068X,1,5.0
1577790294,1,5.0
1577790375,1,5.0
157779060X,1,5.0
157779074X,1,5.0
1577852982,1,5.0
1577941217,1,5.0
157794190X,1,5.0
1577944704,3,5.0
1577945379,1,5.0
1577945611,1,2.0
1578050871,1,5.0
1578060516,1,2.0
1578062101,1,4.0
1578063280,1,5.0
1578063531,1,4.0
1578064708,1,5.0
1578064821,1,5.0
1578065232,1,5.0
1578065968,1,5.0
1578066379,1,5.0
1578066492,1,4.0
1578066786,1,3.0
1578066964,1,4.0
1578067286,1,5.0
1578067499,1,5.0
1578191505,1,5.0
1578194474,2,4.5
1578197074,1,5.0
1578201241,1,4.0
1578201276,1,4.0
1578202086,2,5.0
157820237X,1,5.0
1578202396,3,3.0
1578202426,2,4.5
1578202493,2,5.0
1578202566,2,4.5
1578202647,1,5.0
1578202663,1,5.0
1578203007,1,5.0
1578203155,2,4.5
1578211271,1,5.0
1578230306,1,5.0
1578230985,1,5.0
1578260868,3,5.0
1578260906,1,4.0
1578261171,1,5.0
1578261236,1,2.0
1578261791,1,5.0
1578261813,1,5.0
1578261821,1,4.0
1578261856,1,4.0
1578261864,1,5.0
1578261945,1,2.0
1578394759,1,5.0
1578512387,1,4.0
1578512549,1,2.0
1578513308,1,2.0
1578516145,1,3.0
1578516803,1,4.0
1578517087,1,1.0
1578517095,1,3.0
1578518261,1,5.0
1578518377,1,2.0
1578518520,3,5.0
1578519314,1,4.0
1578519497,2,4.5
1578560640,1,5.0
1578561221,1,5.0
157856123X,1,5.0
1578561264,1,5.0
1578561280,1,5.0
1578561493,1,4.0
1578561795,1,5.0
1578562260,1,4.0
1578562589,1,5.0
1578562759,1,5.0
1578563232,2,4.5
1578563682,1,5.0
1578563933,1,1.0
1578564026,1,5.0
1578564239,1,4.0
1578564271,1,5.0
157856459X,2,5.0
1578564719,1,5.0
157856512X,2,5.0
1578565154,2,4.5
1578565200,1,5.0
1578565235,4,3.75
1578565375,1,5.0
1578566851,1,5.0
1578567297,1,4.0
1578567300,3,5.0
1578567335,2,5.0
1578567459,1,4.0
1578568234,2,5.0
1578568323,1,5.0
1578568560,2,5.0
1578568935,1,5.0
1578568994,1,5.0
1578569052,5,5.0
1578569141,1,4.0
1578569583,1,5.0
1578591368,1,5.0
1578591465,1,4.0
1578591546,1,2.0
1578601657,1,5.0
1578601843,1,5.0
1578602092,1,4.0
157860219X,1,5.0
1578602238,4,3.5
1578602378,1,5.0
1578630002,1,5.0
1578630266,1,4.0
1578630487,2,3.5
1578631106,1,4.0
1578631378,1,5.0
1578631394,1,4.0
1578631823,1,1.0
1578632471,1,5.0
1578632765,1,3.0
1578632803,1,4.0
1578632943,1,5.0
1578632978,2,3.5
1578633079,1,5.0
1578633095,1,5.0
1578633257,1,5.0
1578633281,2,4.0
1578633613,1,5.0
1578643031,1,5.0
1578660637,1,4.0
1578701082,1,2.0
1578730279,1,5.0
1578730449,1,3.0
1578730457,1,5.0
1578730651,1,5.0
1578731151,1,5.0
1578849209,3,5.0
1578860113,1,5.0
1579100996,1,4.0
157910150X,1,3.0
1579108598,1,3.0
157910908X,1,5.0
1579120423,1,3.0
1579120679,1,5.0
1579120776,1,5.0
1579121489,2,5.0
157912156X,1,4.0
1579122353,1,5.0
1579122639,1,4.0
1579123228,4,3.0
1579123643,1,2.0
1579123694,1,2.0
1579181244,1,5.0
1579181473,1,5.0
1579210074,1,5.0
1579214851,1,3.0
1579215815,1,4.0
1579217370,1,5.0
1579220266,1,5.0
1579240690,1,5.0
1579248179,1,5.0
157940104X,1,5.0
1579435874,1,4.0
1579473032,1,4.0
157947571X,1,5.0
1579475752,1,5.0
1579475795,1,5.0
1579510590,1,5.0
1579540813,1,4.0
1579541011,1,5.0
1579541178,1,3.0
1579541712,1,4.0
1579541917,1,5.0
157954228X,1,4.0
1579542514,1,4.0
1579542646,1,5.0
1579542905,1,5.0
1579543650,1,5.0
1579544150,1,4.0
1579544789,1,4.0
1579545920,1,5.0
157954598X,1,4.0
1579546013,6,4.0
1579546269,1,1.0
1579546463,5,5.0
1579546501,2,3.0
1579546544,1,5.0
1579546579,2,5.0
1579546897,1,4.0
1579547141,1,1.0
157954715X,2,3.0
1579547257,1,5.0
1579547346,1,5.0
1579547451,1,2.0
1579547486,1,5.0
1579547591,1,5.0
1579547826,2,5.0
1579547931,1,5.0
1579547966,1,1.0
1579548008,1,5.0
1579548318,1,1.0
1579548369,1,5.0
1579548490,1,5.0
1579548504,1,5.0
1579548717,1,4.0
1579548806,1,5.0
1579548822,1,3.0
1579548830,2,5.0
1579548911,2,5.0
1579548970,1,3.0
1579548989,3,4.67
1579549020,1,5.0
1579549055,1,5.0
157954908X,1,3.0
1579549101,2,4.0
1579549292,1,5.0
1579549438,1,5.0
1579549543,4,4.0
1579549551,2,4.0
157954956X,1,5.0
1579549578,1,4.0
1579549659,2,5.0
157954990X,1,5.0
1579549926,1,5.0
1579549985,10,4.0
1579550088,1,5.0
1579550096,1,3.0
1579590268,1,5.0
1579595278,1,5.0
1579621007,1,5.0
1579621104,2,4.5
1579621198,2,5.0
1579651143,1,5.0
157965116X,1,4.0
1579651607,1,5.0
1579651844,1,5.0
1579651895,1,5.0
1579652107,1,5.0
1579652174,1,4.0
1579652395,2,3.0
157965245X,1,5.0
1579652468,1,5.0
1579652611,1,5.0
157965262X,1,5.0
1579652743,2,3.0
1579652875,1,5.0
1579660622,1,5.0
1579809677,1,5.0
1579821464,1,5.0
1579821863,1,5.0
1579830021,1,5.0
1579830129,1,5.0
1579830137,3,4.0
1579890598,1,5.0
157990002X,1,4.0
1579901484,1,4.0
1579901492,1,1.0
1579903010,1,3.0
1579903185,1,5.0
157990341X,1,5.0
1579903479,1,5.0
1579903533,1,4.0
1579903622,1,5.0
1579904440,1,4.0
1579904556,1,4.0
1579904599,2,5.0
1579904602,2,5.0
1579904653,1,4.0
1579904815,1,2.0
1579905080,2,5.0
1579905250,1,4.0
1579905366,2,4.5
1579905382,1,4.0
1579905471,2,3.0
1579905498,2,5.0
1579905722,1,4.0
1579905781,1,3.0
1579905803,1,1.0
1579905811,1,5.0
157990582X,1,5.0
1579905897,2,3.5
1579905927,1,5.0
1579905935,2,5.0
1579905943,1,5.0
1579906117,1,5.0
1579906125,1,3.0
1579906184,1,1.0
1579906192,1,4.0
157990632X,1,5.0
1579906338,1,5.0
1579906370,2,4.5
1579906494,5,5.0
1579906559,3,4.67
1579906923,2,4.0
1579906958,1,5.0
1579907059,1,1.0
1579992064,1,5.0
1580000770,1,1.0
1580030777,1,5.0
1580050093,1,5.0
1580050581,1,3.0
1580050719,1,5.0
1580050824,1,5.0
1580050883,1,5.0
158005093X,3,5.0
1580051030,1,5.0
158005112X,1,4.0
1580051200,1,5.0
1580051278,1,5.0
1580051308,2,5.0
1580051359,1,5.0
1580051405,1,5.0
1580070728,1,4.0
1580070809,1,5.0
1580080014,1,3.0
1580080030,1,3.0
1580080227,1,4.0
1580080480,1,3.0
1580080936,1,5.0
1580080979,1,4.0
1580081304,1,5.0
1580081436,1,4.0
1580081592,1,5.0
1580081916,1,5.0
1580082149,1,5.0
1580082238,1,2.0
1580082319,1,4.0
1580082653,1,5.0
1580082688,3,5.0
1580082815,1,4.0
1580082947,1,5.0
1580083102,1,5.0
1580083153,1,2.0
1580083366,1,5.0
1580083765,1,4.0
1580083897,2,5.0
1580084192,1,5.0
1580084222,3,4.67
1580084311,2,4.5
1580084524,1,5.0
1580084540,1,3.0
1580084559,1,5.0
1580084591,1,5.0
1580084699,1,5.0
1580084702,2,4.0
1580084834,1,4.0
1580084877,1,5.0
1580084893,2,4.0
1580085164,1,5.0
1580085229,1,5.0
1580085318,1,5.0
1580085393,1,5.0
1580085520,2,1.5
1580085598,1,1.0
1580085628,3,5.0
1580085687,1,5.0
1580085695,1,5.0
1580086152,1,5.0
1580086306,1,5.0
1580086349,1,5.0
1580086373,2,4.0
1580086519,2,4.5
1580086578,1,5.0
1580086713,1,4.0
1580086748,2,4.5
1580086810,2,5.0
1580086993,2,4.5
1580087205,1,5.0
1580110037,1,5.0
1580110045,2,5.0
1580110789,1,3.0
1580110800,1,5.0
1580110835,1,5.0
1580111165,1,2.0
158011136X,1,4.0
1580111378,1,4.0
1580111386,2,3.5
1580111505,1,1.0
1580111602,3,5.0
1580111815,1,5.0
1580111866,1,5.0
1580130232,1,5.0
1580131697,1,5.0
1580170455,1,1.0
1580171087,1,5.0
1580171265,2,5.0
1580172121,2,5.0
158017258X,1,5.0
1580172628,1,5.0
1580172733,1,1.0
1580173098,1,4.0
158017325X,1,4.0
1580173659,1,5.0
1580173853,1,2.0
1580174124,1,3.0
1580174248,1,5.0
1580174485,2,3.5
1580175201,1,3.0
1580175244,1,2.0
1580175260,2,4.0
1580175279,1,3.0
1580175309,1,5.0
1580175376,1,5.0
1580175546,1,5.0
1580175627,4,5.0
1580175740,1,5.0
1580175856,1,5.0
1580175899,4,5.0
158017888X,1,5.0
1580232000,1,4.0
1580232116,1,5.0
1580232523,1,5.0
1580291023,1,5.0
1580400132,1,2.0
1580400159,1,3.0
158040197X,1,2.0
1580420729,1,1.0
1580420818,5,4.2
1580420826,8,4.12
1580420842,1,5.0
1580421326,1,1.0
1580421369,7,3.29
1580421431,1,5.0
1580421458,1,4.0
1580421482,1,1.0
1580421490,1,4.0
1580421601,1,1.0
1580510531,1,5.0
1580530214,1,5.0
1580533418,1,5.0
1580536557,1,5.0
1580540341,1,3.0
1580540449,1,3.0
1580540538,1,1.0
1580543545,1,1.0
1580620051,1,5.0
158062135X,1,2.0
1580621902,1,5.0
1580622011,2,3.5
1580622038,2,3.0
1580622534,2,3.0
1580622577,1,5.0
1580624073,1,5.0
1580624553,1,5.0
1580625037,1,4.0
1580625142,1,5.0
158062524X,1,5.0
1580625495,1,4.0
1580625541,1,4.0
1580625568,1,3.0
158062569X,1,2.0
1580625894,1,1.0
1580626130,1,4.0
1580626823,1,3.0
1580627560,6,3.83
1580628133,1,5.0
1580628494,2,5.0
1580628702,1,2.0
1580628834,1,5.0
1580629326,1,4.0
1580629334,1,4.0
1580629342,1,5.0
1580629601,1,5.0
1580629733,1,5.0
1580629784,1,5.0
1580630456,1,4.0
1580631398,1,5.0
1580650031,1,2.0
1580650120,1,4.0
1580650155,3,5.0
1580650627,1,5.0
1580710352,1,5.0
1580800300,1,4.0
1580800718,1,5.0
1580801277,1,1.0
1580801293,1,1.0
1580870619,1,5.0
1580890105,1,3.0
1580890555,1,5.0
158089061X,1,5.0
1580890954,1,5.0
1580910262,1,4.0
1580910416,1,5.0
1580910432,1,5.0
1580910637,1,1.0
1580910890,1,4.0
1580910904,2,5.0
1580911080,1,5.0
1580930476,1,3.0
1580930972,1,4.0
1580931464,1,5.0
158097032X,1,5.0
1581059973,1,5.0
158110121X,1,5.0
1581101562,1,5.0
1581121954,1,4.0
1581122616,1,4.0
1581124260,1,5.0
1581124341,1,4.0
1581124724,1,5.0
1581125011,1,1.0
1581125186,1,2.0
1581125623,1,4.0
1581125666,2,5.0
1581125844,1,5.0
1581125976,1,4.0
1581126018,2,5.0
1581126263,2,3.0
1581127197,1,5.0
1581128312,2,5.0
158112872X,1,1.0
1581128762,1,2.0
1581150202,1,5.0
1581150962,2,4.5
1581151969,1,5.0
1581152035,1,5.0
1581152507,2,5.0
158115254X,1,5.0
1581152566,1,5.0
1581152809,1,3.0
1581153023,1,4.0
1581153120,1,4.0
1581153481,1,4.0
1581153848,1,5.0
1581154011,1,4.0
1581154097,2,3.0
158117036X,1,4.0
1581170424,1,5.0
1581170912,3,4.0
1581171463,1,4.0
1581172184,1,5.0
1581172672,1,5.0
1581210191,1,4.0
1581248105,1,5.0
1581311826,1,1.0
158131292X,2,3.0
1581312962,1,4.0
1581331371,1,5.0
1581340478,1,5.0
1581341792,1,4.0
1581341865,2,5.0
1581343485,1,5.0
1581344023,1,5.0
158134435X,1,5.0
1581344414,1,3.0
1581344589,6,5.0
1581344643,1,5.0
1581344872,1,5.0
1581345151,2,4.0
1581345224,1,5.0
1581345615,6,4.83
1581345798,1,5.0
1581345984,1,5.0
1581346034,1,3.0
1581346069,1,5.0
1581346220,1,4.0
1581346395,2,5.0
1581346409,1,5.0
1581346506,1,4.0
1581346549,1,5.0
1581346573,1,5.0
1581346646,2,4.0
1581346735,1,5.0
158134726X,2,5.0
1581347308,1,1.0
1581350260,1,5.0
1581350287,1,5.0
1581350716,1,5.0
1581350724,1,5.0
1581351127,1,5.0
1581500246,1,5.0
1581500904,1,5.0
1581501226,1,5.0
1581600372,1,4.0
1581600488,1,3.0
1581600585,1,5.0
1581600747,1,1.0
1581600941,1,5.0
1581601271,1,1.0
158160128X,1,5.0
1581601433,1,5.0
1581602820,1,4.0
1581603177,1,4.0
1581603401,2,3.0
1581603673,1,4.0
1581603770,1,4.0
1581604041,1,5.0
1581604270,1,5.0
1581604483,1,1.0
1581650302,1,5.0
158170027X,1,5.0
1581770995,1,5.0
1581800053,2,3.0
1581800088,2,4.5
1581800274,1,5.0
1581800533,1,5.0
158180069X,1,5.0
1581800711,1,5.0
1581801181,1,4.0
1581801300,1,4.0
1581801475,1,5.0
1581801661,1,2.0
1581801785,1,5.0
1581801866,1,5.0
1581801882,1,5.0
1581801998,1,4.0
1581802161,1,5.0
1581802366,2,5.0
1581802560,1,5.0
1581802684,1,5.0
1581803079,1,5.0
1581803435,1,5.0
1581803591,1,5.0
1581803761,1,4.0
1581803788,1,4.0
1581803796,1,4.0
1581803974,1,5.0
1581804091,1,5.0
1581804237,2,5.0
1581804318,1,5.0
1581804334,1,5.0
1581804369,1,5.0
1581804385,1,5.0
1581804393,1,5.0
1581804725,1,1.0
1581804768,1,5.0
1581804806,1,5.0
1581804849,1,5.0
1581804865,2,4.5
1581805012,1,4.0
1581805136,1,5.0
1581805489,1,5.0
1581805519,1,4.0
1581805527,1,4.0
1581805578,2,4.5
1581805632,1,5.0
158180587X,1,5.0
1581806086,1,4.0
1581806507,4,5.0
1581806515,1,5.0
1581806787,5,4.4
1581820348,1,5.0
1581821905,1,4.0
1581822391,1,5.0
1581822456,1,5.0
1581822650,1,5.0
1581822804,1,5.0
1581822871,1,5.0
1581822928,1,2.0
1581822952,1,5.0
1581823460,1,1.0
1581823665,1,2.0
1581823908,1,5.0
1581824335,1,5.0
1581824432,2,5.0
1581824572,1,1.0
1581824580,1,4.0
1581824599,5,4.6
1581942036,1,5.0
1581942052,1,3.0
1581942060,1,3.0
1581950136,1,5.0
1581960263,1,4.0
1581970218,1,2.0
1582092648,1,4.0
1582181365,1,5.0
1582181462,1,5.0
1582292973,2,4.0
1582293767,1,3.0
1582294267,2,4.0
1582294275,2,5.0
1582294380,1,5.0
1582340331,1,5.0
1582340455,2,3.5
158234051X,1,5.0
1582341028,1,4.0
1582341036,1,4.0
158234146X,1,4.0
1582341591,1,5.0
158234180X,3,4.67
1582341931,1,3.0
1582342113,1,4.0
1582342229,1,5.0
158234227X,1,5.0
1582342474,1,5.0
1582342873,1,5.0
1582342903,2,5.0
158234311X,1,1.0
1582343284,1,5.0
1582343497,1,5.0
1582343578,1,5.0
1582343586,1,5.0
1582343675,1,5.0
1582343829,1,5.0
1582343853,1,2.0
1582343926,1,1.0
1582343934,1,5.0
1582343969,1,3.0
1582344167,20,3.85
1582344175,1,5.0
1582344205,1,5.0
1582344256,1,3.0
1582344450,1,4.0
1582344582,1,4.0
1582344825,1,2.0
1582344833,2,3.0
1582344841,1,4.0
1582345066,1,5.0
1582345082,6,4.33
1582345090,1,5.0
1582345112,1,1.0
1582345171,1,2.0
1582345228,1,5.0
1582345236,1,4.0
1582345295,2,4.5
1582345503,1,4.0
1582345643,2,5.0
1582345821,3,5.0
1582345856,2,4.5
1582345864,1,4.0
1582346038,1,5.0
1582346186,5,4.6
1582346461,1,5.0
1582346860,1,5.0
1582347530,1,5.0
1582348251,1,4.0
1582348286,1,5.0
158234843X,3,5.0
1582348898,1,5.0
1582349533,1,4.0
1582349924,1,5.0
1582349932,1,5.0
1582369003,2,4.5
1582369046,1,5.0
1582380783,1,5.0
1582380902,1,5.0
158238097X,1,4.0
1582400016,1,3.0
1582402108,1,3.0
1582402604,1,5.0
1582403309,1,4.0
1582403333,1,5.0
1582403589,2,3.5
1582403813,1,5.0
1582404011,1,5.0
1582404135,1,5.0
1582404771,1,5.0
1582404801,2,5.0
1582404925,1,5.0
158240500X,1,5.0
1582405034,1,5.0
1582430373,1,5.0
1582431191,1,4.0
1582431698,1,4.0
158243171X,1,4.0
1582431841,1,5.0
1582432678,2,4.5
1582432708,1,5.0
1582432805,1,5.0
1582432996,1,5.0
1582433038,1,5.0
1582433216,1,5.0
1582433232,1,5.0
1582433275,1,4.0
1582440573,1,5.0
1582450285,2,3.5
1582451516,1,5.0
1582451583,1,5.0
1582460469,2,4.5
1582460507,1,4.0
1582460728,1,4.0
1582461082,1,5.0
158255059X,1,4.0
1582550727,1,2.0
1582552797,1,4.0
1582553378,1,2.0
1582553491,1,3.0
1582554048,1,5.0
1582611130,1,3.0
1582612250,1,5.0
1582613087,1,4.0
1582613354,1,5.0
1582616027,1,2.0
1582616167,1,3.0
1582616744,1,5.0
1582616876,1,4.0
1582617260,1,3.0
1582617333,2,5.0
1582617589,1,1.0
1582617627,1,4.0
1582617899,1,1.0
158261797X,1,5.0
1582618186,1,5.0
158261833X,1,3.0
1582619077,1,4.0
1582619433,1,4.0
1582619611,1,5.0
158261976X,1,5.0
1582619913,1,5.0
1582619980,2,4.0
1582700036,2,5.0
1582700141,1,1.0
1582701148,10,4.4
1582701229,1,5.0
1582701288,2,5.0
1582701326,1,5.0
1582900434,1,5.0
1582910103,1,4.0
1582970548,1,2.0
1582970645,1,4.0
1582970912,1,5.0
158297103X,2,4.5
1582971269,1,5.0
1582971749,1,5.0
158297182X,2,5.0
158297215X,2,3.5
1582972400,4,4.25
1582972427,1,5.0
1582972443,1,4.0
1582972516,1,5.0
158297263X,1,5.0
1582972710,2,5.0
1582972745,1,5.0
1582972893,1,5.0
158297294X,1,5.0
1582972958,3,4.67
1582972966,1,5.0
1582973113,2,4.5
158297327X,1,1.0
1582973288,2,4.5
1582973369,1,4.0
1582973482,1,5.0
1582973547,2,3.0
1582973946,2,3.5
1582973997,2,4.5
1582974004,2,5.0
1582974012,2,3.5
1582974020,1,5.0
158314045X,1,4.0
158314207X,1,4.0
1583142703,1,5.0
1583142835,1,3.0
158314336X,1,4.0
1583143580,1,5.0
1583143858,1,5.0
1583143890,1,3.0
1583143947,1,5.0
1583143955,1,5.0
1583144293,2,5.0
1583144684,1,5.0
1583144803,1,3.0
158314482X,1,4.0
1583144862,2,4.5
1583144889,1,3.0
1583144897,1,3.0
1583145249,1,5.0
1583145656,3,5.0
1583145923,2,5.0
1583146059,1,5.0
1583146172,1,3.0
1583146199,1,4.0
1583146431,1,4.0
1583146539,1,5.0
1583220356,1,5.0
1583220380,1,5.0
1583220674,1,2.0
1583224890,1,5.0
1583225269,3,5.0
1583225366,2,5.0
1583226141,1,3.0
1583226168,1,5.0
1583226257,2,2.0
1583226281,1,5.0
1583226605,1,5.0
158322677X,1,5.0
1583226850,1,4.0
1583226907,1,5.0
158322713X,2,4.0
1583330771,3,5.0
1583330844,1,5.0
1583330992,1,4.0
1583331077,1,4.0
1583331395,1,5.0
158333159X,1,5.0
1583331719,2,5.0
1583331778,1,3.0
1583331816,1,5.0
1583332022,1,4.0
1583332049,2,4.0
1583332081,1,5.0
1583332200,1,5.0
1583470441,1,3.0
1583470506,1,1.0
1583483276,1,4.0
1583483845,1,3.0
1583484906,2,4.0
1583487670,1,2.0
1583550380,1,4.0
1583550739,1,2.0
1583551026,1,1.0
1583551301,1,5.0
1583551352,1,4.0
1583552480,1,3.0
1583603573,1,1.0
1583671188,1,5.0
1583761667,1,5.0
1583850570,1,5.0
1583870067,1,5.0
1583880887,1,5.0
1583880933,1,4.0
1583880941,1,5.0
158388145X,1,5.0
1583913300,1,5.0
1583913548,1,5.0
1583913580,5,4.4
1583918337,1,5.0
1583940006,2,3.0
1583940081,1,4.0
1583940537,4,4.25
1583940669,1,5.0
1583940766,1,5.0
1583941231,5,4.4
1584152508,1,1.0
1584152761,1,2.0
1584200111,1,5.0
1584230940,1,5.0
1584280352,1,3.0
1584280581,1,4.0
1584280638,1,4.0
1584280794,1,5.0
1584280956,1,5.0
1584280980,1,4.0
1584281081,2,1.5
1584281103,1,1.0
1584281146,1,5.0
1584281227,1,5.0
1584281251,2,5.0
158428126X,1,5.0
1584281308,1,3.0
1584281316,1,2.0
1584281332,1,3.0
1584281340,1,4.0
1584281375,1,5.0
1584281499,1,4.0
1584281588,1,3.0
1584281626,1,3.0
1584350180,1,5.0
1584450428,1,4.0
1584502045,1,2.0
1584502363,1,5.0
1584502711,1,1.0
1584502975,2,4.5
1584503343,1,1.0
1584503386,1,5.0
1584503440,3,3.0
1584503556,1,1.0
1584503564,4,4.75
1584503637,1,5.0
1584503769,1,3.0
1584503963,1,4.0
1584561335,1,1.0
1584652969,1,4.0
1584653124,1,5.0
1584653507,2,4.5
1584654775,1,5.0
1584680008,1,5.0
1584690488,1,5.0
1584690631,1,5.0
1584723424,1,5.0
1584762071,2,3.0
1584762691,1,5.0
158479027X,1,5.0
1584790830,5,4.4
1584790873,1,3.0
1584792132,1,5.0
1584792795,1,5.0
1584792868,1,3.0
1584792906,1,5.0
1584792914,1,2.0
1584792930,1,5.0
1584792965,1,5.0
158479299X,1,1.0
1584793023,2,5.0
1584793074,1,4.0
1584793155,1,5.0
1584793236,1,5.0
1584793279,3,5.0
1584793341,1,5.0
1584793457,1,5.0
1584793562,1,4.0
1584793570,1,3.0
1584793643,1,2.0
1584793651,1,5.0
1584793678,3,4.33
1584793880,1,3.0
1584793953,1,5.0
1584794038,1,2.0
1584794089,1,4.0
1584794097,1,5.0
1584794135,1,4.0
1584794143,10,4.2
158479416X,1,1.0
1584794186,1,4.0
1584794321,1,5.0
1584794550,3,5.0
1584830492,1,5.0
1584850396,1,5.0
1584851945,1,1.0
1584882360,1,5.0
1584882379,1,3.0
1584884258,1,5.0
1584884347,1,2.0
1584884401,1,5.0
1584884509,1,5.0
1584884916,2,3.0
1585000345,1,4.0
1585003387,1,2.0
1585004162,1,1.0
1585004782,2,3.0
1585007730,1,3.0
1585010782,1,4.0
1585031348,1,1.0
1585031631,1,5.0
1585031879,1,3.0
1585090204,1,5.0
158509045X,1,3.0
1585090565,1,4.0
1585091057,1,1.0
1585160253,1,5.0
1585160555,1,4.0
1585160660,1,4.0
1585161616,1,5.0
1585161993,1,4.0
1585166812,1,5.0
1585167657,1,1.0
1585182052,1,1.0
1585182443,1,5.0
1585183601,1,3.0
1585185884,1,1.0
1585188530,1,5.0
1585320927,1,1.0
1585361607,1,4.0
1585362433,1,5.0
1585420212,1,5.0
1585420328,1,5.0
1585420638,1,5.0
1585420751,1,5.0
1585421162,1,4.0
1585421170,3,5.0
1585421464,1,5.0
1585421677,1,5.0
1585421723,1,5.0
1585421812,1,5.0
1585421936,1,1.0
1585422126,1,2.0
1585422169,1,5.0
1585422193,1,5.0
1585422266,1,5.0
1585422274,1,5.0
1585422290,1,5.0
158542241X,2,4.0
158542269X,1,4.0
1585422762,1,4.0
1585422789,10,4.1
1585423017,1,3.0
1585423068,2,4.5
1585423181,1,5.0
1585423211,1,5.0
1585423238,1,5.0
1585423319,1,4.0
1585423343,1,5.0
1585423394,1,5.0
1585423459,4,4.5
1585423475,2,5.0
1585423491,2,5.0
1585423513,1,5.0
1585423521,1,5.0
158542353X,2,3.5
1585423580,1,5.0
1585423807,1,5.0
1585424129,1,5.0
158542420X,2,3.0
1585424226,1,5.0
1585424277,1,5.0
158544152X,1,5.0
1585442283,1,5.0
1585442372,2,4.5
1585442429,1,3.0
1585442542,1,5.0
1585442755,1,5.0
1585443476,1,5.0
1585444065,1,5.0
1585444413,1,5.0
158544457X,1,5.0
1585622257,1,5.0
158567009X,1,5.0
1585670243,1,5.0
1585670618,1,4.0
1585671185,1,3.0
1585671444,1,5.0
1585671614,1,5.0
1585671622,1,2.0
1585672343,1,5.0
1585672750,1,5.0
1585672769,1,3.0
158567298X,1,5.0
1585673463,1,5.0
1585673714,1,5.0
1585674060,2,4.5
1585674184,1,1.0
1585674370,1,3.0
1585674389,3,5.0
1585674710,1,2.0
1585674796,1,4.0
1585674826,1,5.0
1585675008,1,4.0
1585675490,1,5.0
1585675598,3,4.67
1585676152,1,5.0
1585676195,1,4.0
1585676209,1,5.0
1585676284,1,4.0
1585676349,1,4.0
1585676438,1,5.0
1585676543,1,4.0
1585676616,1,5.0
1585676969,1,5.0
1585677612,1,5.0
1585710288,1,5.0
1585710431,1,1.0
1585710768,1,4.0
158571092X,1,4.0
1585710938,2,2.5
158571108X,2,3.0
1585711276,1,1.0
1585711306,1,2.0
1585711489,1,5.0
1585711632,2,1.5
1585711640,1,4.0
1585711659,1,5.0
1585730033,1,5.0
1585740802,1,5.0
1585740853,1,5.0
1585741957,1,5.0
1585742147,1,5.0
158574218X,1,5.0
1585742511,1,4.0
1585742996,1,3.0
1585743127,1,3.0
1585743526,2,4.0
158574364X,1,5.0
1585743976,1,4.0
1585744573,1,5.0
158574557X,1,5.0
1585745898,1,5.0
1585746223,1,1.0
1585746827,1,3.0
1585747122,1,2.0
1585747351,2,5.0
1585747505,1,5.0
1585748005,2,4.0
1585748285,1,1.0
1585748293,1,4.0
1585748579,1,5.0
1585921041,1,3.0
1585973092,1,2.0
1586080814,1,4.0
1586086634,1,5.0
1586086731,1,5.0
1586086790,1,5.0
1586086812,1,1.0
1586086855,1,4.0
1586087045,1,5.0
1586087088,1,5.0
1586087096,1,3.0
158608710X,1,5.0
1586091379,1,4.0
1586091867,1,1.0
1586170163,4,4.75
158617035X,1,5.0
1586170392,2,5.0
1586170430,1,5.0
1586170449,1,5.0
1586170457,1,5.0
1586210661,1,4.0
1586210823,1,5.0
1586210912,2,3.5
1586211145,1,5.0
1586214012,1,5.0
1586214098,1,5.0
158621439X,1,5.0
1586215299,1,4.0
1586215647,2,4.0
1586216554,2,5.0
1586217097,1,4.0
1586217127,1,5.0
1586217194,2,4.0
1586217305,1,5.0
1586217615,1,4.0
1586380087,1,5.0
1586400681,1,5.0
158640069X,1,5.0
1586401726,1,5.0
1586420003,1,5.0
1586420666,1,5.0
1586420771,2,2.5
1586420836,3,2.33
1586420879,1,5.0
1586420895,2,4.5
1586480189,1,5.0
1586480804,1,4.0
1586481045,1,4.0
1586481134,1,5.0
1586481150,1,5.0
158648138X,1,1.0
1586481398,1,1.0
1586481657,1,4.0
158648169X,1,5.0
1586481738,1,5.0
1586481886,1,5.0
1586481932,1,5.0
1586482033,2,4.5
1586482122,1,5.0
1586482149,3,2.67
1586482181,1,3.0
1586482440,1,3.0
1586482475,1,5.0
1586482483,1,3.0
1586482491,1,4.0
1586482548,2,2.0
1586482572,1,5.0
1586482599,1,5.0
1586482610,7,4.0
1586482637,1,4.0
1586482696,5,4.4
1586482769,1,5.0
1586482823,1,5.0
1586482939,2,2.0
1586482963,2,5.0
158648303X,1,5.0
1586483153,1,5.0
1586483439,1,5.0
1586555804,1,5.0
1586559990,2,2.0
1586601431,1,2.0
158660399X,1,5.0
1586605097,1,3.0
1586606735,1,4.0
1586606751,1,5.0
1586606794,1,5.0
1586607014,1,3.0
1586607251,1,5.0
1586608290,1,5.0
1586630075,1,1.0
158663304X,1,2.0
1586636995,1,4.0
1586637541,1,5.0
1586638688,1,5.0
1586638696,1,5.0
1586648039,1,5.0
1586649558,3,4.33
1586649566,1,5.0
1586649574,1,3.0
1586649582,1,5.0
1586649590,1,3.0
1586649604,1,4.0
1586670832,1,1.0
1586850210,1,5.0
1586850326,1,5.0
1586850334,1,5.0
1586850547,1,5.0
1586851136,1,4.0
1586851306,1,4.0
1586851438,1,5.0
1586851748,1,5.0
1586852035,1,4.0
1586852345,1,5.0
1586852507,1,5.0
1586852884,5,4.0
1586852892,1,3.0
1586853066,1,5.0
158685321X,2,5.0
1586853333,1,5.0
1586853651,1,5.0
1586853716,2,3.0
1586853805,1,5.0
1586854151,1,4.0
158685433X,2,5.0
158685464X,1,5.0
1586854704,1,3.0
1586855158,1,5.0
1586855212,1,1.0
1586855247,1,5.0
1586855409,1,5.0
1586857355,2,4.0
1586857436,1,4.0
1586900048,1,4.0
1587050404,1,4.0
1587050692,1,4.0
158705096X,1,5.0
158705146X,1,5.0
1587051486,1,1.0
1587051508,1,5.0
1587051575,1,5.0
1587052148,1,1.0
1587131102,1,4.0
1587151022,1,2.0
1587152630,1,5.0
1587153440,1,1.0
1587154471,1,5.0
1587154811,1,5.0
1587155486,1,5.0
1587155850,1,5.0
1587155915,1,4.0
1587170302,1,5.0
1587170663,1,5.0
1587170787,1,3.0
1587170949,1,3.0
1587171341,1,5.0
1587200546,1,3.0
1587200856,1,5.0
1587200910,1,2.0
1587200953,4,4.25
1587201011,2,3.5
1587201224,1,3.0
1587201240,1,5.0
1587201291,2,3.0
1587201356,2,3.0
1587201364,1,5.0
1587215004,1,5.0
1587216582,1,5.0
1587217899,1,5.0
1587245604,1,5.0
1587246600,1,4.0
1587261081,1,4.0
1587261111,1,1.0
1587261855,4,4.75
1587310236,1,5.0
1587330032,1,5.0
158736106X,1,5.0
1587361167,2,3.5
1587361388,1,5.0
1587363135,1,4.0
1587363429,1,5.0
1587364549,1,1.0
1587364638,1,4.0
1587364727,1,4.0
1587365146,1,5.0
1587420031,1,2.0
1587420236,1,2.0
1587430045,2,4.0
1587430363,1,2.0
1587430681,1,4.0
158743069X,3,5.0
158743072X,1,5.0
1587430878,1,5.0
1587430894,1,5.0
158743122X,1,5.0
158747008X,1,5.0
1587494035,1,5.0
158754105X,2,5.0
1587541068,1,4.0
1587600188,1,5.0
1587611708,1,5.0
1587611929,1,4.0
1587611953,1,5.0
1587611961,1,5.0
1587612089,1,5.0
1587612127,1,5.0
1587612321,1,5.0
1587622025,1,2.0
1587623676,1,3.0
1587623692,1,4.0
1587670461,1,5.0
1587671115,1,5.0
1587680262,1,3.0
1587710188,1,4.0
1587710218,3,5.0
1587710226,3,4.67
1587781727,1,5.0
1587781972,1,5.0
1587784777,1,5.0
158778792X,1,5.0
1587860104,1,5.0
1587880784,1,5.0
1587880792,1,5.0
1587889919,1,4.0
1587901110,1,5.0
1587990598,1,5.0
1587990717,1,3.0
1587991705,1,5.0
158799190X,3,3.67
1588080560,1,4.0
1588162052,1,5.0
1588162141,1,4.0
1588162745,1,4.0
1588164039,1,5.0
1588164233,1,4.0
1588164519,1,5.0
1588180719,1,4.0
1588181049,1,5.0
1588202135,1,1.0
1588204065,1,5.0
1588206106,1,5.0
1588262979,1,5.0
1588291758,1,5.0
1588321002,2,5.0
158834021X,1,5.0
1588340414,1,5.0
158834049X,1,5.0
1588341038,2,5.0
1588341283,1,5.0
1588341372,1,5.0
1588341607,2,4.0
158834200X,1,5.0
1588342123,1,3.0
1588342190,2,3.5
1588381110,1,5.0
1588433897,2,5.0
1588460738,1,4.0
1588460894,1,5.0
158846119X,1,5.0
1588461238,1,5.0
1588461394,1,5.0
1588462471,3,3.67
1588463249,3,4.67
1588464849,2,5.0
1588467872,1,3.0
1588467961,1,5.0
1588468194,1,4.0
1588468208,1,4.0
1588468216,1,4.0
1588468232,1,4.0
1588468313,1,4.0
1588468615,1,5.0
1588468623,1,5.0
1588468666,2,3.0
1588510506,1,3.0
1588513521,2,5.0
1588516725,1,5.0
1588517578,1,4.0
1588720438,1,5.0
1588720446,1,1.0
1588720497,1,5.0
1588720845,1,5.0
1588720896,1,2.0
1588741311,1,4.0
1588800334,1,2.0
1588903877,1,4.0
1588980952,2,2.0
1588988023,1,5.0
1588989054,1,5.0
1589010329,2,5.0
1589010361,1,4.0
1589010698,2,3.5
1589011023,1,3.0
158901104X,1,4.0
1589190319,1,5.0
158919053X,1,5.0
1589193067,1,4.0
1589230620,1,3.0
1589230698,3,4.33
1589230868,1,4.0
1589230922,1,4.0
158923121X,1,5.0
1589231341,1,1.0
1589231392,1,5.0
158923166X,1,3.0
1589253671,1,5.0
1589266250,1,3.0
1589266560,1,5.0
1589266633,1,2.0
1589267141,1,5.0
1589267362,1,5.0
1589268946,1,4.0
1589269241,2,5.0
1589390393,1,5.0
1589392647,2,3.5
1589393228,1,5.0
158939349X,1,3.0
1589394291,1,2.0
1589394577,1,5.0
1589395344,1,5.0
1589395417,1,5.0
1589395824,1,5.0
1589395972,3,4.67
1589396774,1,1.0
1589397029,1,5.0
1589397274,1,5.0
158939738X,2,1.0
1589430638,2,5.0
158948018X,2,5.0
1589480228,1,5.0
158948083X,2,3.0
1589580206,1,5.0
158960072X,1,5.0
1589611381,1,5.0
1589611713,1,4.0
1589612132,1,5.0
1589612299,1,5.0
1589613163,1,5.0
1589635019,1,4.0
1589635833,1,5.0
1589638026,1,5.0
1589762290,1,5.0
1589790367,1,5.0
1589790383,1,5.0
1589790804,1,5.0
158979124X,1,5.0
1589791398,1,5.0
1589791517,2,4.0
1589791606,1,2.0
158979169X,1,5.0
1589791916,1,2.0
1589792459,1,5.0
1589800079,1,4.0
1589801644,1,4.0
1589801822,1,5.0
1589802020,1,5.0
1589802063,1,3.0
1589802098,3,2.33
158980211X,1,3.0
1589802152,1,3.0
1589802926,1,4.0
1589803094,1,5.0
1589803299,1,5.0
1589820088,1,5.0
1589821653,1,5.0
1589850149,1,5.0
1589971280,1,5.0
1589971493,1,5.0
1589972996,3,5.0
1590030036,1,5.0
159003029X,1,5.0
1590075471,1,1.0
1590080165,1,3.0
1590080254,1,5.0
1590120124,1,5.0
1590120507,1,2.0
1590130014,1,2.0
1590130324,1,5.0
1590130375,1,3.0
159013060X,1,5.0
159017027X,1,4.0
1590170342,1,5.0
1590170431,1,4.0
1590170512,1,5.0
159017061X,1,5.0
1590170806,1,3.0
1590170849,1,5.0
1590170857,1,4.0
159017092X,1,5.0
1590170962,1,4.0
1590171020,1,5.0
159017125X,1,5.0
1590171292,1,4.0
1590171373,2,3.5
1590171470,1,2.0
1590171551,1,5.0
1590171586,4,5.0
1590230000,1,5.0
159023006X,1,5.0
1590230078,1,2.0
1590300246,1,5.0
1590300408,1,5.0
1590300459,1,5.0
1590300688,1,5.0
1590300696,1,5.0
1590300785,2,4.5
1590301471,1,5.0
1590301544,1,3.0
1590301560,1,5.0
1590301706,1,1.0
1590302443,1,5.0
159030263X,1,4.0
1590313828,1,5.0
1590313992,1,5.0
1590340094,1,5.0
159036094X,1,2.0
1590382064,1,5.0
1590382234,2,5.0
1590384415,1,5.0
1590384571,1,5.0
1590400267,1,4.0
1590411153,1,1.0
1590473337,2,5.0
1590473787,1,2.0
1590473841,1,3.0
1590474600,1,4.0
1590480007,1,5.0
1590520149,1,4.0
1590520335,1,5.0
1590520378,1,4.0
1590520475,1,5.0
1590520890,1,3.0
1590520955,1,5.0
1590521005,1,5.0
1590521196,1,5.0
1590521315,1,5.0
1590521471,4,5.0
159052151X,2,5.0
1590521528,1,4.0
1590521536,1,5.0
159052201X,2,5.0
1590522265,1,5.0
1590522532,1,5.0
1590522583,2,4.5
1590522591,1,5.0
1590522753,1,5.0
1590523172,6,3.67
1590523288,1,5.0
1590523431,1,4.0
1590523679,1,5.0
1590523733,2,5.0
1590523830,1,4.0
1590523873,2,5.0
1590523962,1,4.0
1590524020,2,5.0
1590524039,1,3.0
1590524071,2,5.0
1590524136,2,4.5
1590524268,1,4.0
1590524292,1,4.0
1590524306,1,4.0
1590524365,1,3.0
1590525132,2,5.0
1590525213,1,5.0
1590525302,1,5.0
1590560469,1,5.0
1590560647,1,5.0
1590560833,1,5.0
1590560868,1,5.0
1590580567,2,4.5
1590581296,1,3.0
1590581431,1,5.0
1590581466,1,3.0
1590581849,1,4.0
1590590155,1,5.0
1590590236,1,3.0
1590590775,1,2.0
1590590961,1,2.0
1590591070,1,3.0
1590591143,1,2.0
1590591267,1,5.0
1590591305,1,2.0
1590591399,1,1.0
1590591445,1,2.0
1590591453,1,5.0
159059150X,1,2.0
1590591992,2,4.0
159059231X,1,5.0
1590592344,1,5.0
1590592395,2,5.0
1590592433,1,5.0
1590592492,1,5.0
1590592573,1,4.0
159059276X,1,3.0
1590592786,1,4.0
1590592816,1,5.0
1590592905,1,4.0
1590592972,1,2.0
1590593170,1,5.0
1590593235,1,5.0
1590593251,1,3.0
1590593308,1,4.0
1590593413,1,4.0
1590593448,1,5.0
1590593456,1,4.0
1590593464,2,3.5
1590593499,2,3.0
1590593502,2,4.0
1590593561,2,5.0
1590593731,1,5.0
1590593766,1,5.0
1590593804,1,5.0
1590593812,5,5.0
1590593871,2,5.0
1590593901,3,3.67
1590593928,2,4.0
1590593952,1,5.0
1590594134,1,3.0
1590594258,1,3.0
1590594304,1,5.0
1590594339,1,5.0
1590594479,1,3.0
1590594584,2,4.5
1590594614,3,5.0
1590594673,3,4.0
1590594851,1,5.0
1590594967,1,4.0
1590595009,2,3.0
1590595041,1,5.0
1590595114,2,3.5
1590595335,2,5.0
1590595548,2,5.0
1590710029,1,5.0
1590710118,2,5.0
1590710134,1,4.0
1590710207,1,5.0
1590710231,1,2.0
1590710371,1,5.0
1590710606,1,5.0
1590710649,1,5.0
1590770196,1,4.0
1590770226,1,5.0
1590770293,1,3.0
1590770579,1,5.0
1590770587,4,3.0
1590770706,2,5.0
1590770773,1,5.0
1590790197,1,5.0
1590790650,1,5.0
1590790723,2,1.5
1590803442,1,5.0
159084324X,1,1.0
1590860292,1,3.0
1590860861,1,5.0
1590861515,1,5.0
1590861817,2,5.0
1590862171,1,1.0
1590862546,1,4.0
1590865286,1,3.0
1590865413,1,1.0
1590920627,1,5.0
1590921208,2,4.0
1590921313,1,5.0
1590950283,1,1.0
1590988035,1,5.0
1591020182,1,4.0
1591020700,2,5.0
1591020840,1,5.0
1591021014,1,5.0
1591021170,1,4.0
1591021200,2,5.0
1591021219,1,5.0
1591021391,1,2.0
1591022274,1,5.0
1591022495,1,5.0
1591022525,1,3.0
1591022673,3,4.67
1591022835,1,5.0
1591022851,1,4.0
159102286X,2,5.0
1591022878,1,5.0
1591023025,3,2.0
1591023076,1,5.0
1591023084,1,4.0
1591023130,2,5.0
1591023149,1,2.0
1591023327,1,2.0
1591023424,1,5.0
1591023491,3,5.0
1591092760,1,5.0
1591093805,1,5.0
1591095867,1,1.0
1591097185,1,4.0
159109819X,1,4.0
1591099757,1,5.0
1591130409,1,3.0
1591130638,1,5.0
159113241X,1,1.0
1591133912,1,5.0
1591134331,1,1.0
1591135001,1,4.0
1591135443,1,5.0
1591135834,1,5.0
1591135974,1,5.0
1591136520,1,4.0
1591136539,1,3.0
159113711X,1,4.0
1591137640,1,5.0
1591140951,1,4.0
1591142288,1,5.0
1591142792,1,4.0
1591143446,1,5.0
1591143535,1,5.0
1591146518,1,5.0
1591146852,1,5.0
159114714X,1,5.0
1591148669,1,5.0
1591148715,1,5.0
1591148782,1,5.0
1591149266,1,5.0
159114938X,2,3.0
1591149924,1,2.0
159116205X,1,2.0
1591162459,2,5.0
1591163293,1,5.0
1591164087,1,4.0
1591164826,1,1.0
1591165997,1,3.0
1591168759,1,5.0
1591169151,1,5.0
1591169518,1,5.0
1591169526,1,4.0
1591169968,1,4.0
1591170087,1,5.0
159120139X,1,5.0
1591201551,1,5.0
1591201586,2,4.0
1591251915,1,5.0
1591251923,1,4.0
1591251982,1,5.0
1591252075,4,3.75
1591252083,1,4.0
1591252091,1,3.0
159125213X,3,3.67
1591252857,1,5.0
1591252865,1,5.0
1591253578,1,5.0
1591253810,1,1.0
1591254175,1,4.0
159125423X,1,1.0
1591254256,1,5.0
1591260035,1,4.0
1591280249,1,5.0
1591290805,1,2.0
1591294010,1,1.0
1591298008,1,1.0
1591330602,2,5.0
1591330696,1,5.0
1591330866,1,4.0
1591331013,1,4.0
1591331269,1,5.0
1591391105,3,4.33
159139113X,1,2.0
1591391237,1,5.0
1591391660,2,4.0
1591391679,1,1.0
1591391784,1,5.0
1591391865,1,3.0
1591392888,3,4.0
1591393310,2,5.0
1591394139,1,5.0
1591394384,1,5.0
1591394988,2,1.5
1591395771,1,2.0
1591396190,11,4.27
1591397200,3,4.0
1591398134,1,3.0
1591413176,1,2.0
1591430208,1,5.0
1591430275,1,4.0
1591430283,2,3.0
1591430321,1,5.0
1591430356,1,4.0
1591430410,1,5.0
1591430542,1,5.0
1591450195,1,3.0
1591450268,1,4.0
159145042X,1,4.0
1591451523,1,5.0
1591451663,1,5.0
1591451876,3,5.0
1591470749,1,5.0
159147101X,1,5.0
1591471370,1,1.0
1591472520,1,3.0
1591472555,1,5.0
1591501229,1,5.0
1591502241,1,3.0
1591503116,1,5.0
1591505828,1,5.0
1591582229,1,4.0
1591601320,1,5.0
159160236X,2,4.0
1591602394,1,4.0
1591604451,1,4.0
1591605016,1,5.0
1591606020,1,5.0
1591640164,1,5.0
1591640253,1,4.0
1591640334,1,5.0
1591662354,1,5.0
1591742692,1,4.0
1591790069,1,5.0
1591790344,1,3.0
1591790832,1,5.0
1591790905,1,5.0
1591791014,1,4.0
1591791472,1,5.0
1591791510,1,3.0
1591791960,1,2.0
1591792088,1,5.0
159179238X,1,4.0
1591792525,1,3.0
1591792576,2,5.0
1591792592,2,5.0
1591792681,1,5.0
159179272X,1,5.0
1591792746,1,2.0
1591793440,2,4.5
1591793483,3,3.0
1591810019,1,5.0
1591821193,1,5.0
1591821207,1,5.0
159182236X,1,5.0
1591822629,1,5.0
1591823633,1,5.0
1591823862,1,5.0
1591824095,1,5.0
1591824141,1,4.0
1591825571,1,5.0
1591826039,2,5.0
1591827108,1,5.0
1591827434,1,5.0
1591827612,1,5.0
1591827655,1,4.0
1591829879,1,5.0
1591840082,2,5.0
159184021X,2,5.0
1591840376,2,3.0
1591840384,1,5.0
1591840414,2,3.0
1591840538,1,5.0
1591840562,8,5.0
1591840597,1,4.0
1591840600,1,5.0
1591840775,1,4.0
1591840783,2,5.0
1591840805,1,5.0
1591840813,1,5.0
1591840880,3,4.33
1591840899,1,5.0
1591840910,1,2.0
1591840929,1,2.0
1591841003,6,4.67
1591852277,1,5.0
159185413X,1,5.0
1591854504,1,1.0
1591855543,1,5.0
1591855608,1,5.0
1591858038,1,4.0
1591861187,1,4.0
1591861624,1,5.0
1591886015,2,3.5
1591930189,1,4.0
1591930367,1,4.0
159195052X,1,3.0
1591960622,1,3.0
1591961181,1,4.0
159196153X,1,4.0
159196380X,1,5.0
1591966892,1,3.0
1591968046,1,5.0
1591968380,1,5.0
1592000029,2,3.0
1592000096,1,5.0
1592000312,1,5.0
1592000657,1,1.0
1592000673,1,1.0
1592000681,2,5.0
1592000908,1,3.0
159200105X,1,3.0
1592001149,1,2.0
159200136X,1,3.0
1592001386,1,4.0
1592001416,3,2.33
159200170X,1,5.0
1592002056,3,4.33
159200329X,1,5.0
1592003389,3,3.33
1592003834,1,2.0
1592004717,1,5.0
1592005179,1,4.0
1592005233,3,2.33
1592005241,2,1.0
1592005365,1,5.0
1592005683,1,1.0
159200587X,1,5.0
1592006132,2,1.0
1592006485,2,3.0
1592006612,3,4.33
1592006914,1,5.0
1592007112,1,3.0
1592007333,1,4.0
1592009123,1,5.0
1592121756,1,3.0
1592121829,1,5.0
1592131646,1,3.0
1592132413,1,5.0
1592132499,1,4.0
1592132693,1,4.0
1592170455,1,1.0
1592170641,1,5.0
159217065X,1,4.0
1592211798,1,3.0
1592213049,1,5.0
1592220053,1,3.0
1592220207,2,4.5
1592220231,1,3.0
1592220819,3,4.33
1592220835,3,3.33
1592230555,1,5.0
1592230814,1,5.0
1592231845,1,2.0
1592231888,1,5.0
1592231934,1,5.0
1592231977,1,5.0
159223223X,1,5.0
1592232450,1,5.0
1592232930,1,5.0
1592233376,1,5.0
1592233457,1,4.0
1592233724,3,4.33
1592240607,1,5.0
1592240976,1,2.0
159224646X,1,5.0
1592249620,1,2.0
1592280145,1,3.0
1592280153,1,5.0
1592280250,1,5.0
1592280331,1,5.0
1592280439,1,3.0
1592280854,1,5.0
1592281060,1,4.0
1592281923,1,1.0
1592281931,1,1.0
1592282008,1,5.0
1592282067,1,5.0
1592282393,1,4.0
1592282989,1,2.0
1592283233,1,5.0
1592283497,1,5.0
1592283691,1,5.0
1592283705,1,5.0
1592283853,1,3.0
1592283977,1,5.0
1592284353,1,4.0
1592284469,1,5.0
1592284876,1,4.0
1592285279,1,2.0
1592285317,1,5.0
1592285570,1,5.0
1592285708,1,5.0
1592285724,1,5.0
1592285740,1,5.0
1592285902,1,5.0
1592285937,1,4.0
1592286127,1,5.0
1592286542,1,5.0
1592286860,1,5.0
1592286941,1,5.0
159228695X,1,5.0
1592287328,3,3.0
1592287352,1,1.0
1592290175,1,2.0
159233024X,1,5.0
1592330401,1,5.0
159233041X,1,5.0
1592330517,1,1.0
159233055X,1,5.0
1592330576,1,5.0
1592330681,1,5.0
159233069X,1,3.0
1592330762,6,4.67
1592330894,1,5.0
1592330940,1,1.0
1592331106,2,5.0
159233122X,1,5.0
1592331440,1,1.0
1592331467,1,5.0
1592331548,1,5.0
1592400183,2,3.5
1592400353,1,5.0
1592400361,6,4.33
1592400418,3,4.33
159240054X,1,5.0
1592400663,1,5.0
1592400876,5,4.2
1592400973,2,1.5
1592401023,2,4.5
1592401031,2,4.5
1592401074,2,5.0
1592401082,1,5.0
1592401104,1,5.0
1592401112,1,4.0
1592401155,1,4.0
1592401279,1,5.0
1592401406,1,4.0
1592401503,1,5.0
1592440088,1,5.0
1592442528,1,2.0
1592443192,1,5.0
1592444962,1,5.0
1592476422,1,2.0
1592480462,1,1.0
1592481191,1,4.0
1592481620,1,1.0
1592481647,1,1.0
1592481817,1,2.0
1592489575,1,2.0
1592530079,1,5.0
1592530168,1,4.0
1592530176,3,2.0
1592530184,1,5.0
1592530192,2,3.5
1592530206,1,5.0
1592530222,1,5.0
1592530524,1,4.0
1592530672,1,5.0
1592530702,2,4.0
1592530710,1,5.0
1592530761,1,5.0
1592531121,2,5.0
1592531180,1,4.0
1592531210,2,4.0
1592531431,1,2.0
159253144X,2,5.0
1592531458,1,5.0
1592531504,1,5.0
1592531520,2,5.0
1592531660,1,5.0
1592531717,2,5.0
1592570585,3,2.0
1592570607,1,5.0
1592570631,1,1.0
1592571433,1,5.0
1592571727,1,5.0
1592571808,2,3.0
1592571999,2,5.0
1592572022,1,5.0
1592572561,1,5.0
1592573053,2,3.5
1592573096,1,5.0
1592573258,1,1.0
1592573371,1,5.0
1592573444,1,5.0
1592573479,1,3.0
1592573894,1,3.0
1592573924,3,5.0
1592580068,1,4.0
1592580076,1,3.0
1592580645,1,5.0
1592580769,1,2.0
1592581307,1,5.0
1592581633,1,5.0
1592640281,1,4.0
1592640508,1,5.0
1592640915,1,5.0
1592641075,1,5.0
1592641237,1,5.0
159265035X,1,4.0
1592660495,1,5.0
159270025X,1,4.0
1592730051,1,4.0
1592730078,1,5.0
1592760147,1,4.0
1592760228,1,5.0
1592760368,1,5.0
1592760678,1,5.0
1592761011,1,5.0
1592761399,1,5.0
1592761437,2,5.0
1592761801,1,5.0
1592798969,1,5.0
1592800637,1,4.0
159281042X,1,1.0
1592822886,1,5.0
1592851533,1,4.0
1592864341,1,5.0
1592864589,1,1.0
1592864864,1,5.0
1592867197,1,3.0
1592867251,2,2.5
1592867294,1,4.0
1592868800,2,2.5
1592910211,1,4.0
1592980007,1,4.0
1592980279,1,5.0
1592990576,1,3.0
1592990746,1,5.0
1592990770,2,4.0
159299105X,1,5.0
159299153X,1,5.0
1592991548,1,5.0
1593070160,1,4.0
1593070233,1,4.0
1593070241,1,4.0
159307039X,1,5.0
1593070942,1,3.0
1593071639,1,5.0
159307171X,1,1.0
159307204X,1,4.0
1593072074,1,5.0
1593072082,1,5.0
1593072090,1,5.0
1593072104,1,5.0
1593072112,1,5.0
1593072619,1,3.0
1593072627,3,3.33
1593072694,2,4.5
1593072708,2,5.0
1593072856,1,4.0
1593072902,1,4.0
1593072937,4,4.75
1593072945,3,4.67
1593072953,4,4.5
1593072961,2,5.0
159307297X,1,4.0
1593072988,2,4.5
1593072996,1,4.0
1593073011,1,5.0
1593073097,1,5.0
1593073119,2,3.5
1593073291,1,5.0
1593073348,1,4.0
1593090005,1,3.0
1593090013,1,3.0
1593090021,1,1.0
1593090080,2,5.0
1593090137,1,5.0
1593090188,2,4.0
159309020X,1,5.0
1593090218,1,5.0
1593090242,1,5.0
1593090293,1,5.0
1593090315,3,3.33
1593090331,2,5.0
159309034X,3,4.33
1593090366,1,1.0
1593090390,2,4.5
1593090412,1,5.0
1593090420,1,5.0
1593100140,1,3.0
1593100825,1,5.0
1593150199,1,1.0
159315237X,3,3.33
1593170793,2,5.0
1593220065,1,5.0
1593270070,1,5.0
1593270437,1,5.0
1593270461,1,5.0
1593270526,2,4.0
1593270542,2,5.0
1593270690,1,5.0
1593300867,1,5.0
1593301111,2,5.0
1593301162,1,5.0
1593301324,1,1.0
1593302177,1,5.0
1593302207,1,5.0
1593302568,1,5.0
1593302762,1,5.0
1593302800,1,4.0
1593302819,1,5.0
1593312709,1,5.0
1593352549,1,5.0
1593354398,1,1.0
1593359543,1,1.0
1593370121,1,2.0
1593370369,1,3.0
1593370377,1,4.0
1593371063,2,3.5
1593372132,1,5.0
1593372140,1,5.0
1593372612,1,5.0
159337285X,1,4.0
1593373198,1,2.0
159337321X,1,5.0
1593373252,1,5.0
1593373295,2,2.5
1593373457,2,5.0
1593400772,1,5.0
1593441037,1,5.0
1593540205,1,5.0
1593554206,1,1.0
1593556500,1,3.0
159355978X,2,5.0
1593571771,1,5.0
1593600186,2,3.0
1593600364,1,5.0
1593720084,1,5.0
1593720092,1,5.0
1593760094,1,5.0
1593760272,2,5.0
1593760418,2,4.0
1593760485,2,4.5
1593760531,2,5.0
1593760566,1,5.0
1593782179,1,5.0
1593782411,1,1.0
1593782837,1,5.0
1593782896,1,3.0
1593782942,1,5.0
1593783167,1,5.0
1593783450,1,4.0
1593783469,1,5.0
1593783582,1,4.0
1593790007,1,5.0
1593851014,1,5.0
1593851391,1,5.0
1593851693,1,5.0
159393016X,3,3.33
1593930178,1,5.0
1593930291,2,4.5
1593930305,1,5.0
1593930321,1,5.0
1593960662,1,3.0
1593963149,3,5.0
1593974329,3,4.67
1593974396,1,5.0
1593975317,1,4.0
1593976461,1,4.0
1593976763,1,4.0
1593977417,3,4.67
1593977514,1,3.0
159397776X,1,5.0
1593977794,1,3.0
1594030529,2,5.0
1594030561,1,5.0
1594030618,1,5.0
1594030804,1,5.0
1594030847,4,4.25
1594030863,7,4.86
159403091X,1,5.0
159404029X,1,5.0
1594050066,1,2.0
1594050627,1,4.0
1594080720,1,5.0
1594081026,1,4.0
1594083584,1,5.0
1594110263,1,5.0
1594110506,3,5.0
1594110964,1,1.0
1594111111,1,5.0
1594111227,1,4.0
1594140111,1,5.0
1594141428,1,5.0
1594141789,1,3.0
1594141851,1,5.0
159414205X,1,4.0
1594142300,1,5.0
1594142548,1,5.0
1594142734,1,5.0
1594142823,1,5.0
1594142858,1,5.0
1594142904,1,5.0
1594142912,1,5.0
1594142971,1,5.0
1594143056,1,3.0
1594143080,1,5.0
1594143145,1,4.0
1594160058,2,4.5
1594200041,1,3.0
1594200076,1,5.0
1594200092,10,4.7
1594200106,5,5.0
1594200130,1,3.0
159420019X,1,5.0
1594200203,5,4.6
1594200238,2,4.0
1594200270,2,4.5
1594200289,3,3.67
1594200297,1,5.0
1594200300,2,4.5
1594200319,4,3.5
1594200335,2,5.0
1594200343,1,5.0
1594200351,4,4.25
159420036X,1,5.0
1594200386,5,3.8
1594200394,2,3.5
1594200408,3,3.0
1594200416,4,4.0
1594200424,1,4.0
1594200440,2,4.0
1594200459,2,4.5
1594200513,5,4.6
1594200521,2,4.5
1594200548,7,4.43
1594200556,2,4.5
1594200564,1,4.0
1594200580,2,3.5
1594200637,2,3.5
1594200661,3,4.33
1594260141,2,5.0
1594260818,1,5.0
1594260923,1,5.0
1594260966,2,3.5
1594261245,1,3.0
1594270171,1,4.0
1594374899,1,4.0
159441498X,2,4.0
1594480001,75,4.64
1594480184,1,5.0
1594480370,1,4.0
1594480508,1,1.0
1594480702,1,5.0
1594480729,2,5.0
1594480745,2,5.0
1594480826,1,1.0
1594481482,4,4.0
1594510296,1,5.0
1594531552,1,1.0
1594532397,2,5.0
159453487X,1,5.0
1594568502,1,2.0
1594568537,1,4.0
1594568545,1,4.0
159457006X,1,5.0
1594570345,2,3.5
1594571910,1,5.0
1594572348,1,3.0
159457250X,1,2.0
1594572755,1,1.0
1594573700,2,4.5
159457376X,2,5.0
1594574251,1,4.0
1594574790,1,5.0
1594577234,1,5.0
1594577617,1,5.0
1594579717,1,5.0
1594579830,1,4.0
1594590168,1,5.0
1594630003,1,3.0
1594630011,2,4.0
159463002X,2,5.0
1594630038,1,5.0
1594630089,1,5.0
1594630097,4,4.25
1594630100,1,5.0
1594630127,1,5.0
1594672989,1,4.0
1594676097,1,3.0
1594676208,1,1.0
1594676895,1,5.0
1594678073,1,5.0
159467888X,1,5.0
1594678944,8,3.62
1594679592,1,5.0
1594690073,1,5.0
1594720290,3,3.67
1594720371,1,5.0
1594730792,1,4.0
1594731098,1,4.0
1594740178,1,5.0
1594740305,1,5.0
1594750068,1,3.0
1594750130,1,5.0
1594770344,2,5.0
1594770352,1,5.0
1594770425,1,5.0
1594830207,1,5.0
1594830282,1,5.0
1594830320,2,4.5
1594830371,1,2.0
1594830452,1,5.0
1594830738,1,5.0
1594830746,1,5.0
1594860009,3,3.0
1594860106,3,2.33
1594860114,1,5.0
1594860211,1,5.0
1594860246,2,5.0
1594860378,1,5.0
1594860386,1,5.0
1594860572,2,4.5
159486070X,2,5.0
1594860742,1,5.0
1594860750,2,4.5
1594860866,2,3.0
1594860882,2,3.5
1594860939,2,5.0
1594861072,1,4.0
1594861293,1,5.0
1594861390,1,5.0
1594861404,1,4.0
1594861455,1,5.0
1594861587,1,5.0
1594861633,1,5.0
1594861951,1,5.0
1594862311,3,4.0
159486232X,3,4.67
1594862389,3,4.67
1594862958,6,4.5
1594899541,1,5.0
1594900256,2,5.0
1594930066,1,4.0
1594930074,1,4.0
1594930090,1,5.0
1594930104,2,5.0
1594930112,5,4.8
159493018X,1,5.0
1594970491,1,5.0
159497103X,1,5.0
1595017690,3,4.0
1595070281,1,4.0
1595070303,1,5.0
1595070389,1,5.0
1595070400,1,5.0
1595070443,1,5.0
1595070672,1,5.0
159507077X,1,4.0
159514045X,1,5.0
1595151796,1,1.0
1595230009,2,5.0
1595230017,3,5.0
1595230033,5,4.6
1595230041,1,5.0
159523005X,1,4.0
1595230068,32,4.53
1595230076,1,5.0
1595230106,2,5.0
1595230114,2,5.0
1595260889,1,2.0
1595261737,1,5.0
1595261923,1,5.0
159526227X,1,1.0
1595262938,1,5.0
1595324798,1,5.0
159543061X,1,5.0
1595431365,1,5.0
1595431551,1,5.0
1595540024,1,5.0
1595540334,1,4.0
1595550003,1,3.0
1595550046,2,5.0
1595550054,1,5.0
1595550062,5,5.0
1595550070,5,5.0
1595550119,9,3.78
1595620036,2,3.0
159571071X,1,5.0
1595710787,2,3.5
1595780432,1,5.0
1595781102,1,5.0
159582006X,1,3.0
1595820086,1,3.0
1595820124,1,5.0
1595820140,1,5.0
1595970002,1,4.0
1595980032,1,5.0
1596000562,1,5.0
1596000937,1,2.0
1596001666,1,5.0
1596001720,2,4.5
1596002417,1,3.0
1596003243,1,5.0
1596009276,1,4.0
1596060212,1,5.0
1596060247,3,4.33
1596060271,1,4.0
1596090316,1,2.0
1596090383,1,3.0
1596090405,1,5.0
1596090537,1,4.0
1596090790,2,5.0
1596090812,2,5.0
1596091444,1,4.0
1596091487,1,3.0
1596120096,1,5.0
1596120177,1,5.0
1596141107,1,5.0
1596150661,1,4.0
1596151218,1,1.0
1596151668,1,5.0
1596152656,1,4.0
1596221127,1,1.0
1596290501,1,5.0
1596320915,3,3.33
159632127X,1,5.0
1596321288,1,4.0
1596321296,2,5.0
1596321326,2,5.0
1596321504,1,5.0
159635013X,1,2.0
1596350156,1,5.0
1596430141,1,5.0
1596430303,1,5.0
1596430354,2,5.0
1596430451,1,5.0
1596430699,1,5.0
1596540117,1,4.0
159654015X,1,3.0
1596540265,1,3.0
1596541946,1,5.0
1596542594,1,5.0
159661014X,1,5.0
1596700866,1,5.0
1596701072,1,2.0
1596750014,1,5.0
1596910216,1,5.0
1596910704,1,5.0
1596921110,2,5.0
1596921196,1,5.0
1597000124,1,5.0
1597010049,1,1.0
159731000X,1,5.0
1597370894,1,2.0
1597372072,1,4.0
1597372110,1,5.0
1597373230,1,5.0
1597376159,1,5.0
1597520381,1,5.0
1597550043,1,5.0
1597660027,1,5.0
1597680095,2,3.0
1597770299,2,3.5
1597800260,1,5.0
1597811211,1,5.0
1597811629,1,5.0
159781167X,1,5.0
159781184X,1,5.0
1597812064,1,5.0
1597813060,1,5.0
1597813176,1,3.0
1597813605,1,5.0
1597813788,2,5.0
1597953229,1,5.0
1598000209,1,5.0
1598000225,1,4.0
1598000586,1,4.0
1598012290,1,5.0
1598240242,1,4.0
1598360426,1,5.0
1598563564,1,4.0
1598580272,1,5.0
1599428660,1,1.0
1611760143,1,5.0
1740309502,1,2.0
1740452879,1,5.0
1740590104,1,1.0
174059021X,1,4.0
1740591208,1,3.0
1740591313,1,5.0
1740591615,1,2.0
174059178X,1,5.0
1740591798,2,3.0
1740592093,2,2.5
1740592336,1,5.0
174059245X,1,5.0
1740593359,1,4.0
1740593561,1,4.0
1740593596,1,4.0
1740594231,1,5.0
1740594495,1,3.0
1740594606,1,4.0
1740594738,1,2.0
1740595629,1,1.0
1740596870,2,4.0
1740597664,2,3.0
1740597796,1,5.0
1740599276,1,5.0
1741040183,2,3.0
1741041163,1,2.0
1741041643,1,4.0
1741041694,1,5.0
1741041988,1,3.0
1741041996,1,2.0
1741044324,1,5.0
1741141370,1,3.0
1741144485,1,5.0
1741218055,1,5.0
1840003286,1,5.0
1840005645,1,5.0
1840007907,1,5.0
1840009640,1,5.0
1840134712,1,5.0
1840182989,1,2.0
1840184426,1,3.0
1840222069,1,5.0
1840234350,1,4.0
184023623X,1,4.0
1840236744,1,5.0
1840237430,1,5.0
184023864X,1,5.0
1840239085,1,5.0
1840239506,1,5.0
1840461179,1,3.0
1840462450,1,5.0
1840590599,1,3.0
1840592133,1,5.0
1840593695,1,4.0
1840675314,1,4.0
1840680059,1,2.0
1840680156,1,1.0
1840680490,1,1.0
184068061X,1,4.0
1840680652,1,4.0
1840680873,1,1.0
1840681101,1,3.0
1840727160,2,5.0
1840728094,1,5.0
1840760133,1,5.0
1840890231,1,5.0
1840891645,1,4.0
1840914068,1,5.0
1840914084,1,5.0
1840922818,1,4.0
1841012564,1,5.0
1841120707,1,5.0
1841121495,1,2.0
1841124729,1,5.0
1841195650,1,2.0
1841261017,1,3.0
1841261661,1,4.0
1841272582,1,5.0
1841390178,1,5.0
1841464023,1,5.0
1841481319,1,3.0
1841481769,1,5.0
1841483931,1,5.0
1841488968,1,5.0
1841490776,1,4.0
1841491470,1,5.0
1841492043,1,5.0
1841492086,1,3.0
1841493295,1,2.0
1841542105,1,3.0
1841556130,1,1.0
1841620025,1,1.0
184162019X,1,5.0
1841620297,1,4.0
1841620742,1,5.0
1841620807,1,5.0
1841620815,1,5.0
1841620823,1,2.0
1841620947,2,4.0
1841620955,1,5.0
1841621137,1,5.0
184162117X,1,1.0
1841721662,1,4.0
1841721816,1,1.0
1841722170,1,4.0
1841722936,1,1.0
1841723150,1,5.0
1841724149,1,4.0
1841760072,1,5.0
1841760536,1,4.0
1841761028,1,4.0
1841761621,1,5.0
1841761710,1,2.0
1841761850,1,4.0
1841763926,1,5.0
1841763969,1,5.0
1841764051,1,5.0
1841764086,1,5.0
1841765732,1,3.0
1841766267,1,3.0
1841766577,1,5.0
1841766631,1,5.0
1841766836,1,4.0
1841766917,1,5.0
1841767077,1,5.0
184176714X,1,5.0
1841767174,1,5.0
1841767379,1,5.0
1841767514,1,5.0
1841767611,1,5.0
184176776X,1,1.0
1841767808,1,3.0
1841767875,1,5.0
1841767891,1,4.0
1841767980,1,5.0
1841768103,1,5.0
1841768189,1,5.0
1841768243,1,5.0
1841768413,1,5.0
1841768421,1,4.0
1841768448,2,3.0
1841768510,1,4.0
184176857X,1,4.0
1841769045,1,5.0
1841841552,1,4.0
1841882380,2,4.5
1841952516,1,5.0
1841954608,1,2.0
1841956503,1,5.0
1842155210,1,4.0
1842222031,1,4.0
1842223119,1,5.0
1842272772,1,5.0
1842298291,1,5.0
1842322753,1,4.0
1842322834,1,5.0
184232408X,1,4.0
1842402463,1,2.0
1842403141,1,3.0
1842750631,1,5.0
184277185X,1,5.0
1842772139,1,3.0
1842773631,1,5.0
1842774514,1,5.0
1842930559,1,5.0
1842930664,1,1.0
1842930931,1,5.0
184293127X,1,5.0
1843026678,1,1.0
184306099X,2,5.0
1843090619,1,4.0
1843097133,1,4.0
1843100606,1,4.0
1843102064,2,4.0
1843103001,1,5.0
184310332X,1,4.0
1843103478,1,5.0
184310721X,1,4.0
1843107929,1,5.0
1843170051,1,5.0
1843279975,1,4.0
1843281953,1,4.0
1843286491,1,5.0
1843300435,1,5.0
1843303809,1,4.0
1843304988,1,5.0
1843311488,1,1.0
1843337045,1,5.0
1843400561,1,5.0
1843440024,1,2.0
1843440067,1,5.0
1843440075,1,4.0
1843440148,1,1.0
1843530066,1,2.0
1843530457,1,5.0
1843530570,1,2.0
184353066X,1,4.0
1843531429,1,4.0
1843531496,1,5.0
1843531887,1,4.0
1843532476,1,4.0
1843532611,1,3.0
184353293X,2,4.0
1843533871,1,4.0
1843534177,1,5.0
184360390X,2,3.0
1843605600,1,4.0
1843605627,1,3.0
1843606143,1,5.0
1843606186,1,3.0
1843607247,2,4.5
1843763311,1,5.0
1843830272,1,3.0
1843831368,1,5.0
1843860260,1,2.0
184391008X,1,5.0
1843910853,1,4.0
1844001075,1,5.0
1844013057,1,5.0
1844070646,1,5.0
1844070751,1,3.0
1844071219,1,5.0
1844080080,1,5.0
1844080366,1,5.0
1844090078,1,5.0
1844090299,1,5.0
1844130517,1,5.0
1844160564,1,4.0
1844160696,1,5.0
1844160718,2,4.0
1844160890,1,2.0
1844160904,1,4.0
1844160947,1,2.0
1844160963,1,3.0
1844160971,1,2.0
1844160998,1,4.0
184416103X,1,5.0
1844161234,1,4.0
1844161528,1,2.0
1844161544,2,3.0
1844161552,2,2.5
1844161560,1,5.0
1844161579,1,3.0
1844161587,1,3.0
1844161609,1,3.0
1844161641,1,5.0
1844161668,1,5.0
1844161722,1,5.0
1844161978,1,5.0
1844162087,1,5.0
1844162095,1,5.0
1844162206,2,4.5
1844162222,1,3.0
1844162230,1,5.0
1844162311,2,4.0
1844162648,1,4.0
1844250164,1,5.0
1844250288,1,5.0
1844251020,1,3.0
1844251233,1,3.0
1844301249,1,4.0
1844390004,1,2.0
1844494896,1,2.0
184449490X,2,1.0
1844570444,1,4.0
1844670252,1,1.0
1844675254,2,3.0
1844711137,1,1.0
1844800393,1,4.0
184483106X,1,5.0
1844831116,1,4.0
1845073185,1,5.0
1845190157,1,4.0
1845201973,2,1.5
1845421078,1,5.0
184576045X,1,5.0
1845760824,7,4.86
1845760832,1,5.0
1850435952,1,1.0
1850436355,1,5.0
1850753792,1,4.0
1850782490,1,5.0
1850890307,1,3.0
1850970726,1,5.0
1851493751,2,5.0
1851494502,1,5.0
1851494669,1,5.0
1851494766,1,5.0
1851520341,1,5.0
1851529624,1,5.0
1851682376,1,3.0
1851683569,1,4.0
1851773789,1,5.0
1851774483,1,2.0
1851821619,1,4.0
1852272317,2,5.0
1852278439,1,1.0
1852307218,2,5.0
1852331011,1,5.0
1852332034,1,5.0
1852332271,1,4.0
1852334053,1,5.0
1852334347,1,4.0
1852335750,1,4.0
1852336919,1,5.0
1852338229,1,5.0
1852402784,1,4.0
1852421312,1,3.0
1852421681,1,5.0
1852421835,1,1.0
1852424338,1,5.0
1852424478,1,4.0
1852424494,1,4.0
1852426403,1,5.0
1852605529,1,3.0
1852790202,1,4.0
185279061X,1,5.0
1852851198,1,3.0
1852852623,1,4.0
1852853778,1,2.0
1852854448,3,5.0
1853023876,1,5.0
1853027499,1,2.0
1853029149,1,5.0
1853029416,1,5.0
1853029785,1,5.0
185310888X,1,4.0
185326699X,1,5.0
1853268399,1,4.0
1853395218,1,5.0
185343759X,1,5.0
1853597570,1,5.0
1853610224,1,3.0
1853672254,1,5.0
1853672262,1,5.0
1853672270,1,5.0
1853673293,1,5.0
185367334X,1,3.0
1853673978,1,5.0
1853674079,1,3.0
1853674613,1,5.0
1853675032,1,4.0
1853675040,1,3.0
1853675083,1,3.0
1853675415,1,1.0
1853675822,1,5.0
1853675997,1,5.0
185367608X,1,5.0
1853676144,1,1.0
1853676349,2,5.0
1853676446,1,5.0
1853676632,1,5.0
1853711756,1,3.0
1853752908,1,5.0
1853755192,1,3.0
1853913820,1,5.0
1853918490,1,5.0
1853919241,1,5.0
1853992526,1,1.0
1854090453,1,4.0
1854107062,2,4.5
1854107593,1,4.0
1854246739,1,5.0
1854592920,1,5.0
1854594400,1,4.0
1854702580,1,5.0
1854795295,1,5.0
1854902091,1,4.0
1854902725,1,4.0
1854902768,1,4.0
1854902814,1,4.0
1855323028,1,5.0
185532573X,1,3.0
1855326213,1,4.0
1855328658,2,2.5
1855329654,1,4.0
1855752794,1,5.0
1855859270,1,5.0
1855860147,1,5.0
1856191389,1,5.0
1856352110,1,4.0
1856354202,1,5.0
1856487245,1,5.0
1856498859,1,4.0
1856499928,1,5.0
1856693465,1,3.0
1856693740,1,3.0
1856912450,1,5.0
1857027086,1,5.0
1857440439,1,5.0
1857442067,1,5.0
1857442393,1,2.0
1857442784,1,5.0
1857442970,1,5.0
1857443241,2,5.0
1857443314,1,4.0
1857443500,1,2.0
1857443675,1,2.0
1857443748,1,5.0
1857443829,1,4.0
1857443934,1,5.0
1857443950,2,3.0
1857445198,1,3.0
1857533275,1,3.0
1857800427,1,5.0
1857801156,1,5.0
1857801873,1,5.0
1857801903,1,3.0
1857802039,1,5.0
1857825829,1,3.0
1857882474,1,5.0
1857883195,1,3.0
1857883209,2,4.0
1857883233,2,4.0
1857883314,1,4.0
1857883330,1,5.0
185788342X,1,5.0
1857924398,1,5.0
1857933362,1,5.0
185797428X,1,3.0
1857983335,1,5.0
1857988833,1,4.0
185798885X,1,5.0
1858287162,1,4.0
1858287510,1,3.0
1858287618,1,5.0
1858288428,1,5.0
1858288487,1,3.0
1858288770,1,2.0
1858288878,1,4.0
1858289203,1,5.0
1858532175,1,5.0
1858942152,1,5.0
1858942160,1,3.0
185894287X,2,1.0
1859060447,1,5.0
1859061060,1,3.0
1859580726,1,5.0
1859581560,1,4.0
1859604528,1,2.0
1859604706,1,5.0
1859606067,1,3.0
1859606369,1,5.0
1859606911,1,5.0
185960837X,1,3.0
1859608469,1,5.0
1859608965,1,4.0
1859678696,1,5.0
1859725740,1,2.0
1859734936,1,4.0
1859745121,1,1.0
1859832229,1,1.0
185984054X,1,4.0
1859843980,1,4.0
185984412X,1,4.0
1859844413,1,5.0
1859844464,1,4.0
1859846734,1,5.0
1859847765,1,5.0
1859848982,1,5.0
1859951406,1,5.0
1859952410,1,5.0
1860118216,1,5.0
1860463045,1,5.0
1860496334,1,5.0
1860642004,1,4.0
1860642225,1,4.0
1860646220,1,3.0
1860647804,1,4.0
1860649831,1,5.0
1860742653,2,4.5
1860744443,1,3.0
1860745075,1,2.0
186074513X,1,4.0
1860745431,1,1.0
1860745474,1,2.0
1860745938,1,5.0
1860746179,1,5.0
1860746276,2,3.5
1860940870,1,5.0
1860944159,1,5.0
1861001266,1,5.0
1861004370,1,4.0
1861006969,1,4.0
1861007329,1,5.0
1861007353,1,5.0
1861008317,1,4.0
1861051239,1,3.0
1861054149,1,3.0
1861080123,1,1.0
1861081146,1,5.0
1861082584,1,4.0
1861082762,2,5.0
1861082819,1,1.0
1861083122,1,3.0
1861083165,1,5.0
1861083823,1,5.0
1861084250,1,3.0
1861260393,1,4.0
186126092X,1,2.0
1861262019,1,3.0
1861262205,1,4.0
1861263406,1,4.0
1861263724,1,4.0
1861264046,1,3.0
1861264364,1,4.0
1861264976,1,5.0
1861265077,1,5.0
1861265867,1,5.0
186126609X,1,5.0
1861266464,2,5.0
1861266634,1,5.0
1861266642,1,4.0
1861266898,1,2.0
1861267509,1,5.0
1861528930,1,2.0
1861542747,1,5.0
1861630301,1,5.0
1861762275,1,5.0
1861972121,1,5.0
1862041385,1,5.0
1862043043,1,1.0
1862056919,3,4.67
1862271992,1,5.0
1862272379,1,5.0
1862322775,1,5.0
1863513299,1,5.0
1863962425,1,5.0
1864500336,1,5.0
1864501057,1,4.0
1864501790,1,3.0
1864501839,1,5.0
1864503025,1,4.0
1864503238,1,1.0
1864503246,1,4.0
186450336X,2,4.5
1864503440,1,2.0
1864503769,1,5.0
1864690712,1,5.0
1865088366,1,5.0
1865088633,1,4.0
1865089745,1,4.0
1868725154,1,3.0
1869504917,1,3.0
1869928717,1,4.0
1870325141,1,5.0
1870450302,1,5.0
1870668618,1,5.0
1870673166,1,5.0
1871031427,1,5.0
1871083052,1,4.0
1871187370,1,5.0
1871592429,1,2.0
1871676517,1,5.0
1871901294,1,4.0
1872004792,1,5.0
1872119328,1,4.0
1872188060,2,1.5
1872621511,1,5.0
1873176473,1,2.0
1873176678,1,5.0
1873376006,1,4.0
1873429401,1,5.0
1873429703,1,5.0
1873741944,1,3.0
1873756720,1,5.0
1873942982,1,5.0
1874250707,1,5.0
1874597316,1,4.0
187462206X,1,4.0
1874622477,1,4.0
1874707340,1,4.0
1874744580,1,3.0
1874774889,1,5.0
1874774900,1,5.0
1875216014,1,3.0
1875284729,1,5.0
1875690573,1,4.0
1875750223,3,5.0
1876175184,1,5.0
1876175427,1,5.0
1876175451,1,5.0
1876175478,1,5.0
1876175702,3,4.0
1876175982,1,5.0
1877059080,1,4.0
1877662089,1,5.0
1877673366,4,3.25
1877733016,1,1.0
1877733075,1,3.0
187774106X,1,5.0
1877853259,1,5.0
1877853305,1,3.0
1877853399,1,5.0
1877864048,1,1.0
1877864536,1,5.0
1877954438,1,4.0
1877988294,2,3.0
1877988308,1,5.0
1877988316,1,5.0
1877991600,1,5.0
1878019104,1,5.0
1878026089,1,5.0
1878028294,1,5.0
1878067184,1,5.0
1878086944,1,5.0
1878087088,1,2.0
1878239961,1,4.0
1878246003,1,5.0
1878257714,1,5.0
1878265539,1,4.0
1878267299,1,5.0
1878267302,1,5.0
1878282271,1,4.0
1878320556,1,5.0
1878327194,1,5.0
1878338013,1,5.0
1878347020,1,1.0
1878348124,1,5.0
1878348337,1,5.0
1878348345,1,5.0
1878348361,1,5.0
1878424068,2,5.0
1878424114,2,5.0
1878424173,1,5.0
1878424300,1,4.0
1878424319,5,4.6
1878424351,1,5.0
1878424432,1,5.0
1878424505,1,5.0
1878424785,1,5.0
1878442716,1,1.0
1878442759,1,5.0
1878448749,2,5.0
1878448986,1,5.0
1878574590,2,5.0
1878576178,1,5.0
1878576240,1,4.0
1878707221,1,5.0
1878707299,1,3.0
1878707485,2,3.5
1878736655,2,3.0
1878812815,1,5.0
1878812920,1,5.0
1878818740,1,5.0
1878823299,1,3.0
1878825305,1,5.0
1878853392,1,3.0
1878887637,1,5.0
1878892169,1,5.0
1878901613,1,5.0
1878923080,1,4.0
1878923102,1,3.0
1878923161,2,3.0
1878972049,2,4.5
1878972316,1,5.0
1878995138,1,5.0
1879045966,1,5.0
1879052288,1,5.0
1879094703,1,5.0
1879094711,1,4.0
1879094738,2,4.5
1879102897,1,4.0
1879111012,1,2.0
1879159155,3,4.67
1879181037,1,4.0
1879181339,1,5.0
187918141X,1,2.0
1879181428,1,5.0
1879181487,1,4.0
1879181584,1,5.0
1879181592,1,5.0
187918169X,1,5.0
1879181800,1,5.0
1879181827,1,5.0
1879181843,1,3.0
1879181851,1,3.0
1879181916,1,5.0
1879181940,1,5.0
1879194287,1,1.0
1879198304,1,5.0
1879215349,1,5.0
1879284170,1,5.0
187928474X,1,4.0
1879290162,1,2.0
1879356090,1,5.0
1879384388,2,2.0
1879384620,2,5.0
1879402297,1,2.0
1879411113,1,5.0
1879418614,1,5.0
1879425920,1,5.0
1879479354,1,5.0
1879483912,1,4.0
187950507X,1,5.0
1879505444,3,5.0
1879511037,1,5.0
187951141X,1,5.0
187961815X,1,5.0
1879618176,1,4.0
1879651459,1,5.0
187973043X,1,5.0
1879737434,1,5.0
1879794144,1,4.0
1879957132,1,3.0
1879958236,1,5.0
1879967111,1,3.0
1880000644,1,4.0
1880029405,1,1.0
1880029871,1,5.0
1880029987,1,5.0
1880090791,1,5.0
1880090996,1,5.0
1880092484,1,5.0
1880115026,1,5.0
1880140292,1,4.0
1880146363,1,5.0
1880146371,1,4.0
1880150735,1,5.0
1880150980,1,5.0
1880158094,1,3.0
1880158116,1,4.0
1880158450,1,5.0
1880222388,1,4.0
1880226685,1,4.0
1880226901,1,4.0
1880284626,1,4.0
1880292947,1,5.0
1880317605,1,4.0
1880317680,1,5.0
1880336804,1,5.0
1880336820,1,3.0
1880336839,4,3.75
1880336871,1,5.0
1880393026,2,5.0
1880394308,1,5.0
1880410230,3,3.67
1880418568,2,4.5
1880418592,2,4.0
1880418622,18,3.72
1880428202,1,5.0
1880448858,1,4.0
1880451387,1,5.0
1880510588,1,3.0
1880510952,1,4.0
1880582244,1,3.0
1880588315,1,4.0
1880594226,1,5.0
188061913X,1,5.0
1880619245,1,5.0
1880655047,1,5.0
1880656329,1,4.0
1880656426,1,5.0
1880656515,1,5.0
1880656523,1,2.0
1880656604,1,4.0
1880656906,1,4.0
1880656930,1,4.0
1880673134,2,4.5
1880677113,1,4.0
1880685000,7,4.71
1880685086,1,5.0
1880685213,1,5.0
1880685221,2,5.0
1880685256,2,3.5
1880685280,1,5.0
1880685329,2,5.0
1880685337,16,5.0
1880685353,4,5.0
1880717468,1,5.0
1880731657,1,5.0
1880766116,1,4.0
1880809249,1,4.0
1880828472,1,5.0
1880851342,1,5.0
1880909715,1,4.0
1880914077,1,1.0
1880972263,1,5.0
1880972433,2,5.0
1880972557,1,5.0
1880975076,1,5.0
1880985268,1,5.0
1880985756,1,5.0
1881084485,1,5.0
1881096467,1,4.0
1881098311,1,5.0
1881137295,1,5.0
188123312X,2,3.0
1881233502,1,1.0
1881273156,9,4.56
1881273245,1,5.0
1881273393,1,5.0
1881273628,1,5.0
188127392X,1,5.0
1881273989,1,4.0
1881283151,1,5.0
188131667X,1,1.0
1881316882,2,4.5
1881320162,1,5.0
1881374815,1,1.0
1881374904,1,5.0
1881400042,1,5.0
1881405230,3,5.0
1881405451,1,5.0
1881405532,1,5.0
1881405567,1,5.0
1881451666,2,2.0
1881451682,1,5.0
1881451828,1,1.0
1881515680,1,5.0
1881539237,1,3.0
1881576639,1,5.0
1881616576,1,5.0
188165219X,1,5.0
1881780074,1,5.0
1881833003,1,3.0
188184708X,1,5.0
1881859118,1,5.0
1881893030,1,2.0
1881893057,1,5.0
1881955168,1,5.0
1882109384,1,5.0
1882138406,1,5.0
1882138783,1,5.0
1882138961,1,5.0
1882146395,1,5.0
1882146611,1,5.0
1882146689,1,5.0
1882193652,1,5.0
1882256743,1,3.0
1882295161,1,5.0
1882295234,1,5.0
1882295331,1,5.0
1882424581,1,5.0
1882514076,1,5.0
1882514440,2,3.0
1882523024,1,5.0
1882547039,1,5.0
1882547071,1,5.0
1882580338,1,2.0
1882591062,1,5.0
1882593979,2,5.0
1882664728,1,4.0
1882723058,1,5.0
1882723406,1,4.0
1882742281,1,4.0
188274232X,1,5.0
1882742354,2,5.0
1882770544,1,4.0
1882770595,1,5.0
1882770633,1,4.0
1882810333,1,5.0
1882886259,1,5.0
1882897846,1,5.0
188292620X,1,4.0
1882926846,1,5.0
1882931858,1,5.0
188294304X,1,3.0
1882968093,1,2.0
1882968107,1,3.0
1882968115,1,4.0
1882968123,1,4.0
1882968271,1,5.0
188296828X,1,5.0
188296831X,1,4.0
1882983831,1,4.0
1883002133,1,5.0
1883002427,1,3.0
1883002516,1,5.0
1883002826,1,5.0
1883010039,2,4.5
1883010136,4,4.0
1883010322,1,5.0
188301042X,1,2.0
1883010489,1,5.0
188301056X,1,5.0
1883010624,1,5.0
188301073X,2,5.0
1883010888,2,4.5
1883010918,1,5.0
1883011035,1,5.0
1883011450,1,5.0
1883011892,1,3.0
1883011914,1,5.0
1883056055,1,5.0
1883058562,1,5.0
1883061180,1,3.0
1883083117,1,5.0
1883145058,1,1.0
1883217288,1,3.0
1883219892,1,5.0
1883249473,1,2.0
1883249759,1,4.0
1883249872,1,5.0
1883285240,1,5.0
1883318246,1,5.0
1883318351,1,5.0
1883319188,2,5.0
1883319250,1,3.0
1883319897,1,2.0
188339810X,1,5.0
1883398509,1,5.0
1883403626,1,3.0
1883423082,1,5.0
1883478219,1,3.0
1883478227,1,5.0
1883511011,1,5.0
1883523176,1,4.0
1883536243,1,5.0
1883573297,1,5.0
1883573564,1,2.0
1883629004,1,4.0
1883642884,1,5.0
1883648041,1,3.0
1883657008,1,4.0
1883672589,1,5.0
1883693004,1,5.0
1883693098,1,4.0
1883693128,1,5.0
1883707706,1,1.0
1883725097,1,5.0
1883746221,1,5.0
1883789044,1,3.0
1883789222,1,4.0
1883841437,1,5.0
1883901251,1,5.0
1883911559,1,5.0
1883925169,1,4.0
1883937701,1,4.0
1883982499,1,5.0
1883991285,1,1.0
1883991307,1,1.0
1883991374,1,5.0
1883991633,1,5.0
1884081061,1,4.0
1884089453,1,4.0
1884089674,1,4.0
1884089682,1,5.0
1884089801,1,5.0
188431306X,1,3.0
1884313337,1,4.0
1884313396,1,5.0
1884313418,1,5.0
1884313493,2,4.0
1884365299,1,4.0
1884543170,1,5.0
1884543855,1,5.0
1884543898,1,5.0
1884548148,1,5.0
1884548563,1,4.0
1884548652,1,3.0
1884550320,1,5.0
1884585515,1,1.0
1884718442,1,4.0
1884734340,1,5.0
1884734723,1,1.0
1884734863,1,5.0
1884737056,1,5.0
1884737439,1,2.0
1884737706,1,5.0
1884777597,1,2.0
1884777996,1,1.0
1884800564,1,5.0
1884820700,1,5.0
1884855083,1,4.0
1884910041,1,5.0
1884910327,1,4.0
1884910335,1,3.0
1884956041,1,2.0
1884956319,1,2.0
1884956351,1,5.0
1884995446,1,5.0
1884997090,1,4.0
1884997139,1,4.0
1885003455,1,2.0
1885003978,2,4.5
1885008260,1,5.0
1885030037,1,4.0
1885061749,1,5.0
1885061846,1,4.0
1885068808,1,4.0
1885071337,1,5.0
1885106416,1,4.0
1885119712,1,5.0
1885167040,1,4.0
188516727X,1,3.0
1885167393,1,1.0
1885167601,3,5.0
1885167628,1,2.0
1885171331,1,1.0
1885171420,1,5.0
1885171811,1,1.0
1885183186,1,1.0
1885203101,1,4.0
1885203748,2,5.0
1885203888,1,4.0
1885211457,1,4.0
1885211740,1,4.0
1885221282,1,5.0
1885221770,1,5.0
1885254326,1,4.0
1885278055,1,5.0
1885288115,1,4.0
188535861X,2,5.0
1885358962,1,5.0
1885394098,1,2.0
1885394411,1,5.0
1885394519,1,5.0
1885435452,1,5.0
1885477449,1,5.0
1885477457,3,3.67
1885477597,1,5.0
1885477805,1,5.0
1885477821,1,3.0
188558699X,1,5.0
1885588577,1,2.0
1885590970,1,5.0
1885593236,1,5.0
1885593333,1,4.0
1885640781,1,5.0
188565507X,1,5.0
1885705026,6,3.67
1885726031,1,4.0
1885767145,1,5.0
1885767250,1,5.0
1885767293,1,5.0
1885767544,1,2.0
1885767552,1,5.0
1885767889,1,2.0
1885851510,1,4.0
1885852142,1,5.0
1885865430,1,5.0
1885904088,1,5.0
1885904142,1,5.0
1885940084,1,4.0
1885941021,1,5.0
1885941315,1,4.0
1885941609,1,5.0
1885942249,1,5.0
1885972210,1,5.0
1886039410,1,1.0
1886039496,1,5.0
1886039593,1,1.0
1886039658,1,4.0
1886068062,1,5.0
1886070202,1,5.0
1886070210,2,3.5
1886070237,1,5.0
1886101043,1,5.0
1886101094,3,4.33
1886110298,1,2.0
1886110646,1,3.0
1886157502,1,5.0
1886228795,1,2.0
1886230188,1,4.0
1886230196,1,5.0
1886230609,1,5.0
1886230617,1,5.0
188628444X,1,3.0
1886284741,1,5.0
1886360006,1,3.0
1886388156,1,4.0
1886411816,1,5.0
1886411824,1,5.0
1886433038,1,4.0
1886433151,1,2.0
1886433852,2,4.0
1886513406,4,1.5
1886513686,1,5.0
1886513716,2,3.5
1886513929,1,5.0
1886529191,1,5.0
1886590036,1,4.0
1886590060,1,1.0
1886590079,1,3.0
188666918X,1,1.0
1886705119,1,3.0
1886705410,1,3.0
1886705526,1,4.0
1886705712,1,4.0
1886705976,2,4.5
1886768552,2,5.0
1886778108,1,4.0
1886778337,1,5.0
1886778477,1,5.0
1886778574,3,4.0
188678907X,1,5.0
1886841071,1,5.0
1886903123,1,4.0
1886913137,1,4.0
1886939470,1,1.0
1886940037,1,5.0
1886940908,2,5.0
1886941076,1,5.0
1886941599,3,4.0
1886947651,1,3.0
1886966079,1,5.0
1886966184,1,4.0
1886966257,1,5.0
1886969728,1,5.0
1886969736,1,3.0
1887053131,1,3.0
188712876X,1,5.0
1887140492,3,5.0
1887140514,1,1.0
1887140549,1,5.0
1887150137,1,4.0
1887154140,1,5.0
1887161090,1,5.0
1887167005,1,4.0
1887169318,3,5.0
1887178821,1,5.0
1887178945,1,5.0
1887202048,1,4.0
1887205063,1,4.0
1887205071,1,2.0
1887279504,1,5.0
1887366350,1,5.0
188737437X,1,5.0
1887374558,1,5.0
1887392114,1,5.0
1887424377,1,5.0
1887424458,1,2.0
1887424660,1,5.0
1887424717,1,3.0
1887424725,1,5.0
1887424822,1,5.0
1887456007,1,5.0
1887467602,1,5.0
1887521011,1,5.0
1887521267,1,3.0
1887521488,1,5.0
1887563679,1,4.0
1887591257,1,5.0
1887591524,1,3.0
1887591583,1,2.0
1887641467,2,3.5
1887664114,1,5.0
1887664521,1,5.0
1887694218,1,1.0
1887726071,1,5.0
1887734589,1,5.0
1887744525,1,5.0
1887750614,1,5.0
1887752293,1,5.0
1887752455,1,5.0
1887895523,1,4.0
1887896082,2,5.0
1887896597,1,5.0
188789666X,1,5.0
1887896740,1,3.0
1887902686,1,5.0
1887904077,1,5.0
1887904506,1,5.0
1887905405,1,5.0
1887906010,1,5.0
188800102X,1,5.0
1888047054,3,4.33
1888054697,1,4.0
1888054743,1,1.0
1888054778,1,5.0
188805493X,1,5.0
1888054956,1,4.0
1888059257,1,4.0
1888106956,1,2.0
1888118040,2,4.5
1888156023,1,5.0
1888194197,1,5.0
1888223170,1,5.0
1888229438,1,5.0
1888344105,1,5.0
1888363363,2,5.0
1888363827,1,5.0
1888375051,1,5.0
1888375159,1,5.0
1888375221,1,5.0
1888387645,1,5.0
188840809X,1,4.0
1888451041,1,5.0
188845105X,1,5.0
1888451327,1,3.0
1888451475,1,5.0
188845170X,3,5.0
1888577126,1,5.0
1888577185,1,1.0
1888577533,4,5.0
1888580240,1,5.0
1888608218,1,5.0
1888626062,1,5.0
1888690240,1,5.0
1888692006,1,5.0
1888692057,1,5.0
1888699027,1,5.0
1888723025,1,5.0
1888766077,2,4.5
1888799269,1,4.0
1888799390,1,5.0
1888799455,2,4.5
1888799900,1,5.0
1888842121,1,4.0
188888939X,1,5.0
1888891351,1,5.0
188891467X,1,5.0
1888952830,1,3.0
1888960027,1,4.0
1888963115,1,4.0
188896314X,2,5.0
1888978147,1,5.0
1888992174,1,3.0
1889031267,1,5.0
1889031542,1,5.0
1889031550,1,5.0
1889032204,1,5.0
1889051071,1,5.0
1889102172,1,5.0
1889140163,2,5.0
1889209023,1,5.0
1889209031,1,3.0
1889242098,1,5.0
1889242241,4,5.0
1889262935,1,5.0
1889307017,1,2.0
1889323055,1,2.0
1889323128,1,4.0
1889323136,1,3.0
1889330221,1,5.0
1889332313,1,4.0
1889372714,1,3.0
1889392030,1,5.0
1889392111,1,5.0
1889392138,4,5.0
1889392146,2,5.0
1889392154,2,5.0
1889392197,4,4.75
1889408034,1,3.0
1889439185,1,5.0
1889540463,1,3.0
1889540536,2,5.0
1889540641,1,5.0
1889554081,1,1.0
188958410X,2,5.0
1889593109,1,3.0
1889596108,1,4.0
1889605018,1,5.0
1889613096,1,5.0
1889659029,1,3.0
1889700401,1,5.0
188971514X,1,2.0
1889720143,1,5.0
188990306X,1,5.0
1889937096,1,4.0
1889959030,1,5.0
188996364X,1,3.0
1889977071,1,4.0
188999913X,1,5.0
1890008060,1,4.0
1890009121,1,5.0
1890035017,2,5.0
1890035300,1,5.0
1890087009,1,5.0
1890087025,3,5.0
1890087386,3,5.0
1890087475,1,5.0
1890087521,3,4.33
1890087661,3,5.0
189008767X,1,5.0
1890087696,1,5.0
1890087742,1,5.0
1890132098,1,3.0
1890132101,1,5.0
1890132195,1,1.0
1890132276,1,5.0
1890132527,1,5.0
1890132721,1,5.0
1890132888,1,5.0
1890132918,1,4.0
1890137499,1,1.0
1890142093,1,4.0
1890157295,1,5.0
1890157333,1,2.0
1890157341,1,2.0
1890159646,1,5.0
1890208574,1,3.0
1890208787,1,5.0
1890257036,1,3.0
1890309559,1,3.0
1890344060,1,3.0
1890367125,1,1.0
1890367311,1,5.0
1890379018,1,1.0
1890386367,1,4.0
1890437891,1,5.0
189045110X,1,5.0
1890482803,1,5.0
1890490210,1,5.0
1890490431,1,2.0
1890495212,1,5.0
1890534056,1,5.0
1890572152,2,5.0
1890580007,1,3.0
1890612138,1,5.0
1890612340,1,5.0
1890621870,1,5.0
1890626058,1,1.0
189062635X,1,4.0
1890626538,1,3.0
1890626546,1,5.0
1890626554,1,5.0
1890626570,2,5.0
1890626589,1,5.0
1890679348,3,5.0
1890764000,1,4.0
1890768634,1,4.0
1890772445,1,4.0
189077412X,1,5.0
1890774146,1,5.0
1890774154,3,4.67
1890774162,1,5.0
1890774200,1,5.0
1890774227,1,4.0
1890851051,1,5.0
1890856193,2,5.0
1890944475,1,5.0
1890944947,1,5.0
1890948128,1,5.0
1890948152,1,5.0
1890948209,2,5.0
189095117X,1,5.0
1890951471,1,1.0
1890957623,1,5.0
189096722X,1,5.0
1891011022,1,5.0
1891024329,1,5.0
1891024698,1,2.0
1891105035,3,4.33
189110506X,2,4.0
1891105108,3,4.67
1891105116,2,3.5
1891105159,1,5.0
1891105167,5,3.0
1891114344,1,5.0
1891117009,1,3.0
1891231456,1,5.0
1891241133,1,4.0
1891252089,1,5.0
1891267604,1,5.0
1891267752,1,5.0
1891268171,1,5.0
1891280082,1,5.0
1891315099,1,4.0
1891327550,1,5.0
1891347055,1,4.0
1891369113,1,5.0
1891369377,1,5.0
1891369482,2,4.5
1891369539,1,5.0
1891382047,1,2.0
1891389319,1,3.0
1891400010,2,2.5
1891400207,2,4.0
1891400223,1,5.0
1891400274,1,5.0
189143411X,1,4.0
1891434179,1,5.0
1891517074,1,5.0
1891525093,1,5.0
1891620029,1,5.0
1891620134,1,5.0
1891620274,1,4.0
1891620916,1,5.0
1891640143,1,5.0
1891661280,1,4.0
1891661302,1,3.0
1891686003,1,5.0
1891686038,1,5.0
1891689908,1,1.0
1891724029,1,5.0
1891762745,1,5.0
1891767003,5,3.8
189176702X,4,4.5
1891767054,1,4.0
1891767070,2,2.5
1891776169,1,3.0
1891776193,1,5.0
1891799177,1,4.0
1891799207,1,1.0
1891799258,1,5.0
1891804553,1,1.0
1891824430,1,5.0
1891830244,1,3.0
1891830430,3,5.0
1891845144,1,5.0
1891845241,1,5.0
1891853430,1,4.0
1891858084,1,4.0
1891859099,1,5.0
1891867695,1,3.0
1891867792,1,5.0
1891898000,1,2.0
1891898027,1,5.0
1891903330,1,5.0
1891936697,1,5.0
1891945033,3,3.33
1891946129,1,4.0
1891946145,1,5.0
1891962280,1,5.0
1891984330,2,4.0
1891984357,1,5.0
189198487X,1,1.0
1891984918,1,1.0
1892005034,2,4.5
1892005042,1,2.0
1892005069,1,5.0
1892005093,1,4.0
1892016222,1,3.0
1892040107,1,4.0
1892062097,1,5.0
1892065290,1,5.0
1892065878,1,2.0
1892112000,1,5.0
1892123053,1,1.0
1892123223,2,4.5
189212372X,1,5.0
1892123924,1,2.0
1892127113,1,4.0
1892127199,1,3.0
1892127210,1,4.0
189212730X,1,2.0
1892127318,1,5.0
189212744X,1,1.0
1892127563,1,5.0
1892132397,1,5.0
1892145243,1,4.0
1892145278,1,4.0
189215417X,2,5.0
1892216388,1,1.0
1892281066,1,2.0
1892285037,1,2.0
1892309807,1,5.0
1892323176,1,4.0
189238910X,2,4.5
1892389223,1,4.0
1892389398,1,5.0
1892389541,1,3.0
1892389614,1,4.0
1892395568,1,4.0
1892399032,1,3.0
1892418118,1,4.0
1892427168,1,5.0
1892495228,1,1.0
1892495244,1,4.0
1892499010,1,5.0
1892514907,1,5.0
1892523213,1,3.0
1892523299,1,1.0
189252337X,1,1.0
189252516X,2,3.0
1892529157,1,5.0
1892538040,1,5.0
1892538091,1,2.0
1892538482,1,1.0
1892668033,1,5.0
1892695111,1,1.0
1892714159,1,5.0
1892718502,1,5.0
1892764040,1,5.0
1892836203,1,5.0
1892866005,1,4.0
1892950138,2,2.5
1892950200,1,5.0
1892950618,1,5.0
1892950626,1,5.0
1892975556,1,4.0
1892989042,1,5.0
1892989093,1,5.0
1893005348,2,5.0
1893007170,2,5.0
1893062295,2,4.5
1893062678,1,5.0
189306705X,1,5.0
1893103080,1,5.0
1893115445,1,5.0
1893115518,3,3.67
1893115925,1,3.0
1893115941,3,5.0
1893121046,1,1.0
1893121240,1,5.0
1893163113,1,4.0
1893163466,1,5.0
1893163490,1,5.0
1893172244,1,1.0
1893196135,2,3.5
1893196151,1,5.0
1893196178,1,5.0
1893196186,1,1.0
1893196194,1,5.0
1893196208,1,2.0
1893196224,2,3.5
1893196240,1,5.0
1893210065,1,5.0
1893224430,1,5.0
1893224643,1,4.0
1893224864,1,5.0
1893281035,1,5.0
1893302350,1,4.0
1893357031,1,2.0
1893361322,1,4.0
1893361454,1,4.0
1893361780,1,5.0
1893407039,1,3.0
1893443000,1,3.0
1893554120,1,5.0
1893554155,1,5.0
1893554368,2,5.0
1893554457,1,5.0
1893554473,1,5.0
1893554589,1,5.0
1893554740,1,5.0
1893554775,2,5.0
1893554783,1,5.0
1893554856,2,5.0
1893564428,3,2.33
1893564533,2,2.5
1893564568,2,4.5
1893564614,1,5.0
189356469X,1,3.0
1893564789,1,1.0
1893618072,1,5.0
1893618129,1,5.0
1893660044,1,5.0
1893687376,1,5.0
1893732819,1,5.0
1893732886,1,5.0
1893740048,1,5.0
1893756157,1,5.0
1893757358,1,5.0
189376205X,1,2.0
1893762130,2,5.0
1893762165,2,4.0
1893762203,2,4.5
1893762211,1,5.0
1893858197,1,4.0
1893858235,1,4.0
1893858367,2,5.0
1893884023,1,5.0
1893896307,1,5.0
1893896455,2,5.0
1893905144,1,5.0
1893905306,1,4.0
1893905322,1,5.0
1893905489,1,3.0
1893907333,1,4.0
1893910245,1,5.0
1893910318,1,5.0
1893951065,1,5.0
1893956474,1,3.0
1893984001,2,5.0
1893990095,1,1.0
1894037073,1,5.0
1894037219,1,5.0
189406318X,1,5.0
1894154029,1,5.0
1894154142,1,5.0
1894154460,1,5.0
1894154657,1,4.0
1894222296,1,4.0
1894262522,1,3.0
1894345797,1,5.0
1894412974,1,5.0
1894525817,1,5.0
1894574044,1,5.0
1894638379,1,5.0
1894638557,1,5.0
189463876X,1,3.0
1894663225,1,3.0
1894663667,1,5.0
1894663918,2,3.5
1894667018,1,5.0
1894815238,1,5.0
1894815645,1,5.0
1894815831,1,4.0
1894877152,1,5.0
1894877349,1,3.0
1894877438,1,5.0
1894877535,1,2.0
1894893719,1,3.0
1894893824,1,5.0
1894938011,1,5.0
1894942094,1,1.0
1894959108,1,3.0
1894959124,1,3.0
1894959213,1,5.0
1894959221,1,5.0
1894963369,1,5.0
1894963377,1,5.0
1894965140,1,5.0
1895270278,1,5.0
1895523753,1,5.0
1895681197,1,5.0
1895811163,1,3.0
1896503705,1,5.0
1896522378,1,3.0
1896522416,1,3.0
1896597149,2,2.5
1896597602,1,5.0
1896597645,1,5.0
1896597890,1,5.0
1896713009,1,4.0
1896764614,1,5.0
1896817238,1,4.0
1896836658,1,3.0
1896941400,1,5.0
1896944078,1,5.0
1896944329,3,5.0
1897082118,1,4.0
1897084064,1,5.0
1897160135,1,1.0
1897597495,1,5.0
1897597649,6,3.83
1897784600,1,4.0
1897809654,1,4.0
1897959419,1,3.0
1898256411,1,5.0
1898323569,1,3.0
1898323941,1,2.0
189920900X,1,5.0
1899434690,1,5.0
1899598200,1,5.0
1899618309,1,5.0
1899791663,1,5.0
1899791736,1,3.0
1899836713,1,4.0
189987013X,1,1.0
1899870318,1,5.0
1899870547,1,5.0
190042861X,1,3.0
1900486075,1,5.0
1900486377,1,4.0
1900924560,1,3.0
1901130134,1,4.0
1901130754,1,3.0
1901388492,1,3.0
190138876X,1,3.0
1901447162,1,5.0
1901746372,2,5.0
1901923258,2,5.0
1901923274,1,5.0
190192338X,1,5.0
1901970485,1,5.0
1901982270,1,5.0
1901983234,1,4.0
1901983242,1,5.0
1901983412,1,5.0
1901983560,1,3.0
1901983714,1,5.0
1901983838,1,5.0
1901983846,1,5.0
1901983951,1,5.0
1902007174,1,1.0
1902351150,1,4.0
1902405110,1,4.0
1902538285,4,3.0
1902579224,1,4.0
1902588126,1,5.0
1902593707,1,5.0
1902593790,3,5.0
1902593855,2,3.5
1902686519,4,5.0
1902806190,1,5.0
190282542X,1,3.0
1902852338,1,5.0
1902881508,1,5.0
1902930010,1,5.0
1903018285,1,5.0
1903047277,1,5.0
1903111757,1,5.0
1903111765,1,5.0
190311179X,1,5.0
1903111994,1,4.0
1903135133,1,4.0
1903155207,1,3.0
1903223059,1,5.0
1903223180,1,5.0
1903254159,1,5.0
1903254329,1,5.0
1903391091,1,4.0
1903436214,1,5.0
1903450500,1,1.0
1903458420,1,5.0
1903471745,1,5.0
190351133X,1,5.0
1903654548,1,3.0
1903706440,1,5.0
1903706904,2,4.5
1903782007,1,5.0
1903816416,1,5.0
1903816904,1,5.0
1903854369,1,4.0
1903854385,1,2.0
1903889944,1,4.0
1903906148,1,5.0
1903931185,1,4.0
1903931371,1,5.0
1903931657,1,2.0
1903975387,1,5.0
1903975581,1,5.0
1903998638,1,1.0
1904010326,1,5.0
1904010946,1,5.0
190405739X,1,5.0
1904126006,1,3.0
190413260X,1,5.0
1904151027,1,1.0
1904224253,1,5.0
1904301401,1,3.0
1904408168,2,5.0
1904434061,1,4.0
1904434207,1,4.0
1904449395,1,3.0
1904468071,2,3.5
190446808X,1,4.0
1904468152,1,3.0
1904485138,1,3.0
1904485235,1,5.0
1904492746,1,5.0
1904492789,2,5.0
1904550398,2,4.5
1904555055,1,3.0
1904577350,1,5.0
190457744X,1,5.0
1904577768,1,4.0
1904600271,1,3.0
1904600328,1,5.0
1904649009,1,5.0
1904687288,1,3.0
1904766080,1,5.0
1904766218,1,5.0
1904772021,1,4.0
1904811035,1,5.0
1904811124,2,3.0
1904811167,1,5.0
1904811272,2,4.5
1904811736,1,5.0
1904838006,1,5.0
1904853110,1,4.0
1904854346,1,1.0
1904859208,1,4.0
1904920101,1,4.0
1904978142,1,4.0
1904978215,1,5.0
1904978339,1,5.0
1904978355,1,5.0
1904994024,1,5.0
1905043015,1,5.0
1905202180,1,5.0
1905290055,1,4.0
1905297009,2,3.5
1905399057,1,5.0
1919901191,1,5.0
1920744398,1,5.0
192076920X,1,5.0
1920888004,2,4.5
1928556264,1,4.0
1928564003,1,2.0
1928580149,1,5.0
1928618243,1,5.0
1928623026,3,4.33
1928649270,1,1.0
1928653111,6,4.5
1928653197,1,5.0
1928653219,2,5.0
1928660134,1,1.0
1928701019,1,5.0
1928703003,1,4.0
1928704115,1,4.0
1928724051,2,5.0
1928791107,1,5.0
1928798055,1,5.0
1928806082,1,4.0
1928806104,1,1.0
1928812031,3,5.0
1928832008,2,4.0
1928832288,1,5.0
1928832377,1,5.0
1928832415,4,5.0
1928832431,1,5.0
1928832814,2,4.5
1928832865,1,5.0
1928873367,1,1.0
1928873413,1,5.0
1928873421,1,3.0
1928873499,1,1.0
1928873529,4,3.0
1928873588,1,1.0
192890615X,1,1.0
1928915507,1,1.0
1928936407,1,5.0
1928965113,1,5.0
1928994644,1,2.0
1928994989,1,4.0
1928999190,1,3.0
1929009135,1,5.0
1929039204,1,5.0
192904920X,1,5.0
1929055447,2,4.0
1929125305,1,5.0
1929125437,1,5.0
192913214X,1,5.0
1929132220,1,5.0
1929132743,1,5.0
1929133049,1,5.0
1929154178,3,5.0
1929164122,1,4.0
1929173164,2,4.5
192917358X,1,4.0
1929175094,1,4.0
1929180063,1,5.0
1929180616,1,4.0
1929194196,1,1.0
1929194285,1,1.0
1929218060,1,1.0
1929229070,1,5.0
1929229143,2,5.0
1929241321,1,5.0
1929241348,1,2.0
1929241593,1,5.0
1929242093,1,5.0
1929242174,1,4.0
1929281080,1,4.0
192930806X,1,5.0
192934001X,1,4.0
1929365640,1,4.0
1929494696,1,5.0
1929549059,1,5.0
1929565003,1,4.0
1929565054,1,5.0
192962249X,1,5.0
1929629095,1,2.0
1929631219,1,4.0
1929653565,1,5.0
1929685025,1,2.0
1929685173,1,5.0
1929685386,1,4.0
1929763212,1,4.0
1929774303,1,5.0
1929834012,2,3.5
1929834047,1,5.0
1929834128,1,4.0
1929834152,1,5.0
1929834195,1,5.0
1929834276,1,5.0
1929834292,1,5.0
1929834314,1,5.0
1929834322,1,3.0
1929841183,1,5.0
1929894058,1,5.0
1929976267,1,5.0
192999821X,1,5.0
1929998236,1,4.0
1929998430,1,4.0
1929998651,1,4.0
1929998732,1,5.0
1930027435,1,2.0
1930051999,1,5.0
1930074131,1,5.0
1930085060,1,5.0
1930097026,1,3.0
1930097220,1,5.0
193009728X,1,4.0
1930097751,1,4.0
1930098502,1,4.0
1930110022,1,4.0
193011088X,1,4.0
1930110898,1,5.0
1930110979,1,5.0
1930110995,2,4.0
1930143419,1,1.0
1930182015,1,2.0
1930182031,1,5.0
1930206518,1,5.0
1930218036,1,4.0
1930235119,1,3.0
1930235208,1,5.0
1930242271,1,5.0
193033706X,1,4.0
1930365128,1,5.0
1930430698,1,4.0
1930448090,1,5.0
1930455550,1,5.0
1930485050,1,2.0
1930485085,2,5.0
1930491077,1,5.0
1930513011,1,4.0
1930556357,1,1.0
1930556470,1,5.0
1930571291,1,5.0
1930585152,1,5.0
1930604394,1,5.0
1930604785,1,5.0
1930604998,1,5.0
1930624271,1,5.0
1930650183,1,5.0
1930652801,1,4.0
1930658001,1,5.0
193069945X,2,4.0
1930709242,1,5.0
1930709323,3,3.33
1930722184,1,5.0
1930722419,1,5.0
1930722427,1,3.0
1930722486,3,5.0
1930722583,1,5.0
1930724047,1,5.0
1930754191,1,4.0
1930754566,1,5.0
1930754671,3,4.0
1930771126,1,3.0
1930780060,1,2.0
1930817169,1,5.0
1930819153,1,5.0
193085952X,1,1.0
1930859619,1,4.0
1930865120,1,4.0
1930865597,1,5.0
1930865686,1,5.0
1930882505,1,5.0
1930885180,1,4.0
1930897073,1,5.0
1930900066,2,5.0
1930900104,1,5.0
1930900171,1,5.0
1930900287,1,5.0
1930919220,1,1.0
1930919514,1,2.0
1930928068,1,1.0
1930928335,1,5.0
1930928890,1,5.0
1930928904,1,5.0
1930935269,1,4.0
1930947070,1,5.0
1930964676,1,5.0
1930997256,1,1.0
1930997701,1,4.0
1931018022,1,5.0
1931020299,1,3.0
193103205X,1,5.0
1931044309,1,5.0
1931044341,1,5.0
1931044643,1,1.0
1931047170,1,5.0
193104743X,2,5.0
1931047456,4,4.5
1931055440,1,5.0
1931056870,1,1.0
1931064067,1,5.0
1931078106,1,5.0
1931081670,1,5.0
1931081964,1,5.0
1931082200,1,5.0
1931082561,1,4.0
1931082723,4,4.5
1931082758,1,5.0
1931088055,1,5.0
1931095736,1,2.0
1931112029,1,4.0
1931128006,1,4.0
193114043X,1,5.0
1931160082,1,5.0
1931160333,1,4.0
1931207259,2,5.0
1931220018,1,4.0
1931229015,1,4.0
1931229082,1,5.0
1931229295,1,4.0
1931229341,1,5.0
193123020X,1,4.0
193123230X,1,5.0
1931282137,1,5.0
193128251X,1,5.0
1931332134,1,1.0
1931382212,1,5.0
1931382425,1,5.0
193138259X,1,5.0
1931382611,4,2.5
1931383049,1,4.0
1931402116,1,4.0
1931412065,3,5.0
1931412286,1,5.0
1931412537,1,5.0
1931412928,1,4.0
1931448027,1,4.0
193146412X,1,5.0
193146815X,1,3.0
1931484007,1,5.0
1931498121,1,5.0
1931498237,2,5.0
1931498520,1,5.0
1931498539,2,4.0
1931498563,1,4.0
1931498717,12,4.67
1931498725,1,5.0
1931498733,1,5.0
1931498849,1,4.0
1931499047,3,5.0
193149908X,1,2.0
1931499152,1,3.0
1931499209,1,3.0
1931499268,1,5.0
1931499330,1,5.0
1931499403,2,4.0
193149942X,2,4.5
1931499446,1,5.0
1931499470,1,5.0
1931499527,1,1.0
1931499543,5,4.6
1931499551,1,4.0
1931499616,1,5.0
1931499683,2,5.0
1931499705,1,5.0
1931499799,1,5.0
1931499853,1,2.0
1931499861,1,2.0
193149987X,1,5.0
1931499918,2,5.0
1931513082,1,5.0
1931513198,1,4.0
1931513309,1,3.0
1931513619,1,4.0
1931513767,1,3.0
1931513988,1,5.0
193151447X,1,5.0
1931514798,1,2.0
1931514925,1,5.0
1931514941,1,5.0
1931520046,1,2.0
1931520119,1,5.0
1931520151,1,5.0
193154316X,1,5.0
193154333X,1,5.0
1931543410,1,3.0
1931543429,2,4.5
193154364X,1,5.0
1931543658,1,3.0
1931543674,1,2.0
193155904X,1,5.0
1931561052,1,5.0
1931561109,1,5.0
1931561214,1,5.0
1931561230,1,5.0
1931561419,1,5.0
1931561486,2,3.0
1931561648,1,5.0
1931561664,1,2.0
1931561729,1,1.0
1931561737,1,4.0
193156177X,1,2.0
193156180X,1,4.0
1931561826,1,3.0
1931561915,1,5.0
193156194X,1,4.0
193156714X,1,5.0
1931567166,1,5.0
1931599491,1,5.0
1931600120,1,2.0
1931611009,1,2.0
1931628157,2,4.5
1931643415,1,5.0
1931644217,1,5.0
1931672024,2,5.0
1931686238,2,4.5
1931686491,1,5.0
1931686807,1,5.0
1931686998,6,4.67
193170905X,1,4.0
1931709262,1,3.0
1931709327,1,5.0
1931709564,2,5.0
193172119X,1,5.0
1931721386,1,5.0
1931741425,1,2.0
1931769397,1,1.0
1931769400,1,2.0
1931788227,2,5.0
1931788464,1,2.0
1931788472,1,5.0
1931788545,1,4.0
1931832390,1,4.0
1931836116,1,1.0
1931836361,3,4.67
193183640X,1,1.0
1931836639,1,5.0
1931836876,1,3.0
193184108X,1,5.0
1931841373,1,5.0
1931841969,1,5.0
193184707X,1,5.0
1931847142,1,5.0
1931859094,1,5.0
1931859116,1,5.0
1931859140,1,3.0
1931859205,3,5.0
193186800X,1,5.0
1931868271,1,4.0
1931868808,1,5.0
1931882312,1,5.0
193188238X,1,5.0
1931882401,1,4.0
1931882428,1,2.0
1931885141,1,3.0
1931896208,1,5.0
193193018X,2,5.0
1931931755,1,1.0
1931945160,1,5.0
1931956154,1,3.0
1931968055,1,4.0
1931993025,2,2.0
1931993033,1,4.0
193199305X,1,4.0
1931993343,3,5.0
1931993564,1,5.0
1931993602,1,5.0
1932009019,1,3.0
1932009213,1,5.0
1932023186,1,5.0
1932031812,1,4.0
1932033122,1,5.0
1932033254,1,2.0
1932033262,1,5.0
1932047786,2,3.0
1932047964,1,2.0
1932051392,1,5.0
1932065903,1,4.0
1932072012,1,4.0
1932072659,1,1.0
1932077898,2,4.0
1932079114,1,1.0
1932096132,1,5.0
193209802X,1,5.0
1932100016,1,5.0
1932100083,1,3.0
1932100296,3,4.0
1932100334,1,4.0
1932100385,19,4.68
1932100431,5,3.4
1932100474,2,4.5
1932100490,1,5.0
1932100555,1,5.0
1932100563,1,5.0
1932100660,1,4.0
1932100725,1,4.0
1932104054,1,5.0
1932104232,1,5.0
1932111891,1,1.0
1932111921,1,4.0
1932111972,1,5.0
1932124004,1,5.0
1932124640,1,5.0
1932128026,1,5.0
1932128034,2,5.0
1932128123,2,4.0
1932133402,1,4.0
1932133631,1,5.0
1932156267,1,2.0
1932156747,1,5.0
1932156895,2,3.0
1932157336,1,3.0
1932158588,1,4.0
1932159371,2,3.5
1932159452,1,5.0
1932173048,1,3.0
1932173269,1,4.0
1932181016,1,2.0
1932183221,1,5.0
1932183256,1,5.0
1932183523,1,4.0
193218600X,1,5.0
1932191046,1,5.0
1932195130,1,5.0
1932195157,1,5.0
1932203036,2,3.5
1932209816,1,2.0
1932210156,1,4.0
1932219005,1,5.0
1932219544,1,4.0
1932219617,1,5.0
1932219676,1,5.0
1932226397,6,3.5
1932234004,1,5.0
1932234063,2,4.5
1932234071,1,4.0
1932234101,1,5.0
1932234136,1,5.0
1932234144,1,3.0
1932236422,1,5.0
1932236457,1,5.0
1932245014,1,1.0
1932265090,2,4.5
1932265112,1,5.0
1932266399,1,5.0
1932266569,1,2.0
1932266801,1,2.0
1932266828,1,4.0
1932266860,1,3.0
1932273387,1,5.0
1932273565,1,3.0
193227801X,1,5.0
1932300074,1,1.0
1932300090,1,5.0
1932300155,1,2.0
1932300228,2,3.5
1932300236,1,4.0
1932300295,1,3.0
193230035X,1,5.0
1932300384,1,3.0
1932303472,1,1.0
1932303510,1,5.0
1932319093,1,5.0
193233887X,1,5.0
193233999X,2,5.0
1932358099,2,5.0
1932360115,1,5.0
1932360220,1,5.0
1932360336,1,5.0
1932360344,1,5.0
1932360654,1,3.0
1932360689,2,5.0
1932360719,1,5.0
1932360816,1,5.0
1932373772,1,5.0
1932374078,1,5.0
1932382097,1,1.0
1932382364,1,4.0
1932382518,2,5.0
193238264X,1,5.0
1932391053,1,5.0
193239415X,9,4.78
1932394222,2,4.0
1932394230,1,5.0
1932394281,1,5.0
1932394354,3,4.67
1932394389,1,4.0
1932394400,1,5.0
1932407391,1,1.0
1932416080,1,5.0
1932416153,1,5.0
1932416161,1,5.0
1932416218,1,5.0
1932416242,2,4.5
193242007X,1,4.0
1932420207,3,3.33
193242900X,2,5.0
1932429239,1,5.0
1932442340,1,5.0
1932442383,1,4.0
1932453490,1,5.0
1932458018,4,4.0
1932458174,3,5.0
1932470123,1,3.0
1932470298,1,2.0
1932485287,1,4.0
1932517448,3,3.67
1932529098,1,5.0
1932531254,1,4.0
1932531270,2,5.0
1932531297,1,5.0
193254903X,1,5.0
1932558047,1,4.0
1932559221,1,5.0
1932560491,1,5.0
1932560688,1,3.0
1932560742,2,4.0
1932560963,1,4.0
1932564667,1,4.0
1932565167,2,1.5
1932565248,1,5.0
1932586296,1,5.0
193258630X,1,2.0
1932586415,2,5.0
1932594019,2,3.5
1932595031,1,5.0
193259504X,2,4.0
1932642366,2,5.0
1932645772,1,5.0
1932657231,1,5.0
1932664173,1,5.0
1932672362,1,1.0
193269000X,1,5.0
1932690034,2,4.0
1932700005,2,4.5
1932709045,1,4.0
1932709061,1,2.0
1932714006,3,4.67
1932714073,1,5.0
1932714111,1,5.0
1932733035,1,5.0
1932735003,1,5.0
1932751076,3,5.0
1932751092,1,5.0
1932755322,1,5.0
1932762000,1,5.0
1932775226,1,4.0
1932783091,2,2.0
193279624X,2,4.5
1932805397,1,4.0
1932808205,1,4.0
1932815074,1,2.0
1932815236,1,5.0
1932815260,1,5.0
1932841008,1,4.0
1932841105,1,5.0
1932852093,1,5.0
1932857184,1,5.0
1932857206,1,4.0
1932857222,1,2.0
1932859004,1,5.0
193287402X,1,1.0
1932881018,2,5.0
1932898409,1,5.0
1932902465,1,5.0
1932902503,1,5.0
1932907009,3,5.0
1932907041,1,5.0
193290705X,1,2.0
1932907084,1,5.0
1932912045,1,5.0
1932919198,1,3.0
1932958002,2,5.0
1932961046,1,5.0
1932966102,1,5.0
1932966404,1,5.0
1932974008,1,5.0
193299310X,6,4.83
1932993169,1,1.0
193299436X,1,5.0
1933016086,1,5.0
1933037350,3,4.0
1933060026,1,5.0
1933060050,1,5.0
1933064013,2,5.0
1933064021,1,5.0
1933102004,1,5.0
1933104007,1,5.0
1933104031,1,2.0
1933110023,1,5.0
1933110082,1,5.0
1933110236,1,3.0
1933110244,1,5.0
1933110287,1,4.0
1933112026,3,3.0
1933112042,1,5.0
1933113081,1,4.0
1933113103,1,5.0
193311326X,1,5.0
1933116099,2,4.5
1933148128,1,5.0
1933148616,1,5.0
1933148896,1,5.0
1933174218,1,2.0
1933204001,1,1.0
1933210052,1,3.0
1933212160,1,5.0
1933215097,1,5.0
1933265345,1,4.0
1933265469,4,3.25
1933265566,1,5.0
1933265574,1,1.0
1933265612,1,3.0
1933285133,1,5.0
1933290099,1,5.0
1933290439,1,5.0
1933293012,1,1.0
1933360011,1,4.0
1933372001,1,5.0
1933417013,1,5.0
1933471298,1,5.0
1933471433,1,5.0
2010143981,1,5.0
2035850134,1,5.0
2038716633,1,5.0
2060000297,1,4.0
2060008867,1,4.0
2061000665,1,5.0
2061003605,1,2.0
2061004776,1,4.0
2061005047,1,3.0
2061006418,1,4.0
2061007317,2,4.0
2067002627,1,5.0
2067107275,1,1.0
2067109375,1,2.0
2067109391,1,2.0
2067109421,1,5.0
2067113690,2,4.0
2080112570,1,4.0
2080304720,1,5.0
2253141720,1,2.0
2266113895,1,1.0
2267006316,1,5.0
2745122916,1,5.0
2745128752,1,3.0
2831563496,1,1.0
2831565553,1,5.0
2831578442,1,4.0
2831578477,1,5.0
284048157X,1,4.0
2843233720,1,5.0
2843235189,1,4.0
2843236231,1,2.0
284323669X,1,4.0
2848440007,1,5.0
2850186708,2,4.5
2850188409,1,4.0
2850188484,1,4.0
2850369764,1,5.0
285708031X,1,3.0
2858503036,1,5.0
286404028X,1,5.0
2864040646,1,5.0
2867701503,1,4.0
2869304927,1,5.0
2880463297,1,2.0
2880465761,1,5.0
2880466520,1,3.0
2880467209,2,4.0
2880467411,1,1.0
288046773X,1,2.0
2880468159,1,3.0
2884790527,1,4.0
2894282591,1,5.0
2894501765,1,4.0
2894501897,1,5.0
2894502524,1,5.0
2894502540,1,3.0
2894503180,1,5.0
289450425X,1,3.0
2894645953,1,1.0
2912755018,1,5.0
2913621023,1,5.0
2913621058,1,5.0
2913621066,2,4.5
2913903495,1,4.0
2913903827,1,4.0
2913903878,1,5.0
2915239215,1,4.0
2915239290,1,5.0
2915239355,2,5.0
2923241010,1,5.0
3010029365,1,5.0
3037664479,1,5.0
3037664959,3,4.0
3037665505,1,5.0
3037665521,1,4.0
3037780045,1,4.0
3190010064,1,5.0
3280014832,1,5.0
3280016444,1,5.0
3283004463,1,5.0
3438051133,1,5.0
3438053039,1,4.0
3442249406,1,5.0
349950507X,1,1.0
3540047581,1,5.0
3540202420,1,5.0
3540209662,1,5.0
3540211403,1,2.0
3540221395,1,4.0
3540223592,1,5.0
3540234993,1,5.0
3540403736,1,2.0
354041665X,1,1.0
3540419659,1,5.0
354042363X,1,4.0
3540423966,1,3.0
3540435085,1,3.0
3540576142,1,4.0
354058577X,1,5.0
3540591796,1,5.0
3540650644,1,5.0
3540654712,1,5.0
3540659986,1,5.0
3540671994,1,3.0
3548256465,1,4.0
3550070993,1,5.0
3570195465,2,5.0
3718652382,1,5.0
3764362421,1,1.0
3764368187,1,5.0
3764369868,1,5.0
377571524X,1,5.0
3791312790,1,5.0
3791316028,1,5.0
3791321447,1,5.0
3791322192,1,5.0
3791327046,1,5.0
3791328522,1,5.0
3791330357,1,5.0
3791330446,1,4.0
3791330470,1,5.0
3791331566,1,5.0
3822812064,1,5.0
3822812099,1,5.0
3822816000,3,5.0
3822816337,1,4.0
3822816426,1,5.0
3822817341,3,5.0
3822822841,6,4.67
3822824704,1,5.0
3822825115,1,5.0
3822825174,1,4.0
3822825573,1,5.0
3822825883,1,5.0
3822832057,1,4.0
3822833819,1,5.0
3822835315,1,5.0
3822838497,1,1.0
3822839760,1,5.0
382284585X,1,4.0
3822864129,1,5.0
382286532X,1,5.0
382287079X,1,5.0
3822876313,1,5.0
3822882607,1,3.0
3823845764,1,5.0
3823845845,1,1.0
382385559X,1,3.0
3825847772,1,5.0
3829002459,1,5.0
3829020198,1,5.0
3829601743,3,5.0
3861872153,1,5.0
3861872803,1,5.0
3861873869,1,4.0
3861876531,1,5.0
3861876558,1,5.0
3861876841,1,5.0
3865210236,1,3.0
3882438630,1,3.0
3882439076,1,5.0
3882440589,1,5.0
3891245491,1,2.0
3893977651,1,5.0
3897071185,1,4.0
3899550501,1,1.0
3899550552,2,3.5
389985053X,1,4.0
3899851609,1,5.0
3902118032,1,3.0
3908163137,1,3.0
3925369767,1,5.0
3925919023,1,4.0
3927258075,1,4.0
393112620X,1,5.0
3931141748,1,4.0
3931141802,2,5.0
3931702456,1,3.0
3932829409,1,5.0
3933807042,1,5.0
3936709033,2,3.0
3936709084,5,3.0
3936709092,1,5.0
3936709149,1,2.0
3936709157,1,4.0
3937526005,1,4.0
3980501752,1,5.0
4099950999,1,5.0
4431404465,1,4.0
4766111206,1,5.0
476611146X,1,5.0
4766111508,2,3.0
4766112385,2,4.0
4766112407,2,5.0
4766112415,1,5.0
4766112563,1,3.0
4766112571,1,4.0
4766114337,1,3.0
4766115260,1,4.0
4766115333,2,5.0
4770011067,1,5.0
4770015836,1,5.0
4770017995,2,5.0
4770019092,1,4.0
4770019572,1,5.0
4770019874,1,4.0
4770020376,1,5.0
4770020848,1,2.0
4770020864,1,3.0
4770021119,1,5.0
4770021194,1,5.0
4770023472,1,4.0
4770023537,1,5.0
4770024002,1,1.0
4770024800,2,4.5
4770025033,2,4.5
4770026099,2,4.0
4770026811,1,4.0
4770027559,1,5.0
4770027591,1,4.0
4770027613,1,5.0
4770028024,2,5.0
4770028059,1,5.0
4770028873,1,5.0
4770028989,1,5.0
4770029039,1,5.0
4770029047,1,5.0
4770029322,1,5.0
4770029373,1,5.0
4770029926,1,4.0
4770029993,1,1.0
4817090022,1,4.0
4817090073,1,4.0
4833765071,1,5.0
4889960570,1,5.0
4889960724,2,3.5
4889960732,2,4.5
4889960759,1,5.0
4889960899,1,4.0
4889960945,2,5.0
4889961151,1,5.0
4889961259,2,4.5
4889961267,1,5.0
4889961283,2,4.5
4889961720,1,1.0
4900737372,1,3.0
4901619055,1,5.0
4902075008,1,4.0
4902075113,1,5.0
4906574130,1,5.0
4921205019,2,5.0
4925080512,1,5.0
5353003098,1,5.0
5353004329,1,5.0
5551258076,1,5.0
5766802269,1,1.0
5864551198,1,3.0
7119005901,2,4.5
7119014773,1,4.0
711902096X,1,4.0
7215967808,1,4.0
7508503813,1,5.0
7537921598,1,1.0
7800655997,1,3.0
8023872206,1,5.0
8120804074,1,5.0
8120810740,1,5.0
817030718X,1,5.0
8170621062,1,3.0
8171200737,1,5.0
8172236069,1,5.0
8172248180,1,1.0
8173030316,1,5.0
8174362851,1,5.0
8175081554,1,5.0
8176500577,1,2.0
8180561321,1,1.0
8185787085,1,5.0
8186336141,1,5.0
839180223X,1,5.0
8408050710,1,5.0
8408055496,1,5.0
8420430528,1,5.0
8420483818,1,5.0
8433966529,1,3.0
8435039951,1,5.0
8437607779,1,5.0
8466616187,1,5.0
8475065643,1,5.0
8478083081,1,5.0
8478710523,1,5.0
8478712399,1,4.0
8478889019,1,4.0
8479273836,1,3.0
847953494X,1,5.0
8479535164,1,4.0
8480163801,2,3.5
8484036464,1,5.0
8489396302,1,3.0
848986151X,1,1.0
8493231177,1,4.0
8495618141,1,4.0
8495692260,1,4.0
8497642643,1,2.0
8497770935,1,1.0
8571644322,1,5.0
8823710510,1,4.0
8836527477,1,4.0
8836532977,1,5.0
8854400068,1,5.0
8854400122,1,4.0
888265026X,3,4.67
8884915651,1,4.0
8887700834,1,1.0
8931435045,1,2.0
8931435061,1,5.0
893143507X,2,3.0
8995135239,1,5.0
9004123075,1,3.0
9004131566,1,3.0
9021331772,1,3.0
9027725616,1,5.0
9040098506,1,5.0
9050633471,1,5.0
9054960396,1,5.0
905496068X,1,5.0
9057671255,1,5.0
9057680246,1,1.0
9058093239,1,3.0
9059113969,1,4.0
9060727002,1,1.0
9074822665,1,5.0
9076192383,1,4.0
9076499039,1,5.0
9077212280,1,5.0
9163094886,2,5.0
9163122545,1,5.0
9163153920,3,5.0
9189136136,1,5.0
9504913989,1,5.0
9505151713,1,5.0
9505151942,1,5.0
950538937X,1,4.0
9517464223,1,3.0
9568351140,3,2.33
9576122279,1,4.0
9576122309,1,5.0
9580467986,1,5.0
9583004022,1,5.0
9588156297,1,5.0
9588204011,1,1.0
9601611053,1,5.0
9602631112,1,3.0
9620740513,1,5.0
9622017517,1,5.0
9622018602,1,5.0
9623271476,1,5.0
9625931546,1,5.0
9625934308,1,5.0
9625934995,1,5.0
9625935282,1,1.0
9625938206,1,4.0
962593944X,1,5.0
9626340029,1,5.0
9626340290,1,5.0
9626341386,1,5.0
962634170X,1,4.0
9626342781,1,3.0
9626343095,1,5.0
9626343109,1,5.0
9627284165,1,3.0
9627341150,1,4.0
9627341207,1,5.0
9627341266,1,5.0
9627341452,1,5.0
9627341517,1,4.0
9628606778,1,4.0
9629781204,1,5.0
9633529484,1,3.0
9650901647,1,1.0
9651904623,1,5.0
9652237981,1,5.0
9652290920,1,5.0
965229229X,1,5.0
9652292362,1,5.0
9653070274,1,3.0
9653590154,2,5.0
9654941805,1,1.0
9654941996,1,3.0
9659010001,1,5.0
9659025114,1,3.0
9681502892,1,1.0
9681903951,1,5.0
9681914503,1,5.0
9686397647,1,5.0
9686636080,1,5.0
9687381736,1,5.0
9687811269,1,5.0
9687846720,1,5.0
970220027X,1,2.0
9719237007,1,5.0
9719303719,1,5.0
9745250295,1,5.0
9747100665,1,4.0
9748299228,1,5.0
9748299694,1,5.0
9749575547,1,5.0
9752970214,1,4.0
9766107130,2,5.0
9766401233,1,4.0
9766401365,1,3.0
9768123257,1,1.0
9774247086,1,1.0
9774248597,1,4.0
9782492256,1,5.0
9810226179,1,5.0
9810232314,1,5.0
9810235437,1,5.0
9810238789,1,4.0
9810244355,1,3.0
9812348727,1,5.0
981238149X,1,5.0
9812381538,1,5.0
9812381910,1,3.0
9812384618,1,4.0
981238846X,1,3.0
9812464166,1,5.0
9812465103,1,2.0
9812465898,1,2.0
9812465928,1,3.0
9812561315,1,4.0
9813099917,1,5.0
9814120421,1,5.0
9814137146,1,5.0
9814137499,1,4.0
9814155152,1,5.0
9834087918,1,4.0
9834087926,1,2.0
9871071051,1,3.0
9874384573,1,3.0
9875261157,1,5.0
9889706563,1,5.0
9889804212,1,5.0
990008635X,1,5.0
9962636256,1,3.0
996263637X,1,4.0
9963616062,1,4.0
9963616097,1,5.0
9966400591,1,5.0
9992267429,1,5.0
9992899123,1,5.0
9992939362,1,4.0
9993282030,1,4.0
9993682683,1,4.0
9995180723,1,4.0
999651000X,1,4.0
9997520645,1,5.0
9997667689,1,5.0
9998624584,1,5.0
B000023VWQ,1,5.0
B00004VUBO,1,4.0
B00005VFY2,1,4.0
B00005VJ0T,1,5.0
B00005VNOD,1,5.0
B00005VNTN,1,3.0
B00005W0RC,1,5.0
B00005W3L7,1,5.0
B00005WQR5,1,5.0
B00005WVQ8,1,5.0
B00005WWP4,1,5.0
B00005X8ZI,1,3.0
B00005XBIX,1,5.0
B00005XDE2,1,5.0
B00005XFB7,1,5.0
B00005XJ6A,1,3.0
B00005XNAU,1,5.0
B00005XT24,1,5.0
B00005XTKC,1,3.0
B00005XU2A,1,4.0
B00005XVWY,1,5.0
B00005YEJS,1,5.0
B00006LEN7,1,2.0
B00008AJCG,1,4.0
B00008RUN4,1,5.0
B00008RWPQ,1,5.0
B00008S7XB,1,3.0
B00009PH99,1,5.0
B00009ZKWP,1,5.0
B0000AZW7G,1,5.0
B0000AZW7Q,1,5.0
B0000BYPNH,1,4.0
B0000C2W5O,1,3.0
B0000C2W5Z,1,5.0
B0000C2W64,1,5.0
B0000C8WF0,1,5.0
B0000CAR5H,1,4.0
B0000CAR5S,1,5.0
B0000VV2AG,1,4.0
B0000VV2J2,1,2.0
B0000VYDTI,1,3.0
B0000WA18O,1,3.0
B0000WZWSI,15,2.0
B00013AWYU,1,5.0
B0001FZGIU,1,5.0
B0001G0V6G,1,1.0
B0001GUQP2,1,5.0
B0001GZO6S,1,3.0
B0001I1KOG,1,5.0
B0001LUGY8,1,4.0
B0001LUGYS,1,4.0
B0001OOTKC,1,1.0
B0001OOTTI,1,5.0
B0001OOTZC,1,5.0
B0001OOUC4,1,4.0
B0001PBYRW,1,5.0
B0001PG45O,1,3.0
B0002130PY,1,3.0
B000234N26,1,5.0
B0002D6CMU,1,5.0
B0002D6CX4,1,4.0
B0002D6D8I,1,4.0
B0002D6DBA,1,3.0
B0002EARCK,1,4.0
B0002EAU2C,1,5.0
B0002EAU4A,1,5.0
B0002H6NZM,1,5.0
B0002IEYB6,1,1.0
B0002JMI3Q,1,5.0
B0002MJDMM,1,4.0
B0002MJDX6,1,5.0
B0002MKEDY,1,5.0
B0002NKDUM,1,1.0
B0002NSDQ8,1,5.0
B0002RQ1RW,1,5.0
B0002ST9E8,1,4.0
B0002TX4KC,1,4.0
B0002X7W10,1,5.0
B0002X7W24,1,5.0
B0002XGVDA,1,4.0
B0002Y0RP2,1,5.0
B0002Y0SD8,1,4.0
B0002Y0SGA,1,5.0
B0002Y6AHG,1,1.0
B0002Z0HME,1,1.0
B0002Z0HU6,1,5.0
B0002Z0HXI,1,4.0
B00030KOMG,1,5.0
B0003P4YE0,1,3.0
B00064HO7W,1,5.0
B00066R50G,1,3.0
B000685KOC,1,5.0
B000685KWE,1,5.0
B0006959XS,1,2.0
B00069Q81A,1,5.0
B00069QN10,1,5.0
B0006AGNAU,1,5.0
B0006AJT2O,1,5.0
B0006ALD6O,1,4.0
B0006AQX5U,1,5.0
B0006ASBZA,1,4.0
B0006ASOA2,1,5.0
B0006ASTRK,1,5.0
B0006AU4KU,1,5.0
B0006AUKU4,1,5.0
B0006AV3VO,1,5.0
B0006AWF2U,1,5.0
B0006AWJ6W,1,5.0
B0006AXN80,1,4.0
B0006BD86Q,1,2.0
B0006BD92O,1,5.0
B0006BD956,1,5.0
B0006BD95Q,1,4.0
B0006BMNU8,1,5.0
B0006BN0MI,1,5.0
B0006BN47E,1,4.0
B0006BP17U,1,3.0
B0006BQ6EC,1,5.0
B0006BQA2A,1,5.0
B0006BR5F6,1,4.0
B0006BR9IE,1,4.0
B0006BS2AI,1,5.0
B0006BS8YS,1,5.0
B0006BU1PC,1,5.0
B0006BV1PQ,1,4.0
B0006BVTAS,1,5.0
B0006BW132,1,5.0
B0006C0YWQ,1,5.0
B0006C6ELQ,1,5.0
B0006CFVKG,1,5.0
B0006CHVQ8,1,5.0
B0006CKFOS,1,5.0
B0006CTEDQ,1,4.0
B0006CU9BM,1,5.0
B0006CW8C0,1,3.0
B0006DAMUY,1,5.0
B0006EI3N6,1,4.0
B0006ENO44,1,5.0
B0006F3OSO,1,4.0
B0006F5X92,1,4.0
B0006F65MQ,1,4.0
B0006H65NI,1,1.0
B0006I8JEU,1,4.0
B0006I8JFE,1,2.0
B0006I8JG8,2,5.0
B0006IWYOG,1,5.0
B0006IWYRI,1,1.0
B0006L89NS,1,4.0
B0006LA4VS,1,5.0
B0006P5VD0,1,5.0
B0006Q1ULG,1,4.0
B0006Q1UMK,1,4.0
B0006Q1URK,1,1.0
B0006QB6O2,1,5.0
B0006R2YBU,1,4.0
B0006REO68,1,3.0
B0006RGNFS,1,5.0
B0006S1YOW,1,5.0
B0006TZPQE,1,5.0
B0006TZPZK,1,5.0
B0006W3TKU,1,5.0
B0006WPNAO,1,3.0
B0006XBLBI,1,5.0
B0006XGHIA,1,5.0
B0006XR6US,1,5.0
B0006Y5XRK,1,5.0
B0006ZRMF0,1,5.0
B00070ORCA,1,5.0
B000711FBK,1,5.0
B00071HTSI,1,5.0
B000725Z2O,1,5.0
B00072DZJE,1,5.0
B00072RA18,1,5.0
B00072YCZU,1,5.0
B0007344YI,1,5.0
B00074CBZ6,1,5.0
B00076F066,1,1.0
B00076F0H0,1,5.0
B00076VE0W,1,5.0
B0007ALGJM,1,2.0
B0007BRY2Y,1,4.0
B0007C9LSI,1,1.0
B0007CE8S6,1,5.0
B0007DB95U,1,5.0
B0007DECZ4,1,5.0
B0007DKPDC,1,5.0
B0007DLOFK,1,4.0
B0007DO0HY,1,5.0
B0007DPY1K,1,1.0
B0007DQLHQ,1,4.0
B0007DSQQA,1,5.0
B0007DSTX0,1,5.0
B0007DVNJM,1,5.0
B0007DWNQO,1,5.0
B0007DX8B8,1,5.0
B0007DYBNC,1,5.0
B0007DZ7WG,1,5.0
B0007E11UC,1,4.0
B0007E18L4,1,4.0
B0007E2NJU,1,4.0
B0007E3DH6,1,5.0
B0007E4OHY,1,4.0
B0007E4PD2,1,5.0
B0007E5BAS,1,5.0
B0007E82O0,1,5.0
B0007E8YZ2,1,5.0
B0007E9VPY,1,5.0
B0007EA6LW,1,4.0
B0007ECSSQ,1,5.0
B0007EF08Q,1,5.0
B0007EKR5W,1,5.0
B0007ESGXC,1,4.0
B0007ETGL8,1,5.0
B0007F11OW,1,5.0
B0007F4ZFY,1,5.0
B0007F89KQ,1,4.0
B0007F8NYS,1,4.0
B0007FARWE,1,5.0
B0007FB3SQ,1,4.0
B0007FB3VI,1,5.0
B0007FVU7A,1,5.0
B0007FYJ2S,1,5.0
B0007G9E5Y,1,5.0
B0007GPWGO,1,4.0
B0007GQHN6,1,5.0
B0007GYYJK,1,5.0
B0007H4PYI,1,5.0
B0007H9VR4,1,4.0
B0007HKVPA,1,4.0
B0007HS2Z6,1,5.0
B0007HW5BI,1,3.0
B0007IN2Z0,1,5.0
B0007IP00A,1,5.0
B0007JN88A,1,5.0
B0007LQ4GQ,1,5.0
B0007LQ4KW,1,5.0
B0007LQ4NY,1,5.0
B0007MTTHG,1,4.0
B0007NLUW2,1,5.0
B0007NLUX6,1,3.0
B0007NMYRC,1,5.0
B0007PB1W4,1,5.0
B0007QC2EO,1,1.0
B0007TSFRE,1,1.0
B0007UDYX8,1,4.0
B0007UDZ1O,1,1.0
B0007WYFI4,1,5.0
B0007XAWUI,1,1.0
B0007XE1G4,1,5.0
B0007XWMVU,1,4.0
B0007XWMWE,1,5.0
B0007XWMYM,1,5.0
B0007XWMYW,1,2.0
B0007XWMZQ,1,4.0
B0007XWN78,1,5.0
B0007XWNCI,1,3.0
B0007XWNE6,1,5.0
B0007XWNIM,1,5.0
B0007ZNUUA,1,5.0
B0007ZNV1S,1,5.0
B0007ZNVKE,1,4.0
B00080W3H0,1,1.0
B0008102BS,1,3.0
B00086K7CC,1,5.0
B00086XY54,1,1.0
B00087F5NM,1,5.0
B00087ZYTW,1,5.0
B00088XKW4,1,5.0
B00089N3C0,1,4.0
B0008EH6KA,1,5.0
B0008EH6PK,1,4.0
B000977UM0,1,5.0
B000977UPC,1,4.0
B0009A0H0Y,1,5.0
B0009A2ODW,1,5.0
B0009A2OGO,1,3.0
B0009A2OIM,1,4.0
B0009B2WQU,1,4.0
B0009GIDRM,1,5.0
B0009GVMRU,1,4.0
B0009HARLQ,1,1.0
B0009HARMU,1,3.0
B0009K75OK,1,4.0
B0009K75PO,1,4.0
B0009K761M,1,3.0
B0009K76DK,1,1.0
B0009LIGHE,1,5.0
B0009LIGJM,1,5.0
B0009PXF7Q,1,4.0
B0009RJTT2,1,4.0
B0009S5AL2,1,4.0
B0009S5AM6,1,5.0
B0009W8AQ0,1,2.0
B0009W8ATW,1,5.0
B0009WLSTG,1,5.0
B0009WUIJ2,1,5.0
B0009WUIKG,1,5.0
B0009YAR7S,1,5.0
B000A176OM,1,4.0
B000A176VA,1,5.0
B000AEFEI4,1,4.0
B000BAWO5I,1,4.0
B000FUTQ6O,1,5.0
B000PC6XBS,1,3.0
